# https://github.com/mikedh/trimesh
v -0.85751900 1.35499600 -0.00438800
v -0.85751900 1.35499600 -0.00438800
v -0.85751900 1.35499600 -0.00438800
v -0.85751900 1.35499600 -0.00438800
v -0.85751900 1.35499600 -0.00438800
v -0.85751900 1.35499600 -0.00438800
v -0.85751900 1.35499600 -0.00438800
v -0.85751900 1.35499600 -0.00438800
v -0.85751900 1.35499600 -0.00438800
v -0.85751900 1.35499600 -0.00438800
v -0.85729100 1.35259300 -0.00483700
v -0.85729100 1.35259300 -0.00483700
v -0.85729100 1.35259300 -0.00483700
v -0.85729100 1.35499600 -0.00504700
v -0.85729100 1.35499600 -0.00504700
v -0.85729100 1.35499600 -0.00504700
v -0.85729100 1.35026200 -0.00421200
v -0.85729100 1.35026200 -0.00421200
v -0.85729100 1.35026200 -0.00421200
v -0.85729100 1.34807500 -0.00319200
v -0.85729100 1.34807500 -0.00319200
v -0.85729100 1.34807500 -0.00319200
v -0.85729100 1.34807500 -0.00319200
v -0.85751900 1.34357900 0.00220400
v -0.85751900 1.34357900 0.00220400
v -0.85751900 1.34357900 0.00220400
v -0.85751900 1.34357900 0.00220400
v -0.85751900 1.34357900 0.00220400
v -0.85751900 1.34357900 0.00220400
v -0.85751900 1.34357900 0.00220400
v -0.85751900 1.34357900 0.00220400
v -0.85751900 1.34357900 0.00220400
v -0.85751900 1.34357900 0.00220400
v -0.85729100 1.34609900 -0.00180900
v -0.85729100 1.34609900 -0.00180900
v -0.85729100 1.34609900 -0.00180900
v -0.85729100 1.34439300 -0.00010200
v -0.85729100 1.34439300 -0.00010200
v -0.85729100 1.34439300 -0.00010200
v -0.85729100 1.34300900 0.00187400
v -0.85729100 1.34300900 0.00187400
v -0.85729100 1.34300900 0.00187400
v -0.85729100 1.34198900 0.00406100
v -0.85729100 1.34198900 0.00406100
v -0.85729100 1.34198900 0.00406100
v -0.85729100 1.34136400 0.00639200
v -0.85729100 1.34136400 0.00639200
v -0.85729100 1.34136400 0.00639200
v -0.85729100 1.34115400 0.00879500
v -0.85729100 1.34115400 0.00879500
v -0.85729100 1.34115400 0.00879500
v -0.85729100 1.34115400 0.00879500
v -0.85751900 1.34357900 0.01538700
v -0.85751900 1.34357900 0.01538700
v -0.85751900 1.34357900 0.01538700
v -0.85751900 1.34357900 0.01538700
v -0.85751900 1.34357900 0.01538700
v -0.85751900 1.34357900 0.01538700
v -0.85751900 1.34357900 0.01538700
v -0.85751900 1.34357900 0.01538700
v -0.85751900 1.34357900 0.01538700
v -0.85751900 1.34357900 0.01538700
v -0.85729100 1.34136400 0.01119900
v -0.85729100 1.34136400 0.01119900
v -0.85729100 1.34136400 0.01119900
v -0.85729100 1.34198900 0.01353000
v -0.85729100 1.34198900 0.01353000
v -0.85729100 1.34198900 0.01353000
v -0.85729100 1.34300900 0.01571700
v -0.85729100 1.34300900 0.01571700
v -0.85729100 1.34300900 0.01571700
v -0.85729100 1.34439300 0.01769300
v -0.85729100 1.34439300 0.01769300
v -0.85729100 1.34439300 0.01769300
v -0.85729100 1.34609900 0.01939900
v -0.85729100 1.34609900 0.01939900
v -0.85729100 1.34609900 0.01939900
v -0.85729100 1.34807500 0.02078300
v -0.85729100 1.34807500 0.02078300
v -0.85729100 1.34807500 0.02078300
v -0.85729100 1.34807500 0.02078300
v -0.85751900 1.35499600 0.02197900
v -0.85751900 1.35499600 0.02197900
v -0.85751900 1.35499600 0.02197900
v -0.85751900 1.35499600 0.02197900
v -0.85751900 1.35499600 0.02197900
v -0.85751900 1.35499600 0.02197900
v -0.85751900 1.35499600 0.02197900
v -0.85751900 1.35499600 0.02197900
v -0.85751900 1.35499600 0.02197900
v -0.85751900 1.35499600 0.02197900
v -0.85729100 1.35026200 0.02180300
v -0.85729100 1.35026200 0.02180300
v -0.85729100 1.35026200 0.02180300
v -0.85729100 1.35259300 0.02242800
v -0.85729100 1.35259300 0.02242800
v -0.85729100 1.35259300 0.02242800
v -0.85729100 1.35499600 0.02263800
v -0.85729100 1.35499600 0.02263800
v -0.85729100 1.35499600 0.02263800
v -0.86375200 1.35499600 -0.00438800
v -0.86375200 1.35499600 -0.00438800
v -0.86375200 1.35499600 -0.00438800
v -0.86375200 1.34357900 0.00220400
v -0.86375200 1.34357900 0.00220400
v -0.86375200 1.34357900 0.00220400
v -0.86375200 1.34357900 0.01538700
v -0.86375200 1.34357900 0.01538700
v -0.86375200 1.34357900 0.01538700
v -0.86375200 1.35499600 0.02197900
v -0.86375200 1.35499600 0.02197900
v -0.86375200 1.35499600 0.02197900
v -0.85729100 1.35740000 -0.00483700
v -0.85729100 1.35740000 -0.00483700
v -0.85729100 1.35740000 -0.00483700
v -0.85729100 1.35973100 -0.00421200
v -0.85729100 1.35973100 -0.00421200
v -0.85729100 1.35973100 -0.00421200
v -0.85729100 1.36191800 -0.00319200
v -0.85729100 1.36191800 -0.00319200
v -0.85729100 1.36191800 -0.00319200
v -0.85729100 1.36191800 -0.00319200
v -0.85751900 1.36641300 0.00220400
v -0.85751900 1.36641300 0.00220400
v -0.85751900 1.36641300 0.00220400
v -0.85751900 1.36641300 0.00220400
v -0.85751900 1.36641300 0.00220400
v -0.85751900 1.36641300 0.00220400
v -0.85751900 1.36641300 0.00220400
v -0.85751900 1.36641300 0.00220400
v -0.85751900 1.36641300 0.00220400
v -0.85751900 1.36641300 0.00220400
v -0.85729100 1.36389400 -0.00180900
v -0.85729100 1.36389400 -0.00180900
v -0.85729100 1.36389400 -0.00180900
v -0.85729100 1.36560000 -0.00010200
v -0.85729100 1.36560000 -0.00010200
v -0.85729100 1.36560000 -0.00010200
v -0.85729100 1.36698400 0.00187400
v -0.85729100 1.36698400 0.00187400
v -0.85729100 1.36698400 0.00187400
v -0.85729100 1.36800400 0.00406100
v -0.85729100 1.36800400 0.00406100
v -0.85729100 1.36800400 0.00406100
v -0.85729100 1.36862900 0.00639200
v -0.85729100 1.36862900 0.00639200
v -0.85729100 1.36862900 0.00639200
v -0.85729100 1.36883900 0.00879500
v -0.85729100 1.36883900 0.00879500
v -0.85729100 1.36883900 0.00879500
v -0.85729100 1.36883900 0.00879500
v -0.85751900 1.36641300 0.01538700
v -0.85751900 1.36641300 0.01538700
v -0.85751900 1.36641300 0.01538700
v -0.85751900 1.36641300 0.01538700
v -0.85751900 1.36641300 0.01538700
v -0.85751900 1.36641300 0.01538700
v -0.85751900 1.36641300 0.01538700
v -0.85751900 1.36641300 0.01538700
v -0.85751900 1.36641300 0.01538700
v -0.85751900 1.36641300 0.01538700
v -0.85729100 1.36862900 0.01119900
v -0.85729100 1.36862900 0.01119900
v -0.85729100 1.36862900 0.01119900
v -0.85729100 1.36800400 0.01353000
v -0.85729100 1.36800400 0.01353000
v -0.85729100 1.36800400 0.01353000
v -0.85729100 1.36698400 0.01571700
v -0.85729100 1.36698400 0.01571700
v -0.85729100 1.36698400 0.01571700
v -0.85729100 1.36560000 0.01769300
v -0.85729100 1.36560000 0.01769300
v -0.85729100 1.36560000 0.01769300
v -0.85729100 1.36389400 0.01939900
v -0.85729100 1.36389400 0.01939900
v -0.85729100 1.36389400 0.01939900
v -0.85729100 1.36191800 0.02078300
v -0.85729100 1.36191800 0.02078300
v -0.85729100 1.36191800 0.02078300
v -0.85729100 1.36191800 0.02078300
v -0.85729100 1.35973100 0.02180300
v -0.85729100 1.35973100 0.02180300
v -0.85729100 1.35973100 0.02180300
v -0.85729100 1.35740000 0.02242800
v -0.85729100 1.35740000 0.02242800
v -0.85729100 1.35740000 0.02242800
v -0.86375200 1.36641300 0.00220400
v -0.86375200 1.36641300 0.00220400
v -0.86375200 1.36641300 0.00220400
v -0.86375200 1.36641300 0.01538700
v -0.86375200 1.36641300 0.01538700
v -0.86375200 1.36641300 0.01538700
v -0.85729100 1.35173800 -0.00968400
v -0.85729100 1.35173800 -0.00968400
v -0.85729100 1.35173800 -0.00968400
v -0.85729100 1.35499600 -0.00996900
v -0.85729100 1.35499600 -0.00996900
v -0.85729100 1.35499600 -0.00996900
v -0.85729100 1.34857900 -0.00883700
v -0.85729100 1.34857900 -0.00883700
v -0.85729100 1.34857900 -0.00883700
v -0.85729100 1.34561400 -0.00745500
v -0.85729100 1.34561400 -0.00745500
v -0.85729100 1.34561400 -0.00745500
v -0.85770000 1.35166700 -0.01008700
v -0.85770000 1.35166700 -0.01008700
v -0.85770000 1.35166700 -0.01008700
v -0.85740900 1.35499600 -0.01008700
v -0.85740900 1.35499600 -0.01008700
v -0.85740900 1.35499600 -0.01008700
v -0.85862000 1.34812400 -0.01008700
v -0.85862000 1.34812400 -0.01008700
v -0.85862000 1.34812400 -0.01008700
v -0.86033000 1.34409500 -0.01008700
v -0.86033000 1.34409500 -0.01008700
v -0.86033000 1.34409500 -0.01008700
v -0.86033000 1.34409500 -0.01008700
v -0.86033000 1.35166700 -0.01008700
v -0.86033000 1.35499600 -0.01008700
v -0.86033000 1.34812400 -0.01008700
v -0.86690300 1.35166700 -0.01008700
v -0.86690300 1.35166700 -0.01008700
v -0.86690300 1.35499600 -0.01008700
v -0.86690300 1.35499600 -0.01008700
v -0.86690300 1.35499600 -0.01008700
v -0.86690300 1.35499600 -0.01008700
v -0.86690300 1.34812400 -0.01008700
v -0.86690300 1.34812400 -0.01008700
v -0.86690300 1.34409500 -0.01008700
v -0.86690300 1.34409500 -0.01008700
v -0.86690300 1.34409500 -0.01008700
v -0.86690300 1.35171800 -0.00980000
v -0.86690300 1.35171800 -0.00980000
v -0.86690300 1.35171800 -0.00980000
v -0.86690300 1.34853800 -0.00894800
v -0.86690300 1.34853800 -0.00894800
v -0.86690300 1.34853800 -0.00894800
v -0.86690300 1.34555500 -0.00755700
v -0.86690300 1.34555500 -0.00755700
v -0.86690300 1.34555500 -0.00755700
v -0.86702100 1.35171800 -0.00980000
v -0.86702100 1.35171800 -0.00980000
v -0.86702100 1.35171800 -0.00980000
v -0.86702100 1.35499600 -0.01008700
v -0.86702100 1.35499600 -0.01008700
v -0.86702100 1.35499600 -0.01008700
v -0.86702100 1.34853800 -0.00894800
v -0.86702100 1.34853800 -0.00894800
v -0.86702100 1.34853800 -0.00894800
v -0.86702100 1.34555500 -0.00755700
v -0.86702100 1.34555500 -0.00755700
v -0.86702100 1.34555500 -0.00755700
v -0.86702100 1.35051500 -0.01661900
v -0.86702100 1.35051500 -0.01661900
v -0.86702100 1.35051500 -0.01661900
v -0.86702100 1.35499600 -0.01701100
v -0.86702100 1.35499600 -0.01701100
v -0.86702100 1.35499600 -0.01701100
v -0.86702100 1.34617000 -0.01545500
v -0.86702100 1.34617000 -0.01545500
v -0.86702100 1.34617000 -0.01545500
v -0.86702100 1.34209300 -0.01355400
v -0.86702100 1.34209300 -0.01355400
v -0.86702100 1.34209300 -0.01355400
v -0.86713900 1.35053600 -0.01650300
v -0.86713900 1.35053600 -0.01650300
v -0.86713900 1.35053600 -0.01650300
v -0.86713900 1.35053600 -0.01650300
v -0.86713900 1.35499600 -0.01689300
v -0.86713900 1.35499600 -0.01689300
v -0.86713900 1.35499600 -0.01689300
v -0.86713900 1.35499600 -0.01689300
v -0.86713900 1.34621000 -0.01534400
v -0.86713900 1.34621000 -0.01534400
v -0.86713900 1.34621000 -0.01534400
v -0.86713900 1.34621000 -0.01534400
v -0.86713900 1.34215200 -0.01345100
v -0.86713900 1.34215200 -0.01345100
v -0.86713900 1.34215200 -0.01345100
v -0.86713900 1.34215200 -0.01345100
v -0.85729100 1.35825500 -0.00968400
v -0.85729100 1.35825500 -0.00968400
v -0.85729100 1.35825500 -0.00968400
v -0.85729100 1.36141400 -0.00883700
v -0.85729100 1.36141400 -0.00883700
v -0.85729100 1.36141400 -0.00883700
v -0.85729100 1.36437800 -0.00745500
v -0.85729100 1.36437800 -0.00745500
v -0.85729100 1.36437800 -0.00745500
v -0.85770000 1.35832600 -0.01008700
v -0.85770000 1.35832600 -0.01008700
v -0.85770000 1.35832600 -0.01008700
v -0.85862000 1.36186900 -0.01008700
v -0.85862000 1.36186900 -0.01008700
v -0.85862000 1.36186900 -0.01008700
v -0.86033000 1.36589800 -0.01008700
v -0.86033000 1.36589800 -0.01008700
v -0.86033000 1.36589800 -0.01008700
v -0.86033000 1.36589800 -0.01008700
v -0.86033000 1.35832600 -0.01008700
v -0.86033000 1.36186900 -0.01008700
v -0.86690300 1.35832600 -0.01008700
v -0.86690300 1.35832600 -0.01008700
v -0.86690300 1.36186900 -0.01008700
v -0.86690300 1.36186900 -0.01008700
v -0.86690300 1.36589800 -0.01008700
v -0.86690300 1.36589800 -0.01008700
v -0.86690300 1.36589800 -0.01008700
v -0.86690300 1.35827500 -0.00980000
v -0.86690300 1.35827500 -0.00980000
v -0.86690300 1.35827500 -0.00980000
v -0.86690300 1.36145400 -0.00894800
v -0.86690300 1.36145400 -0.00894800
v -0.86690300 1.36145400 -0.00894800
v -0.86690300 1.36443700 -0.00755700
v -0.86690300 1.36443700 -0.00755700
v -0.86690300 1.36443700 -0.00755700
v -0.86702100 1.35827500 -0.00980000
v -0.86702100 1.35827500 -0.00980000
v -0.86702100 1.35827500 -0.00980000
v -0.86702100 1.36145400 -0.00894800
v -0.86702100 1.36145400 -0.00894800
v -0.86702100 1.36145400 -0.00894800
v -0.86702100 1.36443700 -0.00755700
v -0.86702100 1.36443700 -0.00755700
v -0.86702100 1.36443700 -0.00755700
v -0.86702100 1.35947800 -0.01661900
v -0.86702100 1.35947800 -0.01661900
v -0.86702100 1.35947800 -0.01661900
v -0.86702100 1.36382300 -0.01545500
v -0.86702100 1.36382300 -0.01545500
v -0.86702100 1.36382300 -0.01545500
v -0.86702100 1.36790000 -0.01355400
v -0.86702100 1.36790000 -0.01355400
v -0.86702100 1.36790000 -0.01355400
v -0.86713900 1.35945700 -0.01650300
v -0.86713900 1.35945700 -0.01650300
v -0.86713900 1.35945700 -0.01650300
v -0.86713900 1.35945700 -0.01650300
v -0.86713900 1.36378200 -0.01534400
v -0.86713900 1.36378200 -0.01534400
v -0.86713900 1.36378200 -0.01534400
v -0.86713900 1.36378200 -0.01534400
v -0.86713900 1.36784100 -0.01345100
v -0.86713900 1.36784100 -0.01345100
v -0.86713900 1.36784100 -0.01345100
v -0.86713900 1.36784100 -0.01345100
v -0.85729100 1.36937000 -0.00326600
v -0.85729100 1.36937000 -0.00326600
v -0.85729100 1.36937000 -0.00326600
v -0.85729100 1.37124700 -0.00058700
v -0.85729100 1.37124700 -0.00058700
v -0.85729100 1.37124700 -0.00058700
v -0.85729100 1.36705800 -0.00557900
v -0.85729100 1.36705800 -0.00557900
v -0.85729100 1.36705800 -0.00557900
v -0.85770000 1.36968400 -0.00352900
v -0.85770000 1.36968400 -0.00352900
v -0.85770000 1.36968400 -0.00352900
v -0.85740900 1.37134900 -0.00064600
v -0.85740900 1.37134900 -0.00064600
v -0.85740900 1.37134900 -0.00064600
v -0.85862000 1.36791300 -0.00659700
v -0.85862000 1.36791300 -0.00659700
v -0.85862000 1.36791300 -0.00659700
v -0.86033000 1.36968400 -0.00352900
v -0.86033000 1.37134900 -0.00064600
v -0.86033000 1.36791300 -0.00659700
v -0.86690300 1.36968400 -0.00352900
v -0.86690300 1.36968400 -0.00352900
v -0.86690300 1.37134900 -0.00064600
v -0.86690300 1.37134900 -0.00064600
v -0.86690300 1.37134900 -0.00064600
v -0.86690300 1.37134900 -0.00064600
v -0.86690300 1.36791300 -0.00659700
v -0.86690300 1.36791300 -0.00659700
v -0.86690300 1.36946100 -0.00334200
v -0.86690300 1.36946100 -0.00334200
v -0.86690300 1.36946100 -0.00334200
v -0.86690300 1.36713400 -0.00566900
v -0.86690300 1.36713400 -0.00566900
v -0.86690300 1.36713400 -0.00566900
v -0.86702100 1.36946100 -0.00334200
v -0.86702100 1.36946100 -0.00334200
v -0.86702100 1.36946100 -0.00334200
v -0.86702100 1.37134900 -0.00064600
v -0.86702100 1.37134900 -0.00064600
v -0.86702100 1.37134900 -0.00064600
v -0.86702100 1.36713400 -0.00566900
v -0.86702100 1.36713400 -0.00566900
v -0.86702100 1.36713400 -0.00566900
v -0.86702100 1.37476500 -0.00779300
v -0.86702100 1.37476500 -0.00779300
v -0.86702100 1.37476500 -0.00779300
v -0.86702100 1.37734500 -0.00410800
v -0.86702100 1.37734500 -0.00410800
v -0.86702100 1.37734500 -0.00410800
v -0.86702100 1.37158400 -0.01097300
v -0.86702100 1.37158400 -0.01097300
v -0.86702100 1.37158400 -0.01097300
v -0.86713900 1.37467500 -0.00771700
v -0.86713900 1.37467500 -0.00771700
v -0.86713900 1.37467500 -0.00771700
v -0.86713900 1.37467500 -0.00771700
v -0.86713900 1.37724300 -0.00404900
v -0.86713900 1.37724300 -0.00404900
v -0.86713900 1.37724300 -0.00404900
v -0.86713900 1.37724300 -0.00404900
v -0.86713900 1.37150900 -0.01088300
v -0.86713900 1.37150900 -0.01088300
v -0.86713900 1.37150900 -0.01088300
v -0.86713900 1.37150900 -0.01088300
v -0.85729100 1.37262900 0.00237800
v -0.85729100 1.37262900 0.00237800
v -0.85729100 1.37262900 0.00237800
v -0.85729100 1.37347500 0.00553700
v -0.85729100 1.37347500 0.00553700
v -0.85729100 1.37347500 0.00553700
v -0.85729100 1.37376000 0.00879500
v -0.85729100 1.37376000 0.00879500
v -0.85729100 1.37376000 0.00879500
v -0.85770000 1.37301300 0.00223800
v -0.85770000 1.37301300 0.00223800
v -0.85770000 1.37301300 0.00223800
v -0.85862000 1.37478500 0.00530600
v -0.85862000 1.37478500 0.00530600
v -0.85862000 1.37478500 0.00530600
v -0.86033000 1.37680000 0.00879500
v -0.86033000 1.37680000 0.00879500
v -0.86033000 1.37680000 0.00879500
v -0.86033000 1.37680000 0.00879500
v -0.86033000 1.37301300 0.00223800
v -0.86033000 1.37478500 0.00530600
v -0.86690300 1.37301300 0.00223800
v -0.86690300 1.37301300 0.00223800
v -0.86690300 1.37478500 0.00530600
v -0.86690300 1.37478500 0.00530600
v -0.86690300 1.37680000 0.00879500
v -0.86690300 1.37680000 0.00879500
v -0.86690300 1.37680000 0.00879500
v -0.86690300 1.37274000 0.00233700
v -0.86690300 1.37274000 0.00233700
v -0.86690300 1.37274000 0.00233700
v -0.86690300 1.37359200 0.00551700
v -0.86690300 1.37359200 0.00551700
v -0.86690300 1.37359200 0.00551700
v -0.86690300 1.37387800 0.00879500
v -0.86690300 1.37387800 0.00879500
v -0.86690300 1.37387800 0.00879500
v -0.86702100 1.37274000 0.00233700
v -0.86702100 1.37274000 0.00233700
v -0.86702100 1.37274000 0.00233700
v -0.86702100 1.37359200 0.00551700
v -0.86702100 1.37359200 0.00551700
v -0.86702100 1.37359200 0.00551700
v -0.86702100 1.37387800 0.00879500
v -0.86702100 1.37387800 0.00879500
v -0.86702100 1.37387800 0.00879500
v -0.86702100 1.37924600 -0.00003100
v -0.86702100 1.37924600 -0.00003100
v -0.86702100 1.37924600 -0.00003100
v -0.86702100 1.38041100 0.00431400
v -0.86702100 1.38041100 0.00431400
v -0.86702100 1.38041100 0.00431400
v -0.86702100 1.38080300 0.00879500
v -0.86702100 1.38080300 0.00879500
v -0.86702100 1.38080300 0.00879500
v -0.86713900 1.37913600 0.00000900
v -0.86713900 1.37913600 0.00000900
v -0.86713900 1.37913600 0.00000900
v -0.86713900 1.37913600 0.00000900
v -0.86713900 1.38029500 0.00433500
v -0.86713900 1.38029500 0.00433500
v -0.86713900 1.38029500 0.00433500
v -0.86713900 1.38029500 0.00433500
v -0.86713900 1.38068500 0.00879500
v -0.86713900 1.38068500 0.00879500
v -0.86713900 1.38068500 0.00879500
v -0.86713900 1.38068500 0.00879500
v -0.85729100 1.37262900 0.01521300
v -0.85729100 1.37262900 0.01521300
v -0.85729100 1.37262900 0.01521300
v -0.85729100 1.37124700 0.01817700
v -0.85729100 1.37124700 0.01817700
v -0.85729100 1.37124700 0.01817700
v -0.85729100 1.37347500 0.01205400
v -0.85729100 1.37347500 0.01205400
v -0.85729100 1.37347500 0.01205400
v -0.85770000 1.37301300 0.01535300
v -0.85770000 1.37301300 0.01535300
v -0.85770000 1.37301300 0.01535300
v -0.85740900 1.37134900 0.01823600
v -0.85740900 1.37134900 0.01823600
v -0.85740900 1.37134900 0.01823600
v -0.85862000 1.37478500 0.01228500
v -0.85862000 1.37478500 0.01228500
v -0.85862000 1.37478500 0.01228500
v -0.86033000 1.37301300 0.01535300
v -0.86033000 1.37134900 0.01823600
v -0.86033000 1.37478500 0.01228500
v -0.86690300 1.37301300 0.01535300
v -0.86690300 1.37301300 0.01535300
v -0.86690300 1.37134900 0.01823600
v -0.86690300 1.37134900 0.01823600
v -0.86690300 1.37134900 0.01823600
v -0.86690300 1.37134900 0.01823600
v -0.86690300 1.37478500 0.01228500
v -0.86690300 1.37478500 0.01228500
v -0.86690300 1.37274000 0.01525300
v -0.86690300 1.37274000 0.01525300
v -0.86690300 1.37274000 0.01525300
v -0.86690300 1.37359200 0.01207400
v -0.86690300 1.37359200 0.01207400
v -0.86690300 1.37359200 0.01207400
v -0.86702100 1.37274000 0.01525300
v -0.86702100 1.37274000 0.01525300
v -0.86702100 1.37274000 0.01525300
v -0.86702100 1.37134900 0.01823600
v -0.86702100 1.37134900 0.01823600
v -0.86702100 1.37134900 0.01823600
v -0.86702100 1.37359200 0.01207400
v -0.86702100 1.37359200 0.01207400
v -0.86702100 1.37359200 0.01207400
v -0.86702100 1.37924600 0.01762200
v -0.86702100 1.37924600 0.01762200
v -0.86702100 1.37924600 0.01762200
v -0.86702100 1.37734500 0.02169900
v -0.86702100 1.37734500 0.02169900
v -0.86702100 1.37734500 0.02169900
v -0.86702100 1.38041100 0.01327700
v -0.86702100 1.38041100 0.01327700
v -0.86702100 1.38041100 0.01327700
v -0.86713900 1.37913600 0.01758100
v -0.86713900 1.37913600 0.01758100
v -0.86713900 1.37913600 0.01758100
v -0.86713900 1.37913600 0.01758100
v -0.86713900 1.37724300 0.02164000
v -0.86713900 1.37724300 0.02164000
v -0.86713900 1.37724300 0.02164000
v -0.86713900 1.37724300 0.02164000
v -0.86713900 1.38029500 0.01325600
v -0.86713900 1.38029500 0.01325600
v -0.86713900 1.38029500 0.01325600
v -0.86713900 1.38029500 0.01325600
v -0.85729100 1.36937100 0.02085700
v -0.85729100 1.36937100 0.02085700
v -0.85729100 1.36937100 0.02085700
v -0.85729100 1.36705800 0.02316900
v -0.85729100 1.36705800 0.02316900
v -0.85729100 1.36705800 0.02316900
v -0.85729100 1.36437800 0.02504600
v -0.85729100 1.36437800 0.02504600
v -0.85729100 1.36437800 0.02504600
v -0.85770000 1.36968400 0.02112000
v -0.85770000 1.36968400 0.02112000
v -0.85770000 1.36968400 0.02112000
v -0.85862000 1.36791300 0.02418800
v -0.85862000 1.36791300 0.02418800
v -0.85862000 1.36791300 0.02418800
v -0.86033000 1.36589800 0.02767700
v -0.86033000 1.36589800 0.02767700
v -0.86033000 1.36589800 0.02767700
v -0.86033000 1.36589800 0.02767700
v -0.86033000 1.36968400 0.02112000
v -0.86033000 1.36791300 0.02418800
v -0.86690300 1.36968400 0.02112000
v -0.86690300 1.36968400 0.02112000
v -0.86690300 1.36791300 0.02418800
v -0.86690300 1.36791300 0.02418800
v -0.86690300 1.36589800 0.02767700
v -0.86690300 1.36589800 0.02767700
v -0.86690300 1.36589800 0.02767700
v -0.86690300 1.36946100 0.02093300
v -0.86690300 1.36946100 0.02093300
v -0.86690300 1.36946100 0.02093300
v -0.86690300 1.36713400 0.02326000
v -0.86690300 1.36713400 0.02326000
v -0.86690300 1.36713400 0.02326000
v -0.86690300 1.36443700 0.02514800
v -0.86690300 1.36443700 0.02514800
v -0.86690300 1.36443700 0.02514800
v -0.86702100 1.36946100 0.02093300
v -0.86702100 1.36946100 0.02093300
v -0.86702100 1.36946100 0.02093300
v -0.86702100 1.36713400 0.02326000
v -0.86702100 1.36713400 0.02326000
v -0.86702100 1.36713400 0.02326000
v -0.86702100 1.36443700 0.02514800
v -0.86702100 1.36443700 0.02514800
v -0.86702100 1.36443700 0.02514800
v -0.86702100 1.37476500 0.02538300
v -0.86702100 1.37476500 0.02538300
v -0.86702100 1.37476500 0.02538300
v -0.86702100 1.37158400 0.02856400
v -0.86702100 1.37158400 0.02856400
v -0.86702100 1.37158400 0.02856400
v -0.86702100 1.36790000 0.03114400
v -0.86702100 1.36790000 0.03114400
v -0.86702100 1.36790000 0.03114400
v -0.86713900 1.37467500 0.02530800
v -0.86713900 1.37467500 0.02530800
v -0.86713900 1.37467500 0.02530800
v -0.86713900 1.37467500 0.02530800
v -0.86713900 1.37150900 0.02847400
v -0.86713900 1.37150900 0.02847400
v -0.86713900 1.37150900 0.02847400
v -0.86713900 1.37150900 0.02847400
v -0.86713900 1.36784100 0.03104200
v -0.86713900 1.36784100 0.03104200
v -0.86713900 1.36784100 0.03104200
v -0.86713900 1.36784100 0.03104200
v -0.85729100 1.35825500 0.02727400
v -0.85729100 1.35825500 0.02727400
v -0.85729100 1.35825500 0.02727400
v -0.85729100 1.35499600 0.02755900
v -0.85729100 1.35499600 0.02755900
v -0.85729100 1.35499600 0.02755900
v -0.85729100 1.36141400 0.02642800
v -0.85729100 1.36141400 0.02642800
v -0.85729100 1.36141400 0.02642800
v -0.85770000 1.35832600 0.02767700
v -0.85770000 1.35832600 0.02767700
v -0.85770000 1.35832600 0.02767700
v -0.85740900 1.35499600 0.02767700
v -0.85740900 1.35499600 0.02767700
v -0.85740900 1.35499600 0.02767700
v -0.85862000 1.36186900 0.02767700
v -0.85862000 1.36186900 0.02767700
v -0.85862000 1.36186900 0.02767700
v -0.86033000 1.35832600 0.02767700
v -0.86033000 1.35499600 0.02767700
v -0.86033000 1.36186900 0.02767700
v -0.86690300 1.35832600 0.02767700
v -0.86690300 1.35832600 0.02767700
v -0.86690300 1.35499600 0.02767700
v -0.86690300 1.35499600 0.02767700
v -0.86690300 1.35499600 0.02767700
v -0.86690300 1.35499600 0.02767700
v -0.86690300 1.36186900 0.02767700
v -0.86690300 1.36186900 0.02767700
v -0.86690300 1.35827500 0.02739100
v -0.86690300 1.35827500 0.02739100
v -0.86690300 1.35827500 0.02739100
v -0.86690300 1.36145400 0.02653900
v -0.86690300 1.36145400 0.02653900
v -0.86690300 1.36145400 0.02653900
v -0.86702100 1.35827500 0.02739100
v -0.86702100 1.35827500 0.02739100
v -0.86702100 1.35827500 0.02739100
v -0.86702100 1.35499600 0.02767700
v -0.86702100 1.35499600 0.02767700
v -0.86702100 1.35499600 0.02767700
v -0.86702100 1.36145400 0.02653900
v -0.86702100 1.36145400 0.02653900
v -0.86702100 1.36145400 0.02653900
v -0.86702100 1.35947800 0.03421000
v -0.86702100 1.35947800 0.03421000
v -0.86702100 1.35947800 0.03421000
v -0.86702100 1.35499600 0.03460200
v -0.86702100 1.35499600 0.03460200
v -0.86702100 1.35499600 0.03460200
v -0.86702100 1.36382300 0.03304500
v -0.86702100 1.36382300 0.03304500
v -0.86702100 1.36382300 0.03304500
v -0.86713900 1.35945700 0.03409300
v -0.86713900 1.35945700 0.03409300
v -0.86713900 1.35945700 0.03409300
v -0.86713900 1.35945700 0.03409300
v -0.86713900 1.35499600 0.03448400
v -0.86713900 1.35499600 0.03448400
v -0.86713900 1.35499600 0.03448400
v -0.86713900 1.35499600 0.03448400
v -0.86713900 1.36378200 0.03293500
v -0.86713900 1.36378200 0.03293500
v -0.86713900 1.36378200 0.03293500
v -0.86713900 1.36378200 0.03293500
v -0.85729100 1.35173800 0.02727400
v -0.85729100 1.35173800 0.02727400
v -0.85729100 1.35173800 0.02727400
v -0.85729100 1.34857900 0.02642800
v -0.85729100 1.34857900 0.02642800
v -0.85729100 1.34857900 0.02642800
v -0.85729100 1.34561400 0.02504600
v -0.85729100 1.34561400 0.02504600
v -0.85729100 1.34561400 0.02504600
v -0.85770000 1.35166700 0.02767700
v -0.85770000 1.35166700 0.02767700
v -0.85770000 1.35166700 0.02767700
v -0.85862000 1.34812400 0.02767700
v -0.85862000 1.34812400 0.02767700
v -0.85862000 1.34812400 0.02767700
v -0.86033000 1.34409500 0.02767700
v -0.86033000 1.34409500 0.02767700
v -0.86033000 1.34409500 0.02767700
v -0.86033000 1.34409500 0.02767700
v -0.86033000 1.35166700 0.02767700
v -0.86033000 1.34812400 0.02767700
v -0.86690300 1.35166700 0.02767700
v -0.86690300 1.35166700 0.02767700
v -0.86690300 1.34812400 0.02767700
v -0.86690300 1.34812400 0.02767700
v -0.86690300 1.34409500 0.02767700
v -0.86690300 1.34409500 0.02767700
v -0.86690300 1.34409500 0.02767700
v -0.86690300 1.35171800 0.02739100
v -0.86690300 1.35171800 0.02739100
v -0.86690300 1.35171800 0.02739100
v -0.86690300 1.34853800 0.02653900
v -0.86690300 1.34853800 0.02653900
v -0.86690300 1.34853800 0.02653900
v -0.86690300 1.34555500 0.02514800
v -0.86690300 1.34555500 0.02514800
v -0.86690300 1.34555500 0.02514800
v -0.86702100 1.35171800 0.02739100
v -0.86702100 1.35171800 0.02739100
v -0.86702100 1.35171800 0.02739100
v -0.86702100 1.34853800 0.02653900
v -0.86702100 1.34853800 0.02653900
v -0.86702100 1.34853800 0.02653900
v -0.86702100 1.34555500 0.02514800
v -0.86702100 1.34555500 0.02514800
v -0.86702100 1.34555500 0.02514800
v -0.86702100 1.35051500 0.03421000
v -0.86702100 1.35051500 0.03421000
v -0.86702100 1.35051500 0.03421000
v -0.86702100 1.34617000 0.03304500
v -0.86702100 1.34617000 0.03304500
v -0.86702100 1.34617000 0.03304500
v -0.86702100 1.34209300 0.03114400
v -0.86702100 1.34209300 0.03114400
v -0.86702100 1.34209300 0.03114400
v -0.86713900 1.35053600 0.03409300
v -0.86713900 1.35053600 0.03409300
v -0.86713900 1.35053600 0.03409300
v -0.86713900 1.35053600 0.03409300
v -0.86713900 1.34621000 0.03293500
v -0.86713900 1.34621000 0.03293500
v -0.86713900 1.34621000 0.03293500
v -0.86713900 1.34621000 0.03293500
v -0.86713900 1.34215200 0.03104200
v -0.86713900 1.34215200 0.03104200
v -0.86713900 1.34215200 0.03104200
v -0.86713900 1.34215200 0.03104200
v -0.85729100 1.34062200 0.02085700
v -0.85729100 1.34062200 0.02085700
v -0.85729100 1.34062200 0.02085700
v -0.85729100 1.33874600 0.01817700
v -0.85729100 1.33874600 0.01817700
v -0.85729100 1.33874600 0.01817700
v -0.85729100 1.34293500 0.02316900
v -0.85729100 1.34293500 0.02316900
v -0.85729100 1.34293500 0.02316900
v -0.85770000 1.34030900 0.02112000
v -0.85770000 1.34030900 0.02112000
v -0.85770000 1.34030900 0.02112000
v -0.85740900 1.33864400 0.01823600
v -0.85740900 1.33864400 0.01823600
v -0.85740900 1.33864400 0.01823600
v -0.85862000 1.34208000 0.02418800
v -0.85862000 1.34208000 0.02418800
v -0.85862000 1.34208000 0.02418800
v -0.86033000 1.34030900 0.02112000
v -0.86033000 1.33864400 0.01823600
v -0.86033000 1.34208000 0.02418800
v -0.86690300 1.34030900 0.02112000
v -0.86690300 1.34030900 0.02112000
v -0.86690300 1.33864400 0.01823600
v -0.86690300 1.33864400 0.01823600
v -0.86690300 1.33864400 0.01823600
v -0.86690300 1.33864400 0.01823600
v -0.86690300 1.34208000 0.02418800
v -0.86690300 1.34208000 0.02418800
v -0.86690300 1.34053200 0.02093300
v -0.86690300 1.34053200 0.02093300
v -0.86690300 1.34053200 0.02093300
v -0.86690300 1.34285900 0.02326000
v -0.86690300 1.34285900 0.02326000
v -0.86690300 1.34285900 0.02326000
v -0.86702100 1.34053200 0.02093300
v -0.86702100 1.34053200 0.02093300
v -0.86702100 1.34053200 0.02093300
v -0.86702100 1.33864400 0.01823600
v -0.86702100 1.33864400 0.01823600
v -0.86702100 1.33864400 0.01823600
v -0.86702100 1.34285900 0.02326000
v -0.86702100 1.34285900 0.02326000
v -0.86702100 1.34285900 0.02326000
v -0.86702100 1.33522800 0.02538300
v -0.86702100 1.33522800 0.02538300
v -0.86702100 1.33522800 0.02538300
v -0.86702100 1.33264700 0.02169900
v -0.86702100 1.33264700 0.02169900
v -0.86702100 1.33264700 0.02169900
v -0.86702100 1.33840800 0.02856400
v -0.86702100 1.33840800 0.02856400
v -0.86702100 1.33840800 0.02856400
v -0.86713900 1.33531800 0.02530800
v -0.86713900 1.33531800 0.02530800
v -0.86713900 1.33531800 0.02530800
v -0.86713900 1.33531800 0.02530800
v -0.86713900 1.33275000 0.02164000
v -0.86713900 1.33275000 0.02164000
v -0.86713900 1.33275000 0.02164000
v -0.86713900 1.33275000 0.02164000
v -0.86713900 1.33848400 0.02847400
v -0.86713900 1.33848400 0.02847400
v -0.86713900 1.33848400 0.02847400
v -0.86713900 1.33848400 0.02847400
v -0.85729100 1.33736400 0.01521300
v -0.85729100 1.33736400 0.01521300
v -0.85729100 1.33736400 0.01521300
v -0.85729100 1.33651700 0.01205400
v -0.85729100 1.33651700 0.01205400
v -0.85729100 1.33651700 0.01205400
v -0.85729100 1.33623200 0.00879500
v -0.85729100 1.33623200 0.00879500
v -0.85729100 1.33623200 0.00879500
v -0.85770000 1.33697900 0.01535300
v -0.85770000 1.33697900 0.01535300
v -0.85770000 1.33697900 0.01535300
v -0.85862000 1.33520800 0.01228500
v -0.85862000 1.33520800 0.01228500
v -0.85862000 1.33520800 0.01228500
v -0.86033000 1.33319300 0.00879500
v -0.86033000 1.33319300 0.00879500
v -0.86033000 1.33319300 0.00879500
v -0.86033000 1.33319300 0.00879500
v -0.86033000 1.33697900 0.01535300
v -0.86033000 1.33520800 0.01228500
v -0.86690300 1.33697900 0.01535300
v -0.86690300 1.33697900 0.01535300
v -0.86690300 1.33520800 0.01228500
v -0.86690300 1.33520800 0.01228500
v -0.86690300 1.33319300 0.00879500
v -0.86690300 1.33319300 0.00879500
v -0.86690300 1.33319300 0.00879500
v -0.86690300 1.33725300 0.01525300
v -0.86690300 1.33725300 0.01525300
v -0.86690300 1.33725300 0.01525300
v -0.86690300 1.33640100 0.01207400
v -0.86690300 1.33640100 0.01207400
v -0.86690300 1.33640100 0.01207400
v -0.86690300 1.33611400 0.00879500
v -0.86690300 1.33611400 0.00879500
v -0.86690300 1.33611400 0.00879500
v -0.86702100 1.33725300 0.01525300
v -0.86702100 1.33725300 0.01525300
v -0.86702100 1.33725300 0.01525300
v -0.86702100 1.33640100 0.01207400
v -0.86702100 1.33640100 0.01207400
v -0.86702100 1.33640100 0.01207400
v -0.86702100 1.33611400 0.00879500
v -0.86702100 1.33611400 0.00879500
v -0.86702100 1.33611400 0.00879500
v -0.86702100 1.33074600 0.01762200
v -0.86702100 1.33074600 0.01762200
v -0.86702100 1.33074600 0.01762200
v -0.86702100 1.32958200 0.01327700
v -0.86702100 1.32958200 0.01327700
v -0.86702100 1.32958200 0.01327700
v -0.86702100 1.32919000 0.00879500
v -0.86702100 1.32919000 0.00879500
v -0.86702100 1.32919000 0.00879500
v -0.86713900 1.33085700 0.01758100
v -0.86713900 1.33085700 0.01758100
v -0.86713900 1.33085700 0.01758100
v -0.86713900 1.33085700 0.01758100
v -0.86713900 1.32969800 0.01325600
v -0.86713900 1.32969800 0.01325600
v -0.86713900 1.32969800 0.01325600
v -0.86713900 1.32969800 0.01325600
v -0.86713900 1.32930800 0.00879500
v -0.86713900 1.32930800 0.00879500
v -0.86713900 1.32930800 0.00879500
v -0.86713900 1.32930800 0.00879500
v -0.85729100 1.33736400 0.00237800
v -0.85729100 1.33736400 0.00237800
v -0.85729100 1.33736400 0.00237800
v -0.85729100 1.33874600 -0.00058700
v -0.85729100 1.33874600 -0.00058700
v -0.85729100 1.33874600 -0.00058700
v -0.85729100 1.33651700 0.00553700
v -0.85729100 1.33651700 0.00553700
v -0.85729100 1.33651700 0.00553700
v -0.85770000 1.33697900 0.00223800
v -0.85770000 1.33697900 0.00223800
v -0.85770000 1.33697900 0.00223800
v -0.85740900 1.33864400 -0.00064600
v -0.85740900 1.33864400 -0.00064600
v -0.85740900 1.33864400 -0.00064600
v -0.85862000 1.33520800 0.00530600
v -0.85862000 1.33520800 0.00530600
v -0.85862000 1.33520800 0.00530600
v -0.86033000 1.33697900 0.00223800
v -0.86033000 1.33864400 -0.00064600
v -0.86033000 1.33520800 0.00530600
v -0.86690300 1.33697900 0.00223800
v -0.86690300 1.33697900 0.00223800
v -0.86690300 1.33864400 -0.00064600
v -0.86690300 1.33864400 -0.00064600
v -0.86690300 1.33864400 -0.00064600
v -0.86690300 1.33864400 -0.00064600
v -0.86690300 1.33520800 0.00530600
v -0.86690300 1.33520800 0.00530600
v -0.86690300 1.33725300 0.00233700
v -0.86690300 1.33725300 0.00233700
v -0.86690300 1.33725300 0.00233700
v -0.86690300 1.33640100 0.00551700
v -0.86690300 1.33640100 0.00551700
v -0.86690300 1.33640100 0.00551700
v -0.86702100 1.33725300 0.00233700
v -0.86702100 1.33725300 0.00233700
v -0.86702100 1.33725300 0.00233700
v -0.86702100 1.33864400 -0.00064600
v -0.86702100 1.33864400 -0.00064600
v -0.86702100 1.33864400 -0.00064600
v -0.86702100 1.33640100 0.00551700
v -0.86702100 1.33640100 0.00551700
v -0.86702100 1.33640100 0.00551700
v -0.86702100 1.33074600 -0.00003100
v -0.86702100 1.33074600 -0.00003100
v -0.86702100 1.33074600 -0.00003100
v -0.86702100 1.33264700 -0.00410800
v -0.86702100 1.33264700 -0.00410800
v -0.86702100 1.33264700 -0.00410800
v -0.86702100 1.32958200 0.00431400
v -0.86702100 1.32958200 0.00431400
v -0.86702100 1.32958200 0.00431400
v -0.86713900 1.33085700 0.00000900
v -0.86713900 1.33085700 0.00000900
v -0.86713900 1.33085700 0.00000900
v -0.86713900 1.33085700 0.00000900
v -0.86713900 1.33275000 -0.00404900
v -0.86713900 1.33275000 -0.00404900
v -0.86713900 1.33275000 -0.00404900
v -0.86713900 1.33275000 -0.00404900
v -0.86713900 1.32969800 0.00433500
v -0.86713900 1.32969800 0.00433500
v -0.86713900 1.32969800 0.00433500
v -0.86713900 1.32969800 0.00433500
v -0.85729100 1.34062200 -0.00326600
v -0.85729100 1.34062200 -0.00326600
v -0.85729100 1.34062200 -0.00326600
v -0.85729100 1.34293500 -0.00557900
v -0.85729100 1.34293500 -0.00557900
v -0.85729100 1.34293500 -0.00557900
v -0.85770000 1.34030900 -0.00352900
v -0.85770000 1.34030900 -0.00352900
v -0.85770000 1.34030900 -0.00352900
v -0.85862000 1.34208000 -0.00659700
v -0.85862000 1.34208000 -0.00659700
v -0.85862000 1.34208000 -0.00659700
v -0.86033000 1.34030900 -0.00352900
v -0.86033000 1.34208000 -0.00659700
v -0.86690300 1.34030900 -0.00352900
v -0.86690300 1.34030900 -0.00352900
v -0.86690300 1.34208000 -0.00659700
v -0.86690300 1.34208000 -0.00659700
v -0.86690300 1.34053200 -0.00334200
v -0.86690300 1.34053200 -0.00334200
v -0.86690300 1.34053200 -0.00334200
v -0.86690300 1.34285900 -0.00566900
v -0.86690300 1.34285900 -0.00566900
v -0.86690300 1.34285900 -0.00566900
v -0.86702100 1.34053200 -0.00334200
v -0.86702100 1.34053200 -0.00334200
v -0.86702100 1.34053200 -0.00334200
v -0.86702100 1.34285900 -0.00566900
v -0.86702100 1.34285900 -0.00566900
v -0.86702100 1.34285900 -0.00566900
v -0.86702100 1.33522800 -0.00779300
v -0.86702100 1.33522800 -0.00779300
v -0.86702100 1.33522800 -0.00779300
v -0.86702100 1.33840800 -0.01097300
v -0.86702100 1.33840800 -0.01097300
v -0.86702100 1.33840800 -0.01097300
v -0.86713900 1.33531800 -0.00771700
v -0.86713900 1.33531800 -0.00771700
v -0.86713900 1.33531800 -0.00771700
v -0.86713900 1.33531800 -0.00771700
v -0.86713900 1.33848400 -0.01088300
v -0.86713900 1.33848400 -0.01088300
v -0.86713900 1.33848400 -0.01088300
v -0.86713900 1.33848400 -0.01088300
v -0.87002500 1.35053600 -0.01650300
v -0.87002500 1.35053600 -0.01650300
v -0.87002500 1.35053600 -0.01650300
v -0.87002500 1.35499600 -0.01689300
v -0.87002500 1.35499600 -0.01689300
v -0.87002500 1.35499600 -0.01689300
v -0.87002500 1.34621000 -0.01534400
v -0.87002500 1.34621000 -0.01534400
v -0.87002500 1.34621000 -0.01534400
v -0.87002500 1.34215200 -0.01345100
v -0.87002500 1.34215200 -0.01345100
v -0.87002500 1.34215200 -0.01345100
v -0.87002500 1.33848400 -0.01088300
v -0.87002500 1.33848400 -0.01088300
v -0.87002500 1.33848400 -0.01088300
v -0.87002500 1.33531800 -0.00771700
v -0.87002500 1.33531800 -0.00771700
v -0.87002500 1.33531800 -0.00771700
v -0.87002500 1.33275000 -0.00404900
v -0.87002500 1.33275000 -0.00404900
v -0.87002500 1.33275000 -0.00404900
v -0.87002500 1.33085700 0.00000900
v -0.87002500 1.33085700 0.00000900
v -0.87002500 1.33085700 0.00000900
v -0.87002500 1.32969800 0.00433500
v -0.87002500 1.32969800 0.00433500
v -0.87002500 1.32969800 0.00433500
v -0.87002500 1.32930800 0.00879500
v -0.87002500 1.32930800 0.00879500
v -0.87002500 1.32930800 0.00879500
v -0.87002500 1.32969800 0.01325600
v -0.87002500 1.32969800 0.01325600
v -0.87002500 1.32969800 0.01325600
v -0.87002500 1.33085700 0.01758100
v -0.87002500 1.33085700 0.01758100
v -0.87002500 1.33085700 0.01758100
v -0.87002500 1.33275000 0.02164000
v -0.87002500 1.33275000 0.02164000
v -0.87002500 1.33275000 0.02164000
v -0.87002500 1.33531800 0.02530800
v -0.87002500 1.33531800 0.02530800
v -0.87002500 1.33531800 0.02530800
v -0.87002500 1.33848400 0.02847400
v -0.87002500 1.33848400 0.02847400
v -0.87002500 1.33848400 0.02847400
v -0.87002500 1.34215200 0.03104200
v -0.87002500 1.34215200 0.03104200
v -0.87002500 1.34215200 0.03104200
v -0.87002500 1.34621000 0.03293500
v -0.87002500 1.34621000 0.03293500
v -0.87002500 1.34621000 0.03293500
v -0.87002500 1.35053600 0.03409300
v -0.87002500 1.35053600 0.03409300
v -0.87002500 1.35053600 0.03409300
v -0.87002500 1.35499600 0.03448400
v -0.87002500 1.35499600 0.03448400
v -0.87002500 1.35499600 0.03448400
v -0.87002500 1.35945700 0.03409300
v -0.87002500 1.35945700 0.03409300
v -0.87002500 1.35945700 0.03409300
v -0.87002500 1.36378200 0.03293500
v -0.87002500 1.36378200 0.03293500
v -0.87002500 1.36378200 0.03293500
v -0.87002500 1.36784100 0.03104200
v -0.87002500 1.36784100 0.03104200
v -0.87002500 1.36784100 0.03104200
v -0.87002500 1.37150900 0.02847400
v -0.87002500 1.37150900 0.02847400
v -0.87002500 1.37150900 0.02847400
v -0.87002500 1.37467500 0.02530800
v -0.87002500 1.37467500 0.02530800
v -0.87002500 1.37467500 0.02530800
v -0.87002500 1.37724300 0.02164000
v -0.87002500 1.37724300 0.02164000
v -0.87002500 1.37724300 0.02164000
v -0.87002500 1.37913600 0.01758100
v -0.87002500 1.37913600 0.01758100
v -0.87002500 1.37913600 0.01758100
v -0.87002500 1.38029500 0.01325600
v -0.87002500 1.38029500 0.01325600
v -0.87002500 1.38029500 0.01325600
v -0.87002500 1.38068500 0.00879500
v -0.87002500 1.38068500 0.00879500
v -0.87002500 1.38068500 0.00879500
v -0.87002500 1.38029500 0.00433500
v -0.87002500 1.38029500 0.00433500
v -0.87002500 1.38029500 0.00433500
v -0.87002500 1.37913600 0.00000900
v -0.87002500 1.37913600 0.00000900
v -0.87002500 1.37913600 0.00000900
v -0.87002500 1.37724300 -0.00404900
v -0.87002500 1.37724300 -0.00404900
v -0.87002500 1.37724300 -0.00404900
v -0.87002500 1.37467500 -0.00771700
v -0.87002500 1.37467500 -0.00771700
v -0.87002500 1.37467500 -0.00771700
v -0.87002500 1.37150900 -0.01088300
v -0.87002500 1.37150900 -0.01088300
v -0.87002500 1.37150900 -0.01088300
v -0.87002500 1.36784100 -0.01345100
v -0.87002500 1.36784100 -0.01345100
v -0.87002500 1.36784100 -0.01345100
v -0.87002500 1.36378200 -0.01534400
v -0.87002500 1.36378200 -0.01534400
v -0.87002500 1.36378200 -0.01534400
v -0.87002500 1.35945700 -0.01650300
v -0.87002500 1.35945700 -0.01650300
v -0.87002500 1.35945700 -0.01650300
v -0.87002500 1.35499600 0.00879500
v -0.87002500 1.35499600 0.00879500
v -0.87002500 1.35499600 0.00879500
v -0.87003500 1.35499600 0.00879500
v -0.87003500 1.35499600 0.00879500
v -0.87005300 1.35499600 0.00879500
v -0.87005300 1.35499600 0.00879500
v -0.87007000 1.35499600 0.00879500
v -0.87007000 1.35499600 0.00879500
v -0.87008800 1.35499600 0.00879500
v -0.87008800 1.35499600 0.00879500
v -0.87004200 1.35499600 0.00879500
v -0.87006000 1.35499600 0.00879500
v -0.87007700 1.35499600 0.00879500
v -0.87007700 1.35499600 0.00879500
v -0.87009500 1.35499600 0.00879500
v -0.87009500 1.35499600 0.00879500
v -0.87011200 1.35499600 0.00879500
v -0.87011200 1.35499600 0.00879500
v -0.87012900 1.35499600 0.00879500
v -0.87012900 1.35499600 0.00879500
v -0.87014700 1.35499600 0.00879500
v -0.87014700 1.35499600 0.00879500
v -0.87016400 1.35499600 0.00879500
v -0.87016400 1.35499600 0.00879500
v -0.87018200 1.35499600 0.00879500
v -0.87018200 1.35499600 0.00879500
v -0.87019900 1.35499600 0.00879500
v -0.87019900 1.35499600 0.00879500
v -0.87021700 1.35499600 0.00879500
v -0.87021700 1.35499600 0.00879500
v -0.87023400 1.35499600 0.00879500
v -0.87023400 1.35499600 0.00879500
v -0.87025100 1.35499600 0.00879500
v -0.87025100 1.35499600 0.00879500
v -0.87026900 1.35499600 0.00879500
v -0.87028600 1.35499600 0.00879500
v -0.87030400 1.35499600 0.00879500
v -0.87032100 1.35499600 0.00879500
v -0.87033900 1.35499600 0.00879500
v -0.87010500 1.35499600 0.00879500
v -0.87012300 1.35499600 0.00879500
v -0.87014000 1.35499600 0.00879500
v -0.87015700 1.35499600 0.00879500
v -0.87017500 1.35499600 0.00879500
v -0.87019200 1.35499600 0.00879500
v -0.87021000 1.35499600 0.00879500
v -0.87022700 1.35499600 0.00879500
v -0.87024500 1.35499600 0.00879500
v -0.87026200 1.35499600 0.00879500
v -0.87027900 1.35499600 0.00879500
v -0.87029700 1.35499600 0.00879500
v -0.87031400 1.35499600 0.00879500
v -0.87033200 1.35499600 0.00879500
v -0.87034900 1.35499600 0.00879500
v -0.87036600 1.35499600 0.00879500
v -0.87038400 1.35499600 0.00879500
v -0.87040100 1.35499600 0.00879500
v -0.87035600 1.35499600 0.00879500
v -0.87037300 1.35499600 0.00879500
v -0.87039100 1.35499600 0.00879500
v -0.87040800 1.35499600 0.00879500
v -0.87042600 1.35499600 0.00879500
v -0.87044300 1.35499600 0.00879500
v -0.87046100 1.35499600 0.00879500
v -0.87047800 1.35499600 0.00879500
v -0.87049500 1.35499600 0.00879500
v -0.87051300 1.35499600 0.00879500
v -0.87053000 1.35499600 0.00879500
v -0.87054800 1.35499600 0.00879500
v -0.87056500 1.35499600 0.00879500
v -0.87058300 1.35499600 0.00879500
v -0.87060000 1.35499600 0.00879500
v -0.87061700 1.35499600 0.00879500
v -0.87063500 1.35499600 0.00879500
v -0.87065200 1.35499600 0.00879500
v -0.87041900 1.35499600 0.00879500
v -0.87043600 1.35499600 0.00879500
v -0.87045400 1.35499600 0.00879500
v -0.87047100 1.35499600 0.00879500
v -0.87048800 1.35499600 0.00879500
v -0.87050600 1.35499600 0.00879500
v -0.87052300 1.35499600 0.00879500
v -0.87054100 1.35499600 0.00879500
v -0.87055800 1.35499600 0.00879500
v -0.87057600 1.35499600 0.00879500
v -0.87059300 1.35499600 0.00879500
v -0.87061000 1.35499600 0.00879500
v -0.87062800 1.35499600 0.00879500
v -0.87064500 1.35499600 0.00879500
v -0.87066300 1.35499600 0.00879500
v -0.87068000 1.35499600 0.00879500
v -0.87069800 1.35499600 0.00879500
v -0.87071500 1.35499600 0.00879500
v -0.87067000 1.35499600 0.00879500
v -0.87068700 1.35499600 0.00879500
v -0.87070500 1.35499600 0.00879500
v -0.87072200 1.35499600 0.00879500
v -0.87073900 1.35499600 0.00879500
v -0.87075700 1.35499600 0.00879500
v -0.87077400 1.35499600 0.00879500
v -0.87079200 1.35499600 0.00879500
v -0.87080900 1.35499600 0.00879500
v -0.87082600 1.35499600 0.00879500
v -0.87084400 1.35499600 0.00879500
v -0.87086100 1.35499600 0.00879500
v -0.87087900 1.35499600 0.00879500
v -0.87089600 1.35499600 0.00879500
v -0.87091400 1.35499600 0.00879500
v -0.87093100 1.35499600 0.00879500
v -0.87094800 1.35499600 0.00879500
v -0.87096600 1.35499600 0.00879500
v -0.87073200 1.35499600 0.00879500
v -0.87075000 1.35499600 0.00879500
v -0.87076700 1.35499600 0.00879500
v -0.87078500 1.35499600 0.00879500
v -0.87080200 1.35499600 0.00879500
v -0.87082000 1.35499600 0.00879500
v -0.87083700 1.35499600 0.00879500
v -0.87085400 1.35499600 0.00879500
v -0.87087200 1.35499600 0.00879500
v -0.87088900 1.35499600 0.00879500
v -0.87090700 1.35499600 0.00879500
v -0.87092400 1.35499600 0.00879500
v -0.87094200 1.35499600 0.00879500
v -0.87095900 1.35499600 0.00879500
v -0.87097600 1.35499600 0.00879500
v -0.87099400 1.35499600 0.00879500
v -0.87101100 1.35499600 0.00879500
v -0.87102900 1.35499600 0.00879500
v -0.87098300 1.35499600 0.00879500
v -0.87100100 1.35499600 0.00879500
v -0.87101800 1.35499600 0.00879500
v -0.87103600 1.35499600 0.00879500
v -0.87105300 1.35499600 0.00879500
v -0.87107000 1.35499600 0.00879500
v -0.87108800 1.35499600 0.00879500
v -0.87110500 1.35499600 0.00879500
v -0.87112300 1.35499600 0.00879500
v -0.87114000 1.35499600 0.00879500
v -0.87115800 1.35499600 0.00879500
v -0.87117500 1.35499600 0.00879500
v -0.87119200 1.35499600 0.00879500
v -0.87121000 1.35499600 0.00879500
v -0.87122700 1.35499600 0.00879500
v -0.87124500 1.35499600 0.00879500
v -0.87126200 1.35499600 0.00879500
v -0.87128000 1.35499600 0.00879500
v -0.87104600 1.35499600 0.00879500
v -0.87106300 1.35499600 0.00879500
v -0.87108100 1.35499600 0.00879500
v -0.87109800 1.35499600 0.00879500
v -0.87111600 1.35499600 0.00879500
v -0.87113300 1.35499600 0.00879500
v -0.87115100 1.35499600 0.00879500
v -0.87116800 1.35499600 0.00879500
v -0.87118500 1.35499600 0.00879500
v -0.87120300 1.35499600 0.00879500
v -0.87122000 1.35499600 0.00879500
v -0.87123800 1.35499600 0.00879500
v -0.87125500 1.35499600 0.00879500
v -0.87127300 1.35499600 0.00879500
v -0.87129000 1.35499600 0.00879500
v -0.87130700 1.35499600 0.00879500
v -0.87132500 1.35499600 0.00879500
v -0.87134200 1.35499600 0.00879500
v -0.87129700 1.35499600 0.00879500
v -0.87131400 1.35499600 0.00879500
v -0.87133200 1.35499600 0.00879500
v -0.87134900 1.35499600 0.00879500
v -0.87136700 1.35499600 0.00879500
v -0.87138400 1.35499600 0.00879500
v -0.87140200 1.35499600 0.00879500
v -0.87141900 1.35499600 0.00879500
v -0.87143600 1.35499600 0.00879500
v -0.87145400 1.35499600 0.00879500
v -0.87147100 1.35499600 0.00879500
v -0.87148900 1.35499600 0.00879500
v -0.87150600 1.35499600 0.00879500
v -0.87152300 1.35499600 0.00879500
v -0.87154100 1.35499600 0.00879500
v -0.87155800 1.35499600 0.00879500
v -0.87157600 1.35499600 0.00879500
v -0.87159300 1.35499600 0.00879500
v -0.87136000 1.35499600 0.00879500
v -0.87137700 1.35499600 0.00879500
v -0.87139500 1.35499600 0.00879500
v -0.87141200 1.35499600 0.00879500
v -0.87142900 1.35499600 0.00879500
v -0.87144700 1.35499600 0.00879500
v -0.87146400 1.35499600 0.00879500
v -0.87148200 1.35499600 0.00879500
v -0.87149900 1.35499600 0.00879500
v -0.87151700 1.35499600 0.00879500
v -0.87153400 1.35499600 0.00879500
v -0.87155100 1.35499600 0.00879500
v -0.87156900 1.35499600 0.00879500
v -0.87158600 1.35499600 0.00879500
v -0.87160400 1.35499600 0.00879500
v -0.87162100 1.35499600 0.00879500
v -0.87163900 1.35499600 0.00879500
v -0.87165600 1.35499600 0.00879500
v -0.87161100 1.35499600 0.00879500
v -0.87162800 1.35499600 0.00879500
v -0.87164600 1.35499600 0.00879500
v -0.87166300 1.35499600 0.00879500
v -0.87168000 1.35499600 0.00879500
v -0.87169800 1.35499600 0.00879500
v -0.87171500 1.35499600 0.00879500
v -0.87173300 1.35499600 0.00879500
v -0.87175000 1.35499600 0.00879500
v -0.87176700 1.35499600 0.00879500
v -0.87178500 1.35499600 0.00879500
v -0.87180200 1.35499600 0.00879500
v -0.87182000 1.35499600 0.00879500
v -0.87183700 1.35499600 0.00879500
v -0.87185500 1.35499600 0.00879500
v -0.87187200 1.35499600 0.00879500
v -0.87188900 1.35499600 0.00879500
v -0.87190700 1.35499600 0.00879500
v -0.87167300 1.35499600 0.00879500
v -0.87169100 1.35499600 0.00879500
v -0.87170800 1.35499600 0.00879500
v -0.87172600 1.35499600 0.00879500
v -0.87174300 1.35499600 0.00879500
v -0.87176000 1.35499600 0.00879500
v -0.87177800 1.35499600 0.00879500
v -0.87179500 1.35499600 0.00879500
v -0.87181300 1.35499600 0.00879500
v -0.87183000 1.35499600 0.00879500
v -0.87184800 1.35499600 0.00879500
v -0.87186500 1.35499600 0.00879500
v -0.87188200 1.35499600 0.00879500
v -0.87190000 1.35499600 0.00879500
v -0.87191700 1.35499600 0.00879500
v -0.87193500 1.35499600 0.00879500
v -0.87195200 1.35499600 0.00879500
v -0.87197000 1.35499600 0.00879500
v -0.87192400 1.35499600 0.00879500
v -0.87194200 1.35499600 0.00879500
v -0.87195900 1.35499600 0.00879500
v -0.87197700 1.35499600 0.00879500
v -0.87199400 1.35499600 0.00879500
v -0.87201100 1.35499600 0.00879500
v -0.87202900 1.35499600 0.00879500
v -0.87204600 1.35499600 0.00879500
v -0.87206400 1.35499600 0.00879500
v -0.87208100 1.35499600 0.00879500
v -0.87209900 1.35499600 0.00879500
v -0.87211600 1.35499600 0.00879500
v -0.87213300 1.35499600 0.00879500
v -0.87215100 1.35499600 0.00879500
v -0.87216800 1.35499600 0.00879500
v -0.87218600 1.35499600 0.00879500
v -0.87220300 1.35499600 0.00879500
v -0.87222100 1.35499600 0.00879500
v -0.87198700 1.35499600 0.00879500
v -0.87200400 1.35499600 0.00879500
v -0.87202200 1.35499600 0.00879500
v -0.87203900 1.35499600 0.00879500
v -0.87205700 1.35499600 0.00879500
v -0.87207400 1.35499600 0.00879500
v -0.87209200 1.35499600 0.00879500
v -0.87210900 1.35499600 0.00879500
v -0.87212600 1.35499600 0.00879500
v -0.87214400 1.35499600 0.00879500
v -0.87216100 1.35499600 0.00879500
v -0.87217900 1.35499600 0.00879500
v -0.87219600 1.35499600 0.00879500
v -0.87221400 1.35499600 0.00879500
v -0.87223100 1.35499600 0.00879500
v -0.87224800 1.35499600 0.00879500
v -0.87226600 1.35499600 0.00879500
v -0.87228300 1.35499600 0.00879500
v -0.87228300 1.35499600 0.00879500
v -0.87228300 1.35499600 0.00879500
v -0.87223800 1.35499600 0.00879500
v -0.87225500 1.35499600 0.00879500
v -0.87227300 1.35499600 0.00879500
v -0.87229000 1.35499600 0.00879500
v -0.87230800 1.35499600 0.00879500
v -0.87232500 1.35499600 0.00879500
v -0.87234300 1.35499600 0.00879500
v -0.87236000 1.35499600 0.00879500
v -0.87237700 1.35499600 0.00879500
v -0.87239500 1.35499600 0.00879500
v -0.87241200 1.35499600 0.00879500
v -0.87243000 1.35499600 0.00879500
v -0.87244700 1.35499600 0.00879500
v -0.87246400 1.35499600 0.00879500
v -0.87246400 1.35499600 0.00879500
v -0.87246400 1.35499600 0.00879500
v -0.87248200 1.35499600 0.00879500
v -0.87248200 1.35499600 0.00879500
v -0.87248200 1.35499600 0.00879500
v -0.87248200 1.35499600 0.00879500
v -0.87248200 1.35499600 0.00879500
v -0.87249900 1.35499600 0.00879500
v -0.87249900 1.35499600 0.00879500
v -0.87249900 1.35499600 0.00879500
v -0.87249900 1.35499600 0.00879500
v -0.87249900 1.35499600 0.00879500
v -0.87251700 1.35499600 0.00879500
v -0.87251700 1.35499600 0.00879500
v -0.87251700 1.35499600 0.00879500
v -0.87251700 1.35499600 0.00879500
v -0.87251700 1.35499600 0.00879500
v -0.87253400 1.35499600 0.00879500
v -0.87253400 1.35499600 0.00879500
v -0.87253400 1.35499600 0.00879500
v -0.87253400 1.35499600 0.00879500
v -0.87253400 1.35499600 0.00879500
v -0.87253400 1.35499600 0.00879500
v -0.87253400 1.35499600 0.00879500
v -0.87230100 1.35499600 0.00879500
v -0.87230100 1.35499600 0.00879500
v -0.87230100 1.35499600 0.00879500
v -0.87230100 1.35499600 0.00879500
v -0.87230100 1.35499600 0.00879500
v -0.87231800 1.35499600 0.00879500
v -0.87231800 1.35499600 0.00879500
v -0.87231800 1.35499600 0.00879500
v -0.87231800 1.35499600 0.00879500
v -0.87231800 1.35499600 0.00879500
v -0.87233600 1.35499600 0.00879500
v -0.87233600 1.35499600 0.00879500
v -0.87233600 1.35499600 0.00879500
v -0.87233600 1.35499600 0.00879500
v -0.87233600 1.35499600 0.00879500
v -0.87235300 1.35499600 0.00879500
v -0.87235300 1.35499600 0.00879500
v -0.87235300 1.35499600 0.00879500
v -0.87235300 1.35499600 0.00879500
v -0.87235300 1.35499600 0.00879500
v -0.87237000 1.35499600 0.00879500
v -0.87237000 1.35499600 0.00879500
v -0.87237000 1.35499600 0.00879500
v -0.87237000 1.35499600 0.00879500
v -0.87237000 1.35499600 0.00879500
v -0.87238800 1.35499600 0.00879500
v -0.87238800 1.35499600 0.00879500
v -0.87238800 1.35499600 0.00879500
v -0.87238800 1.35499600 0.00879500
v -0.87238800 1.35499600 0.00879500
v -0.87240500 1.35499600 0.00879500
v -0.87240500 1.35499600 0.00879500
v -0.87240500 1.35499600 0.00879500
v -0.87240500 1.35499600 0.00879500
v -0.87240500 1.35499600 0.00879500
v -0.87242300 1.35499600 0.00879500
v -0.87242300 1.35499600 0.00879500
v -0.87242300 1.35499600 0.00879500
v -0.87242300 1.35499600 0.00879500
v -0.87242300 1.35499600 0.00879500
v -0.87244000 1.35499600 0.00879500
v -0.87244000 1.35499600 0.00879500
v -0.87244000 1.35499600 0.00879500
v -0.87244000 1.35499600 0.00879500
v -0.87244000 1.35499600 0.00879500
v -0.87245800 1.35499600 0.00879500
v -0.87245800 1.35499600 0.00879500
v -0.87245800 1.35499600 0.00879500
v -0.87245800 1.35499600 0.00879500
v -0.87245800 1.35499600 0.00879500
v -0.87247500 1.35499600 0.00879500
v -0.87247500 1.35499600 0.00879500
v -0.87247500 1.35499600 0.00879500
v -0.87247500 1.35499600 0.00879500
v -0.87247500 1.35499600 0.00879500
v -0.87249200 1.35499600 0.00879500
v -0.87249200 1.35499600 0.00879500
v -0.87249200 1.35499600 0.00879500
v -0.87249200 1.35499600 0.00879500
v -0.87249200 1.35499600 0.00879500
v -0.87251000 1.35499600 0.00879500
v -0.87251000 1.35499600 0.00879500
v -0.87251000 1.35499600 0.00879500
v -0.87251000 1.35499600 0.00879500
v -0.87251000 1.35499600 0.00879500
v -0.87252700 1.35499600 0.00879500
v -0.87252700 1.35499600 0.00879500
v -0.87252700 1.35499600 0.00879500
v -0.87252700 1.35499600 0.00879500
v -0.87252700 1.35499600 0.00879500
v -0.87252700 1.35499600 0.00879500
v -0.87252700 1.35499600 0.00879500
v -0.87254500 1.35499100 0.00880400
v -0.87254500 1.35499100 0.00880400
v -0.87254500 1.35499100 0.00880400
v -0.87254500 1.35499100 0.00880400
v -0.87256200 1.35498700 0.00882200
v -0.87256200 1.35498700 0.00882200
v -0.87256200 1.35498700 0.00882200
v -0.87256200 1.35498700 0.00882200
v -0.87258000 1.35498900 0.00884000
v -0.87258000 1.35498900 0.00884000
v -0.87258000 1.35498900 0.00884000
v -0.87258000 1.35498900 0.00884000
v -0.87259700 1.35499600 0.00885800
v -0.87259700 1.35499600 0.00885800
v -0.87259700 1.35499600 0.00885800
v -0.87259700 1.35499600 0.00885800
v -0.87255200 1.35499300 0.00877800
v -0.87255200 1.35499300 0.00877800
v -0.87255200 1.35499300 0.00877800
v -0.87255200 1.35499300 0.00877800
v -0.87256900 1.35498500 0.00876300
v -0.87256900 1.35498500 0.00876300
v -0.87256900 1.35498500 0.00876300
v -0.87256900 1.35498500 0.00876300
v -0.87258600 1.35497000 0.00875000
v -0.87258600 1.35497000 0.00875000
v -0.87258600 1.35497000 0.00875000
v -0.87258600 1.35497000 0.00875000
v -0.87260400 1.35495200 0.00874200
v -0.87260400 1.35495200 0.00874200
v -0.87260400 1.35495200 0.00874200
v -0.87260400 1.35495200 0.00874200
v -0.87262100 1.35493000 0.00873900
v -0.87262100 1.35493000 0.00873900
v -0.87262100 1.35493000 0.00873900
v -0.87262100 1.35493000 0.00873900
v -0.87263900 1.35490600 0.00874300
v -0.87263900 1.35490600 0.00874300
v -0.87263900 1.35490600 0.00874300
v -0.87263900 1.35490600 0.00874300
v -0.87265600 1.35488200 0.00875400
v -0.87265600 1.35488200 0.00875400
v -0.87265600 1.35488200 0.00875400
v -0.87265600 1.35488200 0.00875400
v -0.87267400 1.35485900 0.00877100
v -0.87267400 1.35485900 0.00877100
v -0.87267400 1.35485900 0.00877100
v -0.87267400 1.35485900 0.00877100
v -0.87269100 1.35484000 0.00879500
v -0.87269100 1.35484000 0.00879500
v -0.87269100 1.35484000 0.00879500
v -0.87269100 1.35484000 0.00879500
v -0.87270800 1.35482500 0.00882600
v -0.87270800 1.35482500 0.00882600
v -0.87270800 1.35482500 0.00882600
v -0.87270800 1.35482500 0.00882600
v -0.87272600 1.35481600 0.00886100
v -0.87272600 1.35481600 0.00886100
v -0.87272600 1.35481600 0.00886100
v -0.87272600 1.35481600 0.00886100
v -0.87274300 1.35481500 0.00890000
v -0.87274300 1.35481500 0.00890000
v -0.87274300 1.35481500 0.00890000
v -0.87274300 1.35481500 0.00890000
v -0.87276100 1.35482300 0.00894100
v -0.87276100 1.35482300 0.00894100
v -0.87276100 1.35482300 0.00894100
v -0.87276100 1.35482300 0.00894100
v -0.87277800 1.35484000 0.00898200
v -0.87277800 1.35484000 0.00898200
v -0.87277800 1.35484000 0.00898200
v -0.87277800 1.35484000 0.00898200
v -0.87279600 1.35486600 0.00902200
v -0.87279600 1.35486600 0.00902200
v -0.87279600 1.35486600 0.00902200
v -0.87281300 1.35490100 0.00905700
v -0.87281300 1.35490100 0.00905700
v -0.87283000 1.35494500 0.00908700
v -0.87283000 1.35494500 0.00908700
v -0.87284800 1.35499600 0.00910900
v -0.87284800 1.35499600 0.00910900
v -0.87254500 1.35500200 0.00878600
v -0.87254500 1.35500200 0.00878600
v -0.87254500 1.35500200 0.00878600
v -0.87254500 1.35500200 0.00878600
v -0.87256200 1.35500600 0.00876900
v -0.87256200 1.35500600 0.00876900
v -0.87256200 1.35500600 0.00876900
v -0.87256200 1.35500600 0.00876900
v -0.87258000 1.35500400 0.00875100
v -0.87258000 1.35500400 0.00875100
v -0.87258000 1.35500400 0.00875100
v -0.87258000 1.35500400 0.00875100
v -0.87259700 1.35499600 0.00873300
v -0.87259700 1.35499600 0.00873300
v -0.87259700 1.35499600 0.00873300
v -0.87261400 1.35498200 0.00871600
v -0.87261400 1.35498200 0.00871600
v -0.87261400 1.35498200 0.00871600
v -0.87263200 1.35496300 0.00870400
v -0.87263200 1.35496300 0.00870400
v -0.87263200 1.35496300 0.00870400
v -0.87264900 1.35493900 0.00869600
v -0.87264900 1.35493900 0.00869600
v -0.87264900 1.35493900 0.00869600
v -0.87266700 1.35491100 0.00869400
v -0.87266700 1.35491100 0.00869400
v -0.87266700 1.35491100 0.00869400
v -0.87266700 1.35491100 0.00869400
v -0.87268400 1.35488200 0.00869900
v -0.87268400 1.35488200 0.00869900
v -0.87268400 1.35488200 0.00869900
v -0.87268400 1.35488200 0.00869900
v -0.87270100 1.35485200 0.00871200
v -0.87270100 1.35485200 0.00871200
v -0.87270100 1.35485200 0.00871200
v -0.87271900 1.35482300 0.00873200
v -0.87271900 1.35482300 0.00873200
v -0.87273600 1.35479700 0.00876000
v -0.87273600 1.35479700 0.00876000
v -0.87273600 1.35479700 0.00876000
v -0.87275400 1.35477700 0.00879500
v -0.87275400 1.35477700 0.00879500
v -0.87275400 1.35477700 0.00879500
v -0.87277100 1.35476300 0.00883700
v -0.87277100 1.35476300 0.00883700
v -0.87278900 1.35475700 0.00888200
v -0.87278900 1.35475700 0.00888200
v -0.87280600 1.35476100 0.00893100
v -0.87280600 1.35476100 0.00893100
v -0.87280600 1.35476100 0.00893100
v -0.87282300 1.35477500 0.00898100
v -0.87282300 1.35477500 0.00898100
v -0.87282300 1.35477500 0.00898100
v -0.87282300 1.35477500 0.00898100
v -0.87284100 1.35479900 0.00903000
v -0.87284100 1.35479900 0.00903000
v -0.87284100 1.35479900 0.00903000
v -0.87285800 1.35483400 0.00907600
v -0.87285800 1.35483400 0.00907600
v -0.87287600 1.35488000 0.00911600
v -0.87287600 1.35488000 0.00911600
v -0.87289300 1.35493400 0.00914900
v -0.87289300 1.35493400 0.00914900
v -0.87291100 1.35499600 0.00917200
v -0.87291100 1.35499600 0.00917200
v -0.87255200 1.35499900 0.00881300
v -0.87255200 1.35499900 0.00881300
v -0.87255200 1.35499900 0.00881300
v -0.87255200 1.35499900 0.00881300
v -0.87256900 1.35500800 0.00882800
v -0.87256900 1.35500800 0.00882800
v -0.87256900 1.35500800 0.00882800
v -0.87256900 1.35500800 0.00882800
v -0.87258600 1.35502300 0.00884100
v -0.87258600 1.35502300 0.00884100
v -0.87258600 1.35502300 0.00884100
v -0.87258600 1.35502300 0.00884100
v -0.87260400 1.35504100 0.00884900
v -0.87260400 1.35504100 0.00884900
v -0.87260400 1.35504100 0.00884900
v -0.87260400 1.35504100 0.00884900
v -0.87262100 1.35506300 0.00885100
v -0.87262100 1.35506300 0.00885100
v -0.87262100 1.35506300 0.00885100
v -0.87262100 1.35506300 0.00885100
v -0.87263900 1.35508700 0.00884800
v -0.87263900 1.35508700 0.00884800
v -0.87263900 1.35508700 0.00884800
v -0.87263900 1.35508700 0.00884800
v -0.87265600 1.35511100 0.00883700
v -0.87265600 1.35511100 0.00883700
v -0.87265600 1.35511100 0.00883700
v -0.87265600 1.35511100 0.00883700
v -0.87267400 1.35513400 0.00882000
v -0.87267400 1.35513400 0.00882000
v -0.87267400 1.35513400 0.00882000
v -0.87267400 1.35513400 0.00882000
v -0.87269100 1.35515300 0.00879500
v -0.87269100 1.35515300 0.00879500
v -0.87269100 1.35515300 0.00879500
v -0.87269100 1.35515300 0.00879500
v -0.87270800 1.35516800 0.00876500
v -0.87270800 1.35516800 0.00876500
v -0.87270800 1.35516800 0.00876500
v -0.87270800 1.35516800 0.00876500
v -0.87272600 1.35517700 0.00873000
v -0.87272600 1.35517700 0.00873000
v -0.87272600 1.35517700 0.00873000
v -0.87272600 1.35517700 0.00873000
v -0.87274300 1.35517800 0.00869100
v -0.87274300 1.35517800 0.00869100
v -0.87274300 1.35517800 0.00869100
v -0.87274300 1.35517800 0.00869100
v -0.87276100 1.35517000 0.00865000
v -0.87276100 1.35517000 0.00865000
v -0.87276100 1.35517000 0.00865000
v -0.87276100 1.35517000 0.00865000
v -0.87277800 1.35515300 0.00860900
v -0.87277800 1.35515300 0.00860900
v -0.87277800 1.35515300 0.00860900
v -0.87277800 1.35515300 0.00860900
v -0.87279600 1.35512700 0.00856900
v -0.87279600 1.35512700 0.00856900
v -0.87279600 1.35512700 0.00856900
v -0.87281300 1.35509200 0.00853300
v -0.87281300 1.35509200 0.00853300
v -0.87283000 1.35504800 0.00850400
v -0.87283000 1.35504800 0.00850400
v -0.87284800 1.35499600 0.00848200
v -0.87284800 1.35499600 0.00848200
v -0.87284800 1.35499600 0.00848200
v -0.87286500 1.35493900 0.00846900
v -0.87286500 1.35493900 0.00846900
v -0.87286500 1.35493900 0.00846900
v -0.87288300 1.35487700 0.00846800
v -0.87288300 1.35487700 0.00846800
v -0.87290000 1.35481300 0.00847900
v -0.87290000 1.35481300 0.00847900
v -0.87291800 1.35475000 0.00850200
v -0.87291800 1.35475000 0.00850200
v -0.87293500 1.35468900 0.00853800
v -0.87293500 1.35468900 0.00853800
v -0.87295200 1.35463400 0.00858600
v -0.87295200 1.35463400 0.00858600
v -0.87297000 1.35458700 0.00864600
v -0.87297000 1.35458700 0.00864600
v -0.87298700 1.35455000 0.00871700
v -0.87298700 1.35455000 0.00871700
v -0.87300500 1.35452600 0.00879500
v -0.87300500 1.35452600 0.00879500
v -0.87302200 1.35451600 0.00888000
v -0.87302200 1.35451600 0.00888000
v -0.87304000 1.35452200 0.00896800
v -0.87304000 1.35452200 0.00896800
v -0.87305700 1.35454400 0.00905700
v -0.87305700 1.35454400 0.00905700
v -0.87307400 1.35458300 0.00914300
v -0.87307400 1.35458300 0.00914300
v -0.87309200 1.35463800 0.00922300
v -0.87309200 1.35463800 0.00922300
v -0.87310900 1.35470900 0.00929300
v -0.87310900 1.35470900 0.00929300
v -0.87312700 1.35479400 0.00935200
v -0.87312700 1.35479400 0.00935200
v -0.87314400 1.35489100 0.00939600
v -0.87314400 1.35489100 0.00939600
v -0.87314400 1.35489100 0.00939600
v -0.87316100 1.35499600 0.00942300
v -0.87316100 1.35499600 0.00942300
v -0.87316100 1.35499600 0.00942300
v -0.87316100 1.35499600 0.00942300
v -0.87261400 1.35501000 0.00887400
v -0.87261400 1.35501000 0.00887400
v -0.87261400 1.35501000 0.00887400
v -0.87261400 1.35501000 0.00887400
v -0.87263200 1.35503000 0.00888700
v -0.87263200 1.35503000 0.00888700
v -0.87263200 1.35503000 0.00888700
v -0.87264900 1.35505400 0.00889500
v -0.87264900 1.35505400 0.00889500
v -0.87264900 1.35505400 0.00889500
v -0.87266700 1.35508200 0.00889700
v -0.87266700 1.35508200 0.00889700
v -0.87266700 1.35508200 0.00889700
v -0.87268400 1.35511100 0.00889200
v -0.87268400 1.35511100 0.00889200
v -0.87268400 1.35511100 0.00889200
v -0.87270100 1.35514100 0.00887900
v -0.87270100 1.35514100 0.00887900
v -0.87270100 1.35514100 0.00887900
v -0.87271900 1.35517000 0.00885900
v -0.87271900 1.35517000 0.00885900
v -0.87271900 1.35517000 0.00885900
v -0.87273600 1.35519600 0.00883100
v -0.87273600 1.35519600 0.00883100
v -0.87273600 1.35519600 0.00883100
v -0.87275400 1.35521600 0.00879500
v -0.87275400 1.35521600 0.00879500
v -0.87277100 1.35523000 0.00875400
v -0.87277100 1.35523000 0.00875400
v -0.87278900 1.35523500 0.00870800
v -0.87278900 1.35523500 0.00870800
v -0.87280600 1.35523200 0.00865900
v -0.87280600 1.35523200 0.00865900
v -0.87280600 1.35523200 0.00865900
v -0.87282300 1.35521800 0.00860900
v -0.87282300 1.35521800 0.00860900
v -0.87282300 1.35521800 0.00860900
v -0.87284100 1.35519400 0.00856000
v -0.87284100 1.35519400 0.00856000
v -0.87284100 1.35519400 0.00856000
v -0.87285800 1.35515800 0.00851500
v -0.87285800 1.35515800 0.00851500
v -0.87285800 1.35515800 0.00851500
v -0.87287600 1.35511300 0.00847400
v -0.87287600 1.35511300 0.00847400
v -0.87289300 1.35505900 0.00844200
v -0.87289300 1.35505900 0.00844200
v -0.87291100 1.35499600 0.00841900
v -0.87291100 1.35499600 0.00841900
v -0.87292800 1.35492800 0.00840800
v -0.87292800 1.35492800 0.00840800
v -0.87294500 1.35485600 0.00840900
v -0.87294500 1.35485600 0.00840900
v -0.87296300 1.35478200 0.00842400
v -0.87296300 1.35478200 0.00842400
v -0.87298000 1.35471000 0.00845400
v -0.87298000 1.35471000 0.00845400
v -0.87299800 1.35464100 0.00849700
v -0.87299800 1.35464100 0.00849700
v -0.87301500 1.35458000 0.00855500
v -0.87301500 1.35458000 0.00855500
v -0.87303300 1.35452800 0.00862500
v -0.87303300 1.35452800 0.00862500
v -0.87305000 1.35448800 0.00870600
v -0.87305000 1.35448800 0.00870600
v -0.87306700 1.35446300 0.00879500
v -0.87306700 1.35446300 0.00879500
v -0.87308500 1.35445400 0.00889100
v -0.87308500 1.35445400 0.00889100
v -0.87310200 1.35446300 0.00899000
v -0.87310200 1.35446300 0.00899000
v -0.87312000 1.35448900 0.00908800
v -0.87312000 1.35448900 0.00908800
v -0.87313700 1.35453500 0.00918300
v -0.87313700 1.35453500 0.00918300
v -0.87315500 1.35459800 0.00927100
v -0.87315500 1.35459800 0.00927100
v -0.87316100 1.35468300 0.00933900
v -0.87316100 1.35468300 0.00933900
v -0.87316100 1.35468300 0.00933900
v -0.87316100 1.35478200 0.00938500
v -0.87316100 1.35478200 0.00938500
v -0.87316100 1.35478200 0.00938500
v -0.87316100 1.35488700 0.00941300
v -0.87316100 1.35488700 0.00941300
v -0.87316100 1.35488700 0.00941300
v -0.87286500 1.35505400 0.00912100
v -0.87286500 1.35505400 0.00912100
v -0.87288300 1.35511600 0.00912300
v -0.87288300 1.35511600 0.00912300
v -0.87290000 1.35517900 0.00911200
v -0.87290000 1.35517900 0.00911200
v -0.87291800 1.35524300 0.00908900
v -0.87291800 1.35524300 0.00908900
v -0.87293500 1.35530300 0.00905300
v -0.87293500 1.35530300 0.00905300
v -0.87295200 1.35535900 0.00900500
v -0.87295200 1.35535900 0.00900500
v -0.87297000 1.35540600 0.00894400
v -0.87297000 1.35540600 0.00894400
v -0.87298700 1.35544300 0.00887400
v -0.87298700 1.35544300 0.00887400
v -0.87300500 1.35546700 0.00879500
v -0.87300500 1.35546700 0.00879500
v -0.87302200 1.35547700 0.00871100
v -0.87302200 1.35547700 0.00871100
v -0.87304000 1.35547100 0.00862300
v -0.87304000 1.35547100 0.00862300
v -0.87305700 1.35544900 0.00853400
v -0.87305700 1.35544900 0.00853400
v -0.87307400 1.35541000 0.00844800
v -0.87307400 1.35541000 0.00844800
v -0.87309200 1.35535500 0.00836800
v -0.87309200 1.35535500 0.00836800
v -0.87310900 1.35528400 0.00829700
v -0.87310900 1.35528400 0.00829700
v -0.87312700 1.35519900 0.00823900
v -0.87312700 1.35519900 0.00823900
v -0.87314400 1.35510200 0.00819500
v -0.87314400 1.35510200 0.00819500
v -0.87316100 1.35499600 0.00816800
v -0.87316100 1.35499600 0.00816800
v -0.87316100 1.35499600 0.00816800
v -0.87316100 1.35488700 0.00817800
v -0.87316100 1.35488700 0.00817800
v -0.87316100 1.35488700 0.00817800
v -0.87316100 1.35478200 0.00820600
v -0.87316100 1.35478200 0.00820600
v -0.87316100 1.35478200 0.00820600
v -0.87316100 1.35468300 0.00825200
v -0.87316100 1.35468300 0.00825200
v -0.87316100 1.35468300 0.00825200
v -0.87316100 1.35459300 0.00831500
v -0.87316100 1.35459300 0.00831500
v -0.87316100 1.35459300 0.00831500
v -0.87316100 1.35451600 0.00839200
v -0.87316100 1.35451600 0.00839200
v -0.87316100 1.35451600 0.00839200
v -0.87316100 1.35445300 0.00848200
v -0.87316100 1.35445300 0.00848200
v -0.87316100 1.35445300 0.00848200
v -0.87316100 1.35440700 0.00858100
v -0.87316100 1.35440700 0.00858100
v -0.87316100 1.35440700 0.00858100
v -0.87316100 1.35437900 0.00868600
v -0.87316100 1.35437900 0.00868600
v -0.87316100 1.35437900 0.00868600
v -0.87316100 1.35436900 0.00879500
v -0.87316100 1.35436900 0.00879500
v -0.87316100 1.35436900 0.00879500
v -0.87316100 1.35437900 0.00890400
v -0.87316100 1.35437900 0.00890400
v -0.87316100 1.35437900 0.00890400
v -0.87316100 1.35440700 0.00901000
v -0.87316100 1.35440700 0.00901000
v -0.87316100 1.35440700 0.00901000
v -0.87316100 1.35445300 0.00910900
v -0.87316100 1.35445300 0.00910900
v -0.87316100 1.35445300 0.00910900
v -0.87316100 1.35451600 0.00919900
v -0.87316100 1.35451600 0.00919900
v -0.87316100 1.35451600 0.00919900
v -0.87316100 1.35459300 0.00927600
v -0.87316100 1.35459300 0.00927600
v -0.87316100 1.35459300 0.00927600
v -0.87292800 1.35506500 0.00918300
v -0.87292800 1.35506500 0.00918300
v -0.87294500 1.35513700 0.00918200
v -0.87294500 1.35513700 0.00918200
v -0.87296300 1.35521100 0.00916700
v -0.87296300 1.35521100 0.00916700
v -0.87298000 1.35528300 0.00913700
v -0.87298000 1.35528300 0.00913700
v -0.87299800 1.35535200 0.00909300
v -0.87299800 1.35535200 0.00909300
v -0.87301500 1.35541300 0.00903600
v -0.87301500 1.35541300 0.00903600
v -0.87303300 1.35546500 0.00896600
v -0.87303300 1.35546500 0.00896600
v -0.87305000 1.35550400 0.00888500
v -0.87305000 1.35550400 0.00888500
v -0.87306700 1.35553000 0.00879500
v -0.87306700 1.35553000 0.00879500
v -0.87308500 1.35553900 0.00870000
v -0.87308500 1.35553900 0.00870000
v -0.87310200 1.35553000 0.00860100
v -0.87310200 1.35553000 0.00860100
v -0.87312000 1.35550300 0.00850300
v -0.87312000 1.35550300 0.00850300
v -0.87313700 1.35545800 0.00840800
v -0.87313700 1.35545800 0.00840800
v -0.87315500 1.35539500 0.00832000
v -0.87315500 1.35539500 0.00832000
v -0.87316100 1.35531000 0.00825200
v -0.87316100 1.35531000 0.00825200
v -0.87316100 1.35531000 0.00825200
v -0.87316100 1.35521100 0.00820600
v -0.87316100 1.35521100 0.00820600
v -0.87316100 1.35521100 0.00820600
v -0.87316100 1.35510500 0.00817800
v -0.87316100 1.35510500 0.00817800
v -0.87316100 1.35510500 0.00817800
v -0.87316100 1.35510500 0.00941300
v -0.87316100 1.35510500 0.00941300
v -0.87316100 1.35510500 0.00941300
v -0.87316100 1.35521100 0.00938500
v -0.87316100 1.35521100 0.00938500
v -0.87316100 1.35521100 0.00938500
v -0.87316100 1.35531000 0.00933900
v -0.87316100 1.35531000 0.00933900
v -0.87316100 1.35531000 0.00933900
v -0.87316100 1.35540000 0.00927600
v -0.87316100 1.35540000 0.00927600
v -0.87316100 1.35540000 0.00927600
v -0.87316100 1.35547700 0.00919900
v -0.87316100 1.35547700 0.00919900
v -0.87316100 1.35547700 0.00919900
v -0.87316100 1.35554000 0.00910900
v -0.87316100 1.35554000 0.00910900
v -0.87316100 1.35554000 0.00910900
v -0.87316100 1.35558600 0.00901000
v -0.87316100 1.35558600 0.00901000
v -0.87316100 1.35558600 0.00901000
v -0.87316100 1.35561400 0.00890400
v -0.87316100 1.35561400 0.00890400
v -0.87316100 1.35561400 0.00890400
v -0.87316100 1.35562400 0.00879500
v -0.87316100 1.35562400 0.00879500
v -0.87316100 1.35562400 0.00879500
v -0.87316100 1.35561400 0.00868600
v -0.87316100 1.35561400 0.00868600
v -0.87316100 1.35561400 0.00868600
v -0.87316100 1.35558600 0.00858100
v -0.87316100 1.35558600 0.00858100
v -0.87316100 1.35558600 0.00858100
v -0.87316100 1.35554000 0.00848200
v -0.87316100 1.35554000 0.00848200
v -0.87316100 1.35554000 0.00848200
v -0.87316100 1.35547700 0.00839200
v -0.87316100 1.35547700 0.00839200
v -0.87316100 1.35547700 0.00839200
v -0.87316100 1.35540000 0.00831500
v -0.87316100 1.35540000 0.00831500
v -0.87316100 1.35540000 0.00831500
v 0.85160400 1.36125500 -0.01547400
v 0.85160400 1.36125500 -0.01547400
v 0.85160400 1.36125500 -0.01547400
v 0.85160400 1.36125500 -0.01547400
v 0.85160400 1.36125500 -0.01547400
v 0.85160400 1.36125500 -0.01547400
v 0.85160400 1.36125500 -0.01547400
v 0.85160400 1.36125500 -0.01547400
v 0.85160400 1.36125500 -0.01547400
v 0.85160400 1.36125500 -0.01547400
v 0.85133600 1.36407900 -0.01600100
v 0.85133600 1.36407900 -0.01600100
v 0.85133600 1.36407900 -0.01600100
v 0.85133600 1.36125500 -0.01624800
v 0.85133600 1.36125500 -0.01624800
v 0.85133600 1.36125500 -0.01624800
v 0.85133600 1.36681700 -0.01526700
v 0.85133600 1.36681700 -0.01526700
v 0.85133600 1.36681700 -0.01526700
v 0.85133600 1.36938600 -0.01406900
v 0.85133600 1.36938600 -0.01406900
v 0.85133600 1.36938600 -0.01406900
v 0.85133600 1.36938600 -0.01406900
v 0.85160400 1.37466900 -0.00772900
v 0.85160400 1.37466900 -0.00772900
v 0.85160400 1.37466900 -0.00772900
v 0.85160400 1.37466900 -0.00772900
v 0.85160400 1.37466900 -0.00772900
v 0.85160400 1.37466900 -0.00772900
v 0.85160400 1.37466900 -0.00772900
v 0.85160400 1.37466900 -0.00772900
v 0.85160400 1.37466900 -0.00772900
v 0.85160400 1.37466900 -0.00772900
v 0.85133600 1.37170900 -0.01244300
v 0.85133600 1.37170900 -0.01244300
v 0.85133600 1.37170900 -0.01244300
v 0.85133600 1.37371300 -0.01043900
v 0.85133600 1.37371300 -0.01043900
v 0.85133600 1.37371300 -0.01043900
v 0.85133600 1.37533900 -0.00811700
v 0.85133600 1.37533900 -0.00811700
v 0.85133600 1.37533900 -0.00811700
v 0.85133600 1.37653700 -0.00554700
v 0.85133600 1.37653700 -0.00554700
v 0.85133600 1.37653700 -0.00554700
v 0.85133600 1.37727100 -0.00280900
v 0.85133600 1.37727100 -0.00280900
v 0.85133600 1.37727100 -0.00280900
v 0.85133600 1.37751800 0.00001500
v 0.85133600 1.37751800 0.00001500
v 0.85133600 1.37751800 0.00001500
v 0.85133600 1.37751800 0.00001500
v 0.85160400 1.37466900 0.00776000
v 0.85160400 1.37466900 0.00776000
v 0.85160400 1.37466900 0.00776000
v 0.85160400 1.37466900 0.00776000
v 0.85160400 1.37466900 0.00776000
v 0.85160400 1.37466900 0.00776000
v 0.85160400 1.37466900 0.00776000
v 0.85160400 1.37466900 0.00776000
v 0.85160400 1.37466900 0.00776000
v 0.85160400 1.37466900 0.00776000
v 0.85133600 1.37727100 0.00283900
v 0.85133600 1.37727100 0.00283900
v 0.85133600 1.37727100 0.00283900
v 0.85133600 1.37653700 0.00557800
v 0.85133600 1.37653700 0.00557800
v 0.85133600 1.37653700 0.00557800
v 0.85133600 1.37533900 0.00814700
v 0.85133600 1.37533900 0.00814700
v 0.85133600 1.37533900 0.00814700
v 0.85133600 1.37371300 0.01046900
v 0.85133600 1.37371300 0.01046900
v 0.85133600 1.37371300 0.01046900
v 0.85133600 1.37170900 0.01247400
v 0.85133600 1.37170900 0.01247400
v 0.85133600 1.37170900 0.01247400
v 0.85133600 1.36938600 0.01410000
v 0.85133600 1.36938600 0.01410000
v 0.85133600 1.36938600 0.01410000
v 0.85133600 1.36938600 0.01410000
v 0.85160400 1.36125500 0.01550400
v 0.85160400 1.36125500 0.01550400
v 0.85160400 1.36125500 0.01550400
v 0.85160400 1.36125500 0.01550400
v 0.85160400 1.36125500 0.01550400
v 0.85160400 1.36125500 0.01550400
v 0.85160400 1.36125500 0.01550400
v 0.85160400 1.36125500 0.01550400
v 0.85160400 1.36125500 0.01550400
v 0.85160400 1.36125500 0.01550400
v 0.85133600 1.36681700 0.01529800
v 0.85133600 1.36681700 0.01529800
v 0.85133600 1.36681700 0.01529800
v 0.85133600 1.36407900 0.01603100
v 0.85133600 1.36407900 0.01603100
v 0.85133600 1.36407900 0.01603100
v 0.85133600 1.36125500 0.01627800
v 0.85133600 1.36125500 0.01627800
v 0.85133600 1.36125500 0.01627800
v 0.85892700 1.36125500 -0.01547400
v 0.85892700 1.36125500 -0.01547400
v 0.85892700 1.36125500 -0.01547400
v 0.85892700 1.37466900 -0.00772900
v 0.85892700 1.37466900 -0.00772900
v 0.85892700 1.37466900 -0.00772900
v 0.85892700 1.37466900 0.00776000
v 0.85892700 1.37466900 0.00776000
v 0.85892700 1.37466900 0.00776000
v 0.85892700 1.36125500 0.01550400
v 0.85892700 1.36125500 0.01550400
v 0.85892700 1.36125500 0.01550400
v 0.85133600 1.35843100 -0.01600100
v 0.85133600 1.35843100 -0.01600100
v 0.85133600 1.35843100 -0.01600100
v 0.85133600 1.35569200 -0.01526700
v 0.85133600 1.35569200 -0.01526700
v 0.85133600 1.35569200 -0.01526700
v 0.85133600 1.35312300 -0.01406900
v 0.85133600 1.35312300 -0.01406900
v 0.85133600 1.35312300 -0.01406900
v 0.85133600 1.35312300 -0.01406900
v 0.85160400 1.34784100 -0.00772900
v 0.85160400 1.34784100 -0.00772900
v 0.85160400 1.34784100 -0.00772900
v 0.85160400 1.34784100 -0.00772900
v 0.85160400 1.34784100 -0.00772900
v 0.85160400 1.34784100 -0.00772900
v 0.85160400 1.34784100 -0.00772900
v 0.85160400 1.34784100 -0.00772900
v 0.85160400 1.34784100 -0.00772900
v 0.85160400 1.34784100 -0.00772900
v 0.85133600 1.35080100 -0.01244300
v 0.85133600 1.35080100 -0.01244300
v 0.85133600 1.35080100 -0.01244300
v 0.85133600 1.34879600 -0.01043900
v 0.85133600 1.34879600 -0.01043900
v 0.85133600 1.34879600 -0.01043900
v 0.85133600 1.34717000 -0.00811700
v 0.85133600 1.34717000 -0.00811700
v 0.85133600 1.34717000 -0.00811700
v 0.85133600 1.34597200 -0.00554700
v 0.85133600 1.34597200 -0.00554700
v 0.85133600 1.34597200 -0.00554700
v 0.85133600 1.34523900 -0.00280900
v 0.85133600 1.34523900 -0.00280900
v 0.85133600 1.34523900 -0.00280900
v 0.85133600 1.34499100 0.00001500
v 0.85133600 1.34499100 0.00001500
v 0.85133600 1.34499100 0.00001500
v 0.85133600 1.34499100 0.00001500
v 0.85160400 1.34784100 0.00776000
v 0.85160400 1.34784100 0.00776000
v 0.85160400 1.34784100 0.00776000
v 0.85160400 1.34784100 0.00776000
v 0.85160400 1.34784100 0.00776000
v 0.85160400 1.34784100 0.00776000
v 0.85160400 1.34784100 0.00776000
v 0.85160400 1.34784100 0.00776000
v 0.85160400 1.34784100 0.00776000
v 0.85160400 1.34784100 0.00776000
v 0.85133600 1.34523900 0.00283900
v 0.85133600 1.34523900 0.00283900
v 0.85133600 1.34523900 0.00283900
v 0.85133600 1.34597200 0.00557800
v 0.85133600 1.34597200 0.00557800
v 0.85133600 1.34597200 0.00557800
v 0.85133600 1.34717000 0.00814700
v 0.85133600 1.34717000 0.00814700
v 0.85133600 1.34717000 0.00814700
v 0.85133600 1.34879600 0.01046900
v 0.85133600 1.34879600 0.01046900
v 0.85133600 1.34879600 0.01046900
v 0.85133600 1.35080100 0.01247400
v 0.85133600 1.35080100 0.01247400
v 0.85133600 1.35080100 0.01247400
v 0.85133600 1.35312300 0.01410000
v 0.85133600 1.35312300 0.01410000
v 0.85133600 1.35312300 0.01410000
v 0.85133600 1.35312300 0.01410000
v 0.85133600 1.35569200 0.01529800
v 0.85133600 1.35569200 0.01529800
v 0.85133600 1.35569200 0.01529800
v 0.85133600 1.35843100 0.01603100
v 0.85133600 1.35843100 0.01603100
v 0.85133600 1.35843100 0.01603100
v 0.85892700 1.34784100 -0.00772900
v 0.85892700 1.34784100 -0.00772900
v 0.85892700 1.34784100 -0.00772900
v 0.85892700 1.34784100 0.00776000
v 0.85892700 1.34784100 0.00776000
v 0.85892700 1.34784100 0.00776000
v 0.85133600 1.36508300 -0.02169600
v 0.85133600 1.36508300 -0.02169600
v 0.85133600 1.36508300 -0.02169600
v 0.85133600 1.36125500 -0.02203100
v 0.85133600 1.36125500 -0.02203100
v 0.85133600 1.36125500 -0.02203100
v 0.85133600 1.36879500 -0.02070100
v 0.85133600 1.36879500 -0.02070100
v 0.85133600 1.36879500 -0.02070100
v 0.85133600 1.37227800 -0.01907700
v 0.85133600 1.37227800 -0.01907700
v 0.85133600 1.37227800 -0.01907700
v 0.85181600 1.36516700 -0.02216900
v 0.85181600 1.36516700 -0.02216900
v 0.85181600 1.36516700 -0.02216900
v 0.85147400 1.36125500 -0.02216900
v 0.85147400 1.36125500 -0.02216900
v 0.85147400 1.36125500 -0.02216900
v 0.85289800 1.36932900 -0.02216900
v 0.85289800 1.36932900 -0.02216900
v 0.85289800 1.36932900 -0.02216900
v 0.85490600 1.37406300 -0.02216900
v 0.85490600 1.37406300 -0.02216900
v 0.85490600 1.37406300 -0.02216900
v 0.85490600 1.37406300 -0.02216900
v 0.85490600 1.36516700 -0.02216900
v 0.85490600 1.36125500 -0.02216900
v 0.85490600 1.36932900 -0.02216900
v 0.86262900 1.36516700 -0.02216900
v 0.86262900 1.36516700 -0.02216900
v 0.86262900 1.36125500 -0.02216900
v 0.86262900 1.36125500 -0.02216900
v 0.86262900 1.36125500 -0.02216900
v 0.86262900 1.36125500 -0.02216900
v 0.86262900 1.36932900 -0.02216900
v 0.86262900 1.36932900 -0.02216900
v 0.86262900 1.37406300 -0.02216900
v 0.86262900 1.37406300 -0.02216900
v 0.86262900 1.37406300 -0.02216900
v 0.86262900 1.36510700 -0.02183200
v 0.86262900 1.36510700 -0.02183200
v 0.86262900 1.36510700 -0.02183200
v 0.86262900 1.36884200 -0.02083100
v 0.86262900 1.36884200 -0.02083100
v 0.86262900 1.36884200 -0.02083100
v 0.86262900 1.37234700 -0.01919700
v 0.86262900 1.37234700 -0.01919700
v 0.86262900 1.37234700 -0.01919700
v 0.86276800 1.36510700 -0.02183200
v 0.86276800 1.36510700 -0.02183200
v 0.86276800 1.36510700 -0.02183200
v 0.86276800 1.36125500 -0.02216900
v 0.86276800 1.36125500 -0.02216900
v 0.86276800 1.36125500 -0.02216900
v 0.86276800 1.36884200 -0.02083100
v 0.86276800 1.36884200 -0.02083100
v 0.86276800 1.36884200 -0.02083100
v 0.86276800 1.37234700 -0.01919700
v 0.86276800 1.37234700 -0.01919700
v 0.86276800 1.37234700 -0.01919700
v 0.86276800 1.36652000 -0.02984400
v 0.86276800 1.36652000 -0.02984400
v 0.86276800 1.36652000 -0.02984400
v 0.86276800 1.36125500 -0.03030500
v 0.86276800 1.36125500 -0.03030500
v 0.86276800 1.36125500 -0.03030500
v 0.86276800 1.37162500 -0.02847600
v 0.86276800 1.37162500 -0.02847600
v 0.86276800 1.37162500 -0.02847600
v 0.86276800 1.37641500 -0.02624200
v 0.86276800 1.37641500 -0.02624200
v 0.86276800 1.37641500 -0.02624200
v 0.86290700 1.36649600 -0.02970700
v 0.86290700 1.36649600 -0.02970700
v 0.86290700 1.36649600 -0.02970700
v 0.86290700 1.36649600 -0.02970700
v 0.86290700 1.36125500 -0.03016600
v 0.86290700 1.36125500 -0.03016600
v 0.86290700 1.36125500 -0.03016600
v 0.86290700 1.36125500 -0.03016600
v 0.86290700 1.37157700 -0.02834600
v 0.86290700 1.37157700 -0.02834600
v 0.86290700 1.37157700 -0.02834600
v 0.86290700 1.37157700 -0.02834600
v 0.86290700 1.37634500 -0.02612200
v 0.86290700 1.37634500 -0.02612200
v 0.86290700 1.37634500 -0.02612200
v 0.86290700 1.37634500 -0.02612200
v 0.85133600 1.35742700 -0.02169600
v 0.85133600 1.35742700 -0.02169600
v 0.85133600 1.35742700 -0.02169600
v 0.85133600 1.35371500 -0.02070100
v 0.85133600 1.35371500 -0.02070100
v 0.85133600 1.35371500 -0.02070100
v 0.85133600 1.35023200 -0.01907700
v 0.85133600 1.35023200 -0.01907700
v 0.85133600 1.35023200 -0.01907700
v 0.85181600 1.35734300 -0.02216900
v 0.85181600 1.35734300 -0.02216900
v 0.85181600 1.35734300 -0.02216900
v 0.85289800 1.35318000 -0.02216900
v 0.85289800 1.35318000 -0.02216900
v 0.85289800 1.35318000 -0.02216900
v 0.85490600 1.34844700 -0.02216900
v 0.85490600 1.34844700 -0.02216900
v 0.85490600 1.34844700 -0.02216900
v 0.85490600 1.34844700 -0.02216900
v 0.85490600 1.35734300 -0.02216900
v 0.85490600 1.35318000 -0.02216900
v 0.86262900 1.35734300 -0.02216900
v 0.86262900 1.35734300 -0.02216900
v 0.86262900 1.35318000 -0.02216900
v 0.86262900 1.35318000 -0.02216900
v 0.86262900 1.34844700 -0.02216900
v 0.86262900 1.34844700 -0.02216900
v 0.86262900 1.34844700 -0.02216900
v 0.86262900 1.35740300 -0.02183200
v 0.86262900 1.35740300 -0.02183200
v 0.86262900 1.35740300 -0.02183200
v 0.86262900 1.35366700 -0.02083100
v 0.86262900 1.35366700 -0.02083100
v 0.86262900 1.35366700 -0.02083100
v 0.86262900 1.35016300 -0.01919700
v 0.86262900 1.35016300 -0.01919700
v 0.86262900 1.35016300 -0.01919700
v 0.86276800 1.35740300 -0.02183200
v 0.86276800 1.35740300 -0.02183200
v 0.86276800 1.35740300 -0.02183200
v 0.86276800 1.35366700 -0.02083100
v 0.86276800 1.35366700 -0.02083100
v 0.86276800 1.35366700 -0.02083100
v 0.86276800 1.35016300 -0.01919700
v 0.86276800 1.35016300 -0.01919700
v 0.86276800 1.35016300 -0.01919700
v 0.86276800 1.35599000 -0.02984400
v 0.86276800 1.35599000 -0.02984400
v 0.86276800 1.35599000 -0.02984400
v 0.86276800 1.35088500 -0.02847600
v 0.86276800 1.35088500 -0.02847600
v 0.86276800 1.35088500 -0.02847600
v 0.86276800 1.34609500 -0.02624200
v 0.86276800 1.34609500 -0.02624200
v 0.86276800 1.34609500 -0.02624200
v 0.86290700 1.35601400 -0.02970700
v 0.86290700 1.35601400 -0.02970700
v 0.86290700 1.35601400 -0.02970700
v 0.86290700 1.35601400 -0.02970700
v 0.86290700 1.35093200 -0.02834600
v 0.86290700 1.35093200 -0.02834600
v 0.86290700 1.35093200 -0.02834600
v 0.86290700 1.35093200 -0.02834600
v 0.86290700 1.34616400 -0.02612200
v 0.86290700 1.34616400 -0.02612200
v 0.86290700 1.34616400 -0.02612200
v 0.86290700 1.34616400 -0.02612200
v 0.85133600 1.34436700 -0.01415600
v 0.85133600 1.34436700 -0.01415600
v 0.85133600 1.34436700 -0.01415600
v 0.85133600 1.34216300 -0.01100800
v 0.85133600 1.34216300 -0.01100800
v 0.85133600 1.34216300 -0.01100800
v 0.85133600 1.34708400 -0.01687300
v 0.85133600 1.34708400 -0.01687300
v 0.85133600 1.34708400 -0.01687300
v 0.85181600 1.34399800 -0.01446500
v 0.85181600 1.34399800 -0.01446500
v 0.85181600 1.34399800 -0.01446500
v 0.85147400 1.34204300 -0.01107700
v 0.85147400 1.34204300 -0.01107700
v 0.85147400 1.34204300 -0.01107700
v 0.85289800 1.34608000 -0.01807000
v 0.85289800 1.34608000 -0.01807000
v 0.85289800 1.34608000 -0.01807000
v 0.85490600 1.34399800 -0.01446500
v 0.85490600 1.34204300 -0.01107700
v 0.85490600 1.34608000 -0.01807000
v 0.86262900 1.34399800 -0.01446500
v 0.86262900 1.34399800 -0.01446500
v 0.86262900 1.34204300 -0.01107700
v 0.86262900 1.34204300 -0.01107700
v 0.86262900 1.34204300 -0.01107700
v 0.86262900 1.34204300 -0.01107700
v 0.86262900 1.34608000 -0.01807000
v 0.86262900 1.34608000 -0.01807000
v 0.86262900 1.34426100 -0.01424500
v 0.86262900 1.34426100 -0.01424500
v 0.86262900 1.34426100 -0.01424500
v 0.86262900 1.34699500 -0.01697900
v 0.86262900 1.34699500 -0.01697900
v 0.86262900 1.34699500 -0.01697900
v 0.86276800 1.34426100 -0.01424500
v 0.86276800 1.34426100 -0.01424500
v 0.86276800 1.34426100 -0.01424500
v 0.86276800 1.34204300 -0.01107700
v 0.86276800 1.34204300 -0.01107700
v 0.86276800 1.34204300 -0.01107700
v 0.86276800 1.34699500 -0.01697900
v 0.86276800 1.34699500 -0.01697900
v 0.86276800 1.34699500 -0.01697900
v 0.86276800 1.33802900 -0.01947400
v 0.86276800 1.33802900 -0.01947400
v 0.86276800 1.33802900 -0.01947400
v 0.86276800 1.33499700 -0.01514500
v 0.86276800 1.33499700 -0.01514500
v 0.86276800 1.33499700 -0.01514500
v 0.86276800 1.34176600 -0.02321100
v 0.86276800 1.34176600 -0.02321100
v 0.86276800 1.34176600 -0.02321100
v 0.86290700 1.33813500 -0.01938500
v 0.86290700 1.33813500 -0.01938500
v 0.86290700 1.33813500 -0.01938500
v 0.86290700 1.33813500 -0.01938500
v 0.86290700 1.33511700 -0.01507500
v 0.86290700 1.33511700 -0.01507500
v 0.86290700 1.33511700 -0.01507500
v 0.86290700 1.33511700 -0.01507500
v 0.86290700 1.34185500 -0.02310500
v 0.86290700 1.34185500 -0.02310500
v 0.86290700 1.34185500 -0.02310500
v 0.86290700 1.34185500 -0.02310500
v 0.85133600 1.34053900 -0.00752500
v 0.85133600 1.34053900 -0.00752500
v 0.85133600 1.34053900 -0.00752500
v 0.85133600 1.33954400 -0.00381300
v 0.85133600 1.33954400 -0.00381300
v 0.85133600 1.33954400 -0.00381300
v 0.85133600 1.33920900 0.00001500
v 0.85133600 1.33920900 0.00001500
v 0.85133600 1.33920900 0.00001500
v 0.85181600 1.34008700 -0.00768900
v 0.85181600 1.34008700 -0.00768900
v 0.85181600 1.34008700 -0.00768900
v 0.85289800 1.33800500 -0.00408400
v 0.85289800 1.33800500 -0.00408400
v 0.85289800 1.33800500 -0.00408400
v 0.85490600 1.33563900 0.00001500
v 0.85490600 1.33563900 0.00001500
v 0.85490600 1.33563900 0.00001500
v 0.85490600 1.33563900 0.00001500
v 0.85490600 1.34008700 -0.00768900
v 0.85490600 1.33800500 -0.00408400
v 0.86262900 1.34008700 -0.00768900
v 0.86262900 1.34008700 -0.00768900
v 0.86262900 1.33800500 -0.00408400
v 0.86262900 1.33800500 -0.00408400
v 0.86262900 1.33563900 0.00001500
v 0.86262900 1.33563900 0.00001500
v 0.86262900 1.33563900 0.00001500
v 0.86262900 1.34040800 -0.00757200
v 0.86262900 1.34040800 -0.00757200
v 0.86262900 1.34040800 -0.00757200
v 0.86262900 1.33940800 -0.00383700
v 0.86262900 1.33940800 -0.00383700
v 0.86262900 1.33940800 -0.00383700
v 0.86262900 1.33907000 0.00001500
v 0.86262900 1.33907000 0.00001500
v 0.86262900 1.33907000 0.00001500
v 0.86276800 1.34040800 -0.00757200
v 0.86276800 1.34040800 -0.00757200
v 0.86276800 1.34040800 -0.00757200
v 0.86276800 1.33940800 -0.00383700
v 0.86276800 1.33940800 -0.00383700
v 0.86276800 1.33940800 -0.00383700
v 0.86276800 1.33907000 0.00001500
v 0.86276800 1.33907000 0.00001500
v 0.86276800 1.33907000 0.00001500
v 0.86276800 1.33276400 -0.01035500
v 0.86276800 1.33276400 -0.01035500
v 0.86276800 1.33276400 -0.01035500
v 0.86276800 1.33139600 -0.00525000
v 0.86276800 1.33139600 -0.00525000
v 0.86276800 1.33139600 -0.00525000
v 0.86276800 1.33093500 0.00001500
v 0.86276800 1.33093500 0.00001500
v 0.86276800 1.33093500 0.00001500
v 0.86290700 1.33289400 -0.01030700
v 0.86290700 1.33289400 -0.01030700
v 0.86290700 1.33289400 -0.01030700
v 0.86290700 1.33289400 -0.01030700
v 0.86290700 1.33153200 -0.00522600
v 0.86290700 1.33153200 -0.00522600
v 0.86290700 1.33153200 -0.00522600
v 0.86290700 1.33153200 -0.00522600
v 0.86290700 1.33107400 0.00001500
v 0.86290700 1.33107400 0.00001500
v 0.86290700 1.33107400 0.00001500
v 0.86290700 1.33107400 0.00001500
v 0.85133600 1.34053900 0.00755500
v 0.85133600 1.34053900 0.00755500
v 0.85133600 1.34053900 0.00755500
v 0.85133600 1.34216300 0.01103800
v 0.85133600 1.34216300 0.01103800
v 0.85133600 1.34216300 0.01103800
v 0.85133600 1.33954400 0.00384300
v 0.85133600 1.33954400 0.00384300
v 0.85133600 1.33954400 0.00384300
v 0.85181600 1.34008700 0.00772000
v 0.85181600 1.34008700 0.00772000
v 0.85181600 1.34008700 0.00772000
v 0.85147400 1.34204300 0.01110700
v 0.85147400 1.34204300 0.01110700
v 0.85147400 1.34204300 0.01110700
v 0.85289800 1.33800500 0.00411500
v 0.85289800 1.33800500 0.00411500
v 0.85289800 1.33800500 0.00411500
v 0.85490600 1.34008700 0.00772000
v 0.85490600 1.34204300 0.01110700
v 0.85490600 1.33800500 0.00411500
v 0.86262900 1.34008700 0.00772000
v 0.86262900 1.34008700 0.00772000
v 0.86262900 1.34204300 0.01110700
v 0.86262900 1.34204300 0.01110700
v 0.86262900 1.34204300 0.01110700
v 0.86262900 1.34204300 0.01110700
v 0.86262900 1.33800500 0.00411500
v 0.86262900 1.33800500 0.00411500
v 0.86262900 1.34040800 0.00760300
v 0.86262900 1.34040800 0.00760300
v 0.86262900 1.34040800 0.00760300
v 0.86262900 1.33940800 0.00386700
v 0.86262900 1.33940800 0.00386700
v 0.86262900 1.33940800 0.00386700
v 0.86276800 1.34040800 0.00760300
v 0.86276800 1.34040800 0.00760300
v 0.86276800 1.34040800 0.00760300
v 0.86276800 1.34204300 0.01110700
v 0.86276800 1.34204300 0.01110700
v 0.86276800 1.34204300 0.01110700
v 0.86276800 1.33940800 0.00386700
v 0.86276800 1.33940800 0.00386700
v 0.86276800 1.33940800 0.00386700
v 0.86276800 1.33276400 0.01038500
v 0.86276800 1.33276400 0.01038500
v 0.86276800 1.33276400 0.01038500
v 0.86276800 1.33499700 0.01517500
v 0.86276800 1.33499700 0.01517500
v 0.86276800 1.33499700 0.01517500
v 0.86276800 1.33139600 0.00528000
v 0.86276800 1.33139600 0.00528000
v 0.86276800 1.33139600 0.00528000
v 0.86290700 1.33289400 0.01033800
v 0.86290700 1.33289400 0.01033800
v 0.86290700 1.33289400 0.01033800
v 0.86290700 1.33289400 0.01033800
v 0.86290700 1.33511700 0.01510600
v 0.86290700 1.33511700 0.01510600
v 0.86290700 1.33511700 0.01510600
v 0.86290700 1.33511700 0.01510600
v 0.86290700 1.33153200 0.00525600
v 0.86290700 1.33153200 0.00525600
v 0.86290700 1.33153200 0.00525600
v 0.86290700 1.33153200 0.00525600
v 0.85133600 1.34436700 0.01418600
v 0.85133600 1.34436700 0.01418600
v 0.85133600 1.34436700 0.01418600
v 0.85133600 1.34708400 0.01690300
v 0.85133600 1.34708400 0.01690300
v 0.85133600 1.34708400 0.01690300
v 0.85133600 1.35023200 0.01910700
v 0.85133600 1.35023200 0.01910700
v 0.85133600 1.35023200 0.01910700
v 0.85181600 1.34399800 0.01449500
v 0.85181600 1.34399800 0.01449500
v 0.85181600 1.34399800 0.01449500
v 0.85289800 1.34608000 0.01810000
v 0.85289800 1.34608000 0.01810000
v 0.85289800 1.34608000 0.01810000
v 0.85490600 1.34844700 0.02219900
v 0.85490600 1.34844700 0.02219900
v 0.85490600 1.34844700 0.02219900
v 0.85490600 1.34844700 0.02219900
v 0.85490600 1.34399800 0.01449500
v 0.85490600 1.34608000 0.01810000
v 0.86262900 1.34399800 0.01449500
v 0.86262900 1.34399800 0.01449500
v 0.86262900 1.34608000 0.01810000
v 0.86262900 1.34608000 0.01810000
v 0.86262900 1.34844700 0.02219900
v 0.86262900 1.34844700 0.02219900
v 0.86262900 1.34844700 0.02219900
v 0.86262900 1.34426100 0.01427500
v 0.86262900 1.34426100 0.01427500
v 0.86262900 1.34426100 0.01427500
v 0.86262900 1.34699500 0.01700900
v 0.86262900 1.34699500 0.01700900
v 0.86262900 1.34699500 0.01700900
v 0.86262900 1.35016300 0.01922700
v 0.86262900 1.35016300 0.01922700
v 0.86262900 1.35016300 0.01922700
v 0.86276800 1.34426100 0.01427500
v 0.86276800 1.34426100 0.01427500
v 0.86276800 1.34426100 0.01427500
v 0.86276800 1.34699500 0.01700900
v 0.86276800 1.34699500 0.01700900
v 0.86276800 1.34699500 0.01700900
v 0.86276800 1.35016300 0.01922700
v 0.86276800 1.35016300 0.01922700
v 0.86276800 1.35016300 0.01922700
v 0.86276800 1.33802900 0.01950400
v 0.86276800 1.33802900 0.01950400
v 0.86276800 1.33802900 0.01950400
v 0.86276800 1.34176600 0.02324100
v 0.86276800 1.34176600 0.02324100
v 0.86276800 1.34176600 0.02324100
v 0.86276800 1.34609500 0.02627300
v 0.86276800 1.34609500 0.02627300
v 0.86276800 1.34609500 0.02627300
v 0.86290700 1.33813500 0.01941500
v 0.86290700 1.33813500 0.01941500
v 0.86290700 1.33813500 0.01941500
v 0.86290700 1.33813500 0.01941500
v 0.86290700 1.34185500 0.02313500
v 0.86290700 1.34185500 0.02313500
v 0.86290700 1.34185500 0.02313500
v 0.86290700 1.34185500 0.02313500
v 0.86290700 1.34616400 0.02615300
v 0.86290700 1.34616400 0.02615300
v 0.86290700 1.34616400 0.02615300
v 0.86290700 1.34616400 0.02615300
v 0.85133600 1.35742700 0.02172600
v 0.85133600 1.35742700 0.02172600
v 0.85133600 1.35742700 0.02172600
v 0.85133600 1.36125500 0.02206100
v 0.85133600 1.36125500 0.02206100
v 0.85133600 1.36125500 0.02206100
v 0.85133600 1.35371500 0.02073100
v 0.85133600 1.35371500 0.02073100
v 0.85133600 1.35371500 0.02073100
v 0.85181600 1.35734300 0.02219900
v 0.85181600 1.35734300 0.02219900
v 0.85181600 1.35734300 0.02219900
v 0.85147400 1.36125500 0.02219900
v 0.85147400 1.36125500 0.02219900
v 0.85147400 1.36125500 0.02219900
v 0.85289800 1.35318000 0.02219900
v 0.85289800 1.35318000 0.02219900
v 0.85289800 1.35318000 0.02219900
v 0.85490600 1.35734300 0.02219900
v 0.85490600 1.36125500 0.02219900
v 0.85490600 1.35318000 0.02219900
v 0.86262900 1.35734300 0.02219900
v 0.86262900 1.35734300 0.02219900
v 0.86262900 1.36125500 0.02219900
v 0.86262900 1.36125500 0.02219900
v 0.86262900 1.36125500 0.02219900
v 0.86262900 1.36125500 0.02219900
v 0.86262900 1.35318000 0.02219900
v 0.86262900 1.35318000 0.02219900
v 0.86262900 1.35740300 0.02186200
v 0.86262900 1.35740300 0.02186200
v 0.86262900 1.35740300 0.02186200
v 0.86262900 1.35366700 0.02086200
v 0.86262900 1.35366700 0.02086200
v 0.86262900 1.35366700 0.02086200
v 0.86276800 1.35740300 0.02186200
v 0.86276800 1.35740300 0.02186200
v 0.86276800 1.35740300 0.02186200
v 0.86276800 1.36125500 0.02219900
v 0.86276800 1.36125500 0.02219900
v 0.86276800 1.36125500 0.02219900
v 0.86276800 1.35366700 0.02086200
v 0.86276800 1.35366700 0.02086200
v 0.86276800 1.35366700 0.02086200
v 0.86276800 1.35599000 0.02987400
v 0.86276800 1.35599000 0.02987400
v 0.86276800 1.35599000 0.02987400
v 0.86276800 1.36125500 0.03033500
v 0.86276800 1.36125500 0.03033500
v 0.86276800 1.36125500 0.03033500
v 0.86276800 1.35088500 0.02850600
v 0.86276800 1.35088500 0.02850600
v 0.86276800 1.35088500 0.02850600
v 0.86290700 1.35601400 0.02973800
v 0.86290700 1.35601400 0.02973800
v 0.86290700 1.35601400 0.02973800
v 0.86290700 1.35601400 0.02973800
v 0.86290700 1.36125500 0.03019600
v 0.86290700 1.36125500 0.03019600
v 0.86290700 1.36125500 0.03019600
v 0.86290700 1.36125500 0.03019600
v 0.86290700 1.35093200 0.02837600
v 0.86290700 1.35093200 0.02837600
v 0.86290700 1.35093200 0.02837600
v 0.86290700 1.35093200 0.02837600
v 0.85133600 1.36508300 0.02172600
v 0.85133600 1.36508300 0.02172600
v 0.85133600 1.36508300 0.02172600
v 0.85133600 1.36879500 0.02073100
v 0.85133600 1.36879500 0.02073100
v 0.85133600 1.36879500 0.02073100
v 0.85133600 1.37227800 0.01910700
v 0.85133600 1.37227800 0.01910700
v 0.85133600 1.37227800 0.01910700
v 0.85181600 1.36516700 0.02219900
v 0.85181600 1.36516700 0.02219900
v 0.85181600 1.36516700 0.02219900
v 0.85289800 1.36932900 0.02219900
v 0.85289800 1.36932900 0.02219900
v 0.85289800 1.36932900 0.02219900
v 0.85490600 1.37406300 0.02219900
v 0.85490600 1.37406300 0.02219900
v 0.85490600 1.37406300 0.02219900
v 0.85490600 1.37406300 0.02219900
v 0.85490600 1.36516700 0.02219900
v 0.85490600 1.36932900 0.02219900
v 0.86262900 1.36516700 0.02219900
v 0.86262900 1.36516700 0.02219900
v 0.86262900 1.36932900 0.02219900
v 0.86262900 1.36932900 0.02219900
v 0.86262900 1.37406300 0.02219900
v 0.86262900 1.37406300 0.02219900
v 0.86262900 1.37406300 0.02219900
v 0.86262900 1.36510700 0.02186200
v 0.86262900 1.36510700 0.02186200
v 0.86262900 1.36510700 0.02186200
v 0.86262900 1.36884200 0.02086200
v 0.86262900 1.36884200 0.02086200
v 0.86262900 1.36884200 0.02086200
v 0.86262900 1.37234700 0.01922700
v 0.86262900 1.37234700 0.01922700
v 0.86262900 1.37234700 0.01922700
v 0.86276800 1.36510700 0.02186200
v 0.86276800 1.36510700 0.02186200
v 0.86276800 1.36510700 0.02186200
v 0.86276800 1.36884200 0.02086200
v 0.86276800 1.36884200 0.02086200
v 0.86276800 1.36884200 0.02086200
v 0.86276800 1.37234700 0.01922700
v 0.86276800 1.37234700 0.01922700
v 0.86276800 1.37234700 0.01922700
v 0.86276800 1.36652000 0.02987400
v 0.86276800 1.36652000 0.02987400
v 0.86276800 1.36652000 0.02987400
v 0.86276800 1.37162500 0.02850600
v 0.86276800 1.37162500 0.02850600
v 0.86276800 1.37162500 0.02850600
v 0.86276800 1.37641500 0.02627300
v 0.86276800 1.37641500 0.02627300
v 0.86276800 1.37641500 0.02627300
v 0.86290700 1.36649600 0.02973800
v 0.86290700 1.36649600 0.02973800
v 0.86290700 1.36649600 0.02973800
v 0.86290700 1.36649600 0.02973800
v 0.86290700 1.37157700 0.02837600
v 0.86290700 1.37157700 0.02837600
v 0.86290700 1.37157700 0.02837600
v 0.86290700 1.37157700 0.02837600
v 0.86290700 1.37634500 0.02615300
v 0.86290700 1.37634500 0.02615300
v 0.86290700 1.37634500 0.02615300
v 0.86290700 1.37634500 0.02615300
v 0.85133600 1.37814300 0.01418600
v 0.85133600 1.37814300 0.01418600
v 0.85133600 1.37814300 0.01418600
v 0.85133600 1.38034700 0.01103800
v 0.85133600 1.38034700 0.01103800
v 0.85133600 1.38034700 0.01103800
v 0.85133600 1.37542500 0.01690300
v 0.85133600 1.37542500 0.01690300
v 0.85133600 1.37542500 0.01690300
v 0.85181600 1.37851100 0.01449500
v 0.85181600 1.37851100 0.01449500
v 0.85181600 1.37851100 0.01449500
v 0.85147400 1.38046700 0.01110700
v 0.85147400 1.38046700 0.01110700
v 0.85147400 1.38046700 0.01110700
v 0.85289800 1.37643000 0.01810000
v 0.85289800 1.37643000 0.01810000
v 0.85289800 1.37643000 0.01810000
v 0.85490600 1.37851100 0.01449500
v 0.85490600 1.38046700 0.01110700
v 0.85490600 1.37643000 0.01810000
v 0.86262900 1.37851100 0.01449500
v 0.86262900 1.37851100 0.01449500
v 0.86262900 1.38046700 0.01110700
v 0.86262900 1.38046700 0.01110700
v 0.86262900 1.38046700 0.01110700
v 0.86262900 1.38046700 0.01110700
v 0.86262900 1.37643000 0.01810000
v 0.86262900 1.37643000 0.01810000
v 0.86262900 1.37824900 0.01427500
v 0.86262900 1.37824900 0.01427500
v 0.86262900 1.37824900 0.01427500
v 0.86262900 1.37551500 0.01700900
v 0.86262900 1.37551500 0.01700900
v 0.86262900 1.37551500 0.01700900
v 0.86276800 1.37824900 0.01427500
v 0.86276800 1.37824900 0.01427500
v 0.86276800 1.37824900 0.01427500
v 0.86276800 1.38046700 0.01110700
v 0.86276800 1.38046700 0.01110700
v 0.86276800 1.38046700 0.01110700
v 0.86276800 1.37551500 0.01700900
v 0.86276800 1.37551500 0.01700900
v 0.86276800 1.37551500 0.01700900
v 0.86276800 1.38448100 0.01950400
v 0.86276800 1.38448100 0.01950400
v 0.86276800 1.38448100 0.01950400
v 0.86276800 1.38751200 0.01517500
v 0.86276800 1.38751200 0.01517500
v 0.86276800 1.38751200 0.01517500
v 0.86276800 1.38074400 0.02324100
v 0.86276800 1.38074400 0.02324100
v 0.86276800 1.38074400 0.02324100
v 0.86290700 1.38437500 0.01941500
v 0.86290700 1.38437500 0.01941500
v 0.86290700 1.38437500 0.01941500
v 0.86290700 1.38437500 0.01941500
v 0.86290700 1.38739200 0.01510600
v 0.86290700 1.38739200 0.01510600
v 0.86290700 1.38739200 0.01510600
v 0.86290700 1.38739200 0.01510600
v 0.86290700 1.38065500 0.02313500
v 0.86290700 1.38065500 0.02313500
v 0.86290700 1.38065500 0.02313500
v 0.86290700 1.38065500 0.02313500
v 0.85133600 1.38197100 0.00755500
v 0.85133600 1.38197100 0.00755500
v 0.85133600 1.38197100 0.00755500
v 0.85133600 1.38296600 0.00384300
v 0.85133600 1.38296600 0.00384300
v 0.85133600 1.38296600 0.00384300
v 0.85133600 1.38330100 0.00001500
v 0.85133600 1.38330100 0.00001500
v 0.85133600 1.38330100 0.00001500
v 0.85181600 1.38242300 0.00772000
v 0.85181600 1.38242300 0.00772000
v 0.85181600 1.38242300 0.00772000
v 0.85289800 1.38450400 0.00411500
v 0.85289800 1.38450400 0.00411500
v 0.85289800 1.38450400 0.00411500
v 0.85490600 1.38687100 0.00001500
v 0.85490600 1.38687100 0.00001500
v 0.85490600 1.38687100 0.00001500
v 0.85490600 1.38687100 0.00001500
v 0.85490600 1.38242300 0.00772000
v 0.85490600 1.38450400 0.00411500
v 0.86262900 1.38242300 0.00772000
v 0.86262900 1.38242300 0.00772000
v 0.86262900 1.38450400 0.00411500
v 0.86262900 1.38450400 0.00411500
v 0.86262900 1.38687100 0.00001500
v 0.86262900 1.38687100 0.00001500
v 0.86262900 1.38687100 0.00001500
v 0.86262900 1.38210100 0.00760300
v 0.86262900 1.38210100 0.00760300
v 0.86262900 1.38210100 0.00760300
v 0.86262900 1.38310200 0.00386700
v 0.86262900 1.38310200 0.00386700
v 0.86262900 1.38310200 0.00386700
v 0.86262900 1.38343900 0.00001500
v 0.86262900 1.38343900 0.00001500
v 0.86262900 1.38343900 0.00001500
v 0.86276800 1.38210100 0.00760300
v 0.86276800 1.38210100 0.00760300
v 0.86276800 1.38210100 0.00760300
v 0.86276800 1.38310200 0.00386700
v 0.86276800 1.38310200 0.00386700
v 0.86276800 1.38310200 0.00386700
v 0.86276800 1.38343900 0.00001500
v 0.86276800 1.38343900 0.00001500
v 0.86276800 1.38343900 0.00001500
v 0.86276800 1.38974600 0.01038500
v 0.86276800 1.38974600 0.01038500
v 0.86276800 1.38974600 0.01038500
v 0.86276800 1.39111400 0.00528000
v 0.86276800 1.39111400 0.00528000
v 0.86276800 1.39111400 0.00528000
v 0.86276800 1.39157500 0.00001500
v 0.86276800 1.39157500 0.00001500
v 0.86276800 1.39157500 0.00001500
v 0.86290700 1.38961600 0.01033800
v 0.86290700 1.38961600 0.01033800
v 0.86290700 1.38961600 0.01033800
v 0.86290700 1.38961600 0.01033800
v 0.86290700 1.39097700 0.00525600
v 0.86290700 1.39097700 0.00525600
v 0.86290700 1.39097700 0.00525600
v 0.86290700 1.39097700 0.00525600
v 0.86290700 1.39143600 0.00001500
v 0.86290700 1.39143600 0.00001500
v 0.86290700 1.39143600 0.00001500
v 0.86290700 1.39143600 0.00001500
v 0.85133600 1.38197100 -0.00752500
v 0.85133600 1.38197100 -0.00752500
v 0.85133600 1.38197100 -0.00752500
v 0.85133600 1.38034700 -0.01100800
v 0.85133600 1.38034700 -0.01100800
v 0.85133600 1.38034700 -0.01100800
v 0.85133600 1.38296600 -0.00381300
v 0.85133600 1.38296600 -0.00381300
v 0.85133600 1.38296600 -0.00381300
v 0.85181600 1.38242300 -0.00768900
v 0.85181600 1.38242300 -0.00768900
v 0.85181600 1.38242300 -0.00768900
v 0.85147400 1.38046700 -0.01107700
v 0.85147400 1.38046700 -0.01107700
v 0.85147400 1.38046700 -0.01107700
v 0.85289800 1.38450400 -0.00408400
v 0.85289800 1.38450400 -0.00408400
v 0.85289800 1.38450400 -0.00408400
v 0.85490600 1.38242300 -0.00768900
v 0.85490600 1.38046700 -0.01107700
v 0.85490600 1.38450400 -0.00408400
v 0.86262900 1.38242300 -0.00768900
v 0.86262900 1.38242300 -0.00768900
v 0.86262900 1.38046700 -0.01107700
v 0.86262900 1.38046700 -0.01107700
v 0.86262900 1.38046700 -0.01107700
v 0.86262900 1.38046700 -0.01107700
v 0.86262900 1.38450400 -0.00408400
v 0.86262900 1.38450400 -0.00408400
v 0.86262900 1.38210100 -0.00757200
v 0.86262900 1.38210100 -0.00757200
v 0.86262900 1.38210100 -0.00757200
v 0.86262900 1.38310200 -0.00383700
v 0.86262900 1.38310200 -0.00383700
v 0.86262900 1.38310200 -0.00383700
v 0.86276800 1.38210100 -0.00757200
v 0.86276800 1.38210100 -0.00757200
v 0.86276800 1.38210100 -0.00757200
v 0.86276800 1.38046700 -0.01107700
v 0.86276800 1.38046700 -0.01107700
v 0.86276800 1.38046700 -0.01107700
v 0.86276800 1.38310200 -0.00383700
v 0.86276800 1.38310200 -0.00383700
v 0.86276800 1.38310200 -0.00383700
v 0.86276800 1.38974600 -0.01035500
v 0.86276800 1.38974600 -0.01035500
v 0.86276800 1.38974600 -0.01035500
v 0.86276800 1.38751200 -0.01514500
v 0.86276800 1.38751200 -0.01514500
v 0.86276800 1.38751200 -0.01514500
v 0.86276800 1.39111400 -0.00525000
v 0.86276800 1.39111400 -0.00525000
v 0.86276800 1.39111400 -0.00525000
v 0.86290700 1.38961600 -0.01030700
v 0.86290700 1.38961600 -0.01030700
v 0.86290700 1.38961600 -0.01030700
v 0.86290700 1.38961600 -0.01030700
v 0.86290700 1.38739200 -0.01507500
v 0.86290700 1.38739200 -0.01507500
v 0.86290700 1.38739200 -0.01507500
v 0.86290700 1.38739200 -0.01507500
v 0.86290700 1.39097700 -0.00522600
v 0.86290700 1.39097700 -0.00522600
v 0.86290700 1.39097700 -0.00522600
v 0.86290700 1.39097700 -0.00522600
v 0.85133600 1.37814300 -0.01415600
v 0.85133600 1.37814300 -0.01415600
v 0.85133600 1.37814300 -0.01415600
v 0.85133600 1.37542500 -0.01687300
v 0.85133600 1.37542500 -0.01687300
v 0.85133600 1.37542500 -0.01687300
v 0.85181600 1.37851100 -0.01446500
v 0.85181600 1.37851100 -0.01446500
v 0.85181600 1.37851100 -0.01446500
v 0.85289800 1.37643000 -0.01807000
v 0.85289800 1.37643000 -0.01807000
v 0.85289800 1.37643000 -0.01807000
v 0.85490600 1.37851100 -0.01446500
v 0.85490600 1.37643000 -0.01807000
v 0.86262900 1.37851100 -0.01446500
v 0.86262900 1.37851100 -0.01446500
v 0.86262900 1.37643000 -0.01807000
v 0.86262900 1.37643000 -0.01807000
v 0.86262900 1.37824900 -0.01424500
v 0.86262900 1.37824900 -0.01424500
v 0.86262900 1.37824900 -0.01424500
v 0.86262900 1.37551500 -0.01697900
v 0.86262900 1.37551500 -0.01697900
v 0.86262900 1.37551500 -0.01697900
v 0.86276800 1.37824900 -0.01424500
v 0.86276800 1.37824900 -0.01424500
v 0.86276800 1.37824900 -0.01424500
v 0.86276800 1.37551500 -0.01697900
v 0.86276800 1.37551500 -0.01697900
v 0.86276800 1.37551500 -0.01697900
v 0.86276800 1.38448100 -0.01947400
v 0.86276800 1.38448100 -0.01947400
v 0.86276800 1.38448100 -0.01947400
v 0.86276800 1.38074400 -0.02321100
v 0.86276800 1.38074400 -0.02321100
v 0.86276800 1.38074400 -0.02321100
v 0.86290700 1.38437500 -0.01938500
v 0.86290700 1.38437500 -0.01938500
v 0.86290700 1.38437500 -0.01938500
v 0.86290700 1.38437500 -0.01938500
v 0.86290700 1.38065500 -0.02310500
v 0.86290700 1.38065500 -0.02310500
v 0.86290700 1.38065500 -0.02310500
v 0.86290700 1.38065500 -0.02310500
v 0.86629700 1.36649600 -0.02970700
v 0.86629700 1.36649600 -0.02970700
v 0.86629700 1.36649600 -0.02970700
v 0.86629700 1.36125500 -0.03016600
v 0.86629700 1.36125500 -0.03016600
v 0.86629700 1.36125500 -0.03016600
v 0.86629700 1.37157700 -0.02834600
v 0.86629700 1.37157700 -0.02834600
v 0.86629700 1.37157700 -0.02834600
v 0.86629700 1.37634500 -0.02612200
v 0.86629700 1.37634500 -0.02612200
v 0.86629700 1.37634500 -0.02612200
v 0.86629700 1.38065500 -0.02310500
v 0.86629700 1.38065500 -0.02310500
v 0.86629700 1.38065500 -0.02310500
v 0.86629700 1.38437500 -0.01938500
v 0.86629700 1.38437500 -0.01938500
v 0.86629700 1.38437500 -0.01938500
v 0.86629700 1.38739200 -0.01507500
v 0.86629700 1.38739200 -0.01507500
v 0.86629700 1.38739200 -0.01507500
v 0.86629700 1.38961600 -0.01030700
v 0.86629700 1.38961600 -0.01030700
v 0.86629700 1.38961600 -0.01030700
v 0.86629700 1.39097700 -0.00522600
v 0.86629700 1.39097700 -0.00522600
v 0.86629700 1.39097700 -0.00522600
v 0.86629700 1.39143600 0.00001500
v 0.86629700 1.39143600 0.00001500
v 0.86629700 1.39143600 0.00001500
v 0.86629700 1.39097700 0.00525600
v 0.86629700 1.39097700 0.00525600
v 0.86629700 1.39097700 0.00525600
v 0.86629700 1.38961600 0.01033800
v 0.86629700 1.38961600 0.01033800
v 0.86629700 1.38961600 0.01033800
v 0.86629700 1.38739200 0.01510600
v 0.86629700 1.38739200 0.01510600
v 0.86629700 1.38739200 0.01510600
v 0.86629700 1.38437500 0.01941500
v 0.86629700 1.38437500 0.01941500
v 0.86629700 1.38437500 0.01941500
v 0.86629700 1.38065500 0.02313500
v 0.86629700 1.38065500 0.02313500
v 0.86629700 1.38065500 0.02313500
v 0.86629700 1.37634500 0.02615300
v 0.86629700 1.37634500 0.02615300
v 0.86629700 1.37634500 0.02615300
v 0.86629700 1.37157700 0.02837600
v 0.86629700 1.37157700 0.02837600
v 0.86629700 1.37157700 0.02837600
v 0.86629700 1.36649600 0.02973800
v 0.86629700 1.36649600 0.02973800
v 0.86629700 1.36649600 0.02973800
v 0.86629700 1.36125500 0.03019600
v 0.86629700 1.36125500 0.03019600
v 0.86629700 1.36125500 0.03019600
v 0.86629700 1.35601400 0.02973800
v 0.86629700 1.35601400 0.02973800
v 0.86629700 1.35601400 0.02973800
v 0.86629700 1.35093200 0.02837600
v 0.86629700 1.35093200 0.02837600
v 0.86629700 1.35093200 0.02837600
v 0.86629700 1.34616400 0.02615300
v 0.86629700 1.34616400 0.02615300
v 0.86629700 1.34616400 0.02615300
v 0.86629700 1.34185500 0.02313500
v 0.86629700 1.34185500 0.02313500
v 0.86629700 1.34185500 0.02313500
v 0.86629700 1.33813500 0.01941500
v 0.86629700 1.33813500 0.01941500
v 0.86629700 1.33813500 0.01941500
v 0.86629700 1.33511700 0.01510600
v 0.86629700 1.33511700 0.01510600
v 0.86629700 1.33511700 0.01510600
v 0.86629700 1.33289400 0.01033800
v 0.86629700 1.33289400 0.01033800
v 0.86629700 1.33289400 0.01033800
v 0.86629700 1.33153200 0.00525600
v 0.86629700 1.33153200 0.00525600
v 0.86629700 1.33153200 0.00525600
v 0.86629700 1.33107400 0.00001500
v 0.86629700 1.33107400 0.00001500
v 0.86629700 1.33107400 0.00001500
v 0.86629700 1.33153200 -0.00522600
v 0.86629700 1.33153200 -0.00522600
v 0.86629700 1.33153200 -0.00522600
v 0.86629700 1.33289400 -0.01030700
v 0.86629700 1.33289400 -0.01030700
v 0.86629700 1.33289400 -0.01030700
v 0.86629700 1.33511700 -0.01507500
v 0.86629700 1.33511700 -0.01507500
v 0.86629700 1.33511700 -0.01507500
v 0.86629700 1.33813500 -0.01938500
v 0.86629700 1.33813500 -0.01938500
v 0.86629700 1.33813500 -0.01938500
v 0.86629700 1.34185500 -0.02310500
v 0.86629700 1.34185500 -0.02310500
v 0.86629700 1.34185500 -0.02310500
v 0.86629700 1.34616400 -0.02612200
v 0.86629700 1.34616400 -0.02612200
v 0.86629700 1.34616400 -0.02612200
v 0.86629700 1.35093200 -0.02834600
v 0.86629700 1.35093200 -0.02834600
v 0.86629700 1.35093200 -0.02834600
v 0.86629700 1.35601400 -0.02970700
v 0.86629700 1.35601400 -0.02970700
v 0.86629700 1.35601400 -0.02970700
v 0.86629700 1.36125500 0.00001500
v 0.86629700 1.36125500 0.00001500
v 0.86629700 1.36125500 0.00001500
v 0.86630900 1.36125500 0.00001500
v 0.86633000 1.36125500 0.00001500
v 0.86633000 1.36125500 0.00001500
v 0.86635000 1.36125500 0.00001500
v 0.86635000 1.36125500 0.00001500
v 0.86637100 1.36125500 0.00001500
v 0.86637100 1.36125500 0.00001500
v 0.86631800 1.36125500 0.00001500
v 0.86631800 1.36125500 0.00001500
v 0.86633800 1.36125500 0.00001500
v 0.86633800 1.36125500 0.00001500
v 0.86635800 1.36125500 0.00001500
v 0.86635800 1.36125500 0.00001500
v 0.86637900 1.36125500 0.00001500
v 0.86637900 1.36125500 0.00001500
v 0.86639900 1.36125500 0.00001500
v 0.86639900 1.36125500 0.00001500
v 0.86642000 1.36125500 0.00001500
v 0.86642000 1.36125500 0.00001500
v 0.86644000 1.36125500 0.00001500
v 0.86644000 1.36125500 0.00001500
v 0.86646100 1.36125500 0.00001500
v 0.86646100 1.36125500 0.00001500
v 0.86648100 1.36125500 0.00001500
v 0.86648100 1.36125500 0.00001500
v 0.86650200 1.36125500 0.00001500
v 0.86650200 1.36125500 0.00001500
v 0.86652200 1.36125500 0.00001500
v 0.86652200 1.36125500 0.00001500
v 0.86654300 1.36125500 0.00001500
v 0.86654300 1.36125500 0.00001500
v 0.86656300 1.36125500 0.00001500
v 0.86656300 1.36125500 0.00001500
v 0.86658400 1.36125500 0.00001500
v 0.86658400 1.36125500 0.00001500
v 0.86660400 1.36125500 0.00001500
v 0.86660400 1.36125500 0.00001500
v 0.86662500 1.36125500 0.00001500
v 0.86662500 1.36125500 0.00001500
v 0.86664500 1.36125500 0.00001500
v 0.86664500 1.36125500 0.00001500
v 0.86666600 1.36125500 0.00001500
v 0.86666600 1.36125500 0.00001500
v 0.86639100 1.36125500 0.00001500
v 0.86639100 1.36125500 0.00001500
v 0.86641200 1.36125500 0.00001500
v 0.86641200 1.36125500 0.00001500
v 0.86643200 1.36125500 0.00001500
v 0.86643200 1.36125500 0.00001500
v 0.86645300 1.36125500 0.00001500
v 0.86645300 1.36125500 0.00001500
v 0.86647300 1.36125500 0.00001500
v 0.86647300 1.36125500 0.00001500
v 0.86649400 1.36125500 0.00001500
v 0.86649400 1.36125500 0.00001500
v 0.86651400 1.36125500 0.00001500
v 0.86651400 1.36125500 0.00001500
v 0.86653500 1.36125500 0.00001500
v 0.86653500 1.36125500 0.00001500
v 0.86655500 1.36125500 0.00001500
v 0.86655500 1.36125500 0.00001500
v 0.86657500 1.36125500 0.00001500
v 0.86657500 1.36125500 0.00001500
v 0.86659600 1.36125500 0.00001500
v 0.86659600 1.36125500 0.00001500
v 0.86661600 1.36125500 0.00001500
v 0.86661600 1.36125500 0.00001500
v 0.86663700 1.36125500 0.00001500
v 0.86663700 1.36125500 0.00001500
v 0.86665700 1.36125500 0.00001500
v 0.86665700 1.36125500 0.00001500
v 0.86667800 1.36125500 0.00001500
v 0.86667800 1.36125500 0.00001500
v 0.86669800 1.36125500 0.00001500
v 0.86669800 1.36125500 0.00001500
v 0.86671900 1.36125500 0.00001500
v 0.86671900 1.36125500 0.00001500
v 0.86673900 1.36125500 0.00001500
v 0.86673900 1.36125500 0.00001500
v 0.86668600 1.36125500 0.00001500
v 0.86668600 1.36125500 0.00001500
v 0.86670600 1.36125500 0.00001500
v 0.86670600 1.36125500 0.00001500
v 0.86672700 1.36125500 0.00001500
v 0.86672700 1.36125500 0.00001500
v 0.86674700 1.36125500 0.00001500
v 0.86674700 1.36125500 0.00001500
v 0.86676800 1.36125500 0.00001500
v 0.86676800 1.36125500 0.00001500
v 0.86678800 1.36125500 0.00001500
v 0.86678800 1.36125500 0.00001500
v 0.86680900 1.36125500 0.00001500
v 0.86680900 1.36125500 0.00001500
v 0.86682900 1.36125500 0.00001500
v 0.86682900 1.36125500 0.00001500
v 0.86685000 1.36125500 0.00001500
v 0.86685000 1.36125500 0.00001500
v 0.86687000 1.36125500 0.00001500
v 0.86687000 1.36125500 0.00001500
v 0.86689100 1.36125500 0.00001500
v 0.86689100 1.36125500 0.00001500
v 0.86691100 1.36125500 0.00001500
v 0.86691100 1.36125500 0.00001500
v 0.86693200 1.36125500 0.00001500
v 0.86693200 1.36125500 0.00001500
v 0.86695200 1.36125500 0.00001500
v 0.86695200 1.36125500 0.00001500
v 0.86697300 1.36125500 0.00001500
v 0.86697300 1.36125500 0.00001500
v 0.86699300 1.36125500 0.00001500
v 0.86699300 1.36125500 0.00001500
v 0.86701400 1.36125500 0.00001500
v 0.86701400 1.36125500 0.00001500
v 0.86703400 1.36125500 0.00001500
v 0.86703400 1.36125500 0.00001500
v 0.86676000 1.36125500 0.00001500
v 0.86676000 1.36125500 0.00001500
v 0.86678000 1.36125500 0.00001500
v 0.86678000 1.36125500 0.00001500
v 0.86680100 1.36125500 0.00001500
v 0.86680100 1.36125500 0.00001500
v 0.86682100 1.36125500 0.00001500
v 0.86682100 1.36125500 0.00001500
v 0.86684200 1.36125500 0.00001500
v 0.86684200 1.36125500 0.00001500
v 0.86686200 1.36125500 0.00001500
v 0.86686200 1.36125500 0.00001500
v 0.86688300 1.36125500 0.00001500
v 0.86688300 1.36125500 0.00001500
v 0.86690300 1.36125500 0.00001500
v 0.86690300 1.36125500 0.00001500
v 0.86692400 1.36125500 0.00001500
v 0.86692400 1.36125500 0.00001500
v 0.86694400 1.36125500 0.00001500
v 0.86694400 1.36125500 0.00001500
v 0.86696400 1.36125500 0.00001500
v 0.86696400 1.36125500 0.00001500
v 0.86698500 1.36125500 0.00001500
v 0.86698500 1.36125500 0.00001500
v 0.86700500 1.36125500 0.00001500
v 0.86700500 1.36125500 0.00001500
v 0.86702600 1.36125500 0.00001500
v 0.86704600 1.36125500 0.00001500
v 0.86704600 1.36125500 0.00001500
v 0.86706700 1.36125500 0.00001500
v 0.86706700 1.36125500 0.00001500
v 0.86708700 1.36125500 0.00001500
v 0.86708700 1.36125500 0.00001500
v 0.86710800 1.36125500 0.00001500
v 0.86710800 1.36125500 0.00001500
v 0.86705500 1.36125500 0.00001500
v 0.86705500 1.36125500 0.00001500
v 0.86707500 1.36125500 0.00001500
v 0.86707500 1.36125500 0.00001500
v 0.86709500 1.36125500 0.00001500
v 0.86709500 1.36125500 0.00001500
v 0.86711600 1.36125500 0.00001500
v 0.86711600 1.36125500 0.00001500
v 0.86713600 1.36125500 0.00001500
v 0.86713600 1.36125500 0.00001500
v 0.86715700 1.36125500 0.00001500
v 0.86715700 1.36125500 0.00001500
v 0.86717700 1.36125500 0.00001500
v 0.86717700 1.36125500 0.00001500
v 0.86719800 1.36125500 0.00001500
v 0.86719800 1.36125500 0.00001500
v 0.86721800 1.36125500 0.00001500
v 0.86721800 1.36125500 0.00001500
v 0.86723900 1.36125500 0.00001500
v 0.86723900 1.36125500 0.00001500
v 0.86725900 1.36125500 0.00001500
v 0.86725900 1.36125500 0.00001500
v 0.86728000 1.36125500 0.00001500
v 0.86728000 1.36125500 0.00001500
v 0.86730000 1.36125500 0.00001500
v 0.86730000 1.36125500 0.00001500
v 0.86732100 1.36125500 0.00001500
v 0.86732100 1.36125500 0.00001500
v 0.86734100 1.36125500 0.00001500
v 0.86734100 1.36125500 0.00001500
v 0.86736200 1.36125500 0.00001500
v 0.86736200 1.36125500 0.00001500
v 0.86738200 1.36125500 0.00001500
v 0.86738200 1.36125500 0.00001500
v 0.86740300 1.36125500 0.00001500
v 0.86740300 1.36125500 0.00001500
v 0.86712800 1.36125500 0.00001500
v 0.86712800 1.36125500 0.00001500
v 0.86714900 1.36125500 0.00001500
v 0.86714900 1.36125500 0.00001500
v 0.86716900 1.36125500 0.00001500
v 0.86716900 1.36125500 0.00001500
v 0.86719000 1.36125500 0.00001500
v 0.86719000 1.36125500 0.00001500
v 0.86721000 1.36125500 0.00001500
v 0.86721000 1.36125500 0.00001500
v 0.86723100 1.36125500 0.00001500
v 0.86723100 1.36125500 0.00001500
v 0.86725100 1.36125500 0.00001500
v 0.86725100 1.36125500 0.00001500
v 0.86727200 1.36125500 0.00001500
v 0.86727200 1.36125500 0.00001500
v 0.86729200 1.36125500 0.00001500
v 0.86729200 1.36125500 0.00001500
v 0.86731200 1.36125500 0.00001500
v 0.86731200 1.36125500 0.00001500
v 0.86733300 1.36125500 0.00001500
v 0.86733300 1.36125500 0.00001500
v 0.86735300 1.36125500 0.00001500
v 0.86735300 1.36125500 0.00001500
v 0.86737400 1.36125500 0.00001500
v 0.86737400 1.36125500 0.00001500
v 0.86739400 1.36125500 0.00001500
v 0.86739400 1.36125500 0.00001500
v 0.86741500 1.36125500 0.00001500
v 0.86741500 1.36125500 0.00001500
v 0.86743500 1.36125500 0.00001500
v 0.86743500 1.36125500 0.00001500
v 0.86745600 1.36125500 0.00001500
v 0.86747600 1.36125500 0.00001500
v 0.86747600 1.36125500 0.00001500
v 0.86742300 1.36125500 0.00001500
v 0.86742300 1.36125500 0.00001500
v 0.86744400 1.36125500 0.00001500
v 0.86744400 1.36125500 0.00001500
v 0.86746400 1.36125500 0.00001500
v 0.86746400 1.36125500 0.00001500
v 0.86748400 1.36125500 0.00001500
v 0.86748400 1.36125500 0.00001500
v 0.86750500 1.36125500 0.00001500
v 0.86750500 1.36125500 0.00001500
v 0.86752500 1.36125500 0.00001500
v 0.86752500 1.36125500 0.00001500
v 0.86754600 1.36125500 0.00001500
v 0.86754600 1.36125500 0.00001500
v 0.86756600 1.36125500 0.00001500
v 0.86756600 1.36125500 0.00001500
v 0.86758700 1.36125500 0.00001500
v 0.86758700 1.36125500 0.00001500
v 0.86760700 1.36125500 0.00001500
v 0.86760700 1.36125500 0.00001500
v 0.86762800 1.36125500 0.00001500
v 0.86762800 1.36125500 0.00001500
v 0.86764800 1.36125500 0.00001500
v 0.86764800 1.36125500 0.00001500
v 0.86766900 1.36125500 0.00001500
v 0.86766900 1.36125500 0.00001500
v 0.86768900 1.36125500 0.00001500
v 0.86768900 1.36125500 0.00001500
v 0.86771000 1.36125500 0.00001500
v 0.86771000 1.36125500 0.00001500
v 0.86773000 1.36125500 0.00001500
v 0.86773000 1.36125500 0.00001500
v 0.86775100 1.36125500 0.00001500
v 0.86775100 1.36125500 0.00001500
v 0.86777100 1.36125500 0.00001500
v 0.86777100 1.36125500 0.00001500
v 0.86749700 1.36125500 0.00001500
v 0.86749700 1.36125500 0.00001500
v 0.86751700 1.36125500 0.00001500
v 0.86751700 1.36125500 0.00001500
v 0.86753800 1.36125500 0.00001500
v 0.86753800 1.36125500 0.00001500
v 0.86755800 1.36125500 0.00001500
v 0.86755800 1.36125500 0.00001500
v 0.86757900 1.36125500 0.00001500
v 0.86757900 1.36125500 0.00001500
v 0.86759900 1.36125500 0.00001500
v 0.86759900 1.36125500 0.00001500
v 0.86762000 1.36125500 0.00001500
v 0.86762000 1.36125500 0.00001500
v 0.86764000 1.36125500 0.00001500
v 0.86764000 1.36125500 0.00001500
v 0.86766100 1.36125500 0.00001500
v 0.86766100 1.36125500 0.00001500
v 0.86768100 1.36125500 0.00001500
v 0.86768100 1.36125500 0.00001500
v 0.86770100 1.36125500 0.00001500
v 0.86770100 1.36125500 0.00001500
v 0.86772200 1.36125500 0.00001500
v 0.86772200 1.36125500 0.00001500
v 0.86774200 1.36125500 0.00001500
v 0.86774200 1.36125500 0.00001500
v 0.86776300 1.36125500 0.00001500
v 0.86776300 1.36125500 0.00001500
v 0.86778300 1.36125500 0.00001500
v 0.86778300 1.36125500 0.00001500
v 0.86780400 1.36125500 0.00001500
v 0.86780400 1.36125500 0.00001500
v 0.86782400 1.36125500 0.00001500
v 0.86782400 1.36125500 0.00001500
v 0.86784500 1.36125500 0.00001500
v 0.86784500 1.36125500 0.00001500
v 0.86779200 1.36125500 0.00001500
v 0.86779200 1.36125500 0.00001500
v 0.86781200 1.36125500 0.00001500
v 0.86781200 1.36125500 0.00001500
v 0.86783200 1.36125500 0.00001500
v 0.86783200 1.36125500 0.00001500
v 0.86785300 1.36125500 0.00001500
v 0.86785300 1.36125500 0.00001500
v 0.86787300 1.36125500 0.00001500
v 0.86787300 1.36125500 0.00001500
v 0.86789400 1.36125500 0.00001500
v 0.86789400 1.36125500 0.00001500
v 0.86791400 1.36125500 0.00001500
v 0.86791400 1.36125500 0.00001500
v 0.86793500 1.36125500 0.00001500
v 0.86793500 1.36125500 0.00001500
v 0.86795500 1.36125500 0.00001500
v 0.86795500 1.36125500 0.00001500
v 0.86797600 1.36125500 0.00001500
v 0.86797600 1.36125500 0.00001500
v 0.86799600 1.36125500 0.00001500
v 0.86799600 1.36125500 0.00001500
v 0.86801700 1.36125500 0.00001500
v 0.86801700 1.36125500 0.00001500
v 0.86803700 1.36125500 0.00001500
v 0.86803700 1.36125500 0.00001500
v 0.86805800 1.36125500 0.00001500
v 0.86805800 1.36125500 0.00001500
v 0.86807800 1.36125500 0.00001500
v 0.86807800 1.36125500 0.00001500
v 0.86809900 1.36125500 0.00001500
v 0.86809900 1.36125500 0.00001500
v 0.86811900 1.36125500 0.00001500
v 0.86811900 1.36125500 0.00001500
v 0.86814000 1.36125500 0.00001500
v 0.86814000 1.36125500 0.00001500
v 0.86786500 1.36125500 0.00001500
v 0.86786500 1.36125500 0.00001500
v 0.86788600 1.36125500 0.00001500
v 0.86790600 1.36125500 0.00001500
v 0.86790600 1.36125500 0.00001500
v 0.86792700 1.36125500 0.00001500
v 0.86792700 1.36125500 0.00001500
v 0.86794700 1.36125500 0.00001500
v 0.86794700 1.36125500 0.00001500
v 0.86796800 1.36125500 0.00001500
v 0.86796800 1.36125500 0.00001500
v 0.86798800 1.36125500 0.00001500
v 0.86798800 1.36125500 0.00001500
v 0.86800900 1.36125500 0.00001500
v 0.86800900 1.36125500 0.00001500
v 0.86802900 1.36125500 0.00001500
v 0.86802900 1.36125500 0.00001500
v 0.86805000 1.36125500 0.00001500
v 0.86805000 1.36125500 0.00001500
v 0.86807000 1.36125500 0.00001500
v 0.86807000 1.36125500 0.00001500
v 0.86809000 1.36125500 0.00001500
v 0.86809000 1.36125500 0.00001500
v 0.86811100 1.36125500 0.00001500
v 0.86811100 1.36125500 0.00001500
v 0.86813100 1.36125500 0.00001500
v 0.86813100 1.36125500 0.00001500
v 0.86815200 1.36125500 0.00001500
v 0.86815200 1.36125500 0.00001500
v 0.86817200 1.36125500 0.00001500
v 0.86817200 1.36125500 0.00001500
v 0.86819300 1.36125500 0.00001500
v 0.86819300 1.36125500 0.00001500
v 0.86821300 1.36125500 0.00001500
v 0.86821300 1.36125500 0.00001500
v 0.86816000 1.36125500 0.00001500
v 0.86816000 1.36125500 0.00001500
v 0.86818100 1.36125500 0.00001500
v 0.86818100 1.36125500 0.00001500
v 0.86820100 1.36125500 0.00001500
v 0.86820100 1.36125500 0.00001500
v 0.86822100 1.36125500 0.00001500
v 0.86822100 1.36125500 0.00001500
v 0.86824200 1.36125500 0.00001500
v 0.86824200 1.36125500 0.00001500
v 0.86826200 1.36125500 0.00001500
v 0.86826200 1.36125500 0.00001500
v 0.86828300 1.36125500 0.00001500
v 0.86828300 1.36125500 0.00001500
v 0.86830300 1.36125500 0.00001500
v 0.86830300 1.36125500 0.00001500
v 0.86832400 1.36125500 0.00001500
v 0.86832400 1.36125500 0.00001500
v 0.86834400 1.36125500 0.00001500
v 0.86834400 1.36125500 0.00001500
v 0.86836500 1.36125500 0.00001500
v 0.86836500 1.36125500 0.00001500
v 0.86838500 1.36125500 0.00001500
v 0.86838500 1.36125500 0.00001500
v 0.86840600 1.36125500 0.00001500
v 0.86840600 1.36125500 0.00001500
v 0.86842600 1.36125500 0.00001500
v 0.86842600 1.36125500 0.00001500
v 0.86844700 1.36125500 0.00001500
v 0.86844700 1.36125500 0.00001500
v 0.86846700 1.36125500 0.00001500
v 0.86846700 1.36125500 0.00001500
v 0.86848800 1.36125500 0.00001500
v 0.86848800 1.36125500 0.00001500
v 0.86850800 1.36125500 0.00001500
v 0.86850800 1.36125500 0.00001500
v 0.86823400 1.36125500 0.00001500
v 0.86823400 1.36125500 0.00001500
v 0.86825400 1.36125500 0.00001500
v 0.86825400 1.36125500 0.00001500
v 0.86827500 1.36125500 0.00001500
v 0.86827500 1.36125500 0.00001500
v 0.86829500 1.36125500 0.00001500
v 0.86829500 1.36125500 0.00001500
v 0.86831600 1.36125500 0.00001500
v 0.86833600 1.36125500 0.00001500
v 0.86833600 1.36125500 0.00001500
v 0.86835700 1.36125500 0.00001500
v 0.86835700 1.36125500 0.00001500
v 0.86837700 1.36125500 0.00001500
v 0.86837700 1.36125500 0.00001500
v 0.86839800 1.36125500 0.00001500
v 0.86839800 1.36125500 0.00001500
v 0.86841800 1.36125500 0.00001500
v 0.86841800 1.36125500 0.00001500
v 0.86843800 1.36125500 0.00001500
v 0.86843800 1.36125500 0.00001500
v 0.86845900 1.36125500 0.00001500
v 0.86845900 1.36125500 0.00001500
v 0.86847900 1.36125500 0.00001500
v 0.86847900 1.36125500 0.00001500
v 0.86850000 1.36125500 0.00001500
v 0.86850000 1.36125500 0.00001500
v 0.86852000 1.36125500 0.00001500
v 0.86852000 1.36125500 0.00001500
v 0.86854100 1.36125500 0.00001500
v 0.86854100 1.36125500 0.00001500
v 0.86856100 1.36125500 0.00001500
v 0.86856100 1.36125500 0.00001500
v 0.86858200 1.36125500 0.00001500
v 0.86858200 1.36125500 0.00001500
v 0.86852900 1.36125500 0.00001500
v 0.86852900 1.36125500 0.00001500
v 0.86854900 1.36125500 0.00001500
v 0.86854900 1.36125500 0.00001500
v 0.86856900 1.36125500 0.00001500
v 0.86856900 1.36125500 0.00001500
v 0.86859000 1.36125500 0.00001500
v 0.86859000 1.36125500 0.00001500
v 0.86861000 1.36125500 0.00001500
v 0.86861000 1.36125500 0.00001500
v 0.86863100 1.36125500 0.00001500
v 0.86863100 1.36125500 0.00001500
v 0.86865100 1.36125500 0.00001500
v 0.86865100 1.36125500 0.00001500
v 0.86867200 1.36125500 0.00001500
v 0.86867200 1.36125500 0.00001500
v 0.86869200 1.36125500 0.00001500
v 0.86869200 1.36125500 0.00001500
v 0.86871300 1.36125500 0.00001500
v 0.86871300 1.36125500 0.00001500
v 0.86873300 1.36125500 0.00001500
v 0.86873300 1.36125500 0.00001500
v 0.86875400 1.36125500 0.00001500
v 0.86875400 1.36125500 0.00001500
v 0.86877400 1.36125500 0.00001500
v 0.86877400 1.36125500 0.00001500
v 0.86879500 1.36125500 0.00001500
v 0.86879500 1.36125500 0.00001500
v 0.86881500 1.36125500 0.00001500
v 0.86881500 1.36125500 0.00001500
v 0.86883600 1.36125500 0.00001500
v 0.86883600 1.36125500 0.00001500
v 0.86885600 1.36125500 0.00001500
v 0.86885600 1.36125500 0.00001500
v 0.86887700 1.36125500 0.00001500
v 0.86887700 1.36125500 0.00001500
v 0.86860200 1.36125500 0.00001500
v 0.86860200 1.36125500 0.00001500
v 0.86862300 1.36125500 0.00001500
v 0.86862300 1.36125500 0.00001500
v 0.86864300 1.36125500 0.00001500
v 0.86864300 1.36125500 0.00001500
v 0.86866400 1.36125500 0.00001500
v 0.86866400 1.36125500 0.00001500
v 0.86868400 1.36125500 0.00001500
v 0.86868400 1.36125500 0.00001500
v 0.86870500 1.36125500 0.00001500
v 0.86870500 1.36125500 0.00001500
v 0.86872500 1.36125500 0.00001500
v 0.86872500 1.36125500 0.00001500
v 0.86874600 1.36125500 0.00001500
v 0.86876600 1.36125500 0.00001500
v 0.86876600 1.36125500 0.00001500
v 0.86878700 1.36125500 0.00001500
v 0.86878700 1.36125500 0.00001500
v 0.86880700 1.36125500 0.00001500
v 0.86880700 1.36125500 0.00001500
v 0.86882700 1.36125500 0.00001500
v 0.86882700 1.36125500 0.00001500
v 0.86884800 1.36125500 0.00001500
v 0.86884800 1.36125500 0.00001500
v 0.86886800 1.36125500 0.00001500
v 0.86886800 1.36125500 0.00001500
v 0.86888900 1.36125500 0.00001500
v 0.86888900 1.36125500 0.00001500
v 0.86890900 1.36125500 0.00001500
v 0.86890900 1.36125500 0.00001500
v 0.86893000 1.36125500 0.00001500
v 0.86893000 1.36125500 0.00001500
v 0.86895000 1.36125500 0.00001500
v 0.86895000 1.36125500 0.00001500
v 0.86895000 1.36125500 0.00001500
v 0.86895000 1.36125500 0.00001500
v 0.86889700 1.36125500 0.00001500
v 0.86889700 1.36125500 0.00001500
v 0.86891800 1.36125500 0.00001500
v 0.86891800 1.36125500 0.00001500
v 0.86893800 1.36125500 0.00001500
v 0.86893800 1.36125500 0.00001500
v 0.86895800 1.36125500 0.00001500
v 0.86895800 1.36125500 0.00001500
v 0.86897900 1.36125500 0.00001500
v 0.86897900 1.36125500 0.00001500
v 0.86899900 1.36125500 0.00001500
v 0.86899900 1.36125500 0.00001500
v 0.86902000 1.36125500 0.00001500
v 0.86902000 1.36125500 0.00001500
v 0.86904000 1.36125500 0.00001500
v 0.86904000 1.36125500 0.00001500
v 0.86906100 1.36125500 0.00001500
v 0.86906100 1.36125500 0.00001500
v 0.86908100 1.36125500 0.00001500
v 0.86908100 1.36125500 0.00001500
v 0.86910200 1.36125500 0.00001500
v 0.86910200 1.36125500 0.00001500
v 0.86912200 1.36125500 0.00001500
v 0.86912200 1.36125500 0.00001500
v 0.86914300 1.36125500 0.00001500
v 0.86914300 1.36125500 0.00001500
v 0.86916300 1.36125500 0.00001500
v 0.86916300 1.36125500 0.00001500
v 0.86916300 1.36125500 0.00001500
v 0.86916300 1.36125500 0.00001500
v 0.86918400 1.36125500 0.00001500
v 0.86918400 1.36125500 0.00001500
v 0.86918400 1.36125500 0.00001500
v 0.86918400 1.36125500 0.00001500
v 0.86918400 1.36125500 0.00001500
v 0.86918400 1.36125500 0.00001500
v 0.86920400 1.36125500 0.00001500
v 0.86920400 1.36125500 0.00001500
v 0.86920400 1.36125500 0.00001500
v 0.86920400 1.36125500 0.00001500
v 0.86920400 1.36125500 0.00001500
v 0.86920400 1.36125500 0.00001500
v 0.86922500 1.36125500 0.00001500
v 0.86922500 1.36125500 0.00001500
v 0.86922500 1.36125500 0.00001500
v 0.86922500 1.36125500 0.00001500
v 0.86922500 1.36125500 0.00001500
v 0.86922500 1.36125500 0.00001500
v 0.86924500 1.36125500 0.00001500
v 0.86924500 1.36125500 0.00001500
v 0.86924500 1.36125500 0.00001500
v 0.86924500 1.36125500 0.00001500
v 0.86924500 1.36125500 0.00001500
v 0.86924500 1.36125500 0.00001500
v 0.86924500 1.36125500 0.00001500
v 0.86897100 1.36125500 0.00001500
v 0.86897100 1.36125500 0.00001500
v 0.86897100 1.36125500 0.00001500
v 0.86897100 1.36125500 0.00001500
v 0.86897100 1.36125500 0.00001500
v 0.86897100 1.36125500 0.00001500
v 0.86899100 1.36125500 0.00001500
v 0.86899100 1.36125500 0.00001500
v 0.86899100 1.36125500 0.00001500
v 0.86899100 1.36125500 0.00001500
v 0.86899100 1.36125500 0.00001500
v 0.86899100 1.36125500 0.00001500
v 0.86901200 1.36125500 0.00001500
v 0.86901200 1.36125500 0.00001500
v 0.86901200 1.36125500 0.00001500
v 0.86901200 1.36125500 0.00001500
v 0.86901200 1.36125500 0.00001500
v 0.86901200 1.36125500 0.00001500
v 0.86903200 1.36125500 0.00001500
v 0.86903200 1.36125500 0.00001500
v 0.86903200 1.36125500 0.00001500
v 0.86903200 1.36125500 0.00001500
v 0.86903200 1.36125500 0.00001500
v 0.86903200 1.36125500 0.00001500
v 0.86905300 1.36125500 0.00001500
v 0.86905300 1.36125500 0.00001500
v 0.86905300 1.36125500 0.00001500
v 0.86905300 1.36125500 0.00001500
v 0.86905300 1.36125500 0.00001500
v 0.86905300 1.36125500 0.00001500
v 0.86907300 1.36125500 0.00001500
v 0.86907300 1.36125500 0.00001500
v 0.86907300 1.36125500 0.00001500
v 0.86907300 1.36125500 0.00001500
v 0.86907300 1.36125500 0.00001500
v 0.86907300 1.36125500 0.00001500
v 0.86909400 1.36125500 0.00001500
v 0.86909400 1.36125500 0.00001500
v 0.86909400 1.36125500 0.00001500
v 0.86909400 1.36125500 0.00001500
v 0.86909400 1.36125500 0.00001500
v 0.86909400 1.36125500 0.00001500
v 0.86911400 1.36125500 0.00001500
v 0.86911400 1.36125500 0.00001500
v 0.86911400 1.36125500 0.00001500
v 0.86911400 1.36125500 0.00001500
v 0.86911400 1.36125500 0.00001500
v 0.86911400 1.36125500 0.00001500
v 0.86913500 1.36125500 0.00001500
v 0.86913500 1.36125500 0.00001500
v 0.86913500 1.36125500 0.00001500
v 0.86913500 1.36125500 0.00001500
v 0.86913500 1.36125500 0.00001500
v 0.86913500 1.36125500 0.00001500
v 0.86915500 1.36125500 0.00001500
v 0.86915500 1.36125500 0.00001500
v 0.86915500 1.36125500 0.00001500
v 0.86915500 1.36125500 0.00001500
v 0.86915500 1.36125500 0.00001500
v 0.86915500 1.36125500 0.00001500
v 0.86917500 1.36125500 0.00001500
v 0.86917500 1.36125500 0.00001500
v 0.86917500 1.36125500 0.00001500
v 0.86917500 1.36125500 0.00001500
v 0.86917500 1.36125500 0.00001500
v 0.86917500 1.36125500 0.00001500
v 0.86919600 1.36125500 0.00001500
v 0.86919600 1.36125500 0.00001500
v 0.86919600 1.36125500 0.00001500
v 0.86919600 1.36125500 0.00001500
v 0.86919600 1.36125500 0.00001500
v 0.86921600 1.36125500 0.00001500
v 0.86921600 1.36125500 0.00001500
v 0.86921600 1.36125500 0.00001500
v 0.86921600 1.36125500 0.00001500
v 0.86921600 1.36125500 0.00001500
v 0.86921600 1.36125500 0.00001500
v 0.86923700 1.36125500 0.00001500
v 0.86923700 1.36125500 0.00001500
v 0.86923700 1.36125500 0.00001500
v 0.86923700 1.36125500 0.00001500
v 0.86923700 1.36125500 0.00001500
v 0.86923700 1.36125500 0.00001500
v 0.86923700 1.36125500 0.00001500
v 0.86925700 1.36126100 0.00002600
v 0.86925700 1.36126100 0.00002600
v 0.86925700 1.36126100 0.00002600
v 0.86925700 1.36126100 0.00002600
v 0.86927800 1.36126600 0.00004600
v 0.86927800 1.36126600 0.00004600
v 0.86927800 1.36126600 0.00004600
v 0.86927800 1.36126600 0.00004600
v 0.86929800 1.36126400 0.00006800
v 0.86929800 1.36126400 0.00006800
v 0.86929800 1.36126400 0.00006800
v 0.86929800 1.36126400 0.00006800
v 0.86931900 1.36125500 0.00008900
v 0.86931900 1.36125500 0.00008900
v 0.86931900 1.36125500 0.00008900
v 0.86931900 1.36125500 0.00008900
v 0.86926600 1.36125800 -0.00000500
v 0.86926600 1.36125800 -0.00000500
v 0.86926600 1.36125800 -0.00000500
v 0.86926600 1.36125800 -0.00000500
v 0.86928600 1.36126900 -0.00002300
v 0.86928600 1.36126900 -0.00002300
v 0.86928600 1.36126900 -0.00002300
v 0.86928600 1.36126900 -0.00002300
v 0.86930700 1.36128600 -0.00003800
v 0.86930700 1.36128600 -0.00003800
v 0.86930700 1.36128600 -0.00003800
v 0.86930700 1.36128600 -0.00003800
v 0.86932700 1.36130800 -0.00004800
v 0.86932700 1.36130800 -0.00004800
v 0.86932700 1.36130800 -0.00004800
v 0.86932700 1.36130800 -0.00004800
v 0.86934700 1.36133300 -0.00005100
v 0.86934700 1.36133300 -0.00005100
v 0.86934700 1.36133300 -0.00005100
v 0.86934700 1.36133300 -0.00005100
v 0.86936800 1.36136100 -0.00004600
v 0.86936800 1.36136100 -0.00004600
v 0.86936800 1.36136100 -0.00004600
v 0.86936800 1.36136100 -0.00004600
v 0.86938800 1.36139000 -0.00003400
v 0.86938800 1.36139000 -0.00003400
v 0.86938800 1.36139000 -0.00003400
v 0.86938800 1.36139000 -0.00003400
v 0.86940900 1.36141600 -0.00001300
v 0.86940900 1.36141600 -0.00001300
v 0.86940900 1.36141600 -0.00001300
v 0.86940900 1.36141600 -0.00001300
v 0.86942900 1.36143900 0.00001500
v 0.86942900 1.36143900 0.00001500
v 0.86942900 1.36143900 0.00001500
v 0.86942900 1.36143900 0.00001500
v 0.86945000 1.36145600 0.00005100
v 0.86945000 1.36145600 0.00005100
v 0.86945000 1.36145600 0.00005100
v 0.86945000 1.36145600 0.00005100
v 0.86947000 1.36146600 0.00009200
v 0.86947000 1.36146600 0.00009200
v 0.86947000 1.36146600 0.00009200
v 0.86947000 1.36146600 0.00009200
v 0.86949100 1.36146800 0.00013800
v 0.86949100 1.36146800 0.00013800
v 0.86949100 1.36146800 0.00013800
v 0.86949100 1.36146800 0.00013800
v 0.86951100 1.36145900 0.00018600
v 0.86951100 1.36145900 0.00018600
v 0.86951100 1.36145900 0.00018600
v 0.86951100 1.36145900 0.00018600
v 0.86953200 1.36143900 0.00023500
v 0.86953200 1.36143900 0.00023500
v 0.86953200 1.36143900 0.00023500
v 0.86953200 1.36143900 0.00023500
v 0.86955200 1.36140800 0.00028100
v 0.86955200 1.36140800 0.00028100
v 0.86955200 1.36140800 0.00028100
v 0.86955200 1.36140800 0.00028100
v 0.86957300 1.36136700 0.00032300
v 0.86957300 1.36136700 0.00032300
v 0.86957300 1.36136700 0.00032300
v 0.86959300 1.36131500 0.00035800
v 0.86959300 1.36131500 0.00035800
v 0.86959300 1.36131500 0.00035800
v 0.86961400 1.36125500 0.00038400
v 0.86961400 1.36125500 0.00038400
v 0.86961400 1.36125500 0.00038400
v 0.86925700 1.36124900 0.00000500
v 0.86925700 1.36124900 0.00000500
v 0.86925700 1.36124900 0.00000500
v 0.86925700 1.36124900 0.00000500
v 0.86927800 1.36124400 -0.00001600
v 0.86927800 1.36124400 -0.00001600
v 0.86927800 1.36124400 -0.00001600
v 0.86927800 1.36124400 -0.00001600
v 0.86929800 1.36124600 -0.00003700
v 0.86929800 1.36124600 -0.00003700
v 0.86929800 1.36124600 -0.00003700
v 0.86929800 1.36124600 -0.00003700
v 0.86931900 1.36125500 -0.00005900
v 0.86931900 1.36125500 -0.00005900
v 0.86931900 1.36125500 -0.00005900
v 0.86931900 1.36125500 -0.00005900
v 0.86933900 1.36127100 -0.00007800
v 0.86933900 1.36127100 -0.00007800
v 0.86933900 1.36127100 -0.00007800
v 0.86933900 1.36127100 -0.00007800
v 0.86936000 1.36129400 -0.00009300
v 0.86936000 1.36129400 -0.00009300
v 0.86936000 1.36129400 -0.00009300
v 0.86938000 1.36132200 -0.00010200
v 0.86938000 1.36132200 -0.00010200
v 0.86940100 1.36135500 -0.00010400
v 0.86940100 1.36135500 -0.00010400
v 0.86940100 1.36135500 -0.00010400
v 0.86942100 1.36139000 -0.00009800
v 0.86942100 1.36139000 -0.00009800
v 0.86942100 1.36139000 -0.00009800
v 0.86942100 1.36139000 -0.00009800
v 0.86944200 1.36142500 -0.00008300
v 0.86944200 1.36142500 -0.00008300
v 0.86944200 1.36142500 -0.00008300
v 0.86946200 1.36145900 -0.00005900
v 0.86946200 1.36145900 -0.00005900
v 0.86948300 1.36148900 -0.00002600
v 0.86948300 1.36148900 -0.00002600
v 0.86950300 1.36151300 0.00001500
v 0.86950300 1.36151300 0.00001500
v 0.86950300 1.36151300 0.00001500
v 0.86952400 1.36152900 0.00006300
v 0.86952400 1.36152900 0.00006300
v 0.86952400 1.36152900 0.00006300
v 0.86954400 1.36153600 0.00011700
v 0.86954400 1.36153600 0.00011700
v 0.86956400 1.36153100 0.00017500
v 0.86956400 1.36153100 0.00017500
v 0.86956400 1.36153100 0.00017500
v 0.86958500 1.36151500 0.00023400
v 0.86958500 1.36151500 0.00023400
v 0.86958500 1.36151500 0.00023400
v 0.86960500 1.36148600 0.00029100
v 0.86960500 1.36148600 0.00029100
v 0.86962600 1.36144500 0.00034500
v 0.86962600 1.36144500 0.00034500
v 0.86962600 1.36144500 0.00034500
v 0.86964600 1.36139200 0.00039200
v 0.86964600 1.36139200 0.00039200
v 0.86964600 1.36139200 0.00039200
v 0.86966700 1.36132800 0.00043000
v 0.86966700 1.36132800 0.00043000
v 0.86968700 1.36125500 0.00045700
v 0.86968700 1.36125500 0.00045700
v 0.86926600 1.36125100 0.00003500
v 0.86926600 1.36125100 0.00003500
v 0.86926600 1.36125100 0.00003500
v 0.86926600 1.36125100 0.00003500
v 0.86928600 1.36124100 0.00005400
v 0.86928600 1.36124100 0.00005400
v 0.86928600 1.36124100 0.00005400
v 0.86928600 1.36124100 0.00005400
v 0.86930700 1.36122400 0.00006800
v 0.86930700 1.36122400 0.00006800
v 0.86930700 1.36122400 0.00006800
v 0.86930700 1.36122400 0.00006800
v 0.86932700 1.36120200 0.00007800
v 0.86932700 1.36120200 0.00007800
v 0.86932700 1.36120200 0.00007800
v 0.86932700 1.36120200 0.00007800
v 0.86934700 1.36117600 0.00008100
v 0.86934700 1.36117600 0.00008100
v 0.86934700 1.36117600 0.00008100
v 0.86934700 1.36117600 0.00008100
v 0.86936800 1.36114800 0.00007700
v 0.86936800 1.36114800 0.00007700
v 0.86936800 1.36114800 0.00007700
v 0.86936800 1.36114800 0.00007700
v 0.86938800 1.36112000 0.00006400
v 0.86938800 1.36112000 0.00006400
v 0.86938800 1.36112000 0.00006400
v 0.86938800 1.36112000 0.00006400
v 0.86940900 1.36109400 0.00004400
v 0.86940900 1.36109400 0.00004400
v 0.86940900 1.36109400 0.00004400
v 0.86940900 1.36109400 0.00004400
v 0.86942900 1.36107100 0.00001500
v 0.86942900 1.36107100 0.00001500
v 0.86942900 1.36107100 0.00001500
v 0.86942900 1.36107100 0.00001500
v 0.86945000 1.36105300 -0.00002000
v 0.86945000 1.36105300 -0.00002000
v 0.86945000 1.36105300 -0.00002000
v 0.86945000 1.36105300 -0.00002000
v 0.86947000 1.36104300 -0.00006200
v 0.86947000 1.36104300 -0.00006200
v 0.86947000 1.36104300 -0.00006200
v 0.86947000 1.36104300 -0.00006200
v 0.86949100 1.36104200 -0.00010800
v 0.86949100 1.36104200 -0.00010800
v 0.86949100 1.36104200 -0.00010800
v 0.86949100 1.36104200 -0.00010800
v 0.86951100 1.36105100 -0.00015600
v 0.86951100 1.36105100 -0.00015600
v 0.86951100 1.36105100 -0.00015600
v 0.86951100 1.36105100 -0.00015600
v 0.86953200 1.36107100 -0.00020400
v 0.86953200 1.36107100 -0.00020400
v 0.86953200 1.36107100 -0.00020400
v 0.86953200 1.36107100 -0.00020400
v 0.86955200 1.36110100 -0.00025100
v 0.86955200 1.36110100 -0.00025100
v 0.86955200 1.36110100 -0.00025100
v 0.86955200 1.36110100 -0.00025100
v 0.86957300 1.36114300 -0.00029300
v 0.86957300 1.36114300 -0.00029300
v 0.86957300 1.36114300 -0.00029300
v 0.86959300 1.36119400 -0.00032800
v 0.86959300 1.36119400 -0.00032800
v 0.86961400 1.36125500 -0.00035300
v 0.86961400 1.36125500 -0.00035300
v 0.86963400 1.36132200 -0.00036800
v 0.86963400 1.36132200 -0.00036800
v 0.86965500 1.36139500 -0.00037000
v 0.86965500 1.36139500 -0.00037000
v 0.86967500 1.36147000 -0.00035700
v 0.86967500 1.36147000 -0.00035700
v 0.86969500 1.36154400 -0.00033000
v 0.86969500 1.36154400 -0.00033000
v 0.86969500 1.36154400 -0.00033000
v 0.86971600 1.36161600 -0.00028800
v 0.86971600 1.36161600 -0.00028800
v 0.86971600 1.36161600 -0.00028800
v 0.86973600 1.36168000 -0.00023100
v 0.86973600 1.36168000 -0.00023100
v 0.86975700 1.36173600 -0.00016000
v 0.86975700 1.36173600 -0.00016000
v 0.86977700 1.36177900 -0.00007700
v 0.86977700 1.36177900 -0.00007700
v 0.86979800 1.36180800 0.00001500
v 0.86979800 1.36180800 0.00001500
v 0.86981800 1.36181900 0.00011500
v 0.86981800 1.36181900 0.00011500
v 0.86983900 1.36181300 0.00021800
v 0.86983900 1.36181300 0.00021800
v 0.86985900 1.36178700 0.00032200
v 0.86985900 1.36178700 0.00032200
v 0.86988000 1.36174100 0.00042300
v 0.86988000 1.36174100 0.00042300
v 0.86990000 1.36167600 0.00051700
v 0.86990000 1.36167600 0.00051700
v 0.86992100 1.36159300 0.00060000
v 0.86992100 1.36159300 0.00060000
v 0.86994100 1.36149300 0.00066900
v 0.86994100 1.36149300 0.00066900
v 0.86996200 1.36137900 0.00072100
v 0.86996200 1.36137900 0.00072100
v 0.86998200 1.36125500 0.00075200
v 0.86998200 1.36125500 0.00075200
v 0.86998200 1.36125500 0.00075200
v 0.86933900 1.36123800 0.00010800
v 0.86933900 1.36123800 0.00010800
v 0.86933900 1.36123800 0.00010800
v 0.86936000 1.36121600 0.00012300
v 0.86936000 1.36121600 0.00012300
v 0.86936000 1.36121600 0.00012300
v 0.86938000 1.36118700 0.00013200
v 0.86938000 1.36118700 0.00013200
v 0.86938000 1.36118700 0.00013200
v 0.86940100 1.36115500 0.00013400
v 0.86940100 1.36115500 0.00013400
v 0.86942100 1.36112000 0.00012800
v 0.86942100 1.36112000 0.00012800
v 0.86942100 1.36112000 0.00012800
v 0.86944200 1.36108500 0.00011300
v 0.86944200 1.36108500 0.00011300
v 0.86944200 1.36108500 0.00011300
v 0.86946200 1.36105100 0.00008900
v 0.86946200 1.36105100 0.00008900
v 0.86948300 1.36102100 0.00005600
v 0.86948300 1.36102100 0.00005600
v 0.86950300 1.36099700 0.00001500
v 0.86950300 1.36099700 0.00001500
v 0.86950300 1.36099700 0.00001500
v 0.86952400 1.36098100 -0.00003300
v 0.86952400 1.36098100 -0.00003300
v 0.86952400 1.36098100 -0.00003300
v 0.86954400 1.36097400 -0.00008700
v 0.86954400 1.36097400 -0.00008700
v 0.86956400 1.36097800 -0.00014500
v 0.86956400 1.36097800 -0.00014500
v 0.86958500 1.36099400 -0.00020300
v 0.86958500 1.36099400 -0.00020300
v 0.86960500 1.36102300 -0.00026100
v 0.86960500 1.36102300 -0.00026100
v 0.86962600 1.36106400 -0.00031500
v 0.86962600 1.36106400 -0.00031500
v 0.86962600 1.36106400 -0.00031500
v 0.86964600 1.36111800 -0.00036200
v 0.86964600 1.36111800 -0.00036200
v 0.86964600 1.36111800 -0.00036200
v 0.86966700 1.36118200 -0.00040000
v 0.86966700 1.36118200 -0.00040000
v 0.86968700 1.36125500 -0.00042700
v 0.86968700 1.36125500 -0.00042700
v 0.86970800 1.36133500 -0.00044100
v 0.86970800 1.36133500 -0.00044100
v 0.86972800 1.36142000 -0.00043900
v 0.86972800 1.36142000 -0.00043900
v 0.86974900 1.36150700 -0.00042100
v 0.86974900 1.36150700 -0.00042100
v 0.86976900 1.36159200 -0.00038600
v 0.86976900 1.36159200 -0.00038600
v 0.86979000 1.36167200 -0.00033500
v 0.86979000 1.36167200 -0.00033500
v 0.86981000 1.36174400 -0.00026700
v 0.86981000 1.36174400 -0.00026700
v 0.86983100 1.36180500 -0.00018500
v 0.86983100 1.36180500 -0.00018500
v 0.86985100 1.36185200 -0.00009000
v 0.86985100 1.36185200 -0.00009000
v 0.86987200 1.36188100 0.00001500
v 0.86987200 1.36188100 0.00001500
v 0.86989200 1.36189200 0.00012700
v 0.86989200 1.36189200 0.00012700
v 0.86991300 1.36188200 0.00024300
v 0.86991300 1.36188200 0.00024300
v 0.86993300 1.36185100 0.00035900
v 0.86993300 1.36185100 0.00035900
v 0.86995300 1.36179700 0.00047000
v 0.86995300 1.36179700 0.00047000
v 0.86997400 1.36172300 0.00057300
v 0.86997400 1.36172300 0.00057300
v 0.86997400 1.36172300 0.00057300
v 0.86998200 1.36162300 0.00065300
v 0.86998200 1.36162300 0.00065300
v 0.86998200 1.36162300 0.00065300
v 0.86998200 1.36162300 0.00065300
v 0.86998200 1.36150700 0.00070800
v 0.86998200 1.36150700 0.00070800
v 0.86998200 1.36150700 0.00070800
v 0.86998200 1.36138300 0.00074100
v 0.86998200 1.36138300 0.00074100
v 0.86998200 1.36138300 0.00074100
v 0.86963400 1.36118700 0.00039800
v 0.86963400 1.36118700 0.00039800
v 0.86965500 1.36111500 0.00040000
v 0.86965500 1.36111500 0.00040000
v 0.86967500 1.36104000 0.00038700
v 0.86967500 1.36104000 0.00038700
v 0.86969500 1.36096500 0.00036000
v 0.86969500 1.36096500 0.00036000
v 0.86971600 1.36089400 0.00031800
v 0.86971600 1.36089400 0.00031800
v 0.86973600 1.36082900 0.00026100
v 0.86973600 1.36082900 0.00026100
v 0.86975700 1.36077400 0.00019000
v 0.86975700 1.36077400 0.00019000
v 0.86977700 1.36073100 0.00010800
v 0.86977700 1.36073100 0.00010800
v 0.86979800 1.36070200 0.00001500
v 0.86979800 1.36070200 0.00001500
v 0.86981800 1.36069000 -0.00008400
v 0.86981800 1.36069000 -0.00008400
v 0.86983900 1.36069700 -0.00018800
v 0.86983900 1.36069700 -0.00018800
v 0.86985900 1.36072300 -0.00029200
v 0.86985900 1.36072300 -0.00029200
v 0.86988000 1.36076900 -0.00039300
v 0.86988000 1.36076900 -0.00039300
v 0.86990000 1.36083400 -0.00048700
v 0.86990000 1.36083400 -0.00048700
v 0.86992100 1.36091700 -0.00057000
v 0.86992100 1.36091700 -0.00057000
v 0.86994100 1.36101700 -0.00063900
v 0.86994100 1.36101700 -0.00063900
v 0.86996200 1.36113000 -0.00069100
v 0.86996200 1.36113000 -0.00069100
v 0.86998200 1.36125500 -0.00072200
v 0.86998200 1.36125500 -0.00072200
v 0.86998200 1.36125500 -0.00072200
v 0.86998200 1.36138300 -0.00071100
v 0.86998200 1.36138300 -0.00071100
v 0.86998200 1.36138300 -0.00071100
v 0.86998200 1.36150700 -0.00067700
v 0.86998200 1.36150700 -0.00067700
v 0.86998200 1.36150700 -0.00067700
v 0.86998200 1.36162300 -0.00062300
v 0.86998200 1.36162300 -0.00062300
v 0.86998200 1.36162300 -0.00062300
v 0.86998200 1.36172900 -0.00054900
v 0.86998200 1.36172900 -0.00054900
v 0.86998200 1.36172900 -0.00054900
v 0.86998200 1.36181900 -0.00045900
v 0.86998200 1.36181900 -0.00045900
v 0.86998200 1.36181900 -0.00045900
v 0.86998200 1.36189300 -0.00035300
v 0.86998200 1.36189300 -0.00035300
v 0.86998200 1.36189300 -0.00035300
v 0.86998200 1.36194700 -0.00023700
v 0.86998200 1.36194700 -0.00023700
v 0.86998200 1.36194700 -0.00023700
v 0.86998200 1.36198100 -0.00011300
v 0.86998200 1.36198100 -0.00011300
v 0.86998200 1.36198100 -0.00011300
v 0.86998200 1.36199200 0.00001500
v 0.86998200 1.36199200 0.00001500
v 0.86998200 1.36199200 0.00001500
v 0.86998200 1.36198100 0.00014300
v 0.86998200 1.36198100 0.00014300
v 0.86998200 1.36198100 0.00014300
v 0.86998200 1.36194700 0.00026700
v 0.86998200 1.36194700 0.00026700
v 0.86998200 1.36194700 0.00026700
v 0.86998200 1.36189300 0.00038400
v 0.86998200 1.36189300 0.00038400
v 0.86998200 1.36189300 0.00038400
v 0.86998200 1.36181900 0.00048900
v 0.86998200 1.36181900 0.00048900
v 0.86998200 1.36181900 0.00048900
v 0.86998200 1.36172900 0.00058000
v 0.86998200 1.36172900 0.00058000
v 0.86998200 1.36172900 0.00058000
v 0.86970800 1.36117400 0.00047100
v 0.86970800 1.36117400 0.00047100
v 0.86972800 1.36109000 0.00046900
v 0.86972800 1.36109000 0.00046900
v 0.86974900 1.36100300 0.00045100
v 0.86974900 1.36100300 0.00045100
v 0.86976900 1.36091800 0.00041700
v 0.86976900 1.36091800 0.00041700
v 0.86979000 1.36083800 0.00036500
v 0.86979000 1.36083800 0.00036500
v 0.86981000 1.36076500 0.00029800
v 0.86981000 1.36076500 0.00029800
v 0.86983100 1.36070500 0.00021500
v 0.86983100 1.36070500 0.00021500
v 0.86985100 1.36065800 0.00012000
v 0.86985100 1.36065800 0.00012000
v 0.86987200 1.36062800 0.00001500
v 0.86987200 1.36062800 0.00001500
v 0.86989200 1.36061800 -0.00009700
v 0.86989200 1.36061800 -0.00009700
v 0.86991300 1.36062800 -0.00021300
v 0.86991300 1.36062800 -0.00021300
v 0.86993300 1.36065900 -0.00032900
v 0.86993300 1.36065900 -0.00032900
v 0.86995300 1.36071200 -0.00044000
v 0.86995300 1.36071200 -0.00044000
v 0.86995300 1.36071200 -0.00044000
v 0.86997400 1.36078600 -0.00054300
v 0.86997400 1.36078600 -0.00054300
v 0.86997400 1.36078600 -0.00054300
v 0.86997400 1.36078600 -0.00054300
v 0.86998200 1.36088600 -0.00062300
v 0.86998200 1.36088600 -0.00062300
v 0.86998200 1.36088600 -0.00062300
v 0.86998200 1.36088600 -0.00062300
v 0.86998200 1.36100300 -0.00067700
v 0.86998200 1.36100300 -0.00067700
v 0.86998200 1.36100300 -0.00067700
v 0.86998200 1.36112700 -0.00071100
v 0.86998200 1.36112700 -0.00071100
v 0.86998200 1.36112700 -0.00071100
v 0.86998200 1.36112700 0.00074100
v 0.86998200 1.36112700 0.00074100
v 0.86998200 1.36112700 0.00074100
v 0.86998200 1.36112700 0.00074100
v 0.86998200 1.36100300 0.00070800
v 0.86998200 1.36100300 0.00070800
v 0.86998200 1.36100300 0.00070800
v 0.86998200 1.36088600 0.00065300
v 0.86998200 1.36088600 0.00065300
v 0.86998200 1.36088600 0.00065300
v 0.86998200 1.36088600 0.00065300
v 0.86998200 1.36078100 0.00058000
v 0.86998200 1.36078100 0.00058000
v 0.86998200 1.36078100 0.00058000
v 0.86998200 1.36069000 0.00048900
v 0.86998200 1.36069000 0.00048900
v 0.86998200 1.36069000 0.00048900
v 0.86998200 1.36061700 0.00038400
v 0.86998200 1.36061700 0.00038400
v 0.86998200 1.36061700 0.00038400
v 0.86998200 1.36056200 0.00026700
v 0.86998200 1.36056200 0.00026700
v 0.86998200 1.36056200 0.00026700
v 0.86998200 1.36052900 0.00014300
v 0.86998200 1.36052900 0.00014300
v 0.86998200 1.36052900 0.00014300
v 0.86998200 1.36051800 0.00001500
v 0.86998200 1.36051800 0.00001500
v 0.86998200 1.36051800 0.00001500
v 0.86998200 1.36052900 -0.00011300
v 0.86998200 1.36052900 -0.00011300
v 0.86998200 1.36052900 -0.00011300
v 0.86998200 1.36056200 -0.00023700
v 0.86998200 1.36056200 -0.00023700
v 0.86998200 1.36056200 -0.00023700
v 0.86998200 1.36061700 -0.00035300
v 0.86998200 1.36061700 -0.00035300
v 0.86998200 1.36061700 -0.00035300
v 0.86998200 1.36069000 -0.00045900
v 0.86998200 1.36069000 -0.00045900
v 0.86998200 1.36069000 -0.00045900
v 0.86998200 1.36078100 -0.00054900
v 0.86998200 1.36078100 -0.00054900
v 0.86998200 1.36078100 -0.00054900
v 0.01067900 1.37822400 -0.86231200
v 0.01067900 1.37822400 -0.86231200
v 0.01067900 1.37822400 -0.86231200
v 0.01067900 1.37822400 -0.86231200
v 0.01067900 1.37822400 -0.86231200
v 0.01067900 1.37822400 -0.86231200
v 0.01067900 1.37822400 -0.86231200
v 0.01067900 1.37822400 -0.86231200
v 0.01067900 1.37822400 -0.86231200
v 0.01067900 1.37822400 -0.86231200
v 0.01340900 1.37873400 -0.86205200
v 0.01340900 1.37873400 -0.86205200
v 0.01340900 1.37873400 -0.86205200
v 0.01067900 1.37897300 -0.86205200
v 0.01067900 1.37897300 -0.86205200
v 0.01067900 1.37897300 -0.86205200
v 0.01605700 1.37802400 -0.86205200
v 0.01605700 1.37802400 -0.86205200
v 0.01605700 1.37802400 -0.86205200
v 0.01854100 1.37686600 -0.86205200
v 0.01854100 1.37686600 -0.86205200
v 0.01854100 1.37686600 -0.86205200
v 0.01854100 1.37686600 -0.86205200
v 0.02364800 1.37073600 -0.86231200
v 0.02364800 1.37073600 -0.86231200
v 0.02364800 1.37073600 -0.86231200
v 0.02364800 1.37073600 -0.86231200
v 0.02364800 1.37073600 -0.86231200
v 0.02364800 1.37073600 -0.86231200
v 0.02364800 1.37073600 -0.86231200
v 0.02364800 1.37073600 -0.86231200
v 0.02364800 1.37073600 -0.86231200
v 0.02364800 1.37073600 -0.86231200
v 0.02078600 1.37529400 -0.86205200
v 0.02078600 1.37529400 -0.86205200
v 0.02078600 1.37529400 -0.86205200
v 0.02272400 1.37335600 -0.86205200
v 0.02272400 1.37335600 -0.86205200
v 0.02272400 1.37335600 -0.86205200
v 0.02429600 1.37111100 -0.86205200
v 0.02429600 1.37111100 -0.86205200
v 0.02429600 1.37111100 -0.86205200
v 0.02545500 1.36862700 -0.86205200
v 0.02545500 1.36862700 -0.86205200
v 0.02545500 1.36862700 -0.86205200
v 0.02616400 1.36597900 -0.86205200
v 0.02616400 1.36597900 -0.86205200
v 0.02616400 1.36597900 -0.86205200
v 0.02640300 1.36324900 -0.86205200
v 0.02640300 1.36324900 -0.86205200
v 0.02640300 1.36324900 -0.86205200
v 0.02640300 1.36324900 -0.86205200
v 0.02364800 1.35576100 -0.86231200
v 0.02364800 1.35576100 -0.86231200
v 0.02364800 1.35576100 -0.86231200
v 0.02364800 1.35576100 -0.86231200
v 0.02364800 1.35576100 -0.86231200
v 0.02364800 1.35576100 -0.86231200
v 0.02364800 1.35576100 -0.86231200
v 0.02364800 1.35576100 -0.86231200
v 0.02364800 1.35576100 -0.86231200
v 0.02364800 1.35576100 -0.86231200
v 0.02616400 1.36051800 -0.86205200
v 0.02616400 1.36051800 -0.86205200
v 0.02616400 1.36051800 -0.86205200
v 0.02545500 1.35787100 -0.86205200
v 0.02545500 1.35787100 -0.86205200
v 0.02545500 1.35787100 -0.86205200
v 0.02429600 1.35538600 -0.86205200
v 0.02429600 1.35538600 -0.86205200
v 0.02429600 1.35538600 -0.86205200
v 0.02272400 1.35314100 -0.86205200
v 0.02272400 1.35314100 -0.86205200
v 0.02272400 1.35314100 -0.86205200
v 0.02078600 1.35120300 -0.86205200
v 0.02078600 1.35120300 -0.86205200
v 0.02078600 1.35120300 -0.86205200
v 0.01854100 1.34963100 -0.86205200
v 0.01854100 1.34963100 -0.86205200
v 0.01854100 1.34963100 -0.86205200
v 0.01854100 1.34963100 -0.86205200
v 0.01067900 1.34827300 -0.86231200
v 0.01067900 1.34827300 -0.86231200
v 0.01067900 1.34827300 -0.86231200
v 0.01067900 1.34827300 -0.86231200
v 0.01067900 1.34827300 -0.86231200
v 0.01067900 1.34827300 -0.86231200
v 0.01067900 1.34827300 -0.86231200
v 0.01067900 1.34827300 -0.86231200
v 0.01067900 1.34827300 -0.86231200
v 0.01067900 1.34827300 -0.86231200
v 0.01605700 1.34847300 -0.86205200
v 0.01605700 1.34847300 -0.86205200
v 0.01605700 1.34847300 -0.86205200
v 0.01340900 1.34776300 -0.86205200
v 0.01340900 1.34776300 -0.86205200
v 0.01340900 1.34776300 -0.86205200
v 0.01067900 1.34752400 -0.86205200
v 0.01067900 1.34752400 -0.86205200
v 0.01067900 1.34752400 -0.86205200
v 0.01067900 1.37822400 -0.86939200
v 0.01067900 1.37822400 -0.86939200
v 0.01067900 1.37822400 -0.86939200
v 0.02364800 1.37073600 -0.86939200
v 0.02364800 1.37073600 -0.86939200
v 0.02364800 1.37073600 -0.86939200
v 0.02364800 1.35576100 -0.86939200
v 0.02364800 1.35576100 -0.86939200
v 0.02364800 1.35576100 -0.86939200
v 0.01067900 1.34827300 -0.86939200
v 0.01067900 1.34827300 -0.86939200
v 0.01067900 1.34827300 -0.86939200
v 0.00794800 1.37873400 -0.86205200
v 0.00794800 1.37873400 -0.86205200
v 0.00794800 1.37873400 -0.86205200
v 0.00530100 1.37802400 -0.86205200
v 0.00530100 1.37802400 -0.86205200
v 0.00530100 1.37802400 -0.86205200
v 0.00281700 1.37686600 -0.86205200
v 0.00281700 1.37686600 -0.86205200
v 0.00281700 1.37686600 -0.86205200
v 0.00281700 1.37686600 -0.86205200
v -0.00229000 1.37073600 -0.86231200
v -0.00229000 1.37073600 -0.86231200
v -0.00229000 1.37073600 -0.86231200
v -0.00229000 1.37073600 -0.86231200
v -0.00229000 1.37073600 -0.86231200
v -0.00229000 1.37073600 -0.86231200
v -0.00229000 1.37073600 -0.86231200
v -0.00229000 1.37073600 -0.86231200
v -0.00229000 1.37073600 -0.86231200
v -0.00229000 1.37073600 -0.86231200
v 0.00057100 1.37529400 -0.86205200
v 0.00057100 1.37529400 -0.86205200
v 0.00057100 1.37529400 -0.86205200
v -0.00136700 1.37335600 -0.86205200
v -0.00136700 1.37335600 -0.86205200
v -0.00136700 1.37335600 -0.86205200
v -0.00293900 1.37111100 -0.86205200
v -0.00293900 1.37111100 -0.86205200
v -0.00293900 1.37111100 -0.86205200
v -0.00409700 1.36862700 -0.86205200
v -0.00409700 1.36862700 -0.86205200
v -0.00409700 1.36862700 -0.86205200
v -0.00480700 1.36597900 -0.86205200
v -0.00480700 1.36597900 -0.86205200
v -0.00480700 1.36597900 -0.86205200
v -0.00504500 1.36324900 -0.86205200
v -0.00504500 1.36324900 -0.86205200
v -0.00504500 1.36324900 -0.86205200
v -0.00504500 1.36324900 -0.86205200
v -0.00229000 1.35576100 -0.86231200
v -0.00229000 1.35576100 -0.86231200
v -0.00229000 1.35576100 -0.86231200
v -0.00229000 1.35576100 -0.86231200
v -0.00229000 1.35576100 -0.86231200
v -0.00229000 1.35576100 -0.86231200
v -0.00229000 1.35576100 -0.86231200
v -0.00229000 1.35576100 -0.86231200
v -0.00229000 1.35576100 -0.86231200
v -0.00229000 1.35576100 -0.86231200
v -0.00480700 1.36051800 -0.86205200
v -0.00480700 1.36051800 -0.86205200
v -0.00480700 1.36051800 -0.86205200
v -0.00409700 1.35787100 -0.86205200
v -0.00409700 1.35787100 -0.86205200
v -0.00409700 1.35787100 -0.86205200
v -0.00293900 1.35538600 -0.86205200
v -0.00293900 1.35538600 -0.86205200
v -0.00293900 1.35538600 -0.86205200
v -0.00136700 1.35314100 -0.86205200
v -0.00136700 1.35314100 -0.86205200
v -0.00136700 1.35314100 -0.86205200
v 0.00057100 1.35120300 -0.86205200
v 0.00057100 1.35120300 -0.86205200
v 0.00057100 1.35120300 -0.86205200
v 0.00281700 1.34963100 -0.86205200
v 0.00281700 1.34963100 -0.86205200
v 0.00281700 1.34963100 -0.86205200
v 0.00281700 1.34963100 -0.86205200
v 0.00530100 1.34847300 -0.86205200
v 0.00530100 1.34847300 -0.86205200
v 0.00530100 1.34847300 -0.86205200
v 0.00794800 1.34776300 -0.86205200
v 0.00794800 1.34776300 -0.86205200
v 0.00794800 1.34776300 -0.86205200
v -0.00229000 1.37073600 -0.86939200
v -0.00229000 1.37073600 -0.86939200
v -0.00229000 1.37073600 -0.86939200
v -0.00229000 1.35576100 -0.86939200
v -0.00229000 1.35576100 -0.86939200
v -0.00229000 1.35576100 -0.86939200
v 0.01438000 1.38424000 -0.86205200
v 0.01438000 1.38424000 -0.86205200
v 0.01438000 1.38424000 -0.86205200
v 0.01067900 1.38456300 -0.86205200
v 0.01067900 1.38456300 -0.86205200
v 0.01067900 1.38456300 -0.86205200
v 0.01796900 1.38327800 -0.86205200
v 0.01796900 1.38327800 -0.86205200
v 0.01796900 1.38327800 -0.86205200
v 0.02133600 1.38170800 -0.86205200
v 0.02133600 1.38170800 -0.86205200
v 0.02133600 1.38170800 -0.86205200
v 0.01446100 1.38469700 -0.86251700
v 0.01446100 1.38469700 -0.86251700
v 0.01446100 1.38469700 -0.86251700
v 0.01067900 1.38469700 -0.86218600
v 0.01067900 1.38469700 -0.86218600
v 0.01067900 1.38469700 -0.86218600
v 0.01848500 1.38469700 -0.86356300
v 0.01848500 1.38469700 -0.86356300
v 0.01848500 1.38469700 -0.86356300
v 0.02306200 1.38469700 -0.86550500
v 0.02306200 1.38469700 -0.86550500
v 0.02306200 1.38469700 -0.86550500
v 0.02306200 1.38469700 -0.86550500
v 0.01446100 1.38469700 -0.86550500
v 0.01067900 1.38469700 -0.86550500
v 0.01848500 1.38469700 -0.86550500
v 0.01446100 1.38469700 -0.87297200
v 0.01446100 1.38469700 -0.87297200
v 0.01067900 1.38469700 -0.87297200
v 0.01067900 1.38469700 -0.87297200
v 0.01067900 1.38469700 -0.87297200
v 0.01067900 1.38469700 -0.87297200
v 0.01848500 1.38469700 -0.87297200
v 0.01848500 1.38469700 -0.87297200
v 0.02306200 1.38469700 -0.87297200
v 0.02306200 1.38469700 -0.87297200
v 0.02306200 1.38469700 -0.87297200
v 0.01440300 1.38437200 -0.87297200
v 0.01440300 1.38437200 -0.87297200
v 0.01440300 1.38437200 -0.87297200
v 0.01801500 1.38340400 -0.87297200
v 0.01801500 1.38340400 -0.87297200
v 0.01801500 1.38340400 -0.87297200
v 0.02140300 1.38182400 -0.87297200
v 0.02140300 1.38182400 -0.87297200
v 0.02140300 1.38182400 -0.87297200
v 0.01440300 1.38437200 -0.87310600
v 0.01440300 1.38437200 -0.87310600
v 0.01440300 1.38437200 -0.87310600
v 0.01067900 1.38469700 -0.87310600
v 0.01067900 1.38469700 -0.87310600
v 0.01067900 1.38469700 -0.87310600
v 0.01801500 1.38340400 -0.87310600
v 0.01801500 1.38340400 -0.87310600
v 0.01801500 1.38340400 -0.87310600
v 0.02140300 1.38182400 -0.87310600
v 0.02140300 1.38182400 -0.87310600
v 0.02140300 1.38182400 -0.87310600
v 0.01576900 1.39211800 -0.87310600
v 0.01576900 1.39211800 -0.87310600
v 0.01576900 1.39211800 -0.87310600
v 0.01067900 1.39256300 -0.87310600
v 0.01067900 1.39256300 -0.87310600
v 0.01067900 1.39256300 -0.87310600
v 0.02070500 1.39079500 -0.87310600
v 0.02070500 1.39079500 -0.87310600
v 0.02070500 1.39079500 -0.87310600
v 0.02533600 1.38863600 -0.87310600
v 0.02533600 1.38863600 -0.87310600
v 0.02533600 1.38863600 -0.87310600
v 0.01574600 1.39198600 -0.87324000
v 0.01574600 1.39198600 -0.87324000
v 0.01574600 1.39198600 -0.87324000
v 0.01574600 1.39198600 -0.87324000
v 0.01067900 1.39242900 -0.87324000
v 0.01067900 1.39242900 -0.87324000
v 0.01067900 1.39242900 -0.87324000
v 0.01067900 1.39242900 -0.87324000
v 0.02065900 1.39066900 -0.87324000
v 0.02065900 1.39066900 -0.87324000
v 0.02065900 1.39066900 -0.87324000
v 0.02065900 1.39066900 -0.87324000
v 0.02526900 1.38852000 -0.87324000
v 0.02526900 1.38852000 -0.87324000
v 0.02526900 1.38852000 -0.87324000
v 0.02526900 1.38852000 -0.87324000
v 0.00697700 1.38424000 -0.86205200
v 0.00697700 1.38424000 -0.86205200
v 0.00697700 1.38424000 -0.86205200
v 0.00338900 1.38327800 -0.86205200
v 0.00338900 1.38327800 -0.86205200
v 0.00338900 1.38327800 -0.86205200
v 0.00002100 1.38170800 -0.86205200
v 0.00002100 1.38170800 -0.86205200
v 0.00002100 1.38170800 -0.86205200
v 0.00689700 1.38469700 -0.86251700
v 0.00689700 1.38469700 -0.86251700
v 0.00689700 1.38469700 -0.86251700
v 0.00287200 1.38469700 -0.86356300
v 0.00287200 1.38469700 -0.86356300
v 0.00287200 1.38469700 -0.86356300
v -0.00170500 1.38469700 -0.86550500
v -0.00170500 1.38469700 -0.86550500
v -0.00170500 1.38469700 -0.86550500
v -0.00170500 1.38469700 -0.86550500
v 0.00689700 1.38469700 -0.86550500
v 0.00287200 1.38469700 -0.86550500
v 0.00689700 1.38469700 -0.87297200
v 0.00689700 1.38469700 -0.87297200
v 0.00287200 1.38469700 -0.87297200
v 0.00287200 1.38469700 -0.87297200
v -0.00170500 1.38469700 -0.87297200
v -0.00170500 1.38469700 -0.87297200
v -0.00170500 1.38469700 -0.87297200
v 0.00695400 1.38437200 -0.87297200
v 0.00695400 1.38437200 -0.87297200
v 0.00695400 1.38437200 -0.87297200
v 0.00334300 1.38340400 -0.87297200
v 0.00334300 1.38340400 -0.87297200
v 0.00334300 1.38340400 -0.87297200
v -0.00004600 1.38182400 -0.87297200
v -0.00004600 1.38182400 -0.87297200
v -0.00004600 1.38182400 -0.87297200
v 0.00695400 1.38437200 -0.87310600
v 0.00695400 1.38437200 -0.87310600
v 0.00695400 1.38437200 -0.87310600
v 0.00334300 1.38340400 -0.87310600
v 0.00334300 1.38340400 -0.87310600
v 0.00334300 1.38340400 -0.87310600
v -0.00004600 1.38182400 -0.87310600
v -0.00004600 1.38182400 -0.87310600
v -0.00004600 1.38182400 -0.87310600
v 0.00558800 1.39211800 -0.87310600
v 0.00558800 1.39211800 -0.87310600
v 0.00558800 1.39211800 -0.87310600
v 0.00065300 1.39079500 -0.87310600
v 0.00065300 1.39079500 -0.87310600
v 0.00065300 1.39079500 -0.87310600
v -0.00397900 1.38863600 -0.87310600
v -0.00397900 1.38863600 -0.87310600
v -0.00397900 1.38863600 -0.87310600
v 0.00561200 1.39198600 -0.87324000
v 0.00561200 1.39198600 -0.87324000
v 0.00561200 1.39198600 -0.87324000
v 0.00561200 1.39198600 -0.87324000
v 0.00069800 1.39066900 -0.87324000
v 0.00069800 1.39066900 -0.87324000
v 0.00069800 1.39066900 -0.87324000
v 0.00069800 1.39066900 -0.87324000
v -0.00391200 1.38852000 -0.87324000
v -0.00391200 1.38852000 -0.87324000
v -0.00391200 1.38852000 -0.87324000
v -0.00391200 1.38852000 -0.87324000
v -0.00564900 1.37695000 -0.86205200
v -0.00564900 1.37695000 -0.86205200
v -0.00564900 1.37695000 -0.86205200
v -0.00778000 1.37390600 -0.86205200
v -0.00778000 1.37390600 -0.86205200
v -0.00778000 1.37390600 -0.86205200
v -0.00302200 1.37957700 -0.86205200
v -0.00302200 1.37957700 -0.86205200
v -0.00302200 1.37957700 -0.86205200
v -0.00600600 1.37724800 -0.86251700
v -0.00600600 1.37724800 -0.86251700
v -0.00600600 1.37724800 -0.86251700
v -0.00789700 1.37397300 -0.86218600
v -0.00789700 1.37397300 -0.86218600
v -0.00789700 1.37397300 -0.86218600
v -0.00399300 1.38073400 -0.86356300
v -0.00399300 1.38073400 -0.86356300
v -0.00399300 1.38073400 -0.86356300
v -0.00600600 1.37724800 -0.86550500
v -0.00789700 1.37397300 -0.86550500
v -0.00399300 1.38073400 -0.86550500
v -0.00600600 1.37724800 -0.87297200
v -0.00600600 1.37724800 -0.87297200
v -0.00789700 1.37397300 -0.87297200
v -0.00789700 1.37397300 -0.87297200
v -0.00789700 1.37397300 -0.87297200
v -0.00789700 1.37397300 -0.87297200
v -0.00399300 1.38073400 -0.87297200
v -0.00399300 1.38073400 -0.87297200
v -0.00575200 1.37703600 -0.87297200
v -0.00575200 1.37703600 -0.87297200
v -0.00575200 1.37703600 -0.87297200
v -0.00310800 1.37967900 -0.87297200
v -0.00310800 1.37967900 -0.87297200
v -0.00310800 1.37967900 -0.87297200
v -0.00575200 1.37703600 -0.87310600
v -0.00575200 1.37703600 -0.87310600
v -0.00575200 1.37703600 -0.87310600
v -0.00789700 1.37397300 -0.87310600
v -0.00789700 1.37397300 -0.87310600
v -0.00789700 1.37397300 -0.87310600
v -0.00310800 1.37967900 -0.87310600
v -0.00310800 1.37967900 -0.87310600
v -0.00310800 1.37967900 -0.87310600
v -0.01177800 1.38209200 -0.87310600
v -0.01177800 1.38209200 -0.87310600
v -0.01177800 1.38209200 -0.87310600
v -0.01470800 1.37790600 -0.87310600
v -0.01470800 1.37790600 -0.87310600
v -0.01470800 1.37790600 -0.87310600
v -0.00816400 1.38570500 -0.87310600
v -0.00816400 1.38570500 -0.87310600
v -0.00816400 1.38570500 -0.87310600
v -0.01167500 1.38200500 -0.87324000
v -0.01167500 1.38200500 -0.87324000
v -0.01167500 1.38200500 -0.87324000
v -0.01167500 1.38200500 -0.87324000
v -0.01459200 1.37783900 -0.87324000
v -0.01459200 1.37783900 -0.87324000
v -0.01459200 1.37783900 -0.87324000
v -0.01459200 1.37783900 -0.87324000
v -0.00807800 1.38560200 -0.87324000
v -0.00807800 1.38560200 -0.87324000
v -0.00807800 1.38560200 -0.87324000
v -0.00807800 1.38560200 -0.87324000
v -0.00935100 1.37053900 -0.86205200
v -0.00935100 1.37053900 -0.86205200
v -0.00935100 1.37053900 -0.86205200
v -0.01031200 1.36695000 -0.86205200
v -0.01031200 1.36695000 -0.86205200
v -0.01031200 1.36695000 -0.86205200
v -0.01063600 1.36324900 -0.86205200
v -0.01063600 1.36324900 -0.86205200
v -0.01063600 1.36324900 -0.86205200
v -0.00978800 1.37069800 -0.86251700
v -0.00978800 1.37069800 -0.86251700
v -0.00978800 1.37069800 -0.86251700
v -0.01180000 1.36721200 -0.86356300
v -0.01180000 1.36721200 -0.86356300
v -0.01180000 1.36721200 -0.86356300
v -0.01408800 1.36324900 -0.86550500
v -0.01408800 1.36324900 -0.86550500
v -0.01408800 1.36324900 -0.86550500
v -0.01408800 1.36324900 -0.86550500
v -0.00978800 1.37069800 -0.86550500
v -0.01180000 1.36721200 -0.86550500
v -0.00978800 1.37069800 -0.87297200
v -0.00978800 1.37069800 -0.87297200
v -0.01180000 1.36721200 -0.87297200
v -0.01180000 1.36721200 -0.87297200
v -0.01408800 1.36324900 -0.87297200
v -0.01408800 1.36324900 -0.87297200
v -0.01408800 1.36324900 -0.87297200
v -0.00947700 1.37058400 -0.87297200
v -0.00947700 1.37058400 -0.87297200
v -0.00947700 1.37058400 -0.87297200
v -0.01044400 1.36697300 -0.87297200
v -0.01044400 1.36697300 -0.87297200
v -0.01044400 1.36697300 -0.87297200
v -0.01077000 1.36324900 -0.87297200
v -0.01077000 1.36324900 -0.87297200
v -0.01077000 1.36324900 -0.87297200
v -0.00947700 1.37058400 -0.87310600
v -0.00947700 1.37058400 -0.87310600
v -0.00947700 1.37058400 -0.87310600
v -0.01044400 1.36697300 -0.87310600
v -0.01044400 1.36697300 -0.87310600
v -0.01044400 1.36697300 -0.87310600
v -0.01077000 1.36324900 -0.87310600
v -0.01077000 1.36324900 -0.87310600
v -0.01077000 1.36324900 -0.87310600
v -0.01686800 1.37327500 -0.87310600
v -0.01686800 1.37327500 -0.87310600
v -0.01686800 1.37327500 -0.87310600
v -0.01819000 1.36833900 -0.87310600
v -0.01819000 1.36833900 -0.87310600
v -0.01819000 1.36833900 -0.87310600
v -0.01863600 1.36324900 -0.87310600
v -0.01863600 1.36324900 -0.87310600
v -0.01863600 1.36324900 -0.87310600
v -0.01674200 1.37322900 -0.87324000
v -0.01674200 1.37322900 -0.87324000
v -0.01674200 1.37322900 -0.87324000
v -0.01674200 1.37322900 -0.87324000
v -0.01805800 1.36831600 -0.87324000
v -0.01805800 1.36831600 -0.87324000
v -0.01805800 1.36831600 -0.87324000
v -0.01805800 1.36831600 -0.87324000
v -0.01850200 1.36324900 -0.87324000
v -0.01850200 1.36324900 -0.87324000
v -0.01850200 1.36324900 -0.87324000
v -0.01850200 1.36324900 -0.87324000
v -0.00935100 1.35595800 -0.86205200
v -0.00935100 1.35595800 -0.86205200
v -0.00935100 1.35595800 -0.86205200
v -0.00778000 1.35259100 -0.86205200
v -0.00778000 1.35259100 -0.86205200
v -0.00778000 1.35259100 -0.86205200
v -0.01031200 1.35954700 -0.86205200
v -0.01031200 1.35954700 -0.86205200
v -0.01031200 1.35954700 -0.86205200
v -0.00978800 1.35579900 -0.86251700
v -0.00978800 1.35579900 -0.86251700
v -0.00978800 1.35579900 -0.86251700
v -0.00789700 1.35252400 -0.86218600
v -0.00789700 1.35252400 -0.86218600
v -0.00789700 1.35252400 -0.86218600
v -0.01180000 1.35928500 -0.86356300
v -0.01180000 1.35928500 -0.86356300
v -0.01180000 1.35928500 -0.86356300
v -0.00978800 1.35579900 -0.86550500
v -0.00789700 1.35252400 -0.86550500
v -0.01180000 1.35928500 -0.86550500
v -0.00978800 1.35579900 -0.87297200
v -0.00978800 1.35579900 -0.87297200
v -0.00789700 1.35252400 -0.87297200
v -0.00789700 1.35252400 -0.87297200
v -0.00789700 1.35252400 -0.87297200
v -0.00789700 1.35252400 -0.87297200
v -0.01180000 1.35928500 -0.87297200
v -0.01180000 1.35928500 -0.87297200
v -0.00947700 1.35591300 -0.87297200
v -0.00947700 1.35591300 -0.87297200
v -0.00947700 1.35591300 -0.87297200
v -0.01044400 1.35952400 -0.87297200
v -0.01044400 1.35952400 -0.87297200
v -0.01044400 1.35952400 -0.87297200
v -0.00947700 1.35591300 -0.87310600
v -0.00947700 1.35591300 -0.87310600
v -0.00947700 1.35591300 -0.87310600
v -0.00789700 1.35252400 -0.87310600
v -0.00789700 1.35252400 -0.87310600
v -0.00789700 1.35252400 -0.87310600
v -0.01044400 1.35952400 -0.87310600
v -0.01044400 1.35952400 -0.87310600
v -0.01044400 1.35952400 -0.87310600
v -0.01686800 1.35322200 -0.87310600
v -0.01686800 1.35322200 -0.87310600
v -0.01686800 1.35322200 -0.87310600
v -0.01470800 1.34859100 -0.87310600
v -0.01470800 1.34859100 -0.87310600
v -0.01470800 1.34859100 -0.87310600
v -0.01819000 1.35815800 -0.87310600
v -0.01819000 1.35815800 -0.87310600
v -0.01819000 1.35815800 -0.87310600
v -0.01674200 1.35326800 -0.87324000
v -0.01674200 1.35326800 -0.87324000
v -0.01674200 1.35326800 -0.87324000
v -0.01674200 1.35326800 -0.87324000
v -0.01459200 1.34865800 -0.87324000
v -0.01459200 1.34865800 -0.87324000
v -0.01459200 1.34865800 -0.87324000
v -0.01459200 1.34865800 -0.87324000
v -0.01805800 1.35818100 -0.87324000
v -0.01805800 1.35818100 -0.87324000
v -0.01805800 1.35818100 -0.87324000
v -0.01805800 1.35818100 -0.87324000
v -0.00564900 1.34954800 -0.86205200
v -0.00564900 1.34954800 -0.86205200
v -0.00564900 1.34954800 -0.86205200
v -0.00302200 1.34692000 -0.86205200
v -0.00302200 1.34692000 -0.86205200
v -0.00302200 1.34692000 -0.86205200
v 0.00002100 1.34478900 -0.86205200
v 0.00002100 1.34478900 -0.86205200
v 0.00002100 1.34478900 -0.86205200
v -0.00600600 1.34924900 -0.86251700
v -0.00600600 1.34924900 -0.86251700
v -0.00600600 1.34924900 -0.86251700
v -0.00399300 1.34576300 -0.86356300
v -0.00399300 1.34576300 -0.86356300
v -0.00399300 1.34576300 -0.86356300
v -0.00170500 1.34180000 -0.86550500
v -0.00170500 1.34180000 -0.86550500
v -0.00170500 1.34180000 -0.86550500
v -0.00170500 1.34180000 -0.86550500
v -0.00600600 1.34924900 -0.86550500
v -0.00399300 1.34576300 -0.86550500
v -0.00600600 1.34924900 -0.87297200
v -0.00600600 1.34924900 -0.87297200
v -0.00399300 1.34576300 -0.87297200
v -0.00399300 1.34576300 -0.87297200
v -0.00170500 1.34180000 -0.87297200
v -0.00170500 1.34180000 -0.87297200
v -0.00170500 1.34180000 -0.87297200
v -0.00575200 1.34946200 -0.87297200
v -0.00575200 1.34946200 -0.87297200
v -0.00575200 1.34946200 -0.87297200
v -0.00310800 1.34681800 -0.87297200
v -0.00310800 1.34681800 -0.87297200
v -0.00310800 1.34681800 -0.87297200
v -0.00004600 1.34467300 -0.87297200
v -0.00004600 1.34467300 -0.87297200
v -0.00004600 1.34467300 -0.87297200
v -0.00575200 1.34946200 -0.87310600
v -0.00575200 1.34946200 -0.87310600
v -0.00575200 1.34946200 -0.87310600
v -0.00310800 1.34681800 -0.87310600
v -0.00310800 1.34681800 -0.87310600
v -0.00310800 1.34681800 -0.87310600
v -0.00004600 1.34467300 -0.87310600
v -0.00004600 1.34467300 -0.87310600
v -0.00004600 1.34467300 -0.87310600
v -0.01177800 1.34440600 -0.87310600
v -0.01177800 1.34440600 -0.87310600
v -0.01177800 1.34440600 -0.87310600
v -0.00816400 1.34079200 -0.87310600
v -0.00816400 1.34079200 -0.87310600
v -0.00816400 1.34079200 -0.87310600
v -0.00397900 1.33786100 -0.87310600
v -0.00397900 1.33786100 -0.87310600
v -0.00397900 1.33786100 -0.87310600
v -0.01167500 1.34449200 -0.87324000
v -0.01167500 1.34449200 -0.87324000
v -0.01167500 1.34449200 -0.87324000
v -0.01167500 1.34449200 -0.87324000
v -0.00807800 1.34089500 -0.87324000
v -0.00807800 1.34089500 -0.87324000
v -0.00807800 1.34089500 -0.87324000
v -0.00807800 1.34089500 -0.87324000
v -0.00391200 1.33797800 -0.87324000
v -0.00391200 1.33797800 -0.87324000
v -0.00391200 1.33797800 -0.87324000
v -0.00391200 1.33797800 -0.87324000
v 0.00697700 1.34225800 -0.86205200
v 0.00697700 1.34225800 -0.86205200
v 0.00697700 1.34225800 -0.86205200
v 0.01067900 1.34193400 -0.86205200
v 0.01067900 1.34193400 -0.86205200
v 0.01067900 1.34193400 -0.86205200
v 0.00338900 1.34321900 -0.86205200
v 0.00338900 1.34321900 -0.86205200
v 0.00338900 1.34321900 -0.86205200
v 0.00689700 1.34180000 -0.86251700
v 0.00689700 1.34180000 -0.86251700
v 0.00689700 1.34180000 -0.86251700
v 0.01067900 1.34180000 -0.86218600
v 0.01067900 1.34180000 -0.86218600
v 0.01067900 1.34180000 -0.86218600
v 0.00287200 1.34180000 -0.86356300
v 0.00287200 1.34180000 -0.86356300
v 0.00287200 1.34180000 -0.86356300
v 0.00689700 1.34180000 -0.86550500
v 0.01067900 1.34180000 -0.86550500
v 0.00287200 1.34180000 -0.86550500
v 0.00689700 1.34180000 -0.87297200
v 0.00689700 1.34180000 -0.87297200
v 0.01067900 1.34180000 -0.87297200
v 0.01067900 1.34180000 -0.87297200
v 0.01067900 1.34180000 -0.87297200
v 0.01067900 1.34180000 -0.87297200
v 0.00287200 1.34180000 -0.87297200
v 0.00287200 1.34180000 -0.87297200
v 0.00695400 1.34212600 -0.87297200
v 0.00695400 1.34212600 -0.87297200
v 0.00695400 1.34212600 -0.87297200
v 0.00334300 1.34309300 -0.87297200
v 0.00334300 1.34309300 -0.87297200
v 0.00334300 1.34309300 -0.87297200
v 0.00695400 1.34212600 -0.87310600
v 0.00695400 1.34212600 -0.87310600
v 0.00695400 1.34212600 -0.87310600
v 0.01067900 1.34180000 -0.87310600
v 0.01067900 1.34180000 -0.87310600
v 0.01067900 1.34180000 -0.87310600
v 0.00334300 1.34309300 -0.87310600
v 0.00334300 1.34309300 -0.87310600
v 0.00334300 1.34309300 -0.87310600
v 0.00558800 1.33437900 -0.87310600
v 0.00558800 1.33437900 -0.87310600
v 0.00558800 1.33437900 -0.87310600
v 0.01067900 1.33393400 -0.87310600
v 0.01067900 1.33393400 -0.87310600
v 0.01067900 1.33393400 -0.87310600
v 0.00065300 1.33570200 -0.87310600
v 0.00065300 1.33570200 -0.87310600
v 0.00065300 1.33570200 -0.87310600
v 0.00561200 1.33451100 -0.87324000
v 0.00561200 1.33451100 -0.87324000
v 0.00561200 1.33451100 -0.87324000
v 0.00561200 1.33451100 -0.87324000
v 0.01067900 1.33406800 -0.87324000
v 0.01067900 1.33406800 -0.87324000
v 0.01067900 1.33406800 -0.87324000
v 0.01067900 1.33406800 -0.87324000
v 0.00069800 1.33582800 -0.87324000
v 0.00069800 1.33582800 -0.87324000
v 0.00069800 1.33582800 -0.87324000
v 0.00069800 1.33582800 -0.87324000
v 0.01438000 1.34225800 -0.86205200
v 0.01438000 1.34225800 -0.86205200
v 0.01438000 1.34225800 -0.86205200
v 0.01796900 1.34321900 -0.86205200
v 0.01796900 1.34321900 -0.86205200
v 0.01796900 1.34321900 -0.86205200
v 0.02133600 1.34478900 -0.86205200
v 0.02133600 1.34478900 -0.86205200
v 0.02133600 1.34478900 -0.86205200
v 0.01446100 1.34180000 -0.86251700
v 0.01446100 1.34180000 -0.86251700
v 0.01446100 1.34180000 -0.86251700
v 0.01848500 1.34180000 -0.86356300
v 0.01848500 1.34180000 -0.86356300
v 0.01848500 1.34180000 -0.86356300
v 0.02306200 1.34180000 -0.86550500
v 0.02306200 1.34180000 -0.86550500
v 0.02306200 1.34180000 -0.86550500
v 0.02306200 1.34180000 -0.86550500
v 0.01446100 1.34180000 -0.86550500
v 0.01848500 1.34180000 -0.86550500
v 0.01446100 1.34180000 -0.87297200
v 0.01446100 1.34180000 -0.87297200
v 0.01848500 1.34180000 -0.87297200
v 0.01848500 1.34180000 -0.87297200
v 0.02306200 1.34180000 -0.87297200
v 0.02306200 1.34180000 -0.87297200
v 0.02306200 1.34180000 -0.87297200
v 0.01440300 1.34212600 -0.87297200
v 0.01440300 1.34212600 -0.87297200
v 0.01440300 1.34212600 -0.87297200
v 0.01801500 1.34309300 -0.87297200
v 0.01801500 1.34309300 -0.87297200
v 0.01801500 1.34309300 -0.87297200
v 0.02140300 1.34467300 -0.87297200
v 0.02140300 1.34467300 -0.87297200
v 0.02140300 1.34467300 -0.87297200
v 0.01440300 1.34212600 -0.87310600
v 0.01440300 1.34212600 -0.87310600
v 0.01440300 1.34212600 -0.87310600
v 0.01801500 1.34309300 -0.87310600
v 0.01801500 1.34309300 -0.87310600
v 0.01801500 1.34309300 -0.87310600
v 0.02140300 1.34467300 -0.87310600
v 0.02140300 1.34467300 -0.87310600
v 0.02140300 1.34467300 -0.87310600
v 0.01576900 1.33437900 -0.87310600
v 0.01576900 1.33437900 -0.87310600
v 0.01576900 1.33437900 -0.87310600
v 0.02070500 1.33570200 -0.87310600
v 0.02070500 1.33570200 -0.87310600
v 0.02070500 1.33570200 -0.87310600
v 0.02533600 1.33786100 -0.87310600
v 0.02533600 1.33786100 -0.87310600
v 0.02533600 1.33786100 -0.87310600
v 0.01574600 1.33451100 -0.87324000
v 0.01574600 1.33451100 -0.87324000
v 0.01574600 1.33451100 -0.87324000
v 0.01574600 1.33451100 -0.87324000
v 0.02065900 1.33582800 -0.87324000
v 0.02065900 1.33582800 -0.87324000
v 0.02065900 1.33582800 -0.87324000
v 0.02065900 1.33582800 -0.87324000
v 0.02526900 1.33797800 -0.87324000
v 0.02526900 1.33797800 -0.87324000
v 0.02526900 1.33797800 -0.87324000
v 0.02526900 1.33797800 -0.87324000
v 0.02700700 1.34954800 -0.86205200
v 0.02700700 1.34954800 -0.86205200
v 0.02700700 1.34954800 -0.86205200
v 0.02913800 1.35259100 -0.86205200
v 0.02913800 1.35259100 -0.86205200
v 0.02913800 1.35259100 -0.86205200
v 0.02438000 1.34692000 -0.86205200
v 0.02438000 1.34692000 -0.86205200
v 0.02438000 1.34692000 -0.86205200
v 0.02736300 1.34924900 -0.86251700
v 0.02736300 1.34924900 -0.86251700
v 0.02736300 1.34924900 -0.86251700
v 0.02925400 1.35252400 -0.86218600
v 0.02925400 1.35252400 -0.86218600
v 0.02925400 1.35252400 -0.86218600
v 0.02535100 1.34576300 -0.86356300
v 0.02535100 1.34576300 -0.86356300
v 0.02535100 1.34576300 -0.86356300
v 0.02736300 1.34924900 -0.86550500
v 0.02925400 1.35252400 -0.86550500
v 0.02535100 1.34576300 -0.86550500
v 0.02736300 1.34924900 -0.87297200
v 0.02736300 1.34924900 -0.87297200
v 0.02925400 1.35252400 -0.87297200
v 0.02925400 1.35252400 -0.87297200
v 0.02925400 1.35252400 -0.87297200
v 0.02925400 1.35252400 -0.87297200
v 0.02535100 1.34576300 -0.87297200
v 0.02535100 1.34576300 -0.87297200
v 0.02711000 1.34946200 -0.87297200
v 0.02711000 1.34946200 -0.87297200
v 0.02711000 1.34946200 -0.87297200
v 0.02446600 1.34681800 -0.87297200
v 0.02446600 1.34681800 -0.87297200
v 0.02446600 1.34681800 -0.87297200
v 0.02711000 1.34946200 -0.87310600
v 0.02711000 1.34946200 -0.87310600
v 0.02711000 1.34946200 -0.87310600
v 0.02925400 1.35252400 -0.87310600
v 0.02925400 1.35252400 -0.87310600
v 0.02925400 1.35252400 -0.87310600
v 0.02446600 1.34681800 -0.87310600
v 0.02446600 1.34681800 -0.87310600
v 0.02446600 1.34681800 -0.87310600
v 0.03313500 1.34440600 -0.87310600
v 0.03313500 1.34440600 -0.87310600
v 0.03313500 1.34440600 -0.87310600
v 0.03606600 1.34859100 -0.87310600
v 0.03606600 1.34859100 -0.87310600
v 0.03606600 1.34859100 -0.87310600
v 0.02952200 1.34079200 -0.87310600
v 0.02952200 1.34079200 -0.87310600
v 0.02952200 1.34079200 -0.87310600
v 0.03303200 1.34449200 -0.87324000
v 0.03303200 1.34449200 -0.87324000
v 0.03303200 1.34449200 -0.87324000
v 0.03303200 1.34449200 -0.87324000
v 0.03595000 1.34865800 -0.87324000
v 0.03595000 1.34865800 -0.87324000
v 0.03595000 1.34865800 -0.87324000
v 0.03595000 1.34865800 -0.87324000
v 0.02943600 1.34089500 -0.87324000
v 0.02943600 1.34089500 -0.87324000
v 0.02943600 1.34089500 -0.87324000
v 0.02943600 1.34089500 -0.87324000
v 0.03070800 1.35595800 -0.86205200
v 0.03070800 1.35595800 -0.86205200
v 0.03070800 1.35595800 -0.86205200
v 0.03167000 1.35954700 -0.86205200
v 0.03167000 1.35954700 -0.86205200
v 0.03167000 1.35954700 -0.86205200
v 0.03199400 1.36324900 -0.86205200
v 0.03199400 1.36324900 -0.86205200
v 0.03199400 1.36324900 -0.86205200
v 0.03114500 1.35579900 -0.86251700
v 0.03114500 1.35579900 -0.86251700
v 0.03114500 1.35579900 -0.86251700
v 0.03315700 1.35928500 -0.86356300
v 0.03315700 1.35928500 -0.86356300
v 0.03315700 1.35928500 -0.86356300
v 0.03544600 1.36324900 -0.86550500
v 0.03544600 1.36324900 -0.86550500
v 0.03544600 1.36324900 -0.86550500
v 0.03544600 1.36324900 -0.86550500
v 0.03114500 1.35579900 -0.86550500
v 0.03315700 1.35928500 -0.86550500
v 0.03114500 1.35579900 -0.87297200
v 0.03114500 1.35579900 -0.87297200
v 0.03315700 1.35928500 -0.87297200
v 0.03315700 1.35928500 -0.87297200
v 0.03544600 1.36324900 -0.87297200
v 0.03544600 1.36324900 -0.87297200
v 0.03544600 1.36324900 -0.87297200
v 0.03083400 1.35591300 -0.87297200
v 0.03083400 1.35591300 -0.87297200
v 0.03083400 1.35591300 -0.87297200
v 0.03180200 1.35952400 -0.87297200
v 0.03180200 1.35952400 -0.87297200
v 0.03180200 1.35952400 -0.87297200
v 0.03212800 1.36324900 -0.87297200
v 0.03212800 1.36324900 -0.87297200
v 0.03212800 1.36324900 -0.87297200
v 0.03083400 1.35591300 -0.87310600
v 0.03083400 1.35591300 -0.87310600
v 0.03083400 1.35591300 -0.87310600
v 0.03180200 1.35952400 -0.87310600
v 0.03180200 1.35952400 -0.87310600
v 0.03180200 1.35952400 -0.87310600
v 0.03212800 1.36324900 -0.87310600
v 0.03212800 1.36324900 -0.87310600
v 0.03212800 1.36324900 -0.87310600
v 0.03822500 1.35322200 -0.87310600
v 0.03822500 1.35322200 -0.87310600
v 0.03822500 1.35322200 -0.87310600
v 0.03954800 1.35815800 -0.87310600
v 0.03954800 1.35815800 -0.87310600
v 0.03954800 1.35815800 -0.87310600
v 0.03999300 1.36324900 -0.87310600
v 0.03999300 1.36324900 -0.87310600
v 0.03999300 1.36324900 -0.87310600
v 0.03809900 1.35326800 -0.87324000
v 0.03809900 1.35326800 -0.87324000
v 0.03809900 1.35326800 -0.87324000
v 0.03809900 1.35326800 -0.87324000
v 0.03941600 1.35818100 -0.87324000
v 0.03941600 1.35818100 -0.87324000
v 0.03941600 1.35818100 -0.87324000
v 0.03941600 1.35818100 -0.87324000
v 0.03985900 1.36324900 -0.87324000
v 0.03985900 1.36324900 -0.87324000
v 0.03985900 1.36324900 -0.87324000
v 0.03985900 1.36324900 -0.87324000
v 0.03070800 1.37053900 -0.86205200
v 0.03070800 1.37053900 -0.86205200
v 0.03070800 1.37053900 -0.86205200
v 0.02913800 1.37390600 -0.86205200
v 0.02913800 1.37390600 -0.86205200
v 0.02913800 1.37390600 -0.86205200
v 0.03167000 1.36695000 -0.86205200
v 0.03167000 1.36695000 -0.86205200
v 0.03167000 1.36695000 -0.86205200
v 0.03114500 1.37069800 -0.86251700
v 0.03114500 1.37069800 -0.86251700
v 0.03114500 1.37069800 -0.86251700
v 0.02925400 1.37397300 -0.86218600
v 0.02925400 1.37397300 -0.86218600
v 0.02925400 1.37397300 -0.86218600
v 0.03315700 1.36721200 -0.86356300
v 0.03315700 1.36721200 -0.86356300
v 0.03315700 1.36721200 -0.86356300
v 0.03114500 1.37069800 -0.86550500
v 0.02925400 1.37397300 -0.86550500
v 0.03315700 1.36721200 -0.86550500
v 0.03114500 1.37069800 -0.87297200
v 0.03114500 1.37069800 -0.87297200
v 0.02925400 1.37397300 -0.87297200
v 0.02925400 1.37397300 -0.87297200
v 0.02925400 1.37397300 -0.87297200
v 0.02925400 1.37397300 -0.87297200
v 0.03315700 1.36721200 -0.87297200
v 0.03315700 1.36721200 -0.87297200
v 0.03083400 1.37058400 -0.87297200
v 0.03083400 1.37058400 -0.87297200
v 0.03083400 1.37058400 -0.87297200
v 0.03180200 1.36697300 -0.87297200
v 0.03180200 1.36697300 -0.87297200
v 0.03180200 1.36697300 -0.87297200
v 0.03083400 1.37058400 -0.87310600
v 0.03083400 1.37058400 -0.87310600
v 0.03083400 1.37058400 -0.87310600
v 0.02925400 1.37397300 -0.87310600
v 0.02925400 1.37397300 -0.87310600
v 0.02925400 1.37397300 -0.87310600
v 0.03180200 1.36697300 -0.87310600
v 0.03180200 1.36697300 -0.87310600
v 0.03180200 1.36697300 -0.87310600
v 0.03822500 1.37327500 -0.87310600
v 0.03822500 1.37327500 -0.87310600
v 0.03822500 1.37327500 -0.87310600
v 0.03606600 1.37790600 -0.87310600
v 0.03606600 1.37790600 -0.87310600
v 0.03606600 1.37790600 -0.87310600
v 0.03954800 1.36833900 -0.87310600
v 0.03954800 1.36833900 -0.87310600
v 0.03954800 1.36833900 -0.87310600
v 0.03809900 1.37322900 -0.87324000
v 0.03809900 1.37322900 -0.87324000
v 0.03809900 1.37322900 -0.87324000
v 0.03809900 1.37322900 -0.87324000
v 0.03595000 1.37783900 -0.87324000
v 0.03595000 1.37783900 -0.87324000
v 0.03595000 1.37783900 -0.87324000
v 0.03595000 1.37783900 -0.87324000
v 0.03941600 1.36831600 -0.87324000
v 0.03941600 1.36831600 -0.87324000
v 0.03941600 1.36831600 -0.87324000
v 0.03941600 1.36831600 -0.87324000
v 0.02700700 1.37695000 -0.86205200
v 0.02700700 1.37695000 -0.86205200
v 0.02700700 1.37695000 -0.86205200
v 0.02438000 1.37957700 -0.86205200
v 0.02438000 1.37957700 -0.86205200
v 0.02438000 1.37957700 -0.86205200
v 0.02736300 1.37724800 -0.86251700
v 0.02736300 1.37724800 -0.86251700
v 0.02736300 1.37724800 -0.86251700
v 0.02535100 1.38073400 -0.86356300
v 0.02535100 1.38073400 -0.86356300
v 0.02535100 1.38073400 -0.86356300
v 0.02736300 1.37724800 -0.86550500
v 0.02535100 1.38073400 -0.86550500
v 0.02736300 1.37724800 -0.87297200
v 0.02736300 1.37724800 -0.87297200
v 0.02535100 1.38073400 -0.87297200
v 0.02535100 1.38073400 -0.87297200
v 0.02711000 1.37703600 -0.87297200
v 0.02711000 1.37703600 -0.87297200
v 0.02711000 1.37703600 -0.87297200
v 0.02446600 1.37967900 -0.87297200
v 0.02446600 1.37967900 -0.87297200
v 0.02446600 1.37967900 -0.87297200
v 0.02711000 1.37703600 -0.87310600
v 0.02711000 1.37703600 -0.87310600
v 0.02711000 1.37703600 -0.87310600
v 0.02446600 1.37967900 -0.87310600
v 0.02446600 1.37967900 -0.87310600
v 0.02446600 1.37967900 -0.87310600
v 0.03313500 1.38209200 -0.87310600
v 0.03313500 1.38209200 -0.87310600
v 0.03313500 1.38209200 -0.87310600
v 0.02952200 1.38570500 -0.87310600
v 0.02952200 1.38570500 -0.87310600
v 0.02952200 1.38570500 -0.87310600
v 0.03303200 1.38200500 -0.87324000
v 0.03303200 1.38200500 -0.87324000
v 0.03303200 1.38200500 -0.87324000
v 0.03303200 1.38200500 -0.87324000
v 0.02943600 1.38560200 -0.87324000
v 0.02943600 1.38560200 -0.87324000
v 0.02943600 1.38560200 -0.87324000
v 0.02943600 1.38560200 -0.87324000
v 0.01574600 1.39198600 -0.87651800
v 0.01574600 1.39198600 -0.87651800
v 0.01574600 1.39198600 -0.87651800
v 0.01067900 1.39242900 -0.87651800
v 0.01067900 1.39242900 -0.87651800
v 0.01067900 1.39242900 -0.87651800
v 0.02065900 1.39066900 -0.87651800
v 0.02065900 1.39066900 -0.87651800
v 0.02065900 1.39066900 -0.87651800
v 0.02526900 1.38852000 -0.87651800
v 0.02526900 1.38852000 -0.87651800
v 0.02526900 1.38852000 -0.87651800
v 0.02943600 1.38560200 -0.87651800
v 0.02943600 1.38560200 -0.87651800
v 0.02943600 1.38560200 -0.87651800
v 0.03303200 1.38200500 -0.87651800
v 0.03303200 1.38200500 -0.87651800
v 0.03303200 1.38200500 -0.87651800
v 0.03595000 1.37783900 -0.87651800
v 0.03595000 1.37783900 -0.87651800
v 0.03595000 1.37783900 -0.87651800
v 0.03809900 1.37322900 -0.87651800
v 0.03809900 1.37322900 -0.87651800
v 0.03809900 1.37322900 -0.87651800
v 0.03941600 1.36831600 -0.87651800
v 0.03941600 1.36831600 -0.87651800
v 0.03941600 1.36831600 -0.87651800
v 0.03985900 1.36324900 -0.87651800
v 0.03985900 1.36324900 -0.87651800
v 0.03985900 1.36324900 -0.87651800
v 0.03941600 1.35818100 -0.87651800
v 0.03941600 1.35818100 -0.87651800
v 0.03941600 1.35818100 -0.87651800
v 0.03809900 1.35326800 -0.87651800
v 0.03809900 1.35326800 -0.87651800
v 0.03809900 1.35326800 -0.87651800
v 0.03595000 1.34865800 -0.87651800
v 0.03595000 1.34865800 -0.87651800
v 0.03595000 1.34865800 -0.87651800
v 0.03303200 1.34449200 -0.87651800
v 0.03303200 1.34449200 -0.87651800
v 0.03303200 1.34449200 -0.87651800
v 0.02943600 1.34089500 -0.87651800
v 0.02943600 1.34089500 -0.87651800
v 0.02943600 1.34089500 -0.87651800
v 0.02526900 1.33797800 -0.87651800
v 0.02526900 1.33797800 -0.87651800
v 0.02526900 1.33797800 -0.87651800
v 0.02065900 1.33582800 -0.87651800
v 0.02065900 1.33582800 -0.87651800
v 0.02065900 1.33582800 -0.87651800
v 0.01574600 1.33451100 -0.87651800
v 0.01574600 1.33451100 -0.87651800
v 0.01574600 1.33451100 -0.87651800
v 0.01067900 1.33406800 -0.87651800
v 0.01067900 1.33406800 -0.87651800
v 0.01067900 1.33406800 -0.87651800
v 0.00561200 1.33451100 -0.87651800
v 0.00561200 1.33451100 -0.87651800
v 0.00561200 1.33451100 -0.87651800
v 0.00069800 1.33582800 -0.87651800
v 0.00069800 1.33582800 -0.87651800
v 0.00069800 1.33582800 -0.87651800
v -0.00391200 1.33797800 -0.87651800
v -0.00391200 1.33797800 -0.87651800
v -0.00391200 1.33797800 -0.87651800
v -0.00807800 1.34089500 -0.87651800
v -0.00807800 1.34089500 -0.87651800
v -0.00807800 1.34089500 -0.87651800
v -0.01167500 1.34449200 -0.87651800
v -0.01167500 1.34449200 -0.87651800
v -0.01167500 1.34449200 -0.87651800
v -0.01459200 1.34865800 -0.87651800
v -0.01459200 1.34865800 -0.87651800
v -0.01459200 1.34865800 -0.87651800
v -0.01674200 1.35326800 -0.87651800
v -0.01674200 1.35326800 -0.87651800
v -0.01674200 1.35326800 -0.87651800
v -0.01805800 1.35818100 -0.87651800
v -0.01805800 1.35818100 -0.87651800
v -0.01805800 1.35818100 -0.87651800
v -0.01850200 1.36324900 -0.87651800
v -0.01850200 1.36324900 -0.87651800
v -0.01850200 1.36324900 -0.87651800
v -0.01805800 1.36831600 -0.87651800
v -0.01805800 1.36831600 -0.87651800
v -0.01805800 1.36831600 -0.87651800
v -0.01674200 1.37322900 -0.87651800
v -0.01674200 1.37322900 -0.87651800
v -0.01674200 1.37322900 -0.87651800
v -0.01459200 1.37783900 -0.87651800
v -0.01459200 1.37783900 -0.87651800
v -0.01459200 1.37783900 -0.87651800
v -0.01167500 1.38200500 -0.87651800
v -0.01167500 1.38200500 -0.87651800
v -0.01167500 1.38200500 -0.87651800
v -0.00807800 1.38560200 -0.87651800
v -0.00807800 1.38560200 -0.87651800
v -0.00807800 1.38560200 -0.87651800
v -0.00391200 1.38852000 -0.87651800
v -0.00391200 1.38852000 -0.87651800
v -0.00391200 1.38852000 -0.87651800
v 0.00069800 1.39066900 -0.87651800
v 0.00069800 1.39066900 -0.87651800
v 0.00069800 1.39066900 -0.87651800
v 0.00561200 1.39198600 -0.87651800
v 0.00561200 1.39198600 -0.87651800
v 0.00561200 1.39198600 -0.87651800
v 0.01067900 1.36324900 -0.87651800
v 0.01067900 1.36324900 -0.87651800
v 0.01067900 1.36324900 -0.87651800
v 0.01067900 1.36324900 -0.87651800
v 0.01067900 1.36324900 -0.87653000
v 0.01067900 1.36324900 -0.87655000
v 0.01067900 1.36324900 -0.87656900
v 0.01067900 1.36324900 -0.87658900
v 0.01067900 1.36324900 -0.87653800
v 0.01067900 1.36324900 -0.87655700
v 0.01067900 1.36324900 -0.87655700
v 0.01067900 1.36324900 -0.87657700
v 0.01067900 1.36324900 -0.87657700
v 0.01067900 1.36324900 -0.87659700
v 0.01067900 1.36324900 -0.87659700
v 0.01067900 1.36324900 -0.87661700
v 0.01067900 1.36324900 -0.87661700
v 0.01067900 1.36324900 -0.87663700
v 0.01067900 1.36324900 -0.87663700
v 0.01067900 1.36324900 -0.87665600
v 0.01067900 1.36324900 -0.87665600
v 0.01067900 1.36324900 -0.87667600
v 0.01067900 1.36324900 -0.87667600
v 0.01067900 1.36324900 -0.87667600
v 0.01067900 1.36324900 -0.87669600
v 0.01067900 1.36324900 -0.87669600
v 0.01067900 1.36324900 -0.87669600
v 0.01067900 1.36324900 -0.87671600
v 0.01067900 1.36324900 -0.87671600
v 0.01067900 1.36324900 -0.87673600
v 0.01067900 1.36324900 -0.87673600
v 0.01067900 1.36324900 -0.87673600
v 0.01067900 1.36324900 -0.87675500
v 0.01067900 1.36324900 -0.87675500
v 0.01067900 1.36324900 -0.87675500
v 0.01067900 1.36324900 -0.87677500
v 0.01067900 1.36324900 -0.87677500
v 0.01067900 1.36324900 -0.87677500
v 0.01067900 1.36324900 -0.87679500
v 0.01067900 1.36324900 -0.87679500
v 0.01067900 1.36324900 -0.87679500
v 0.01067900 1.36324900 -0.87681500
v 0.01067900 1.36324900 -0.87681500
v 0.01067900 1.36324900 -0.87683500
v 0.01067900 1.36324900 -0.87683500
v 0.01067900 1.36324900 -0.87685400
v 0.01067900 1.36324900 -0.87685400
v 0.01067900 1.36324900 -0.87687400
v 0.01067900 1.36324900 -0.87687400
v 0.01067900 1.36324900 -0.87660900
v 0.01067900 1.36324900 -0.87662900
v 0.01067900 1.36324900 -0.87662900
v 0.01067900 1.36324900 -0.87664900
v 0.01067900 1.36324900 -0.87664900
v 0.01067900 1.36324900 -0.87666800
v 0.01067900 1.36324900 -0.87666800
v 0.01067900 1.36324900 -0.87668800
v 0.01067900 1.36324900 -0.87668800
v 0.01067900 1.36324900 -0.87670800
v 0.01067900 1.36324900 -0.87670800
v 0.01067900 1.36324900 -0.87672800
v 0.01067900 1.36324900 -0.87672800
v 0.01067900 1.36324900 -0.87672800
v 0.01067900 1.36324900 -0.87674700
v 0.01067900 1.36324900 -0.87674700
v 0.01067900 1.36324900 -0.87676700
v 0.01067900 1.36324900 -0.87678700
v 0.01067900 1.36324900 -0.87680700
v 0.01067900 1.36324900 -0.87682700
v 0.01067900 1.36324900 -0.87684600
v 0.01067900 1.36324900 -0.87684600
v 0.01067900 1.36324900 -0.87686600
v 0.01067900 1.36324900 -0.87686600
v 0.01067900 1.36324900 -0.87688600
v 0.01067900 1.36324900 -0.87688600
v 0.01067900 1.36324900 -0.87690600
v 0.01067900 1.36324900 -0.87690600
v 0.01067900 1.36324900 -0.87692600
v 0.01067900 1.36324900 -0.87692600
v 0.01067900 1.36324900 -0.87694500
v 0.01067900 1.36324900 -0.87694500
v 0.01067900 1.36324900 -0.87689400
v 0.01067900 1.36324900 -0.87689400
v 0.01067900 1.36324900 -0.87689400
v 0.01067900 1.36324900 -0.87691400
v 0.01067900 1.36324900 -0.87691400
v 0.01067900 1.36324900 -0.87693400
v 0.01067900 1.36324900 -0.87695300
v 0.01067900 1.36324900 -0.87697300
v 0.01067900 1.36324900 -0.87699300
v 0.01067900 1.36324900 -0.87699300
v 0.01067900 1.36324900 -0.87701300
v 0.01067900 1.36324900 -0.87701300
v 0.01067900 1.36324900 -0.87703300
v 0.01067900 1.36324900 -0.87703300
v 0.01067900 1.36324900 -0.87705200
v 0.01067900 1.36324900 -0.87705200
v 0.01067900 1.36324900 -0.87707200
v 0.01067900 1.36324900 -0.87707200
v 0.01067900 1.36324900 -0.87709200
v 0.01067900 1.36324900 -0.87709200
v 0.01067900 1.36324900 -0.87711200
v 0.01067900 1.36324900 -0.87711200
v 0.01067900 1.36324900 -0.87711200
v 0.01067900 1.36324900 -0.87713200
v 0.01067900 1.36324900 -0.87713200
v 0.01067900 1.36324900 -0.87715100
v 0.01067900 1.36324900 -0.87717100
v 0.01067900 1.36324900 -0.87719100
v 0.01067900 1.36324900 -0.87721100
v 0.01067900 1.36324900 -0.87721100
v 0.01067900 1.36324900 -0.87723000
v 0.01067900 1.36324900 -0.87723000
v 0.01067900 1.36324900 -0.87696500
v 0.01067900 1.36324900 -0.87696500
v 0.01067900 1.36324900 -0.87696500
v 0.01067900 1.36324900 -0.87698500
v 0.01067900 1.36324900 -0.87698500
v 0.01067900 1.36324900 -0.87700500
v 0.01067900 1.36324900 -0.87702500
v 0.01067900 1.36324900 -0.87704400
v 0.01067900 1.36324900 -0.87706400
v 0.01067900 1.36324900 -0.87706400
v 0.01067900 1.36324900 -0.87708400
v 0.01067900 1.36324900 -0.87708400
v 0.01067900 1.36324900 -0.87710400
v 0.01067900 1.36324900 -0.87710400
v 0.01067900 1.36324900 -0.87712400
v 0.01067900 1.36324900 -0.87712400
v 0.01067900 1.36324900 -0.87714300
v 0.01067900 1.36324900 -0.87714300
v 0.01067900 1.36324900 -0.87716300
v 0.01067900 1.36324900 -0.87716300
v 0.01067900 1.36324900 -0.87718300
v 0.01067900 1.36324900 -0.87718300
v 0.01067900 1.36324900 -0.87718300
v 0.01067900 1.36324900 -0.87720300
v 0.01067900 1.36324900 -0.87720300
v 0.01067900 1.36324900 -0.87722300
v 0.01067900 1.36324900 -0.87724200
v 0.01067900 1.36324900 -0.87726200
v 0.01067900 1.36324900 -0.87728200
v 0.01067900 1.36324900 -0.87728200
v 0.01067900 1.36324900 -0.87730200
v 0.01067900 1.36324900 -0.87730200
v 0.01067900 1.36324900 -0.87725000
v 0.01067900 1.36324900 -0.87725000
v 0.01067900 1.36324900 -0.87727000
v 0.01067900 1.36324900 -0.87727000
v 0.01067900 1.36324900 -0.87729000
v 0.01067900 1.36324900 -0.87729000
v 0.01067900 1.36324900 -0.87731000
v 0.01067900 1.36324900 -0.87731000
v 0.01067900 1.36324900 -0.87732900
v 0.01067900 1.36324900 -0.87732900
v 0.01067900 1.36324900 -0.87732900
v 0.01067900 1.36324900 -0.87734900
v 0.01067900 1.36324900 -0.87734900
v 0.01067900 1.36324900 -0.87736900
v 0.01067900 1.36324900 -0.87738900
v 0.01067900 1.36324900 -0.87740900
v 0.01067900 1.36324900 -0.87742800
v 0.01067900 1.36324900 -0.87742800
v 0.01067900 1.36324900 -0.87744800
v 0.01067900 1.36324900 -0.87744800
v 0.01067900 1.36324900 -0.87746800
v 0.01067900 1.36324900 -0.87746800
v 0.01067900 1.36324900 -0.87748800
v 0.01067900 1.36324900 -0.87748800
v 0.01067900 1.36324900 -0.87750800
v 0.01067900 1.36324900 -0.87750800
v 0.01067900 1.36324900 -0.87752700
v 0.01067900 1.36324900 -0.87752700
v 0.01067900 1.36324900 -0.87754700
v 0.01067900 1.36324900 -0.87754700
v 0.01067900 1.36324900 -0.87754700
v 0.01067900 1.36324900 -0.87756700
v 0.01067900 1.36324900 -0.87756700
v 0.01067900 1.36324900 -0.87758700
v 0.01067900 1.36324900 -0.87732200
v 0.01067900 1.36324900 -0.87732200
v 0.01067900 1.36324900 -0.87734100
v 0.01067900 1.36324900 -0.87734100
v 0.01067900 1.36324900 -0.87736100
v 0.01067900 1.36324900 -0.87736100
v 0.01067900 1.36324900 -0.87738100
v 0.01067900 1.36324900 -0.87738100
v 0.01067900 1.36324900 -0.87740100
v 0.01067900 1.36324900 -0.87740100
v 0.01067900 1.36324900 -0.87740100
v 0.01067900 1.36324900 -0.87742000
v 0.01067900 1.36324900 -0.87742000
v 0.01067900 1.36324900 -0.87744000
v 0.01067900 1.36324900 -0.87746000
v 0.01067900 1.36324900 -0.87748000
v 0.01067900 1.36324900 -0.87750000
v 0.01067900 1.36324900 -0.87750000
v 0.01067900 1.36324900 -0.87751900
v 0.01067900 1.36324900 -0.87751900
v 0.01067900 1.36324900 -0.87753900
v 0.01067900 1.36324900 -0.87753900
v 0.01067900 1.36324900 -0.87755900
v 0.01067900 1.36324900 -0.87755900
v 0.01067900 1.36324900 -0.87757900
v 0.01067900 1.36324900 -0.87757900
v 0.01067900 1.36324900 -0.87759900
v 0.01067900 1.36324900 -0.87759900
v 0.01067900 1.36324900 -0.87761800
v 0.01067900 1.36324900 -0.87761800
v 0.01067900 1.36324900 -0.87761800
v 0.01067900 1.36324900 -0.87763800
v 0.01067900 1.36324900 -0.87763800
v 0.01067900 1.36324900 -0.87765800
v 0.01067900 1.36324900 -0.87760700
v 0.01067900 1.36324900 -0.87762600
v 0.01067900 1.36324900 -0.87764600
v 0.01067900 1.36324900 -0.87764600
v 0.01067900 1.36324900 -0.87766600
v 0.01067900 1.36324900 -0.87766600
v 0.01067900 1.36324900 -0.87768600
v 0.01067900 1.36324900 -0.87768600
v 0.01067900 1.36324900 -0.87770600
v 0.01067900 1.36324900 -0.87770600
v 0.01067900 1.36324900 -0.87772500
v 0.01067900 1.36324900 -0.87772500
v 0.01067900 1.36324900 -0.87774500
v 0.01067900 1.36324900 -0.87774500
v 0.01067900 1.36324900 -0.87776500
v 0.01067900 1.36324900 -0.87776500
v 0.01067900 1.36324900 -0.87776500
v 0.01067900 1.36324900 -0.87778500
v 0.01067900 1.36324900 -0.87778500
v 0.01067900 1.36324900 -0.87780500
v 0.01067900 1.36324900 -0.87782400
v 0.01067900 1.36324900 -0.87784400
v 0.01067900 1.36324900 -0.87786400
v 0.01067900 1.36324900 -0.87786400
v 0.01067900 1.36324900 -0.87788400
v 0.01067900 1.36324900 -0.87788400
v 0.01067900 1.36324900 -0.87790300
v 0.01067900 1.36324900 -0.87790300
v 0.01067900 1.36324900 -0.87792300
v 0.01067900 1.36324900 -0.87792300
v 0.01067900 1.36324900 -0.87794300
v 0.01067900 1.36324900 -0.87794300
v 0.01067900 1.36324900 -0.87767800
v 0.01067900 1.36324900 -0.87769800
v 0.01067900 1.36324900 -0.87771700
v 0.01067900 1.36324900 -0.87771700
v 0.01067900 1.36324900 -0.87773700
v 0.01067900 1.36324900 -0.87773700
v 0.01067900 1.36324900 -0.87775700
v 0.01067900 1.36324900 -0.87775700
v 0.01067900 1.36324900 -0.87777700
v 0.01067900 1.36324900 -0.87777700
v 0.01067900 1.36324900 -0.87779700
v 0.01067900 1.36324900 -0.87779700
v 0.01067900 1.36324900 -0.87781600
v 0.01067900 1.36324900 -0.87781600
v 0.01067900 1.36324900 -0.87783600
v 0.01067900 1.36324900 -0.87783600
v 0.01067900 1.36324900 -0.87783600
v 0.01067900 1.36324900 -0.87785600
v 0.01067900 1.36324900 -0.87785600
v 0.01067900 1.36324900 -0.87787600
v 0.01067900 1.36324900 -0.87789600
v 0.01067900 1.36324900 -0.87791500
v 0.01067900 1.36324900 -0.87793500
v 0.01067900 1.36324900 -0.87793500
v 0.01067900 1.36324900 -0.87795500
v 0.01067900 1.36324900 -0.87795500
v 0.01067900 1.36324900 -0.87797500
v 0.01067900 1.36324900 -0.87797500
v 0.01067900 1.36324900 -0.87799500
v 0.01067900 1.36324900 -0.87799500
v 0.01067900 1.36324900 -0.87801400
v 0.01067900 1.36324900 -0.87801400
v 0.01067900 1.36324900 -0.87796300
v 0.01067900 1.36324900 -0.87796300
v 0.01067900 1.36324900 -0.87798300
v 0.01067900 1.36324900 -0.87798300
v 0.01067900 1.36324900 -0.87798300
v 0.01067900 1.36324900 -0.87800200
v 0.01067900 1.36324900 -0.87800200
v 0.01067900 1.36324900 -0.87802200
v 0.01067900 1.36324900 -0.87804200
v 0.01067900 1.36324900 -0.87806200
v 0.01067900 1.36324900 -0.87808200
v 0.01067900 1.36324900 -0.87808200
v 0.01067900 1.36324900 -0.87810100
v 0.01067900 1.36324900 -0.87810100
v 0.01067900 1.36324900 -0.87812100
v 0.01067900 1.36324900 -0.87812100
v 0.01067900 1.36324900 -0.87814100
v 0.01067900 1.36324900 -0.87814100
v 0.01067900 1.36324900 -0.87816100
v 0.01067900 1.36324900 -0.87816100
v 0.01067900 1.36324900 -0.87818100
v 0.01067900 1.36324900 -0.87818100
v 0.01067900 1.36324900 -0.87820000
v 0.01067900 1.36324900 -0.87820000
v 0.01067900 1.36324900 -0.87820000
v 0.01067900 1.36324900 -0.87822000
v 0.01067900 1.36324900 -0.87822000
v 0.01067900 1.36324900 -0.87824000
v 0.01067900 1.36324900 -0.87826000
v 0.01067900 1.36324900 -0.87828000
v 0.01067900 1.36324900 -0.87829900
v 0.01067900 1.36324900 -0.87829900
v 0.01067900 1.36324900 -0.87803400
v 0.01067900 1.36324900 -0.87803400
v 0.01067900 1.36324900 -0.87805400
v 0.01067900 1.36324900 -0.87805400
v 0.01067900 1.36324900 -0.87805400
v 0.01067900 1.36324900 -0.87807400
v 0.01067900 1.36324900 -0.87807400
v 0.01067900 1.36324900 -0.87809300
v 0.01067900 1.36324900 -0.87811300
v 0.01067900 1.36324900 -0.87813300
v 0.01067900 1.36324900 -0.87815300
v 0.01067900 1.36324900 -0.87815300
v 0.01067900 1.36324900 -0.87817300
v 0.01067900 1.36324900 -0.87817300
v 0.01067900 1.36324900 -0.87819200
v 0.01067900 1.36324900 -0.87819200
v 0.01067900 1.36324900 -0.87821200
v 0.01067900 1.36324900 -0.87821200
v 0.01067900 1.36324900 -0.87823200
v 0.01067900 1.36324900 -0.87823200
v 0.01067900 1.36324900 -0.87825200
v 0.01067900 1.36324900 -0.87825200
v 0.01067900 1.36324900 -0.87827200
v 0.01067900 1.36324900 -0.87827200
v 0.01067900 1.36324900 -0.87827200
v 0.01067900 1.36324900 -0.87829100
v 0.01067900 1.36324900 -0.87829100
v 0.01067900 1.36324900 -0.87831100
v 0.01067900 1.36324900 -0.87833100
v 0.01067900 1.36324900 -0.87835100
v 0.01067900 1.36324900 -0.87837100
v 0.01067900 1.36324900 -0.87837100
v 0.01067900 1.36324900 -0.87831900
v 0.01067900 1.36324900 -0.87831900
v 0.01067900 1.36324900 -0.87833900
v 0.01067900 1.36324900 -0.87833900
v 0.01067900 1.36324900 -0.87835900
v 0.01067900 1.36324900 -0.87835900
v 0.01067900 1.36324900 -0.87837900
v 0.01067900 1.36324900 -0.87837900
v 0.01067900 1.36324900 -0.87839800
v 0.01067900 1.36324900 -0.87839800
v 0.01067900 1.36324900 -0.87841800
v 0.01067900 1.36324900 -0.87841800
v 0.01067900 1.36324900 -0.87841800
v 0.01067900 1.36324900 -0.87843800
v 0.01067900 1.36324900 -0.87843800
v 0.01067900 1.36324900 -0.87845800
v 0.01067900 1.36324900 -0.87847800
v 0.01067900 1.36324900 -0.87849700
v 0.01067900 1.36324900 -0.87851700
v 0.01067900 1.36324900 -0.87853700
v 0.01067900 1.36324900 -0.87853700
v 0.01067900 1.36324900 -0.87855700
v 0.01067900 1.36324900 -0.87855700
v 0.01067900 1.36324900 -0.87857600
v 0.01067900 1.36324900 -0.87857600
v 0.01067900 1.36324900 -0.87859600
v 0.01067900 1.36324900 -0.87859600
v 0.01067900 1.36324900 -0.87861600
v 0.01067900 1.36324900 -0.87861600
v 0.01067900 1.36324900 -0.87863600
v 0.01067900 1.36324900 -0.87863600
v 0.01067900 1.36324900 -0.87863600
v 0.01067900 1.36324900 -0.87865600
v 0.01067900 1.36324900 -0.87865600
v 0.01067900 1.36324900 -0.87839000
v 0.01067900 1.36324900 -0.87839000
v 0.01067900 1.36324900 -0.87841000
v 0.01067900 1.36324900 -0.87841000
v 0.01067900 1.36324900 -0.87843000
v 0.01067900 1.36324900 -0.87843000
v 0.01067900 1.36324900 -0.87845000
v 0.01067900 1.36324900 -0.87845000
v 0.01067900 1.36324900 -0.87847000
v 0.01067900 1.36324900 -0.87847000
v 0.01067900 1.36324900 -0.87848900
v 0.01067900 1.36324900 -0.87848900
v 0.01067900 1.36324900 -0.87848900
v 0.01067900 1.36324900 -0.87850900
v 0.01067900 1.36324900 -0.87850900
v 0.01067900 1.36324900 -0.87852900
v 0.01067900 1.36324900 -0.87854900
v 0.01067900 1.36324900 -0.87856900
v 0.01067900 1.36324900 -0.87858800
v 0.01067900 1.36324900 -0.87860800
v 0.01067900 1.36324900 -0.87860800
v 0.01067900 1.36324900 -0.87862800
v 0.01067900 1.36324900 -0.87862800
v 0.01067900 1.36324900 -0.87864800
v 0.01067900 1.36324900 -0.87864800
v 0.01067900 1.36324900 -0.87866800
v 0.01067900 1.36324900 -0.87866800
v 0.01067900 1.36324900 -0.87868700
v 0.01067900 1.36324900 -0.87868700
v 0.01067900 1.36324900 -0.87870700
v 0.01067900 1.36324900 -0.87870700
v 0.01067900 1.36324900 -0.87870700
v 0.01067900 1.36324900 -0.87872700
v 0.01067900 1.36324900 -0.87872700
v 0.01067900 1.36324900 -0.87867500
v 0.01067900 1.36324900 -0.87869500
v 0.01067900 1.36324900 -0.87871500
v 0.01067900 1.36324900 -0.87873500
v 0.01067900 1.36324900 -0.87875500
v 0.01067900 1.36324900 -0.87875500
v 0.01067900 1.36324900 -0.87877400
v 0.01067900 1.36324900 -0.87877400
v 0.01067900 1.36324900 -0.87879400
v 0.01067900 1.36324900 -0.87879400
v 0.01067900 1.36324900 -0.87881400
v 0.01067900 1.36324900 -0.87881400
v 0.01067900 1.36324900 -0.87883400
v 0.01067900 1.36324900 -0.87883400
v 0.01067900 1.36324900 -0.87885400
v 0.01067900 1.36324900 -0.87885400
v 0.01067900 1.36324900 -0.87885400
v 0.01067900 1.36324900 -0.87887300
v 0.01067900 1.36324900 -0.87887300
v 0.01067900 1.36324900 -0.87889300
v 0.01067900 1.36324900 -0.87891300
v 0.01067900 1.36324900 -0.87893300
v 0.01067900 1.36324900 -0.87895300
v 0.01067900 1.36324900 -0.87897200
v 0.01067900 1.36324900 -0.87897200
v 0.01067900 1.36324900 -0.87899200
v 0.01067900 1.36324900 -0.87899200
v 0.01067900 1.36324900 -0.87901200
v 0.01067900 1.36324900 -0.87901200
v 0.01067900 1.36324900 -0.87874700
v 0.01067900 1.36324900 -0.87876600
v 0.01067900 1.36324900 -0.87878600
v 0.01067900 1.36324900 -0.87880600
v 0.01067900 1.36324900 -0.87882600
v 0.01067900 1.36324900 -0.87882600
v 0.01067900 1.36324900 -0.87884600
v 0.01067900 1.36324900 -0.87884600
v 0.01067900 1.36324900 -0.87886500
v 0.01067900 1.36324900 -0.87886500
v 0.01067900 1.36324900 -0.87888500
v 0.01067900 1.36324900 -0.87888500
v 0.01067900 1.36324900 -0.87890500
v 0.01067900 1.36324900 -0.87890500
v 0.01067900 1.36324900 -0.87892500
v 0.01067900 1.36324900 -0.87892500
v 0.01067900 1.36324900 -0.87892500
v 0.01067900 1.36324900 -0.87894500
v 0.01067900 1.36324900 -0.87894500
v 0.01067900 1.36324900 -0.87896400
v 0.01067900 1.36324900 -0.87898400
v 0.01067900 1.36324900 -0.87900400
v 0.01067900 1.36324900 -0.87902400
v 0.01067900 1.36324900 -0.87904400
v 0.01067900 1.36324900 -0.87904400
v 0.01067900 1.36324900 -0.87906300
v 0.01067900 1.36324900 -0.87906300
v 0.01067900 1.36324900 -0.87908300
v 0.01067900 1.36324900 -0.87908300
v 0.01067900 1.36324900 -0.87908300
v 0.01067900 1.36324900 -0.87908300
v 0.01067900 1.36324900 -0.87903200
v 0.01067900 1.36324900 -0.87903200
v 0.01067900 1.36324900 -0.87905200
v 0.01067900 1.36324900 -0.87905200
v 0.01067900 1.36324900 -0.87907100
v 0.01067900 1.36324900 -0.87907100
v 0.01067900 1.36324900 -0.87909100
v 0.01067900 1.36324900 -0.87909100
v 0.01067900 1.36324900 -0.87909100
v 0.01067900 1.36324900 -0.87911100
v 0.01067900 1.36324900 -0.87911100
v 0.01067900 1.36324900 -0.87913100
v 0.01067900 1.36324900 -0.87915100
v 0.01067900 1.36324900 -0.87917000
v 0.01067900 1.36324900 -0.87919000
v 0.01067900 1.36324900 -0.87919000
v 0.01067900 1.36324900 -0.87921000
v 0.01067900 1.36324900 -0.87921000
v 0.01067900 1.36324900 -0.87923000
v 0.01067900 1.36324900 -0.87923000
v 0.01067900 1.36324900 -0.87924900
v 0.01067900 1.36324900 -0.87924900
v 0.01067900 1.36324900 -0.87926900
v 0.01067900 1.36324900 -0.87926900
v 0.01067900 1.36324900 -0.87928900
v 0.01067900 1.36324900 -0.87928900
v 0.01067900 1.36324900 -0.87928900
v 0.01067900 1.36324900 -0.87928900
v 0.01067900 1.36324900 -0.87930900
v 0.01067900 1.36324900 -0.87930900
v 0.01067900 1.36324900 -0.87930900
v 0.01067900 1.36324900 -0.87930900
v 0.01067900 1.36324900 -0.87930900
v 0.01067900 1.36324900 -0.87932900
v 0.01067900 1.36324900 -0.87932900
v 0.01067900 1.36324900 -0.87932900
v 0.01067900 1.36324900 -0.87932900
v 0.01067900 1.36324900 -0.87932900
v 0.01067900 1.36324900 -0.87934800
v 0.01067900 1.36324900 -0.87934800
v 0.01067900 1.36324900 -0.87934800
v 0.01067900 1.36324900 -0.87934800
v 0.01067900 1.36324900 -0.87934800
v 0.01067900 1.36324900 -0.87936800
v 0.01067900 1.36324900 -0.87936800
v 0.01067900 1.36324900 -0.87936800
v 0.01067900 1.36324900 -0.87936800
v 0.01067900 1.36324900 -0.87936800
v 0.01067900 1.36324900 -0.87936800
v 0.01067900 1.36324900 -0.87936800
v 0.01067900 1.36324900 -0.87910300
v 0.01067900 1.36324900 -0.87910300
v 0.01067900 1.36324900 -0.87910300
v 0.01067900 1.36324900 -0.87910300
v 0.01067900 1.36324900 -0.87910300
v 0.01067900 1.36324900 -0.87912300
v 0.01067900 1.36324900 -0.87912300
v 0.01067900 1.36324900 -0.87912300
v 0.01067900 1.36324900 -0.87912300
v 0.01067900 1.36324900 -0.87912300
v 0.01067900 1.36324900 -0.87914300
v 0.01067900 1.36324900 -0.87914300
v 0.01067900 1.36324900 -0.87914300
v 0.01067900 1.36324900 -0.87914300
v 0.01067900 1.36324900 -0.87914300
v 0.01067900 1.36324900 -0.87916200
v 0.01067900 1.36324900 -0.87916200
v 0.01067900 1.36324900 -0.87916200
v 0.01067900 1.36324900 -0.87916200
v 0.01067900 1.36324900 -0.87916200
v 0.01067900 1.36324900 -0.87916200
v 0.01067900 1.36324900 -0.87918200
v 0.01067900 1.36324900 -0.87918200
v 0.01067900 1.36324900 -0.87918200
v 0.01067900 1.36324900 -0.87918200
v 0.01067900 1.36324900 -0.87918200
v 0.01067900 1.36324900 -0.87918200
v 0.01067900 1.36324900 -0.87920200
v 0.01067900 1.36324900 -0.87920200
v 0.01067900 1.36324900 -0.87920200
v 0.01067900 1.36324900 -0.87920200
v 0.01067900 1.36324900 -0.87920200
v 0.01067900 1.36324900 -0.87922200
v 0.01067900 1.36324900 -0.87922200
v 0.01067900 1.36324900 -0.87922200
v 0.01067900 1.36324900 -0.87922200
v 0.01067900 1.36324900 -0.87922200
v 0.01067900 1.36324900 -0.87924200
v 0.01067900 1.36324900 -0.87924200
v 0.01067900 1.36324900 -0.87924200
v 0.01067900 1.36324900 -0.87924200
v 0.01067900 1.36324900 -0.87924200
v 0.01067900 1.36324900 -0.87926100
v 0.01067900 1.36324900 -0.87926100
v 0.01067900 1.36324900 -0.87926100
v 0.01067900 1.36324900 -0.87926100
v 0.01067900 1.36324900 -0.87926100
v 0.01067900 1.36324900 -0.87926100
v 0.01067900 1.36324900 -0.87928100
v 0.01067900 1.36324900 -0.87928100
v 0.01067900 1.36324900 -0.87928100
v 0.01067900 1.36324900 -0.87928100
v 0.01067900 1.36324900 -0.87928100
v 0.01067900 1.36324900 -0.87930100
v 0.01067900 1.36324900 -0.87930100
v 0.01067900 1.36324900 -0.87930100
v 0.01067900 1.36324900 -0.87930100
v 0.01067900 1.36324900 -0.87930100
v 0.01067900 1.36324900 -0.87932100
v 0.01067900 1.36324900 -0.87932100
v 0.01067900 1.36324900 -0.87932100
v 0.01067900 1.36324900 -0.87932100
v 0.01067900 1.36324900 -0.87932100
v 0.01067900 1.36324900 -0.87934100
v 0.01067900 1.36324900 -0.87934100
v 0.01067900 1.36324900 -0.87934100
v 0.01067900 1.36324900 -0.87934100
v 0.01067900 1.36324900 -0.87934100
v 0.01067900 1.36324900 -0.87936000
v 0.01067900 1.36324900 -0.87936000
v 0.01067900 1.36324900 -0.87936000
v 0.01067900 1.36324900 -0.87936000
v 0.01067900 1.36324900 -0.87936000
v 0.01067900 1.36324900 -0.87936000
v 0.01067900 1.36324900 -0.87936000
v 0.01068500 1.36323800 -0.87938000
v 0.01068500 1.36323800 -0.87938000
v 0.01068500 1.36323800 -0.87938000
v 0.01068500 1.36323800 -0.87938000
v 0.01069000 1.36321900 -0.87940000
v 0.01069000 1.36321900 -0.87940000
v 0.01069000 1.36321900 -0.87940000
v 0.01069000 1.36321900 -0.87940000
v 0.01068800 1.36319800 -0.87942000
v 0.01068800 1.36319800 -0.87942000
v 0.01068800 1.36319800 -0.87942000
v 0.01068800 1.36319800 -0.87942000
v 0.01067900 1.36317700 -0.87943900
v 0.01067900 1.36317700 -0.87943900
v 0.01067900 1.36317700 -0.87943900
v 0.01067900 1.36317700 -0.87943900
v 0.01068200 1.36326800 -0.87938800
v 0.01068200 1.36326800 -0.87938800
v 0.01068200 1.36326800 -0.87938800
v 0.01068200 1.36326800 -0.87938800
v 0.01069200 1.36328600 -0.87940800
v 0.01069200 1.36328600 -0.87940800
v 0.01069200 1.36328600 -0.87940800
v 0.01069200 1.36328600 -0.87940800
v 0.01070800 1.36330000 -0.87942800
v 0.01070800 1.36330000 -0.87942800
v 0.01070800 1.36330000 -0.87942800
v 0.01070800 1.36330000 -0.87942800
v 0.01073000 1.36330900 -0.87944700
v 0.01073000 1.36330900 -0.87944700
v 0.01073000 1.36330900 -0.87944700
v 0.01073000 1.36330900 -0.87944700
v 0.01075500 1.36331200 -0.87946700
v 0.01075500 1.36331200 -0.87946700
v 0.01075500 1.36331200 -0.87946700
v 0.01075500 1.36331200 -0.87946700
v 0.01078200 1.36330800 -0.87948700
v 0.01078200 1.36330800 -0.87948700
v 0.01078200 1.36330800 -0.87948700
v 0.01078200 1.36330800 -0.87948700
v 0.01080900 1.36329600 -0.87950700
v 0.01080900 1.36329600 -0.87950700
v 0.01080900 1.36329600 -0.87950700
v 0.01080900 1.36329600 -0.87950700
v 0.01083500 1.36327600 -0.87952700
v 0.01083500 1.36327600 -0.87952700
v 0.01083500 1.36327600 -0.87952700
v 0.01083500 1.36327600 -0.87952700
v 0.01085700 1.36324900 -0.87954600
v 0.01085700 1.36324900 -0.87954600
v 0.01085700 1.36324900 -0.87954600
v 0.01085700 1.36324900 -0.87954600
v 0.01087400 1.36321400 -0.87956600
v 0.01087400 1.36321400 -0.87956600
v 0.01087400 1.36321400 -0.87956600
v 0.01087400 1.36321400 -0.87956600
v 0.01088300 1.36317400 -0.87958600
v 0.01088300 1.36317400 -0.87958600
v 0.01088300 1.36317400 -0.87958600
v 0.01088300 1.36317400 -0.87958600
v 0.01088400 1.36313000 -0.87960600
v 0.01088400 1.36313000 -0.87960600
v 0.01088400 1.36313000 -0.87960600
v 0.01088400 1.36313000 -0.87960600
v 0.01087600 1.36308300 -0.87962600
v 0.01087600 1.36308300 -0.87962600
v 0.01087600 1.36308300 -0.87962600
v 0.01087600 1.36308300 -0.87962600
v 0.01085700 1.36303600 -0.87964500
v 0.01085700 1.36303600 -0.87964500
v 0.01085700 1.36303600 -0.87964500
v 0.01085700 1.36303600 -0.87964500
v 0.01082700 1.36299100 -0.87966500
v 0.01082700 1.36299100 -0.87966500
v 0.01082700 1.36299100 -0.87966500
v 0.01082700 1.36299100 -0.87966500
v 0.01078700 1.36295100 -0.87968500
v 0.01078700 1.36295100 -0.87968500
v 0.01078700 1.36295100 -0.87968500
v 0.01073700 1.36291700 -0.87970500
v 0.01073700 1.36291700 -0.87970500
v 0.01067900 1.36289200 -0.87972500
v 0.01067900 1.36289200 -0.87972500
v 0.01067300 1.36325900 -0.87938000
v 0.01067300 1.36325900 -0.87938000
v 0.01067300 1.36325900 -0.87938000
v 0.01067300 1.36325900 -0.87938000
v 0.01066800 1.36327800 -0.87940000
v 0.01066800 1.36327800 -0.87940000
v 0.01066800 1.36327800 -0.87940000
v 0.01066800 1.36327800 -0.87940000
v 0.01067000 1.36329900 -0.87942000
v 0.01067000 1.36329900 -0.87942000
v 0.01067000 1.36329900 -0.87942000
v 0.01067000 1.36329900 -0.87942000
v 0.01067900 1.36332000 -0.87943900
v 0.01067900 1.36332000 -0.87943900
v 0.01067900 1.36332000 -0.87943900
v 0.01069500 1.36333800 -0.87945900
v 0.01069500 1.36333800 -0.87945900
v 0.01071700 1.36335300 -0.87947900
v 0.01071700 1.36335300 -0.87947900
v 0.01071700 1.36335300 -0.87947900
v 0.01074400 1.36336200 -0.87949900
v 0.01074400 1.36336200 -0.87949900
v 0.01074400 1.36336200 -0.87949900
v 0.01074400 1.36336200 -0.87949900
v 0.01077500 1.36336400 -0.87951900
v 0.01077500 1.36336400 -0.87951900
v 0.01077500 1.36336400 -0.87951900
v 0.01077500 1.36336400 -0.87951900
v 0.01080900 1.36335800 -0.87953800
v 0.01080900 1.36335800 -0.87953800
v 0.01080900 1.36335800 -0.87953800
v 0.01084300 1.36334400 -0.87955800
v 0.01084300 1.36334400 -0.87955800
v 0.01087600 1.36332000 -0.87957800
v 0.01087600 1.36332000 -0.87957800
v 0.01090500 1.36328800 -0.87959800
v 0.01090500 1.36328800 -0.87959800
v 0.01090500 1.36328800 -0.87959800
v 0.01092800 1.36324900 -0.87961800
v 0.01092800 1.36324900 -0.87961800
v 0.01092800 1.36324900 -0.87961800
v 0.01092800 1.36324900 -0.87961800
v 0.01094400 1.36320200 -0.87963700
v 0.01094400 1.36320200 -0.87963700
v 0.01094400 1.36320200 -0.87963700
v 0.01095000 1.36315000 -0.87965700
v 0.01095000 1.36315000 -0.87965700
v 0.01094600 1.36309400 -0.87967700
v 0.01094600 1.36309400 -0.87967700
v 0.01093000 1.36303700 -0.87969700
v 0.01093000 1.36303700 -0.87969700
v 0.01090300 1.36298200 -0.87971700
v 0.01090300 1.36298200 -0.87971700
v 0.01086300 1.36293000 -0.87973600
v 0.01086300 1.36293000 -0.87973600
v 0.01086300 1.36293000 -0.87973600
v 0.01081100 1.36288400 -0.87975600
v 0.01081100 1.36288400 -0.87975600
v 0.01081100 1.36288400 -0.87975600
v 0.01075000 1.36284700 -0.87977600
v 0.01075000 1.36284700 -0.87977600
v 0.01067900 1.36282100 -0.87979600
v 0.01067900 1.36282100 -0.87979600
v 0.01067500 1.36322900 -0.87938800
v 0.01067500 1.36322900 -0.87938800
v 0.01067500 1.36322900 -0.87938800
v 0.01067500 1.36322900 -0.87938800
v 0.01066500 1.36321100 -0.87940800
v 0.01066500 1.36321100 -0.87940800
v 0.01066500 1.36321100 -0.87940800
v 0.01066500 1.36321100 -0.87940800
v 0.01064900 1.36319700 -0.87942800
v 0.01064900 1.36319700 -0.87942800
v 0.01064900 1.36319700 -0.87942800
v 0.01064900 1.36319700 -0.87942800
v 0.01062800 1.36318800 -0.87944700
v 0.01062800 1.36318800 -0.87944700
v 0.01062800 1.36318800 -0.87944700
v 0.01062800 1.36318800 -0.87944700
v 0.01060300 1.36318500 -0.87946700
v 0.01060300 1.36318500 -0.87946700
v 0.01060300 1.36318500 -0.87946700
v 0.01060300 1.36318500 -0.87946700
v 0.01057600 1.36318900 -0.87948700
v 0.01057600 1.36318900 -0.87948700
v 0.01057600 1.36318900 -0.87948700
v 0.01057600 1.36318900 -0.87948700
v 0.01054900 1.36320100 -0.87950700
v 0.01054900 1.36320100 -0.87950700
v 0.01054900 1.36320100 -0.87950700
v 0.01054900 1.36320100 -0.87950700
v 0.01052300 1.36322100 -0.87952700
v 0.01052300 1.36322100 -0.87952700
v 0.01052300 1.36322100 -0.87952700
v 0.01052300 1.36322100 -0.87952700
v 0.01050100 1.36324900 -0.87954600
v 0.01050100 1.36324900 -0.87954600
v 0.01050100 1.36324900 -0.87954600
v 0.01050100 1.36324900 -0.87954600
v 0.01048400 1.36328300 -0.87956600
v 0.01048400 1.36328300 -0.87956600
v 0.01048400 1.36328300 -0.87956600
v 0.01048400 1.36328300 -0.87956600
v 0.01047400 1.36332300 -0.87958600
v 0.01047400 1.36332300 -0.87958600
v 0.01047400 1.36332300 -0.87958600
v 0.01047400 1.36332300 -0.87958600
v 0.01047300 1.36336700 -0.87960600
v 0.01047300 1.36336700 -0.87960600
v 0.01047300 1.36336700 -0.87960600
v 0.01047300 1.36336700 -0.87960600
v 0.01048200 1.36341400 -0.87962600
v 0.01048200 1.36341400 -0.87962600
v 0.01048200 1.36341400 -0.87962600
v 0.01048200 1.36341400 -0.87962600
v 0.01050100 1.36346100 -0.87964500
v 0.01050100 1.36346100 -0.87964500
v 0.01050100 1.36346100 -0.87964500
v 0.01050100 1.36346100 -0.87964500
v 0.01053000 1.36350600 -0.87966500
v 0.01053000 1.36350600 -0.87966500
v 0.01053000 1.36350600 -0.87966500
v 0.01057000 1.36354600 -0.87968500
v 0.01057000 1.36354600 -0.87968500
v 0.01062000 1.36358000 -0.87970500
v 0.01062000 1.36358000 -0.87970500
v 0.01067900 1.36360500 -0.87972500
v 0.01067900 1.36360500 -0.87972500
v 0.01074400 1.36361900 -0.87974400
v 0.01074400 1.36361900 -0.87974400
v 0.01081400 1.36362100 -0.87976400
v 0.01081400 1.36362100 -0.87976400
v 0.01088700 1.36360900 -0.87978400
v 0.01088700 1.36360900 -0.87978400
v 0.01095900 1.36358200 -0.87980400
v 0.01095900 1.36358200 -0.87980400
v 0.01102700 1.36354100 -0.87982400
v 0.01102700 1.36354100 -0.87982400
v 0.01109000 1.36348600 -0.87984300
v 0.01109000 1.36348600 -0.87984300
v 0.01114400 1.36341800 -0.87986300
v 0.01114400 1.36341800 -0.87986300
v 0.01118600 1.36333800 -0.87988300
v 0.01118600 1.36333800 -0.87988300
v 0.01121300 1.36324900 -0.87990300
v 0.01121300 1.36324900 -0.87990300
v 0.01122500 1.36315200 -0.87992200
v 0.01122500 1.36315200 -0.87992200
v 0.01121800 1.36305200 -0.87994200
v 0.01121800 1.36305200 -0.87994200
v 0.01119300 1.36295200 -0.87996200
v 0.01119300 1.36295200 -0.87996200
v 0.01114900 1.36285400 -0.87998200
v 0.01114900 1.36285400 -0.87998200
v 0.01108600 1.36276300 -0.88000200
v 0.01108600 1.36276300 -0.88000200
v 0.01100500 1.36268300 -0.88002100
v 0.01100500 1.36268300 -0.88002100
v 0.01090900 1.36261600 -0.88004100
v 0.01090900 1.36261600 -0.88004100
v 0.01079900 1.36256600 -0.88006100
v 0.01079900 1.36256600 -0.88006100
v 0.01079900 1.36256600 -0.88006100
v 0.01067900 1.36253600 -0.88008100
v 0.01067900 1.36253600 -0.88008100
v 0.01067900 1.36253600 -0.88008100
v 0.01067900 1.36253600 -0.88008100
v 0.01066300 1.36315900 -0.87945900
v 0.01066300 1.36315900 -0.87945900
v 0.01066300 1.36315900 -0.87945900
v 0.01064100 1.36314400 -0.87947900
v 0.01064100 1.36314400 -0.87947900
v 0.01064100 1.36314400 -0.87947900
v 0.01061300 1.36313500 -0.87949900
v 0.01061300 1.36313500 -0.87949900
v 0.01061300 1.36313500 -0.87949900
v 0.01061300 1.36313500 -0.87949900
v 0.01058200 1.36313300 -0.87951900
v 0.01058200 1.36313300 -0.87951900
v 0.01058200 1.36313300 -0.87951900
v 0.01054800 1.36313900 -0.87953800
v 0.01054800 1.36313900 -0.87953800
v 0.01051400 1.36315400 -0.87955800
v 0.01051400 1.36315400 -0.87955800
v 0.01048200 1.36317700 -0.87957800
v 0.01048200 1.36317700 -0.87957800
v 0.01045300 1.36320900 -0.87959800
v 0.01045300 1.36320900 -0.87959800
v 0.01042900 1.36324900 -0.87961800
v 0.01042900 1.36324900 -0.87961800
v 0.01042900 1.36324900 -0.87961800
v 0.01041400 1.36329500 -0.87963700
v 0.01041400 1.36329500 -0.87963700
v 0.01041400 1.36329500 -0.87963700
v 0.01040700 1.36334700 -0.87965700
v 0.01040700 1.36334700 -0.87965700
v 0.01041100 1.36340300 -0.87967700
v 0.01041100 1.36340300 -0.87967700
v 0.01041100 1.36340300 -0.87967700
v 0.01042700 1.36346000 -0.87969700
v 0.01042700 1.36346000 -0.87969700
v 0.01042700 1.36346000 -0.87969700
v 0.01045500 1.36351500 -0.87971700
v 0.01045500 1.36351500 -0.87971700
v 0.01049500 1.36356700 -0.87973600
v 0.01049500 1.36356700 -0.87973600
v 0.01054600 1.36361300 -0.87975600
v 0.01054600 1.36361300 -0.87975600
v 0.01060800 1.36365000 -0.87977600
v 0.01060800 1.36365000 -0.87977600
v 0.01067900 1.36367600 -0.87979600
v 0.01067900 1.36367600 -0.87979600
v 0.01075600 1.36368900 -0.87981600
v 0.01075600 1.36368900 -0.87981600
v 0.01083900 1.36368800 -0.87983500
v 0.01083900 1.36368800 -0.87983500
v 0.01092200 1.36367000 -0.87985500
v 0.01092200 1.36367000 -0.87985500
v 0.01100400 1.36363700 -0.87987500
v 0.01100400 1.36363700 -0.87987500
v 0.01108200 1.36358700 -0.87989500
v 0.01108200 1.36358700 -0.87989500
v 0.01115200 1.36352200 -0.87991500
v 0.01115200 1.36352200 -0.87991500
v 0.01121100 1.36344200 -0.87993400
v 0.01121100 1.36344200 -0.87993400
v 0.01125600 1.36335000 -0.87995400
v 0.01125600 1.36335000 -0.87995400
v 0.01128400 1.36324900 -0.87997400
v 0.01128400 1.36324900 -0.87997400
v 0.01129500 1.36314000 -0.87999400
v 0.01129500 1.36314000 -0.87999400
v 0.01128500 1.36302800 -0.88001400
v 0.01128500 1.36302800 -0.88001400
v 0.01125500 1.36291600 -0.88003300
v 0.01125500 1.36291600 -0.88003300
v 0.01120300 1.36280800 -0.88005300
v 0.01120300 1.36280800 -0.88005300
v 0.01113200 1.36270900 -0.88007300
v 0.01113200 1.36270900 -0.88007300
v 0.01113200 1.36270900 -0.88007300
v 0.01103500 1.36263100 -0.88008100
v 0.01103500 1.36263100 -0.88008100
v 0.01103500 1.36263100 -0.88008100
v 0.01103500 1.36263100 -0.88008100
v 0.01092200 1.36257900 -0.88008100
v 0.01092200 1.36257900 -0.88008100
v 0.01092200 1.36257900 -0.88008100
v 0.01080200 1.36254700 -0.88008100
v 0.01080200 1.36254700 -0.88008100
v 0.01080200 1.36254700 -0.88008100
v 0.01061300 1.36287800 -0.87974400
v 0.01061300 1.36287800 -0.87974400
v 0.01054300 1.36287700 -0.87976400
v 0.01054300 1.36287700 -0.87976400
v 0.01047100 1.36288900 -0.87978400
v 0.01047100 1.36288900 -0.87978400
v 0.01039900 1.36291500 -0.87980400
v 0.01039900 1.36291500 -0.87980400
v 0.01033000 1.36295600 -0.87982400
v 0.01033000 1.36295600 -0.87982400
v 0.01033000 1.36295600 -0.87982400
v 0.01026700 1.36301100 -0.87984300
v 0.01026700 1.36301100 -0.87984300
v 0.01026700 1.36301100 -0.87984300
v 0.01021400 1.36307900 -0.87986300
v 0.01021400 1.36307900 -0.87986300
v 0.01017200 1.36315900 -0.87988300
v 0.01017200 1.36315900 -0.87988300
v 0.01014400 1.36324900 -0.87990300
v 0.01014400 1.36324900 -0.87990300
v 0.01013300 1.36334500 -0.87992200
v 0.01013300 1.36334500 -0.87992200
v 0.01013900 1.36344500 -0.87994200
v 0.01013900 1.36344500 -0.87994200
v 0.01016400 1.36354600 -0.87996200
v 0.01016400 1.36354600 -0.87996200
v 0.01016400 1.36354600 -0.87996200
v 0.01020900 1.36364300 -0.87998200
v 0.01020900 1.36364300 -0.87998200
v 0.01020900 1.36364300 -0.87998200
v 0.01027200 1.36373400 -0.88000200
v 0.01027200 1.36373400 -0.88000200
v 0.01035200 1.36381400 -0.88002100
v 0.01035200 1.36381400 -0.88002100
v 0.01044900 1.36388100 -0.88004100
v 0.01044900 1.36388100 -0.88004100
v 0.01055800 1.36393100 -0.88006100
v 0.01055800 1.36393100 -0.88006100
v 0.01055800 1.36393100 -0.88006100
v 0.01067900 1.36396100 -0.88008100
v 0.01067900 1.36396100 -0.88008100
v 0.01067900 1.36396100 -0.88008100
v 0.01067900 1.36396100 -0.88008100
v 0.01080200 1.36395000 -0.88008100
v 0.01080200 1.36395000 -0.88008100
v 0.01080200 1.36395000 -0.88008100
v 0.01092200 1.36391800 -0.88008100
v 0.01092200 1.36391800 -0.88008100
v 0.01092200 1.36391800 -0.88008100
v 0.01103500 1.36386600 -0.88008100
v 0.01103500 1.36386600 -0.88008100
v 0.01103500 1.36386600 -0.88008100
v 0.01113700 1.36379400 -0.88008100
v 0.01113700 1.36379400 -0.88008100
v 0.01113700 1.36379400 -0.88008100
v 0.01122500 1.36370700 -0.88008100
v 0.01122500 1.36370700 -0.88008100
v 0.01122500 1.36370700 -0.88008100
v 0.01129600 1.36360500 -0.88008100
v 0.01129600 1.36360500 -0.88008100
v 0.01129600 1.36360500 -0.88008100
v 0.01134800 1.36349200 -0.88008100
v 0.01134800 1.36349200 -0.88008100
v 0.01134800 1.36349200 -0.88008100
v 0.01138000 1.36337200 -0.88008100
v 0.01138000 1.36337200 -0.88008100
v 0.01138000 1.36337200 -0.88008100
v 0.01139100 1.36324900 -0.88008100
v 0.01139100 1.36324900 -0.88008100
v 0.01139100 1.36324900 -0.88008100
v 0.01138000 1.36312500 -0.88008100
v 0.01138000 1.36312500 -0.88008100
v 0.01138000 1.36312500 -0.88008100
v 0.01134800 1.36300500 -0.88008100
v 0.01134800 1.36300500 -0.88008100
v 0.01134800 1.36300500 -0.88008100
v 0.01129600 1.36289200 -0.88008100
v 0.01129600 1.36289200 -0.88008100
v 0.01129600 1.36289200 -0.88008100
v 0.01122500 1.36279100 -0.88008100
v 0.01122500 1.36279100 -0.88008100
v 0.01122500 1.36279100 -0.88008100
v 0.01113700 1.36270300 -0.88008100
v 0.01113700 1.36270300 -0.88008100
v 0.01113700 1.36270300 -0.88008100
v 0.01060100 1.36280800 -0.87981600
v 0.01060100 1.36280800 -0.87981600
v 0.01051900 1.36281000 -0.87983500
v 0.01051900 1.36281000 -0.87983500
v 0.01043500 1.36282700 -0.87985500
v 0.01043500 1.36282700 -0.87985500
v 0.01035300 1.36286000 -0.87987500
v 0.01035300 1.36286000 -0.87987500
v 0.01027500 1.36291000 -0.87989500
v 0.01027500 1.36291000 -0.87989500
v 0.01020600 1.36297500 -0.87991500
v 0.01020600 1.36297500 -0.87991500
v 0.01014700 1.36305500 -0.87993400
v 0.01014700 1.36305500 -0.87993400
v 0.01010200 1.36314700 -0.87995400
v 0.01010200 1.36314700 -0.87995400
v 0.01007300 1.36324900 -0.87997400
v 0.01007300 1.36324900 -0.87997400
v 0.01006300 1.36335700 -0.87999400
v 0.01006300 1.36335700 -0.87999400
v 0.01007200 1.36346900 -0.88001400
v 0.01007200 1.36346900 -0.88001400
v 0.01010300 1.36358100 -0.88003300
v 0.01010300 1.36358100 -0.88003300
v 0.01015400 1.36368900 -0.88005300
v 0.01015400 1.36368900 -0.88005300
v 0.01015400 1.36368900 -0.88005300
v 0.01022600 1.36378800 -0.88007300
v 0.01022600 1.36378800 -0.88007300
v 0.01022600 1.36378800 -0.88007300
v 0.01022600 1.36378800 -0.88007300
v 0.01032200 1.36386600 -0.88008100
v 0.01032200 1.36386600 -0.88008100
v 0.01032200 1.36386600 -0.88008100
v 0.01032200 1.36386600 -0.88008100
v 0.01043500 1.36391800 -0.88008100
v 0.01043500 1.36391800 -0.88008100
v 0.01043500 1.36391800 -0.88008100
v 0.01055500 1.36395000 -0.88008100
v 0.01055500 1.36395000 -0.88008100
v 0.01055500 1.36395000 -0.88008100
v 0.01055500 1.36254700 -0.88008100
v 0.01055500 1.36254700 -0.88008100
v 0.01055500 1.36254700 -0.88008100
v 0.01055500 1.36254700 -0.88008100
v 0.01043500 1.36257900 -0.88008100
v 0.01043500 1.36257900 -0.88008100
v 0.01043500 1.36257900 -0.88008100
v 0.01032200 1.36263100 -0.88008100
v 0.01032200 1.36263100 -0.88008100
v 0.01032200 1.36263100 -0.88008100
v 0.01032200 1.36263100 -0.88008100
v 0.01022100 1.36270300 -0.88008100
v 0.01022100 1.36270300 -0.88008100
v 0.01022100 1.36270300 -0.88008100
v 0.01013300 1.36279100 -0.88008100
v 0.01013300 1.36279100 -0.88008100
v 0.01013300 1.36279100 -0.88008100
v 0.01006200 1.36289200 -0.88008100
v 0.01006200 1.36289200 -0.88008100
v 0.01006200 1.36289200 -0.88008100
v 0.01000900 1.36300500 -0.88008100
v 0.01000900 1.36300500 -0.88008100
v 0.01000900 1.36300500 -0.88008100
v 0.00997700 1.36312500 -0.88008100
v 0.00997700 1.36312500 -0.88008100
v 0.00997700 1.36312500 -0.88008100
v 0.00996600 1.36324900 -0.88008100
v 0.00996600 1.36324900 -0.88008100
v 0.00996600 1.36324900 -0.88008100
v 0.00997700 1.36337200 -0.88008100
v 0.00997700 1.36337200 -0.88008100
v 0.00997700 1.36337200 -0.88008100
v 0.01000900 1.36349200 -0.88008100
v 0.01000900 1.36349200 -0.88008100
v 0.01000900 1.36349200 -0.88008100
v 0.01006200 1.36360500 -0.88008100
v 0.01006200 1.36360500 -0.88008100
v 0.01006200 1.36360500 -0.88008100
v 0.01013300 1.36370700 -0.88008100
v 0.01013300 1.36370700 -0.88008100
v 0.01013300 1.36370700 -0.88008100
v 0.01022100 1.36379400 -0.88008100
v 0.01022100 1.36379400 -0.88008100
v 0.01022100 1.36379400 -0.88008100
vn 0.94450000 0.02860000 0.32730000
vn 0.97740000 -0.05480000 0.20430000
vn 0.99240000 -0.05200000 0.11160000
vn 0.00000000 0.50000000 0.86600000
vn 0.99560000 -0.04690000 0.08120000
vn 0.94450000 -0.02860000 0.32740000
vn 0.99560000 0.04690000 0.08120000
vn 0.00000000 -0.50000000 0.86600000
vn 0.99240000 0.05200000 0.11160000
vn 0.97740000 0.05480000 0.20430000
vn 0.94450000 0.02860000 0.32730000
vn 0.97740000 0.05480000 0.20430000
vn 1.00000000 0.00000000 0.00000000
vn 0.94450000 -0.02860000 0.32740000
vn 0.94450000 0.02860000 0.32730000
vn 1.00000000 0.00000000 0.00000000
vn 0.99240000 0.05200000 0.11160000
vn 0.97740000 0.05480000 0.20430000
vn 1.00000000 0.00000000 0.00000000
vn 1.00000000 0.00000000 0.00000000
vn 0.99240000 0.05200000 0.11160000
vn 0.99240000 0.07060000 0.10080000
vn 0.99560000 0.04690000 0.08120000
vn 0.99560000 0.09370000 0.00000000
vn 0.00000000 1.00000000 0.00000000
vn 0.00000000 0.50000000 0.86600000
vn 0.99240000 0.12270000 0.01070000
vn 0.99560000 0.04690000 0.08120000
vn 0.99240000 0.07060000 0.10080000
vn 0.97740000 0.20420000 0.05480000
vn 0.94450000 0.29780000 0.13890000
vn 0.94440000 0.26940000 0.18850000
vn 0.97740000 0.14960000 0.14960000
vn 1.00000000 0.00000000 0.00000000
vn 0.99240000 0.07060000 0.10080000
vn 0.97740000 0.14960000 0.14960000
vn 0.94440000 0.26940000 0.18850000
vn 1.00000000 0.00000000 0.00000000
vn 0.97740000 0.14960000 0.14960000
vn 1.00000000 0.00000000 0.00000000
vn 0.94450000 0.29780000 0.13890000
vn 0.94440000 0.26940000 0.18850000
vn 0.97740000 0.20420000 0.05480000
vn 1.00000000 0.00000000 0.00000000
vn 0.94450000 0.29780000 0.13890000
vn 0.97740000 0.20420000 0.05480000
vn 0.99240000 0.12270000 0.01070000
vn 1.00000000 0.00000000 0.00000000
vn 1.00000000 0.00000000 0.00000000
vn 0.99240000 0.12270000 0.01070000
vn 0.99560000 0.09370000 0.00000000
vn 0.99240000 0.12270000 -0.01070000
vn 0.94450000 0.26910000 -0.18850000
vn 0.00000000 1.00000000 0.00000000
vn 0.97740000 0.14970000 -0.14960000
vn 0.00000000 0.50000000 -0.86600000
vn 0.99240000 0.07060000 -0.10080000
vn 0.97740000 0.20440000 -0.05480000
vn 0.99240000 0.12270000 -0.01070000
vn 0.99560000 0.09370000 0.00000000
vn 0.99560000 0.04690000 -0.08120000
vn 0.94440000 0.29800000 -0.13880000
vn 0.97740000 0.20440000 -0.05480000
vn 1.00000000 0.00000000 0.00000000
vn 0.99240000 0.12270000 -0.01070000
vn 0.97740000 0.20440000 -0.05480000
vn 1.00000000 0.00000000 0.00000000
vn 0.94440000 0.29800000 -0.13880000
vn 0.94440000 0.29800000 -0.13880000
vn 0.94450000 0.26910000 -0.18850000
vn 1.00000000 0.00000000 0.00000000
vn 1.00000000 0.00000000 0.00000000
vn 0.97740000 0.14970000 -0.14960000
vn 0.94450000 0.26910000 -0.18850000
vn 0.99240000 0.07060000 -0.10080000
vn 0.97740000 0.14970000 -0.14960000
vn 1.00000000 0.00000000 0.00000000
vn 0.99240000 0.05200000 -0.11160000
vn 0.99560000 0.04690000 -0.08120000
vn 0.99240000 0.07060000 -0.10080000
vn 1.00000000 0.00000000 0.00000000
vn 0.99560000 -0.04690000 -0.08120000
vn 0.99240000 -0.05200000 -0.11160000
vn 0.97740000 -0.05480000 -0.20430000
vn 0.94450000 -0.02870000 -0.32740000
vn 0.00000000 0.50000000 -0.86600000
vn 0.94450000 0.02860000 -0.32730000
vn 0.00000000 -0.50000000 -0.86600000
vn 0.97740000 0.05480000 -0.20430000
vn 0.99240000 0.05200000 -0.11160000
vn 0.99560000 0.04690000 -0.08120000
vn 0.97740000 0.05480000 -0.20430000
vn 1.00000000 0.00000000 0.00000000
vn 0.99240000 0.05200000 -0.11160000
vn 1.00000000 0.00000000 0.00000000
vn 0.97740000 0.05480000 -0.20430000
vn 0.94450000 0.02860000 -0.32730000
vn 0.94450000 0.02860000 -0.32730000
vn 1.00000000 0.00000000 0.00000000
vn 0.94450000 -0.02870000 -0.32740000
vn 0.00000000 -0.50000000 0.86600000
vn 1.00000000 0.00000000 0.00000000
vn 0.00000000 0.50000000 0.86600000
vn 0.00000000 0.50000000 0.86600000
vn 0.00000000 1.00000000 0.00000000
vn 1.00000000 0.00000000 0.00000000
vn 0.00000000 0.50000000 -0.86600000
vn 0.00000000 1.00000000 0.00000000
vn 1.00000000 0.00000000 0.00000000
vn 0.00000000 0.50000000 -0.86600000
vn 0.00000000 -0.50000000 -0.86600000
vn 1.00000000 0.00000000 0.00000000
vn 0.94450000 -0.02860000 0.32740000
vn 0.97740000 -0.05480000 0.20430000
vn 1.00000000 0.00000000 0.00000000
vn 1.00000000 0.00000000 0.00000000
vn 0.97740000 -0.05480000 0.20430000
vn 0.99240000 -0.05200000 0.11160000
vn 0.99240000 -0.05200000 0.11160000
vn 1.00000000 0.00000000 0.00000000
vn 0.99240000 -0.07060000 0.10080000
vn 0.99560000 -0.04690000 0.08120000
vn 0.97740000 -0.20420000 0.05470000
vn 0.94440000 -0.26940000 0.18850000
vn 0.94450000 -0.29780000 0.13890000
vn 0.99560000 -0.04690000 0.08120000
vn 0.99240000 -0.07060000 0.10080000
vn 0.97740000 -0.14960000 0.14960000
vn 0.00000000 -0.50000000 0.86600000
vn 0.00000000 -1.00000000 0.00000000
vn 0.99240000 -0.12270000 0.01070000
vn 0.99560000 -0.09370000 0.00000000
vn 1.00000000 0.00000000 0.00000000
vn 0.99240000 -0.07060000 0.10080000
vn 0.97740000 -0.14960000 0.14960000
vn 1.00000000 0.00000000 0.00000000
vn 0.94440000 -0.26940000 0.18850000
vn 0.97740000 -0.14960000 0.14960000
vn 1.00000000 0.00000000 0.00000000
vn 0.94450000 -0.29780000 0.13890000
vn 0.94440000 -0.26940000 0.18850000
vn 1.00000000 0.00000000 0.00000000
vn 0.97740000 -0.20420000 0.05470000
vn 0.94450000 -0.29780000 0.13890000
vn 0.99240000 -0.12270000 0.01070000
vn 0.97740000 -0.20420000 0.05470000
vn 1.00000000 0.00000000 0.00000000
vn 0.99240000 -0.12270000 0.01070000
vn 0.99560000 -0.09370000 0.00000000
vn 1.00000000 0.00000000 0.00000000
vn 0.99240000 -0.12270000 -0.01070000
vn 0.99560000 -0.04690000 -0.08120000
vn 0.99240000 -0.07050000 -0.10080000
vn 0.00000000 -1.00000000 0.00000000
vn 0.97730000 -0.14970000 -0.14960000
vn 0.00000000 -0.50000000 -0.86600000
vn 0.94450000 -0.26920000 -0.18850000
vn 0.94440000 -0.29790000 -0.13880000
vn 0.99560000 -0.09370000 0.00000000
vn 0.99240000 -0.12270000 -0.01070000
vn 0.97740000 -0.20430000 -0.05470000
vn 0.97740000 -0.20430000 -0.05470000
vn 1.00000000 0.00000000 0.00000000
vn 0.99240000 -0.12270000 -0.01070000
vn 0.97740000 -0.20430000 -0.05470000
vn 0.94440000 -0.29790000 -0.13880000
vn 1.00000000 0.00000000 0.00000000
vn 0.94440000 -0.29790000 -0.13880000
vn 0.94450000 -0.26920000 -0.18850000
vn 1.00000000 0.00000000 0.00000000
vn 1.00000000 0.00000000 0.00000000
vn 0.94450000 -0.26920000 -0.18850000
vn 0.97730000 -0.14970000 -0.14960000
vn 0.97730000 -0.14970000 -0.14960000
vn 0.99240000 -0.07050000 -0.10080000
vn 1.00000000 0.00000000 0.00000000
vn 0.99240000 -0.05200000 -0.11160000
vn 1.00000000 0.00000000 0.00000000
vn 0.99240000 -0.07050000 -0.10080000
vn 0.99560000 -0.04690000 -0.08120000
vn 0.99240000 -0.05200000 -0.11160000
vn 0.97740000 -0.05480000 -0.20430000
vn 1.00000000 0.00000000 0.00000000
vn 0.97740000 -0.05480000 -0.20430000
vn 0.94450000 -0.02870000 -0.32740000
vn 1.00000000 0.00000000 0.00000000
vn 0.00000000 -0.50000000 0.86600000
vn 1.00000000 0.00000000 0.00000000
vn 0.00000000 -1.00000000 0.00000000
vn 0.00000000 -1.00000000 0.00000000
vn 0.00000000 -0.50000000 -0.86600000
vn 1.00000000 0.00000000 0.00000000
vn 0.70580000 -0.18340000 -0.68430000
vn 0.70570000 -0.06170000 -0.70580000
vn 1.00000000 0.00000000 0.00000000
vn 0.70570000 -0.06170000 -0.70580000
vn 1.00000000 0.00000000 0.00000000
vn 0.70580000 0.06170000 -0.70580000
vn 1.00000000 0.00000000 0.00000000
vn 0.70580000 -0.29940000 -0.64210000
vn 0.70580000 -0.18340000 -0.68430000
vn 0.70580000 -0.29940000 -0.64210000
vn 0.70580000 -0.40640000 -0.58030000
vn 1.00000000 0.00000000 0.00000000
vn 0.00000000 0.00000000 -1.00000000
vn 0.70580000 -0.18340000 -0.68430000
vn 0.70570000 -0.06170000 -0.70580000
vn 0.00000000 0.00000000 -1.00000000
vn 0.70570000 -0.06170000 -0.70580000
vn 0.70580000 0.06170000 -0.70580000
vn 0.00000000 0.00000000 -1.00000000
vn 0.70580000 -0.18340000 -0.68430000
vn 0.70580000 -0.29940000 -0.64210000
vn 0.00000000 -0.86600000 -0.50000000
vn 0.70580000 -0.29940000 -0.64210000
vn 0.00000000 0.00000000 -1.00000000
vn 0.70580000 -0.40640000 -0.58030000
vn 0.00000000 0.00000000 -1.00000000
vn 0.00000000 0.00000000 -1.00000000
vn 0.00000000 0.00000000 -1.00000000
vn 0.00000000 0.00000000 -1.00000000
vn -1.00000000 0.00000000 0.00000000
vn 0.00000000 0.00000000 -1.00000000
vn 0.00000000 -0.08720000 -0.99620000
vn -1.00000000 0.00000000 0.00000000
vn 0.00000000 0.08720000 -0.99620000
vn 0.00000000 0.00000000 -1.00000000
vn -1.00000000 0.00000000 0.00000000
vn -1.00000000 0.00000000 0.00000000
vn 0.00000000 0.00000000 -1.00000000
vn 0.00000000 -0.86600000 -0.50000000
vn 0.00000000 -0.25880000 -0.96590000
vn -1.00000000 0.00000000 0.00000000
vn 0.00000000 -0.08720000 -0.99620000
vn -1.00000000 0.00000000 0.00000000
vn 0.00000000 -0.25880000 -0.96590000
vn 0.00000000 -0.42260000 -0.90630000
vn -1.00000000 0.00000000 0.00000000
vn 0.00000000 -0.57360000 -0.81910000
vn 0.00000000 -0.42260000 -0.90630000
vn 0.00000000 -0.08720000 -0.99620000
vn 0.00000000 -0.25880000 -0.96590000
vn 1.00000000 0.00000000 0.00000000
vn 1.00000000 0.00000000 0.00000000
vn 0.00000000 0.08720000 -0.99620000
vn 0.00000000 -0.08720000 -0.99620000
vn 0.00000000 -0.25880000 -0.96590000
vn 1.00000000 0.00000000 0.00000000
vn 0.00000000 -0.42260000 -0.90630000
vn 1.00000000 0.00000000 0.00000000
vn 0.00000000 -0.57360000 -0.81910000
vn 0.00000000 -0.42260000 -0.90630000
vn -0.70570000 -0.18340000 -0.68430000
vn 1.00000000 0.00000000 0.00000000
vn -0.70570000 -0.06180000 -0.70580000
vn 1.00000000 0.00000000 0.00000000
vn -0.70570000 -0.06180000 -0.70580000
vn -0.70580000 0.06180000 -0.70580000
vn -0.70570000 -0.29940000 -0.64210000
vn 1.00000000 0.00000000 0.00000000
vn -0.70570000 -0.18340000 -0.68430000
vn -0.70570000 -0.40630000 -0.58040000
vn -0.70570000 -0.29940000 -0.64210000
vn 1.00000000 0.00000000 0.00000000
vn -0.70570000 -0.18340000 -0.68430000
vn 0.00000000 -0.25880000 -0.96590000
vn -0.70570000 -0.06180000 -0.70580000
vn 0.00000000 -0.08720000 -0.99620000
vn 0.00000000 0.08720000 -0.99620000
vn -0.70570000 -0.06180000 -0.70580000
vn 0.00000000 -0.08720000 -0.99620000
vn -0.70580000 0.06180000 -0.70580000
vn -0.70570000 -0.29940000 -0.64210000
vn -0.70570000 -0.18340000 -0.68430000
vn 0.00000000 -0.25880000 -0.96590000
vn 0.00000000 -0.42260000 -0.90630000
vn 0.00000000 -0.57360000 -0.81910000
vn -0.70570000 -0.40630000 -0.58040000
vn 0.00000000 -0.42260000 -0.90630000
vn -0.70570000 -0.29940000 -0.64210000
vn 0.70580000 0.06170000 -0.70580000
vn 1.00000000 0.00000000 0.00000000
vn 0.70580000 0.18340000 -0.68430000
vn 1.00000000 0.00000000 0.00000000
vn 0.70580000 0.29940000 -0.64210000
vn 0.70580000 0.18340000 -0.68430000
vn 1.00000000 0.00000000 0.00000000
vn 0.70580000 0.29940000 -0.64210000
vn 0.70580000 0.40640000 -0.58030000
vn 0.70580000 0.06170000 -0.70580000
vn 0.00000000 0.00000000 -1.00000000
vn 0.70580000 0.18340000 -0.68430000
vn 0.00000000 0.00000000 -1.00000000
vn 0.70580000 0.29940000 -0.64210000
vn 0.70580000 0.18340000 -0.68430000
vn 0.00000000 0.86600000 -0.50000000
vn 0.70580000 0.29940000 -0.64210000
vn 0.70580000 0.40640000 -0.58030000
vn 0.00000000 0.00000000 -1.00000000
vn 0.00000000 0.00000000 -1.00000000
vn 0.00000000 0.00000000 -1.00000000
vn -1.00000000 0.00000000 0.00000000
vn 0.00000000 0.00000000 -1.00000000
vn -1.00000000 0.00000000 0.00000000
vn 0.00000000 0.00000000 -1.00000000
vn 0.00000000 0.86600000 -0.50000000
vn -1.00000000 0.00000000 0.00000000
vn 0.00000000 0.00000000 -1.00000000
vn 0.00000000 0.25880000 -0.96590000
vn 0.00000000 0.08720000 -0.99620000
vn -1.00000000 0.00000000 0.00000000
vn 0.00000000 0.25880000 -0.96590000
vn 0.00000000 0.42260000 -0.90630000
vn -1.00000000 0.00000000 0.00000000
vn 0.00000000 0.42260000 -0.90630000
vn -1.00000000 0.00000000 0.00000000
vn 0.00000000 0.57360000 -0.81910000
vn 1.00000000 0.00000000 0.00000000
vn 0.00000000 0.08720000 -0.99620000
vn 0.00000000 0.25880000 -0.96590000
vn 0.00000000 0.25880000 -0.96590000
vn 1.00000000 0.00000000 0.00000000
vn 0.00000000 0.42260000 -0.90630000
vn 1.00000000 0.00000000 0.00000000
vn 0.00000000 0.42260000 -0.90630000
vn 0.00000000 0.57360000 -0.81910000
vn 1.00000000 0.00000000 0.00000000
vn -0.70570000 0.18340000 -0.68430000
vn -0.70580000 0.06180000 -0.70580000
vn 1.00000000 0.00000000 0.00000000
vn -0.70570000 0.29940000 -0.64210000
vn -0.70570000 0.18340000 -0.68430000
vn -0.70570000 0.29940000 -0.64210000
vn 1.00000000 0.00000000 0.00000000
vn -0.70570000 0.40640000 -0.58040000
vn -0.70570000 0.18340000 -0.68430000
vn -0.70580000 0.06180000 -0.70580000
vn 0.00000000 0.08720000 -0.99620000
vn 0.00000000 0.25880000 -0.96590000
vn -0.70570000 0.18340000 -0.68430000
vn 0.00000000 0.25880000 -0.96590000
vn -0.70570000 0.29940000 -0.64210000
vn 0.00000000 0.42260000 -0.90630000
vn 0.00000000 0.57360000 -0.81920000
vn -0.70570000 0.29940000 -0.64210000
vn -0.70570000 0.40640000 -0.58040000
vn 0.00000000 0.42260000 -0.90630000
vn 0.70570000 0.58040000 -0.40630000
vn 1.00000000 0.00000000 0.00000000
vn 0.70580000 0.50090000 -0.50090000
vn 1.00000000 0.00000000 0.00000000
vn 0.70570000 0.64210000 -0.29930000
vn 0.70570000 0.58040000 -0.40630000
vn 0.70580000 0.40640000 -0.58030000
vn 1.00000000 0.00000000 0.00000000
vn 0.70580000 0.50090000 -0.50090000
vn 0.70580000 0.50090000 -0.50090000
vn 0.00000000 0.86600000 -0.50000000
vn 0.70570000 0.58040000 -0.40630000
vn 0.00000000 0.86600000 -0.50000000
vn 0.70570000 0.64210000 -0.29930000
vn 0.70570000 0.58040000 -0.40630000
vn 0.70580000 0.50090000 -0.50090000
vn 0.70580000 0.40640000 -0.58030000
vn 0.00000000 0.86600000 -0.50000000
vn 0.00000000 0.86600000 -0.50000000
vn 0.00000000 0.86600000 -0.50000000
vn 0.00000000 0.86600000 -0.50000000
vn -1.00000000 0.00000000 0.00000000
vn 0.00000000 0.86600000 -0.50000000
vn -1.00000000 0.00000000 0.00000000
vn 0.00000000 0.86600000 -0.50000000
vn 0.00000000 0.81920000 -0.57350000
vn 0.00000000 0.90630000 -0.42270000
vn 0.00000000 0.86600000 -0.50000000
vn -1.00000000 0.00010000 0.00000000
vn -1.00000000 0.00010000 0.00000000
vn 0.00000000 0.70690000 -0.70730000
vn 0.00000000 0.81920000 -0.57350000
vn 0.00000000 0.57360000 -0.81910000
vn -1.00000000 0.00000000 0.00000000
vn 0.00000000 0.70690000 -0.70730000
vn 1.00000000 0.00000000 0.00000000
vn 0.00000000 0.81920000 -0.57350000
vn 0.00000000 0.70690000 -0.70730000
vn 1.00000000 0.00000000 0.00000000
vn 0.00000000 0.81920000 -0.57350000
vn 0.00000000 0.90630000 -0.42270000
vn 1.00000000 0.00000000 0.00000000
vn 0.00000000 0.57360000 -0.81910000
vn 0.00000000 0.70690000 -0.70730000
vn -0.70570000 0.58040000 -0.40630000
vn -0.70560000 0.50120000 -0.50100000
vn 1.00000000 0.00000000 0.00000000
vn -0.70570000 0.58040000 -0.40630000
vn 1.00000000 0.00000000 0.00000000
vn -0.70580000 0.64210000 -0.29940000
vn -0.70570000 0.40640000 -0.58040000
vn -0.70560000 0.50120000 -0.50100000
vn 1.00000000 0.00000000 0.00000000
vn -0.70560000 0.50120000 -0.50100000
vn -0.70570000 0.58040000 -0.40630000
vn 0.00000000 0.81920000 -0.57350000
vn 0.00000000 0.70710000 -0.70710000
vn -0.70570000 0.58040000 -0.40630000
vn -0.70580000 0.64210000 -0.29940000
vn 0.00000000 0.90630000 -0.42260000
vn 0.00000000 0.81920000 -0.57350000
vn -0.70560000 0.50120000 -0.50100000
vn 0.00000000 0.70710000 -0.70710000
vn -0.70570000 0.40640000 -0.58040000
vn 0.00000000 0.57360000 -0.81920000
vn 1.00000000 0.00000000 0.00000000
vn 0.70580000 0.68430000 -0.18340000
vn 0.70570000 0.64210000 -0.29930000
vn 1.00000000 0.00000000 0.00000000
vn 0.70580000 0.68430000 -0.18340000
vn 0.70580000 0.70570000 -0.06180000
vn 1.00000000 0.00000000 0.00000000
vn 0.70580000 0.70570000 -0.06180000
vn 0.70580000 0.70580000 0.06180000
vn 0.70580000 0.68430000 -0.18340000
vn 0.70570000 0.64210000 -0.29930000
vn 0.00000000 0.86600000 -0.50000000
vn 0.00000000 0.86600000 -0.50000000
vn 0.70580000 0.70570000 -0.06180000
vn 0.70580000 0.68430000 -0.18340000
vn 0.70580000 0.70580000 0.06180000
vn 0.00000000 0.86600000 0.50000000
vn 0.70580000 0.70570000 -0.06180000
vn 0.00000000 0.86600000 -0.50000000
vn 0.00000000 0.86600000 -0.50000000
vn 0.00000000 0.86600000 -0.50000000
vn -1.00000000 0.00020000 0.00000000
vn 0.00000000 0.86600000 -0.50000000
vn -1.00000000 0.00000000 0.00000000
vn 0.00000000 0.86600000 -0.50000000
vn 0.00000000 0.86600000 -0.50000000
vn 0.00000000 0.86600000 0.50000000
vn -1.00000000 0.00000000 0.00000000
vn -1.00000000 0.00020000 0.00000000
vn 0.00000000 0.90630000 -0.42270000
vn 0.00000000 0.96600000 -0.25870000
vn 0.00000000 0.99620000 -0.08710000
vn -1.00000000 0.00000000 0.00000000
vn 0.00000000 0.96600000 -0.25870000
vn 0.00000000 0.99620000 -0.08710000
vn -1.00000000 0.00000000 0.00000000
vn 0.00000000 0.99620000 0.08710000
vn 1.00000000 0.00000000 0.00000000
vn 0.00000000 0.96600000 -0.25870000
vn 0.00000000 0.90630000 -0.42270000
vn 0.00000000 0.96600000 -0.25870000
vn 1.00000000 0.00000000 0.00000000
vn 0.00000000 0.99620000 -0.08710000
vn 0.00000000 0.99620000 -0.08710000
vn 1.00000000 0.00000000 0.00000000
vn 0.00000000 0.99620000 0.08710000
vn 1.00000000 0.00000000 0.00000000
vn -0.70580000 0.64210000 -0.29940000
vn -0.70570000 0.68430000 -0.18340000
vn -0.70560000 0.70600000 -0.06170000
vn 1.00000000 0.00000000 0.00000000
vn -0.70570000 0.68430000 -0.18340000
vn -0.70550000 0.70600000 0.06170000
vn -0.70560000 0.70600000 -0.06170000
vn 1.00000000 0.00000000 0.00000000
vn 0.00000000 0.90630000 -0.42260000
vn 0.00000000 0.96590000 -0.25880000
vn -0.70570000 0.68430000 -0.18340000
vn -0.70580000 0.64210000 -0.29940000
vn -0.70560000 0.70600000 -0.06170000
vn 0.00000000 0.96590000 -0.25880000
vn -0.70570000 0.68430000 -0.18340000
vn 0.00000000 0.99620000 -0.08720000
vn 0.00000000 0.99620000 0.08720000
vn -0.70550000 0.70600000 0.06170000
vn 0.00000000 0.99620000 -0.08720000
vn -0.70560000 0.70600000 -0.06170000
vn 0.70590000 0.64190000 0.29940000
vn 0.70580000 0.68430000 0.18340000
vn 1.00000000 0.00000000 0.00000000
vn 0.70590000 0.64190000 0.29940000
vn 0.70570000 0.58040000 0.40640000
vn 1.00000000 0.00000000 0.00000000
vn 1.00000000 0.00000000 0.00000000
vn 0.70580000 0.68430000 0.18340000
vn 0.70580000 0.70580000 0.06180000
vn 0.70590000 0.64190000 0.29940000
vn 0.70580000 0.68430000 0.18340000
vn 0.00000000 0.86600000 0.50000000
vn 0.00000000 0.86600000 0.50000000
vn 0.70590000 0.64190000 0.29940000
vn 0.70570000 0.58040000 0.40640000
vn 0.70580000 0.68430000 0.18340000
vn 0.70580000 0.70580000 0.06180000
vn 0.00000000 0.86600000 0.50000000
vn 0.00000000 0.86600000 0.50000000
vn 0.00000000 0.86600000 0.50000000
vn 0.00000000 0.86600000 0.50000000
vn -1.00000000 -0.00050000 0.00000000
vn 0.00000000 0.86600000 0.50000000
vn 0.00000000 0.90630000 0.42270000
vn 0.00000000 0.81920000 0.57350000
vn -1.00000000 -0.00010000 0.00000000
vn 0.00000000 0.86600000 0.50000000
vn 0.00000000 0.86600000 0.50000000
vn -1.00000000 0.00000000 0.00000000
vn -1.00000000 -0.00050000 0.00000000
vn 0.00000000 0.96590000 0.25890000
vn 0.00000000 0.90630000 0.42270000
vn 0.00000000 0.96590000 0.25890000
vn 0.00000000 0.99620000 0.08710000
vn -1.00000000 0.00000000 0.00000000
vn 0.00000000 0.90630000 0.42270000
vn 1.00000000 0.00000000 0.00000000
vn 0.00000000 0.96590000 0.25890000
vn 0.00000000 0.81920000 0.57350000
vn 1.00000000 0.00000000 0.00000000
vn 0.00000000 0.90630000 0.42270000
vn 0.00000000 0.96590000 0.25890000
vn 1.00000000 0.00000000 0.00000000
vn 0.00000000 0.99620000 0.08710000
vn -0.70560000 0.68450000 0.18340000
vn -0.70580000 0.64200000 0.29940000
vn 1.00000000 0.00000000 0.00000000
vn -0.70580000 0.64200000 0.29940000
vn -0.70590000 0.58010000 0.40640000
vn 1.00000000 0.00000000 0.00000000
vn -0.70550000 0.70600000 0.06170000
vn -0.70560000 0.68450000 0.18340000
vn 1.00000000 0.00000000 0.00000000
vn -0.70580000 0.64200000 0.29940000
vn 0.00000000 0.90630000 0.42260000
vn -0.70560000 0.68450000 0.18340000
vn 0.00000000 0.96590000 0.25880000
vn -0.70590000 0.58010000 0.40640000
vn 0.00000000 0.81920000 0.57350000
vn 0.00000000 0.90630000 0.42260000
vn -0.70580000 0.64200000 0.29940000
vn -0.70550000 0.70600000 0.06170000
vn 0.00000000 0.99620000 0.08720000
vn 0.00000000 0.96590000 0.25880000
vn -0.70560000 0.68450000 0.18340000
vn 1.00000000 0.00000000 0.00000000
vn 0.70570000 0.58040000 0.40640000
vn 0.70580000 0.50090000 0.50090000
vn 0.70580000 0.50090000 0.50090000
vn 1.00000000 0.00000000 0.00000000
vn 0.70580000 0.40640000 0.58030000
vn 0.70580000 0.40640000 0.58030000
vn 0.70580000 0.29940000 0.64210000
vn 1.00000000 0.00000000 0.00000000
vn 0.70570000 0.58040000 0.40640000
vn 0.70580000 0.50090000 0.50090000
vn 0.00000000 0.86600000 0.50000000
vn 0.70580000 0.50090000 0.50090000
vn 0.70580000 0.40640000 0.58030000
vn 0.00000000 0.86600000 0.50000000
vn 0.00000000 0.86600000 0.50000000
vn 0.70580000 0.40640000 0.58030000
vn 0.70580000 0.29940000 0.64210000
vn 0.00000000 0.00000000 1.00000000
vn 0.00000000 0.86600000 0.50000000
vn 0.00000000 0.86600000 0.50000000
vn 0.00000000 0.86600000 0.50000000
vn -1.00000000 -0.00010000 0.00000000
vn -1.00000000 0.00000000 0.00000000
vn 0.00000000 0.86600000 0.50000000
vn 0.00000000 0.86600000 0.50000000
vn 0.00000000 0.00000000 1.00000000
vn -1.00000000 0.00000000 0.00000000
vn -1.00000000 0.00000000 0.00000000
vn 0.00000000 0.81920000 0.57350000
vn 0.00000000 0.70690000 0.70730000
vn 0.00000000 0.70690000 0.70730000
vn -1.00000000 0.00000000 0.00000000
vn 0.00000000 0.57360000 0.81910000
vn 0.00000000 0.42260000 0.90630000
vn 0.00000000 0.57360000 0.81910000
vn -1.00000000 0.00000000 0.00000000
vn 1.00000000 0.00000000 0.00000000
vn 0.00000000 0.81920000 0.57350000
vn 0.00000000 0.70690000 0.70730000
vn 0.00000000 0.70690000 0.70730000
vn 0.00000000 0.57360000 0.81910000
vn 1.00000000 0.00000000 0.00000000
vn 0.00000000 0.42260000 0.90630000
vn 0.00000000 0.57360000 0.81910000
vn 1.00000000 0.00000000 0.00000000
vn 1.00000000 0.00000000 0.00000000
vn -0.70590000 0.58010000 0.40640000
vn -0.70560000 0.50110000 0.50100000
vn -0.70570000 0.40630000 0.58040000
vn -0.70560000 0.50110000 0.50100000
vn 1.00000000 0.00000000 0.00000000
vn 1.00000000 0.00000000 0.00000000
vn -0.70570000 0.29940000 0.64210000
vn -0.70570000 0.40630000 0.58040000
vn -0.70560000 0.50110000 0.50100000
vn 0.00000000 0.70710000 0.70710000
vn 0.00000000 0.81920000 0.57350000
vn -0.70590000 0.58010000 0.40640000
vn -0.70570000 0.40630000 0.58040000
vn 0.00000000 0.57360000 0.81920000
vn 0.00000000 0.70710000 0.70710000
vn -0.70560000 0.50110000 0.50100000
vn -0.70570000 0.29940000 0.64210000
vn -0.70570000 0.40630000 0.58040000
vn 0.00000000 0.57360000 0.81920000
vn 0.00000000 0.42260000 0.90630000
vn 0.70570000 0.06170000 0.70580000
vn 1.00000000 0.00000000 0.00000000
vn 0.70580000 0.18340000 0.68430000
vn 0.70580000 -0.06170000 0.70580000
vn 0.70570000 0.06170000 0.70580000
vn 1.00000000 0.00000000 0.00000000
vn 0.70580000 0.29940000 0.64210000
vn 1.00000000 0.00000000 0.00000000
vn 0.70580000 0.18340000 0.68430000
vn 0.70580000 0.18340000 0.68430000
vn 0.00000000 0.00000000 1.00000000
vn 0.70570000 0.06170000 0.70580000
vn 0.70580000 -0.06170000 0.70580000
vn 0.70570000 0.06170000 0.70580000
vn 0.00000000 0.00000000 1.00000000
vn 0.70580000 0.29940000 0.64210000
vn 0.70580000 0.18340000 0.68430000
vn 0.00000000 0.00000000 1.00000000
vn 0.00000000 0.00000000 1.00000000
vn 0.00000000 0.00000000 1.00000000
vn 0.00000000 0.00000000 1.00000000
vn 0.00000000 0.00000000 1.00000000
vn -1.00000000 0.00000000 0.00000000
vn -1.00000000 0.00000000 0.00000000
vn 0.00000000 -0.08710000 0.99620000
vn 0.00000000 0.08710000 0.99620000
vn 0.00000000 0.00000000 1.00000000
vn 0.00000000 0.00000000 1.00000000
vn -1.00000000 0.00000000 0.00000000
vn -1.00000000 0.00000000 0.00000000
vn 0.00000000 0.25880000 0.96590000
vn 0.00000000 0.08710000 0.99620000
vn -1.00000000 0.00000000 0.00000000
vn 0.00000000 0.25880000 0.96590000
vn 0.00000000 0.42260000 0.90630000
vn 0.00000000 0.08710000 0.99620000
vn 0.00000000 0.25880000 0.96590000
vn 1.00000000 0.00000000 0.00000000
vn 1.00000000 0.00000000 0.00000000
vn 0.00000000 -0.08710000 0.99620000
vn 0.00000000 0.08710000 0.99620000
vn 1.00000000 0.00000000 0.00000000
vn 0.00000000 0.42260000 0.90630000
vn 0.00000000 0.25880000 0.96590000
vn 1.00000000 0.00000000 0.00000000
vn -0.70580000 0.06180000 0.70570000
vn -0.70570000 0.18340000 0.68440000
vn -0.70580000 -0.06180000 0.70580000
vn 1.00000000 0.00000000 0.00000000
vn -0.70580000 0.06180000 0.70570000
vn -0.70570000 0.18340000 0.68440000
vn -0.70570000 0.29940000 0.64210000
vn 1.00000000 0.00000000 0.00000000
vn 0.00000000 0.25880000 0.96590000
vn 0.00000000 0.08720000 0.99620000
vn -0.70580000 0.06180000 0.70570000
vn -0.70570000 0.18340000 0.68440000
vn -0.70580000 -0.06180000 0.70580000
vn 0.00000000 0.08720000 0.99620000
vn 0.00000000 -0.08720000 0.99620000
vn -0.70580000 0.06180000 0.70570000
vn -0.70570000 0.18340000 0.68440000
vn 0.00000000 0.25880000 0.96590000
vn -0.70570000 0.29940000 0.64210000
vn 0.00000000 0.42260000 0.90630000
vn 1.00000000 0.00000000 0.00000000
vn 0.70580000 -0.06170000 0.70580000
vn 0.70580000 -0.18340000 0.68430000
vn 0.70580000 -0.18340000 0.68430000
vn 0.70580000 -0.29940000 0.64210000
vn 1.00000000 0.00000000 0.00000000
vn 0.70580000 -0.29940000 0.64210000
vn 1.00000000 0.00000000 0.00000000
vn 0.70580000 -0.40640000 0.58030000
vn 0.00000000 0.00000000 1.00000000
vn 0.70580000 -0.18340000 0.68430000
vn 0.70580000 -0.06170000 0.70580000
vn 0.70580000 -0.29940000 0.64210000
vn 0.00000000 0.00000000 1.00000000
vn 0.70580000 -0.18340000 0.68430000
vn 0.00000000 -0.86600000 0.50000000
vn 0.00000000 0.00000000 1.00000000
vn 0.70580000 -0.40640000 0.58030000
vn 0.70580000 -0.29940000 0.64210000
vn 0.00000000 0.00000000 1.00000000
vn 0.00000000 0.00000000 1.00000000
vn 0.00000000 0.00000000 1.00000000
vn -1.00000000 0.00000000 0.00000000
vn 0.00000000 0.00000000 1.00000000
vn -1.00000000 0.00000000 0.00000000
vn 0.00000000 -0.86600000 0.50000000
vn 0.00000000 0.00000000 1.00000000
vn -1.00000000 0.00000000 0.00000000
vn -1.00000000 0.00000000 0.00000000
vn 0.00000000 -0.08710000 0.99620000
vn 0.00000000 -0.25880000 0.96590000
vn 0.00000000 -0.42260000 0.90630000
vn 0.00000000 -0.25880000 0.96590000
vn -1.00000000 0.00000000 0.00000000
vn 0.00000000 -0.42260000 0.90630000
vn 0.00000000 -0.57360000 0.81910000
vn -1.00000000 0.00000000 0.00000000
vn 0.00000000 -0.08710000 0.99620000
vn 0.00000000 -0.25880000 0.96590000
vn 1.00000000 0.00000000 0.00000000
vn 0.00000000 -0.25880000 0.96590000
vn 1.00000000 0.00000000 0.00000000
vn 0.00000000 -0.42260000 0.90630000
vn 1.00000000 0.00000000 0.00000000
vn 0.00000000 -0.57360000 0.81910000
vn 0.00000000 -0.42260000 0.90630000
vn -0.70580000 -0.06180000 0.70580000
vn -0.70570000 -0.18340000 0.68440000
vn 1.00000000 0.00000000 0.00000000
vn 1.00000000 0.00000000 0.00000000
vn -0.70570000 -0.18340000 0.68440000
vn -0.70570000 -0.29940000 0.64210000
vn -0.70570000 -0.40640000 0.58040000
vn 1.00000000 0.00000000 0.00000000
vn -0.70570000 -0.29940000 0.64210000
vn 0.00000000 -0.08720000 0.99620000
vn 0.00000000 -0.25880000 0.96590000
vn -0.70580000 -0.06180000 0.70580000
vn -0.70570000 -0.18340000 0.68440000
vn 0.00000000 -0.42260000 0.90630000
vn -0.70570000 -0.29940000 0.64210000
vn -0.70570000 -0.18340000 0.68440000
vn 0.00000000 -0.25880000 0.96590000
vn -0.70570000 -0.40640000 0.58040000
vn -0.70570000 -0.29940000 0.64210000
vn 0.00000000 -0.42260000 0.90630000
vn 0.00000000 -0.57360000 0.81910000
vn 0.70580000 -0.58030000 0.40630000
vn 0.70580000 -0.50090000 0.50090000
vn 1.00000000 0.00000000 0.00000000
vn 1.00000000 0.00000000 0.00000000
vn 0.70590000 -0.64200000 0.29940000
vn 0.70580000 -0.58030000 0.40630000
vn 1.00000000 0.00000000 0.00000000
vn 0.70580000 -0.50090000 0.50090000
vn 0.70580000 -0.40640000 0.58030000
vn 0.70580000 -0.58030000 0.40630000
vn 0.70580000 -0.50090000 0.50090000
vn 0.00000000 -0.86600000 0.50000000
vn 0.70580000 -0.58030000 0.40630000
vn 0.00000000 -0.86600000 0.50000000
vn 0.70590000 -0.64200000 0.29940000
vn 0.70580000 -0.40640000 0.58030000
vn 0.70580000 -0.50090000 0.50090000
vn 0.00000000 -0.86600000 0.50000000
vn 0.00000000 -0.86600000 0.50000000
vn 0.00000000 -0.86600000 0.50000000
vn 0.00000000 -0.86600000 0.50000000
vn -1.00000000 0.00000000 0.00000000
vn 0.00000000 -0.86600000 0.50000000
vn -1.00000000 0.00030000 0.00000000
vn 0.00000000 -0.86600000 0.50000000
vn 0.00000000 -0.81920000 0.57350000
vn 0.00000000 -0.90630000 0.42260000
vn -1.00000000 0.00000000 0.00000000
vn 0.00000000 -0.86600000 0.50000000
vn -1.00000000 0.00000000 0.00000000
vn 0.00000000 -0.70690000 0.70730000
vn 0.00000000 -0.81920000 0.57350000
vn -1.00000000 0.00000000 0.00000000
vn 0.00000000 -0.57360000 0.81910000
vn 0.00000000 -0.70690000 0.70730000
vn 1.00000000 0.00000000 0.00000000
vn 0.00000000 -0.70690000 0.70730000
vn 0.00000000 -0.81920000 0.57350000
vn 0.00000000 -0.90630000 0.42260000
vn 1.00000000 0.00000000 0.00000000
vn 0.00000000 -0.81920000 0.57350000
vn 1.00000000 0.00000000 0.00000000
vn 0.00000000 -0.57360000 0.81910000
vn 0.00000000 -0.70690000 0.70730000
vn 1.00000000 0.00000000 0.00000000
vn -0.70560000 -0.50120000 0.50100000
vn -0.70580000 -0.58020000 0.40640000
vn 1.00000000 0.00000000 0.00000000
vn -0.70580000 -0.58020000 0.40640000
vn -0.70580000 -0.64210000 0.29940000
vn -0.70570000 -0.40640000 0.58040000
vn 1.00000000 0.00000000 0.00000000
vn -0.70560000 -0.50120000 0.50100000
vn -0.70580000 -0.58020000 0.40640000
vn 0.00000000 -0.70710000 0.70710000
vn 0.00000000 -0.81920000 0.57360000
vn -0.70560000 -0.50120000 0.50100000
vn 0.00000000 -0.90630000 0.42260000
vn -0.70580000 -0.58020000 0.40640000
vn 0.00000000 -0.81920000 0.57360000
vn -0.70580000 -0.64210000 0.29940000
vn 0.00000000 -0.70710000 0.70710000
vn -0.70570000 -0.40640000 0.58040000
vn -0.70560000 -0.50120000 0.50100000
vn 0.00000000 -0.57360000 0.81910000
vn 0.70580000 -0.68430000 0.18340000
vn 0.70590000 -0.64200000 0.29940000
vn 1.00000000 0.00000000 0.00000000
vn 0.70580000 -0.70580000 0.06170000
vn 0.70580000 -0.68430000 0.18340000
vn 1.00000000 0.00000000 0.00000000
vn 0.70580000 -0.70580000 0.06170000
vn 1.00000000 0.00000000 0.00000000
vn 0.70580000 -0.70580000 -0.06170000
vn 0.70590000 -0.64200000 0.29940000
vn 0.00000000 -0.86600000 0.50000000
vn 0.70580000 -0.68430000 0.18340000
vn 0.00000000 -0.86600000 0.50000000
vn 0.70580000 -0.70580000 0.06170000
vn 0.70580000 -0.68430000 0.18340000
vn 0.70580000 -0.70580000 0.06170000
vn 0.70580000 -0.70580000 -0.06170000
vn 0.00000000 -0.86600000 0.50000000
vn 0.00000000 -0.86600000 -0.50000000
vn 0.00000000 -0.86600000 0.50000000
vn 0.00000000 -0.86600000 0.50000000
vn 0.00000000 -0.86600000 0.50000000
vn -1.00000000 0.00030000 0.00000000
vn 0.00000000 -0.86600000 0.50000000
vn -1.00000000 0.00000000 0.00000000
vn 0.00000000 -0.86600000 0.50000000
vn -1.00000000 0.00000000 0.00000000
vn 0.00000000 -0.86600000 -0.50000000
vn 0.00000000 -0.90630000 0.42260000
vn -1.00000000 0.00030000 0.00000000
vn 0.00000000 -0.96590000 0.25890000
vn 0.00000000 -0.99620000 0.08710000
vn -1.00000000 0.00000000 0.00000000
vn 0.00000000 -0.96590000 0.25890000
vn 0.00000000 -0.99620000 0.08710000
vn 0.00000000 -0.99620000 -0.08710000
vn -1.00000000 0.00000000 0.00000000
vn 1.00000000 0.00000000 0.00000000
vn 0.00000000 -0.96590000 0.25890000
vn 0.00000000 -0.90630000 0.42260000
vn 0.00000000 -0.96590000 0.25890000
vn 0.00000000 -0.99620000 0.08710000
vn 1.00000000 0.00000000 0.00000000
vn 1.00000000 0.00000000 0.00000000
vn 0.00000000 -0.99620000 0.08710000
vn 0.00000000 -0.99620000 -0.08710000
vn 1.00000000 0.00000000 0.00000000
vn -0.70580000 -0.64210000 0.29940000
vn -0.70560000 -0.68450000 0.18340000
vn 1.00000000 0.00000000 0.00000000
vn -0.70560000 -0.68450000 0.18340000
vn -0.70560000 -0.70590000 0.06170000
vn -0.70570000 -0.70580000 -0.06170000
vn -0.70560000 -0.70590000 0.06170000
vn 1.00000000 0.00000000 0.00000000
vn 0.00000000 -0.90630000 0.42260000
vn 0.00000000 -0.96590000 0.25880000
vn -0.70560000 -0.68450000 0.18340000
vn -0.70580000 -0.64210000 0.29940000
vn 0.00000000 -0.96590000 0.25880000
vn -0.70560000 -0.70590000 0.06170000
vn -0.70560000 -0.68450000 0.18340000
vn 0.00000000 -0.99620000 0.08720000
vn 0.00000000 -0.99620000 0.08720000
vn -0.70570000 -0.70580000 -0.06170000
vn -0.70560000 -0.70590000 0.06170000
vn -0.00000000 -0.99620000 -0.08720000
vn 0.70570000 -0.64210000 -0.29940000
vn 1.00000000 0.00000000 0.00000000
vn 0.70580000 -0.68430000 -0.18340000
vn 0.70580000 -0.58030000 -0.40630000
vn 1.00000000 0.00000000 0.00000000
vn 0.70570000 -0.64210000 -0.29940000
vn 0.70580000 -0.70580000 -0.06170000
vn 0.70580000 -0.68430000 -0.18340000
vn 1.00000000 0.00000000 0.00000000
vn 0.70580000 -0.68430000 -0.18340000
vn 0.00000000 -0.86600000 -0.50000000
vn 0.70570000 -0.64210000 -0.29940000
vn 0.70570000 -0.64210000 -0.29940000
vn 0.00000000 -0.86600000 -0.50000000
vn 0.70580000 -0.58030000 -0.40630000
vn 0.70580000 -0.68430000 -0.18340000
vn 0.00000000 -0.86600000 -0.50000000
vn 0.70580000 -0.70580000 -0.06170000
vn 0.00000000 -0.86600000 -0.50000000
vn 0.00000000 -0.86600000 -0.50000000
vn 0.00000000 -0.86600000 -0.50000000
vn -1.00000000 0.00000000 0.00000000
vn 0.00000000 -0.86600000 -0.50000000
vn -1.00000000 0.00000000 0.00000000
vn 0.00000000 -0.81920000 -0.57350000
vn 0.00000000 -0.90630000 -0.42260000
vn 0.00000000 -0.86600000 -0.50000000
vn -1.00000000 0.00000000 0.00000000
vn 0.00000000 -0.86600000 -0.50000000
vn -1.00000000 0.00000000 0.00000000
vn 0.00000000 -0.96590000 -0.25880000
vn 0.00000000 -0.90630000 -0.42260000
vn 0.00000000 -0.99620000 -0.08710000
vn -1.00000000 0.00000000 0.00000000
vn 0.00000000 -0.96590000 -0.25880000
vn 0.00000000 -0.90630000 -0.42260000
vn 0.00000000 -0.96590000 -0.25880000
vn 1.00000000 0.00000000 0.00000000
vn 0.00000000 -0.81920000 -0.57350000
vn 0.00000000 -0.90630000 -0.42260000
vn 1.00000000 0.00000000 0.00000000
vn 0.00000000 -0.96590000 -0.25880000
vn 0.00000000 -0.99620000 -0.08710000
vn 1.00000000 0.00000000 0.00000000
vn 1.00000000 0.00000000 0.00000000
vn -0.70580000 -0.64210000 -0.29940000
vn -0.70580000 -0.68430000 -0.18340000
vn 1.00000000 0.00000000 0.00000000
vn -0.70580000 -0.58040000 -0.40630000
vn -0.70580000 -0.64210000 -0.29940000
vn -0.70570000 -0.70580000 -0.06170000
vn 1.00000000 0.00000000 0.00000000
vn -0.70580000 -0.68430000 -0.18340000
vn -0.70580000 -0.64210000 -0.29940000
vn -0.70580000 -0.68430000 -0.18340000
vn 0.00000000 -0.90630000 -0.42260000
vn 0.00000000 -0.96590000 -0.25880000
vn 0.00000000 -0.81920000 -0.57360000
vn 0.00000000 -0.90630000 -0.42260000
vn -0.70580000 -0.64210000 -0.29940000
vn -0.70580000 -0.58040000 -0.40630000
vn -0.70570000 -0.70580000 -0.06170000
vn -0.00000000 -0.99620000 -0.08720000
vn 0.00000000 -0.96590000 -0.25880000
vn -0.70580000 -0.68430000 -0.18340000
vn 0.70580000 -0.50100000 -0.50090000
vn 0.70580000 -0.58030000 -0.40630000
vn 1.00000000 0.00000000 0.00000000
vn 1.00000000 0.00000000 0.00000000
vn 0.70580000 -0.50100000 -0.50090000
vn 0.70580000 -0.40640000 -0.58030000
vn 0.70580000 -0.58030000 -0.40630000
vn 0.00000000 -0.86600000 -0.50000000
vn 0.70580000 -0.50100000 -0.50090000
vn 0.70580000 -0.40640000 -0.58030000
vn 0.00000000 -0.86600000 -0.50000000
vn 0.70580000 -0.50100000 -0.50090000
vn 0.00000000 -0.86600000 -0.50000000
vn 0.00000000 -0.86600000 -0.50000000
vn -1.00000000 0.00010000 0.00000000
vn 0.00000000 -0.86600000 -0.50000000
vn -1.00000000 0.00000000 0.00000000
vn 0.00000000 -0.86600000 -0.50000000
vn -1.00000000 0.00000000 0.00000000
vn 0.00000000 -0.81920000 -0.57350000
vn 0.00000000 -0.70690000 -0.70730000
vn -1.00000000 0.00000000 0.00000000
vn 0.00000000 -0.57360000 -0.81910000
vn 0.00000000 -0.70690000 -0.70730000
vn 0.00000000 -0.81920000 -0.57350000
vn 1.00000000 0.00000000 0.00000000
vn 0.00000000 -0.70690000 -0.70730000
vn 1.00000000 0.00000000 0.00000000
vn 0.00000000 -0.57360000 -0.81910000
vn 0.00000000 -0.70690000 -0.70730000
vn -0.70560000 -0.50110000 -0.50100000
vn -0.70580000 -0.58040000 -0.40630000
vn 1.00000000 0.00000000 0.00000000
vn -0.70570000 -0.40630000 -0.58040000
vn -0.70560000 -0.50110000 -0.50100000
vn 1.00000000 0.00000000 0.00000000
vn 0.00000000 -0.70710000 -0.70710000
vn 0.00000000 -0.81920000 -0.57360000
vn -0.70560000 -0.50110000 -0.50100000
vn -0.70580000 -0.58040000 -0.40630000
vn -0.70570000 -0.40630000 -0.58040000
vn 0.00000000 -0.57360000 -0.81910000
vn -0.70560000 -0.50110000 -0.50100000
vn 0.00000000 -0.70710000 -0.70710000
vn -1.00000000 0.00000000 0.00000000
vn 0.00000000 -0.25880000 -0.96590000
vn 0.00000000 -0.08720000 -0.99620000
vn -1.00000000 0.00000000 0.00000000
vn 0.00000000 -0.08720000 -0.99620000
vn 0.00000000 0.08720000 -0.99620000
vn -1.00000000 0.00000000 0.00000000
vn 0.00000000 -0.25880000 -0.96590000
vn 0.00000000 -0.42260000 -0.90630000
vn 0.00000000 -0.42260000 -0.90630000
vn 0.00000000 -0.57360000 -0.81910000
vn -1.00000000 0.00000000 0.00000000
vn 0.00000000 -0.70710000 -0.70710000
vn -1.00000000 0.00000000 0.00000000
vn 0.00000000 -0.57360000 -0.81910000
vn -1.00000000 0.00000000 0.00000000
vn 0.00000000 -0.70710000 -0.70710000
vn 0.00000000 -0.81920000 -0.57360000
vn 0.00000000 -0.81920000 -0.57360000
vn -1.00000000 0.00000000 0.00000000
vn 0.00000000 -0.90630000 -0.42260000
vn 0.00000000 -0.90630000 -0.42260000
vn -1.00000000 0.00000000 0.00000000
vn 0.00000000 -0.96590000 -0.25880000
vn -0.00000000 -0.99620000 -0.08720000
vn 0.00000000 -0.96590000 -0.25880000
vn -1.00000000 0.00000000 0.00000000
vn -1.00000000 0.00000000 0.00000000
vn -0.00000000 -0.99620000 -0.08720000
vn 0.00000000 -0.99620000 0.08720000
vn 0.00000000 -0.96590000 0.25880000
vn 0.00000000 -0.99620000 0.08720000
vn -1.00000000 0.00000000 0.00000000
vn -1.00000000 0.00000000 0.00000000
vn 0.00000000 -0.90630000 0.42260000
vn 0.00000000 -0.96590000 0.25880000
vn 0.00000000 -0.81920000 0.57360000
vn -1.00000000 0.00000000 0.00000000
vn 0.00000000 -0.90630000 0.42260000
vn 0.00000000 -0.70710000 0.70710000
vn -1.00000000 0.00000000 0.00000000
vn 0.00000000 -0.81920000 0.57360000
vn -1.00000000 0.00000000 0.00000000
vn 0.00000000 -0.57360000 0.81910000
vn 0.00000000 -0.70710000 0.70710000
vn 0.00000000 -0.57360000 0.81910000
vn -1.00000000 0.00000000 0.00000000
vn 0.00000000 -0.42260000 0.90630000
vn -1.00000000 0.00000000 0.00000000
vn 0.00000000 -0.25880000 0.96590000
vn 0.00000000 -0.42260000 0.90630000
vn 0.00000000 -0.25880000 0.96590000
vn -1.00000000 0.00000000 0.00000000
vn 0.00000000 -0.08720000 0.99620000
vn 0.00000000 -0.08720000 0.99620000
vn 0.00000000 0.08720000 0.99620000
vn -1.00000000 0.00000000 0.00000000
vn -1.00000000 0.00000000 0.00000000
vn 0.00000000 0.25880000 0.96590000
vn 0.00000000 0.08720000 0.99620000
vn 0.00000000 0.42260000 0.90630000
vn 0.00000000 0.25880000 0.96590000
vn -1.00000000 0.00000000 0.00000000
vn 0.00000000 0.42260000 0.90630000
vn 0.00000000 0.57360000 0.81920000
vn -1.00000000 0.00000000 0.00000000
vn 0.00000000 0.70710000 0.70710000
vn 0.00000000 0.57360000 0.81920000
vn -1.00000000 0.00000000 0.00000000
vn 0.00000000 0.81920000 0.57350000
vn 0.00000000 0.70710000 0.70710000
vn -1.00000000 0.00000000 0.00000000
vn -1.00000000 0.00000000 0.00000000
vn 0.00000000 0.81920000 0.57350000
vn 0.00000000 0.90630000 0.42260000
vn 0.00000000 0.90630000 0.42260000
vn 0.00000000 0.96590000 0.25880000
vn -1.00000000 0.00000000 0.00000000
vn -1.00000000 0.00000000 0.00000000
vn 0.00000000 0.96590000 0.25880000
vn 0.00000000 0.99620000 0.08720000
vn -1.00000000 0.00000000 0.00000000
vn 0.00000000 0.99620000 0.08720000
vn 0.00000000 0.99620000 -0.08720000
vn 0.00000000 0.99620000 -0.08720000
vn 0.00000000 0.96590000 -0.25880000
vn -1.00000000 0.00000000 0.00000000
vn 0.00000000 0.90630000 -0.42260000
vn 0.00000000 0.96590000 -0.25880000
vn -1.00000000 0.00000000 0.00000000
vn -1.00000000 0.00000000 0.00000000
vn 0.00000000 0.81920000 -0.57350000
vn 0.00000000 0.90630000 -0.42260000
vn 0.00000000 0.81920000 -0.57350000
vn -1.00000000 0.00000000 0.00000000
vn 0.00000000 0.70710000 -0.70710000
vn 0.00000000 0.70710000 -0.70710000
vn -1.00000000 0.00000000 0.00000000
vn 0.00000000 0.57360000 -0.81920000
vn -1.00000000 0.00000000 0.00000000
vn 0.00000000 0.57360000 -0.81920000
vn 0.00000000 0.42260000 -0.90630000
vn -1.00000000 0.00000000 0.00000000
vn 0.00000000 0.25880000 -0.96590000
vn 0.00000000 0.42260000 -0.90630000
vn -1.00000000 0.00000000 0.00000000
vn 0.00000000 0.08720000 -0.99620000
vn 0.00000000 0.25880000 -0.96590000
vn 0.00000000 0.00000000 -1.00000000
vn -1.00000000 0.00000000 0.00000000
vn 0.00000000 0.00000000 1.00000000
vn 0.00000000 0.00000000 -1.00000000
vn 0.00000000 0.00000000 1.00000000
vn 0.00000000 0.00000000 -1.00000000
vn 0.00000000 0.00000000 1.00000000
vn 0.00000000 0.00000000 1.00000000
vn 0.00000000 0.00000000 -1.00000000
vn 0.00000000 0.00000000 1.00000000
vn 0.00000000 0.00000000 -1.00000000
vn 0.00000000 0.00000000 1.00000000
vn 0.00000000 0.00000000 1.00000000
vn 0.00000000 0.00000000 -1.00000000
vn 0.00000000 0.00000000 1.00000000
vn 0.00000000 0.00000000 -1.00000000
vn 0.00000000 0.00000000 1.00000000
vn 0.00000000 0.00000000 -1.00000000
vn 0.00000000 0.00000000 1.00000000
vn 0.00000000 0.00000000 1.00000000
vn 0.00000000 0.00000000 -1.00000000
vn 0.00000000 0.00000000 -1.00000000
vn 0.00000000 0.00000000 1.00000000
vn 0.00000000 0.00000000 -1.00000000
vn 0.00000000 0.00000000 1.00000000
vn 0.00000000 0.00000000 -1.00000000
vn 0.00000000 0.00000000 1.00000000
vn 0.00000000 0.00000000 -1.00000000
vn 0.00000000 0.00000000 1.00000000
vn 0.00000000 0.00000000 -1.00000000
vn 0.00000000 0.00000000 1.00000000
vn 0.00000000 0.00000000 1.00000000
vn 0.00000000 0.00000000 -1.00000000
vn 0.00000000 0.00000000 -1.00000000
vn 0.00000000 0.00000000 1.00000000
vn 0.00000000 0.00000000 1.00000000
vn 0.00000000 0.00000000 1.00000000
vn 0.00000000 0.00000000 1.00000000
vn 0.00000000 0.00000000 1.00000000
vn 0.00000000 0.00000000 1.00000000
vn 0.00000000 0.00000000 1.00000000
vn 0.00000000 0.00000000 1.00000000
vn 0.00000000 0.00000000 1.00000000
vn 0.00000000 0.00000000 1.00000000
vn 0.00000000 0.00000000 1.00000000
vn 0.00000000 0.00000000 1.00000000
vn 0.00000000 0.00000000 1.00000000
vn 0.00000000 0.00000000 1.00000000
vn 0.00000000 0.00000000 1.00000000
vn 0.00000000 0.00000000 1.00000000
vn 0.00000000 0.00000000 1.00000000
vn 0.00000000 0.00000000 1.00000000
vn 0.00000000 0.00000000 1.00000000
vn 0.00000000 0.00000000 1.00000000
vn 0.00000000 0.00000000 1.00000000
vn 0.00000000 0.00000000 1.00000000
vn 0.00000000 0.00000000 1.00000000
vn 0.00000000 0.00000000 1.00000000
vn 0.00000000 0.00000000 1.00000000
vn 0.00000000 0.00000000 1.00000000
vn 0.00000000 0.00000000 1.00000000
vn 0.00000000 0.00000000 1.00000000
vn 0.00000000 0.00000000 1.00000000
vn 0.00000000 0.00000000 1.00000000
vn 0.00000000 0.00000000 1.00000000
vn 0.00000000 0.00000000 1.00000000
vn 0.00000000 0.00000000 1.00000000
vn 0.00000000 0.00000000 1.00000000
vn 0.00000000 0.00000000 1.00000000
vn 0.00000000 0.00000000 1.00000000
vn 0.00000000 0.00000000 1.00000000
vn 0.00000000 0.00000000 1.00000000
vn 0.00000000 0.00000000 1.00000000
vn 0.00000000 0.00000000 1.00000000
vn 0.00000000 0.00000000 1.00000000
vn 0.00000000 0.00000000 1.00000000
vn 0.00000000 0.00000000 1.00000000
vn 0.00000000 0.00000000 1.00000000
vn 0.00000000 0.00000000 1.00000000
vn 0.00000000 0.00000000 1.00000000
vn 0.00000000 0.00000000 1.00000000
vn 0.00000000 0.00000000 1.00000000
vn 0.00000000 0.00000000 1.00000000
vn 0.00000000 0.00000000 1.00000000
vn 0.00000000 0.00000000 1.00000000
vn 0.00000000 0.00000000 1.00000000
vn 0.00000000 0.00000000 1.00000000
vn 0.00000000 0.00000000 1.00000000
vn 0.00000000 0.00000000 1.00000000
vn 0.00000000 0.00000000 1.00000000
vn 0.00000000 0.00000000 1.00000000
vn 0.00000000 0.00000000 1.00000000
vn 0.00000000 0.00000000 1.00000000
vn 0.00000000 0.00000000 1.00000000
vn 0.00000000 0.00000000 1.00000000
vn 0.00000000 0.00000000 1.00000000
vn 0.00000000 0.00000000 1.00000000
vn 0.00000000 0.00000000 1.00000000
vn 0.00000000 0.00000000 1.00000000
vn 0.00000000 0.00000000 1.00000000
vn 0.00000000 0.00000000 1.00000000
vn 0.00000000 0.00000000 1.00000000
vn 0.00000000 0.00000000 1.00000000
vn 0.00000000 0.00000000 1.00000000
vn 0.00000000 0.00000000 1.00000000
vn 0.00000000 0.00000000 1.00000000
vn 0.00000000 0.00000000 1.00000000
vn 0.00000000 0.00000000 1.00000000
vn 0.00000000 0.00000000 1.00000000
vn 0.00000000 0.00000000 1.00000000
vn 0.00000000 0.00000000 1.00000000
vn 0.00000000 0.00000000 1.00000000
vn 0.00000000 0.00000000 1.00000000
vn 0.00000000 0.00000000 1.00000000
vn 0.00000000 0.00000000 1.00000000
vn 0.00000000 0.00000000 1.00000000
vn 0.00000000 0.00000000 1.00000000
vn 0.00000000 0.00000000 1.00000000
vn 0.00000000 0.00000000 1.00000000
vn 0.00000000 0.00000000 1.00000000
vn 0.00000000 0.00000000 1.00000000
vn 0.00000000 0.00000000 1.00000000
vn 0.00000000 0.00000000 1.00000000
vn 0.00000000 0.00000000 1.00000000
vn 0.00000000 0.00000000 1.00000000
vn 0.00000000 0.00000000 1.00000000
vn 0.00000000 0.00000000 1.00000000
vn 0.00000000 0.00000000 1.00000000
vn 0.00000000 0.00000000 1.00000000
vn 0.00000000 0.00000000 1.00000000
vn 0.00000000 0.00000000 1.00000000
vn 0.00000000 0.00000000 1.00000000
vn 0.00000000 0.00000000 1.00000000
vn 0.00000000 0.00000000 1.00000000
vn 0.00000000 0.00000000 1.00000000
vn 0.00000000 0.00000000 1.00000000
vn 0.00000000 0.00000000 1.00000000
vn 0.00000000 0.00000000 1.00000000
vn 0.00000000 0.00000000 1.00000000
vn 0.00000000 0.00000000 1.00000000
vn 0.00000000 0.00000000 1.00000000
vn 0.00000000 0.00000000 1.00000000
vn 0.00000000 0.00000000 1.00000000
vn 0.00000000 0.00000000 1.00000000
vn 0.00000000 0.00000000 1.00000000
vn 0.00000000 0.00000000 1.00000000
vn 0.00000000 0.00000000 1.00000000
vn 0.00000000 0.00000000 1.00000000
vn 0.00000000 0.00000000 1.00000000
vn 0.00000000 0.00000000 1.00000000
vn 0.00000000 0.00000000 1.00000000
vn 0.00000000 0.00000000 1.00000000
vn 0.00000000 0.00000000 1.00000000
vn 0.00000000 0.00000000 1.00000000
vn 0.00000000 0.00000000 1.00000000
vn 0.00000000 0.00000000 1.00000000
vn 0.00000000 0.00000000 1.00000000
vn 0.00000000 0.00000000 1.00000000
vn 0.00000000 0.00000000 1.00000000
vn 0.00000000 0.00000000 1.00000000
vn 0.00000000 0.00000000 1.00000000
vn 0.00000000 0.00000000 1.00000000
vn 0.00000000 0.00000000 1.00000000
vn 0.00000000 0.00000000 1.00000000
vn 0.00000000 0.00000000 1.00000000
vn 0.00000000 0.00000000 1.00000000
vn 0.00000000 0.00000000 1.00000000
vn 0.00000000 0.00000000 1.00000000
vn 0.00000000 0.00000000 1.00000000
vn 0.00000000 0.00000000 1.00000000
vn 0.00000000 0.00000000 1.00000000
vn 0.00000000 0.00000000 1.00000000
vn 0.00000000 0.00000000 1.00000000
vn 0.00000000 0.00000000 1.00000000
vn 0.00000000 0.00000000 1.00000000
vn 0.00000000 0.00000000 1.00000000
vn 0.00000000 0.00000000 1.00000000
vn 0.00000000 0.00000000 1.00000000
vn 0.00000000 0.00000000 1.00000000
vn 0.00000000 0.00000000 1.00000000
vn 0.00000000 0.00000000 1.00000000
vn 0.00000000 0.00000000 1.00000000
vn 0.00000000 0.00000000 1.00000000
vn 0.00000000 0.00000000 1.00000000
vn 0.00000000 0.00000000 1.00000000
vn 0.00000000 0.00000000 1.00000000
vn 0.00000000 0.00000000 1.00000000
vn 0.00000000 0.00000000 1.00000000
vn 0.00000000 0.00000000 1.00000000
vn 0.00000000 0.00000000 1.00000000
vn 0.00000000 0.00000000 1.00000000
vn 0.00000000 0.00000000 1.00000000
vn 0.00000000 0.00000000 1.00000000
vn 0.00000000 0.00000000 1.00000000
vn 0.00000000 0.00000000 1.00000000
vn 0.00000000 0.00000000 1.00000000
vn 0.00000000 0.00000000 1.00000000
vn 0.00000000 0.00000000 1.00000000
vn 0.00000000 0.00000000 1.00000000
vn 0.00000000 0.00000000 1.00000000
vn 0.00000000 0.00000000 1.00000000
vn 0.00000000 0.00000000 1.00000000
vn 0.00000000 0.00000000 1.00000000
vn 0.00000000 0.00000000 1.00000000
vn 0.00000000 0.00000000 1.00000000
vn 0.00000000 0.00000000 1.00000000
vn 0.00000000 0.00000000 1.00000000
vn 0.00000000 0.00000000 1.00000000
vn 0.00000000 0.00000000 1.00000000
vn 0.00000000 0.00000000 1.00000000
vn 0.00000000 0.00000000 1.00000000
vn 0.00000000 0.00000000 1.00000000
vn 0.00000000 0.00000000 1.00000000
vn 0.00000000 0.00000000 1.00000000
vn 0.00000000 0.00000000 1.00000000
vn 0.00000000 0.00000000 1.00000000
vn 0.00000000 0.00000000 1.00000000
vn 0.00000000 0.00000000 1.00000000
vn 0.00000000 0.00000000 1.00000000
vn 0.00000000 0.00000000 1.00000000
vn 0.00000000 0.00000000 1.00000000
vn 0.00000000 0.00000000 1.00000000
vn 0.00000000 0.00000000 1.00000000
vn 0.00000000 0.00000000 1.00000000
vn 0.00000000 0.00000000 1.00000000
vn 0.00000000 0.00000000 1.00000000
vn 0.00000000 0.00000000 1.00000000
vn 0.00000000 0.00000000 1.00000000
vn 0.00000000 0.00000000 1.00000000
vn 0.00000000 0.00000000 1.00000000
vn 0.00000000 0.00000000 1.00000000
vn 0.00000000 0.00000000 1.00000000
vn 0.00000000 0.00000000 1.00000000
vn 0.00000000 0.00000000 1.00000000
vn 0.00000000 0.00000000 1.00000000
vn 0.00000000 0.00000000 1.00000000
vn 0.00000000 0.00000000 1.00000000
vn 0.00000000 0.00000000 1.00000000
vn 0.00000000 0.00000000 1.00000000
vn 0.00000000 0.00000000 1.00000000
vn 0.00000000 0.00000000 1.00000000
vn 0.00000000 0.00000000 1.00000000
vn 0.00000000 0.00000000 1.00000000
vn 0.00000000 0.00000000 1.00000000
vn 0.00000000 0.00000000 1.00000000
vn 0.00000000 0.00000000 1.00000000
vn 0.00000000 0.00000000 1.00000000
vn 0.00000000 0.00000000 1.00000000
vn 0.00000000 0.00000000 1.00000000
vn 0.00000000 0.00000000 1.00000000
vn 0.00000000 0.00000000 1.00000000
vn 0.00000000 0.00000000 1.00000000
vn 0.00000000 0.00000000 1.00000000
vn 0.00000000 0.00000000 1.00000000
vn 0.00000000 0.00000000 1.00000000
vn 0.00000000 0.00000000 1.00000000
vn 0.00000000 0.00000000 1.00000000
vn 0.00000000 0.00000000 1.00000000
vn 0.00000000 0.00000000 1.00000000
vn 0.00000000 0.00000000 1.00000000
vn 0.00000000 0.00000000 1.00000000
vn 0.00000000 0.00000000 1.00000000
vn 0.00000000 0.00000000 1.00000000
vn 0.00000000 0.00000000 1.00000000
vn 0.00000000 0.00000000 1.00000000
vn 0.00000000 0.00000000 1.00000000
vn 0.00000000 0.00000000 1.00000000
vn 0.00000000 0.00000000 1.00000000
vn 0.00000000 0.00000000 1.00000000
vn 0.00000000 0.00000000 1.00000000
vn 0.00000000 0.00000000 1.00000000
vn 0.00000000 0.00000000 1.00000000
vn 0.00000000 0.00000000 1.00000000
vn 0.00000000 0.98510000 -0.17180000
vn 0.00000000 -0.98510000 0.17180000
vn 0.00000000 0.00000000 1.00000000
vn 0.00000000 0.00000000 1.00000000
vn 0.00000000 0.00000000 1.00000000
vn 0.00000000 0.00000000 1.00000000
vn 0.00000000 0.00000000 1.00000000
vn 0.00000000 0.00000000 1.00000000
vn 0.00000000 0.00000000 1.00000000
vn 0.00000000 0.00000000 1.00000000
vn 0.00000000 0.00000000 1.00000000
vn 0.00000000 0.00000000 1.00000000
vn 0.00000000 0.00000000 1.00000000
vn 0.00000000 0.00000000 1.00000000
vn 0.00000000 0.00000000 1.00000000
vn 0.00000000 0.00000000 1.00000000
vn 0.00000000 0.00000000 1.00000000
vn 0.00000000 -0.85680000 -0.51560000
vn 0.00000000 0.87010000 0.49280000
vn 0.10940000 -0.99350000 -0.03120000
vn 0.00000000 0.87010000 0.49280000
vn 0.10940000 0.99350000 0.03120000
vn 0.00000000 -0.85680000 -0.51560000
vn 0.00000000 0.00000000 1.00000000
vn 0.10940000 -0.99350000 -0.03120000
vn 0.48000000 0.17510000 0.85960000
vn 0.00000000 0.00000000 1.00000000
vn 0.10940000 0.99350000 0.03120000
vn 0.46710000 -0.17040000 -0.86760000
vn 0.45380000 -0.66900000 -0.58870000
vn 0.46710000 -0.17040000 -0.86760000
vn 0.00000000 0.00000000 1.00000000
vn 0.45740000 0.67420000 0.57980000
vn 0.48000000 0.17510000 0.85960000
vn 0.70500000 -0.05890000 -0.70680000
vn 0.00000000 0.00000000 1.00000000
vn 0.70500000 0.05890000 0.70680000
vn 0.45740000 0.67420000 0.57980000
vn 0.00000000 -0.98510000 0.17180000
vn 0.00000000 0.98510000 -0.17180000
vn 0.45380000 -0.66900000 -0.58870000
vn 0.00000000 -0.98510000 0.17180000
vn 0.02920000 -0.83060000 0.55610000
vn 0.02950000 0.83800000 -0.54490000
vn 0.00000000 0.98510000 -0.17180000
vn 0.00000000 0.00000000 1.00000000
vn 0.00000000 0.00000000 1.00000000
vn 0.09330000 0.52770000 -0.84430000
vn 0.02950000 0.83800000 -0.54490000
vn 0.09070000 -0.51270000 0.85380000
vn 0.02920000 -0.83060000 0.55610000
vn 0.18110000 0.09130000 -0.97920000
vn 0.09330000 0.52770000 -0.84430000
vn 0.00000000 0.00000000 1.00000000
vn 0.09070000 -0.51270000 0.85380000
vn 0.18110000 -0.09130000 0.97920000
vn 0.18110000 0.09130000 -0.97920000
vn 0.26620000 0.31420000 0.91130000
vn 0.00000000 0.00000000 1.00000000
vn 0.18110000 -0.09130000 0.97920000
vn 0.27350000 -0.32280000 -0.90610000
vn 0.34800000 -0.62010000 -0.70320000
vn 0.27350000 -0.32280000 -0.90610000
vn 0.34800000 0.62010000 0.70320000
vn 0.00000000 0.00000000 1.00000000
vn 0.26620000 0.31420000 0.91130000
vn 0.34800000 0.62010000 0.70320000
vn 0.34800000 -0.62010000 -0.70320000
vn 0.40960000 -0.79240000 -0.45200000
vn 0.40760000 0.78850000 0.46050000
vn 0.00000000 0.00000000 1.00000000
vn 0.40960000 -0.79240000 -0.45200000
vn 0.40760000 0.78850000 0.46050000
vn 0.46020000 0.86290000 0.20860000
vn 0.46190000 -0.86610000 -0.19120000
vn 0.00000000 0.00000000 1.00000000
vn 0.00000000 0.00000000 1.00000000
vn 0.46190000 -0.86610000 -0.19120000
vn 0.50420000 -0.86310000 0.03090000
vn 0.46020000 0.86290000 0.20860000
vn 0.50420000 0.86310000 -0.03090000
vn 0.50420000 0.86310000 -0.03090000
vn 0.54320000 0.80850000 -0.22650000
vn 0.50420000 -0.86310000 0.03090000
vn 0.54150000 -0.80600000 0.23910000
vn 0.00000000 0.00000000 1.00000000
vn 0.00000000 0.00000000 1.00000000
vn 0.57730000 0.71540000 -0.39370000
vn 0.54320000 0.80850000 -0.22650000
vn 0.57590000 -0.71380000 0.39860000
vn 0.54150000 -0.80600000 0.23910000
vn 0.00000000 0.00000000 1.00000000
vn 0.60690000 0.59430000 -0.52770000
vn 0.57730000 0.71540000 -0.39370000
vn 0.60520000 -0.59270000 0.53140000
vn 0.57590000 -0.71380000 0.39860000
vn 0.60690000 0.59430000 -0.52770000
vn 0.63360000 0.45770000 -0.62370000
vn 0.60520000 -0.59270000 0.53140000
vn 0.63360000 -0.45770000 0.62370000
vn 0.00000000 0.00000000 1.00000000
vn 0.63360000 -0.45770000 0.62370000
vn 0.65780000 -0.31270000 0.68520000
vn 0.66140000 0.31440000 -0.68100000
vn 0.63360000 0.45770000 -0.62370000
vn 0.00000000 0.00000000 1.00000000
vn 0.00000000 0.87010000 0.49280000
vn 0.00000000 -0.85680000 -0.51560000
vn 0.69600000 0.32410000 -0.64080000
vn 0.65780000 -0.31270000 0.68520000
vn 0.69600000 -0.32410000 0.64080000
vn 0.66140000 0.31440000 -0.68100000
vn 0.00000000 0.00000000 1.00000000
vn 0.10940000 -0.99350000 -0.03120000
vn 0.69600000 -0.32410000 0.64080000
vn 0.00000000 -0.85680000 -0.51560000
vn 0.70690000 -0.30050000 0.64030000
vn 0.48000000 0.17510000 0.85960000
vn 0.10940000 -0.99350000 -0.03120000
vn 0.70590000 -0.18340000 0.68420000
vn 0.70690000 -0.30050000 0.64030000
vn 0.70570000 -0.06170000 0.70580000
vn 0.70590000 -0.18340000 0.68420000
vn 0.45740000 0.67420000 0.57980000
vn 0.48000000 0.17510000 0.85960000
vn 0.70500000 0.05890000 0.70680000
vn 0.70550000 0.06220000 0.70600000
vn 0.45740000 0.67420000 0.57980000
vn 0.70570000 -0.06170000 0.70580000
vn 0.70500000 -0.05890000 -0.70680000
vn 0.02950000 0.83800000 -0.54490000
vn 0.69860000 -0.19070000 -0.68960000
vn 0.00000000 0.98510000 -0.17180000
vn 0.70510000 -0.29940000 -0.64280000
vn 0.69860000 -0.19070000 -0.68960000
vn 0.09330000 0.52770000 -0.84430000
vn 0.02950000 0.83800000 -0.54490000
vn 0.70510000 -0.29940000 -0.64280000
vn 0.18110000 0.09130000 -0.97920000
vn 0.09330000 0.52770000 -0.84430000
vn 0.70400000 -0.40390000 -0.58420000
vn 0.18110000 0.09130000 -0.97920000
vn 0.70400000 -0.40390000 -0.58420000
vn 0.70400000 -0.49900000 -0.50540000
vn 0.27350000 -0.32280000 -0.90610000
vn 0.70400000 -0.49900000 -0.50540000
vn 0.70470000 -0.58110000 -0.40710000
vn 0.27350000 -0.32280000 -0.90610000
vn 0.34800000 -0.62010000 -0.70320000
vn 0.34800000 -0.62010000 -0.70320000
vn 0.40960000 -0.79240000 -0.45200000
vn 0.70470000 -0.58110000 -0.40710000
vn 0.70660000 -0.64230000 -0.29710000
vn 0.46190000 -0.86610000 -0.19120000
vn 0.70520000 -0.68490000 -0.18320000
vn 0.70660000 -0.64230000 -0.29710000
vn 0.40960000 -0.79240000 -0.45200000
vn 0.70550000 -0.70560000 -0.06570000
vn 0.70520000 -0.68490000 -0.18320000
vn 0.46190000 -0.86610000 -0.19120000
vn 0.50420000 -0.86310000 0.03090000
vn 0.70550000 -0.70560000 -0.06570000
vn 0.70540000 -0.70630000 0.05990000
vn 0.54150000 -0.80600000 0.23910000
vn 0.50420000 -0.86310000 0.03090000
vn 0.70540000 -0.68440000 0.18470000
vn 0.70540000 -0.70630000 0.05990000
vn 0.57590000 -0.71380000 0.39860000
vn 0.54150000 -0.80600000 0.23910000
vn 0.57590000 -0.71380000 0.39860000
vn 0.70540000 -0.68440000 0.18470000
vn 0.70600000 -0.64180000 0.29930000
vn 0.60520000 -0.59270000 0.53140000
vn 0.60520000 -0.59270000 0.53140000
vn 0.70650000 -0.58150000 0.40340000
vn 0.70600000 -0.64180000 0.29930000
vn 0.63360000 -0.45770000 0.62370000
vn 0.70470000 -0.50080000 0.50260000
vn 0.65780000 -0.31270000 0.68520000
vn 0.63360000 -0.45770000 0.62370000
vn 0.70650000 -0.58150000 0.40340000
vn 0.69600000 -0.32410000 0.64080000
vn 0.70470000 -0.50080000 0.50260000
vn 0.70770000 -0.40560000 0.57850000
vn 0.65780000 -0.31270000 0.68520000
vn 0.70610000 -0.29840000 0.64210000
vn 0.70770000 -0.40560000 0.57850000
vn 0.69600000 -0.32410000 0.64080000
vn 0.70610000 -0.18420000 0.68370000
vn 0.70690000 -0.30050000 0.64030000
vn 0.70560000 -0.06090000 0.70600000
vn 0.70610000 -0.18420000 0.68370000
vn 0.70570000 -0.06170000 0.70580000
vn 0.70550000 0.06220000 0.70600000
vn 0.69600000 0.32410000 -0.64080000
vn 0.70540000 0.29990000 -0.64220000
vn 0.10940000 0.99350000 0.03120000
vn 0.00000000 0.87010000 0.49280000
vn 0.70730000 0.18380000 -0.68260000
vn 0.70540000 0.29990000 -0.64220000
vn 0.10940000 0.99350000 0.03120000
vn 0.46710000 -0.17040000 -0.86760000
vn 0.70730000 0.18380000 -0.68260000
vn 0.46710000 -0.17040000 -0.86760000
vn 0.70570000 0.06170000 -0.70580000
vn 0.45380000 -0.66900000 -0.58870000
vn 0.70570000 0.06170000 -0.70580000
vn 0.70500000 -0.05890000 -0.70680000
vn 0.45380000 -0.66900000 -0.58870000
vn 0.70430000 -0.06210000 -0.70720000
vn 0.70610000 -0.18260000 -0.68420000
vn 0.69860000 -0.19070000 -0.68960000
vn 0.69860000 -0.19070000 -0.68960000
vn 0.70610000 -0.18260000 -0.68420000
vn 0.70610000 -0.30030000 -0.64130000
vn 0.70400000 -0.40390000 -0.58420000
vn 0.70510000 -0.29940000 -0.64280000
vn 0.70550000 -0.40660000 -0.58050000
vn 0.70400000 -0.40390000 -0.58420000
vn 0.70570000 -0.50140000 -0.50050000
vn 0.70400000 -0.49900000 -0.50540000
vn 0.70550000 -0.40660000 -0.58050000
vn 0.70470000 -0.58110000 -0.40710000
vn 0.70630000 -0.58050000 -0.40530000
vn 0.70400000 -0.49900000 -0.50540000
vn 0.70570000 -0.50140000 -0.50050000
vn 0.70470000 -0.58110000 -0.40710000
vn 0.70630000 -0.58050000 -0.40530000
vn 0.70520000 -0.64170000 -0.30150000
vn 0.70570000 -0.68440000 -0.18330000
vn 0.70520000 -0.64170000 -0.30150000
vn 0.70550000 -0.70560000 -0.06570000
vn 0.70520000 -0.68490000 -0.18320000
vn 0.70580000 -0.70570000 -0.06170000
vn 0.70580000 -0.70570000 -0.06170000
vn 0.70570000 -0.70590000 0.06130000
vn 0.70550000 -0.70560000 -0.06570000
vn 0.70540000 -0.70630000 0.05990000
vn 0.70540000 -0.68440000 0.18470000
vn 0.70590000 -0.68400000 0.18410000
vn 0.70570000 -0.64200000 0.29980000
vn 0.70650000 -0.58150000 0.40340000
vn 0.70600000 -0.64180000 0.29930000
vn 0.70540000 -0.58010000 0.40730000
vn 0.70470000 -0.50080000 0.50260000
vn 0.70540000 -0.58010000 0.40730000
vn 0.70560000 -0.50110000 0.50110000
vn 0.70650000 -0.58150000 0.40340000
vn 0.70560000 -0.50110000 0.50110000
vn 0.70630000 -0.40640000 0.57960000
vn 0.70470000 -0.50080000 0.50260000
vn 0.70630000 -0.40640000 0.57960000
vn 0.70570000 -0.29990000 0.64200000
vn 0.70570000 -0.29990000 0.64200000
vn 0.70570000 -0.18320000 0.68440000
vn 0.70610000 -0.18420000 0.68370000
vn 0.70560000 -0.06090000 0.70600000
vn 0.70530000 -0.06210000 0.70620000
vn 0.70540000 0.06260000 0.70600000
vn 0.70650000 0.19280000 0.68100000
vn 0.70500000 0.05890000 0.70680000
vn 0.02920000 -0.83060000 0.55610000
vn 0.00000000 -0.98510000 0.17180000
vn 0.70790000 0.30060000 0.63910000
vn 0.02920000 -0.83060000 0.55610000
vn 0.70650000 0.19280000 0.68100000
vn 0.09070000 -0.51270000 0.85380000
vn 0.09070000 -0.51270000 0.85380000
vn 0.70790000 0.30060000 0.63910000
vn 0.70400000 0.40390000 0.58420000
vn 0.18110000 -0.09130000 0.97920000
vn 0.70550000 0.50010000 0.50220000
vn 0.70400000 0.40390000 0.58420000
vn 0.18110000 -0.09130000 0.97920000
vn 0.26620000 0.31420000 0.91130000
vn 0.34800000 0.62010000 0.70320000
vn 0.70550000 0.50010000 0.50220000
vn 0.26620000 0.31420000 0.91130000
vn 0.70470000 0.58110000 0.40710000
vn 0.70590000 0.64160000 0.30000000
vn 0.34800000 0.62010000 0.70320000
vn 0.40760000 0.78850000 0.46050000
vn 0.70470000 0.58110000 0.40710000
vn 0.70590000 0.64160000 0.30000000
vn 0.46020000 0.86290000 0.20860000
vn 0.40760000 0.78850000 0.46050000
vn 0.70560000 0.68530000 0.18040000
vn 0.70570000 0.70570000 0.06310000
vn 0.70560000 0.68530000 0.18040000
vn 0.50420000 0.86310000 -0.03090000
vn 0.46020000 0.86290000 0.20860000
vn 0.70530000 0.70610000 -0.06220000
vn 0.50420000 0.86310000 -0.03090000
vn 0.70570000 0.70570000 0.06310000
vn 0.54320000 0.80850000 -0.22650000
vn 0.70560000 0.68460000 -0.18260000
vn 0.70530000 0.70610000 -0.06220000
vn 0.54320000 0.80850000 -0.22650000
vn 0.57730000 0.71540000 -0.39370000
vn 0.60690000 0.59430000 -0.52770000
vn 0.57730000 0.71540000 -0.39370000
vn 0.70560000 0.68460000 -0.18260000
vn 0.70560000 0.64140000 -0.30110000
vn 0.63360000 0.45770000 -0.62370000
vn 0.60690000 0.59430000 -0.52770000
vn 0.70650000 0.58150000 -0.40340000
vn 0.70560000 0.64140000 -0.30110000
vn 0.66140000 0.31440000 -0.68100000
vn 0.70530000 0.50130000 -0.50130000
vn 0.70650000 0.58150000 -0.40340000
vn 0.63360000 0.45770000 -0.62370000
vn 0.66140000 0.31440000 -0.68100000
vn 0.70630000 0.40480000 -0.58070000
vn 0.69600000 0.32410000 -0.64080000
vn 0.70530000 0.50130000 -0.50130000
vn 0.70630000 0.40480000 -0.58070000
vn 0.70540000 0.29990000 -0.64220000
vn 0.69600000 0.32410000 -0.64080000
vn 0.70540000 0.29990000 -0.64220000
vn 0.70610000 0.18420000 -0.68370000
vn 0.70570000 0.06170000 -0.70580000
vn 0.70610000 0.18420000 -0.68370000
vn 0.70560000 0.06090000 -0.70600000
vn 0.70540000 -0.06260000 -0.70600000
vn 0.70430000 -0.06210000 -0.70720000
vn 0.70570000 -0.18350000 -0.68440000
vn 0.70540000 -0.06260000 -0.70600000
vn 0.70430000 -0.06210000 -0.70720000
vn 0.70610000 -0.30030000 -0.64130000
vn 0.70570000 -0.18350000 -0.68440000
vn 0.70600000 -0.29910000 -0.64200000
vn 0.70560000 -0.40600000 -0.58080000
vn 0.70590000 -0.50080000 -0.50080000
vn 0.70560000 -0.40600000 -0.58080000
vn 0.70570000 -0.58070000 -0.40600000
vn 0.70590000 -0.50080000 -0.50080000
vn 0.70630000 -0.58050000 -0.40530000
vn 0.70580000 -0.64260000 -0.29840000
vn 0.70570000 -0.68410000 -0.18440000
vn 0.70580000 -0.64260000 -0.29840000
vn 0.70570000 -0.70590000 -0.06120000
vn 0.70570000 -0.68410000 -0.18440000
vn 0.70580000 -0.70570000 -0.06170000
vn 0.70570000 -0.70590000 0.06130000
vn 0.70590000 -0.68400000 0.18410000
vn 0.70570000 -0.70590000 0.06130000
vn 0.70510000 -0.68470000 0.18460000
vn 0.70600000 -0.64190000 0.29920000
vn 0.70530000 -0.58040000 0.40700000
vn 0.70600000 -0.64190000 0.29920000
vn 0.70600000 -0.50140000 0.50020000
vn 0.70530000 -0.58040000 0.40700000
vn 0.70630000 -0.40640000 0.57960000
vn 0.70600000 -0.50140000 0.50020000
vn 0.70570000 -0.29990000 0.64200000
vn 0.70630000 -0.40640000 0.57960000
vn 0.70570000 -0.18320000 0.68440000
vn 0.70570000 -0.29990000 0.64200000
vn 0.70640000 -0.18380000 0.68360000
vn 0.70650000 -0.06160000 0.70500000
vn 0.70530000 -0.06210000 0.70620000
vn -1.00000000 -0.00010000 0.00000000
vn 0.70650000 -0.06160000 0.70500000
vn 0.70530000 -0.06210000 0.70620000
vn 0.70580000 0.06220000 0.70570000
vn 0.70500000 0.05890000 0.70680000
vn 0.70610000 0.18260000 0.68420000
vn 0.70550000 0.06220000 0.70600000
vn 0.70650000 0.19280000 0.68100000
vn 0.70650000 0.19280000 0.68100000
vn 0.70790000 0.30060000 0.63910000
vn 0.70610000 0.18260000 0.68420000
vn 0.70790000 0.30060000 0.63910000
vn 0.70630000 0.40700000 0.57930000
vn 0.70400000 0.40390000 0.58420000
vn 0.70550000 0.50010000 0.50220000
vn 0.70400000 0.40390000 0.58420000
vn 0.70630000 0.40700000 0.57930000
vn 0.70580000 0.58010000 0.40670000
vn 0.70570000 0.50140000 0.50050000
vn 0.70470000 0.58110000 0.40710000
vn 0.70580000 0.58010000 0.40670000
vn 0.70520000 0.64170000 0.30150000
vn 0.70470000 0.58110000 0.40710000
vn 0.70590000 0.68450000 0.18190000
vn 0.70520000 0.64170000 0.30150000
vn 0.70560000 0.68530000 0.18040000
vn 0.70560000 0.68530000 0.18040000
vn 0.70580000 0.70570000 0.06170000
vn 0.70590000 0.68450000 0.18190000
vn 0.70530000 0.70610000 -0.06220000
vn 0.70580000 0.70570000 0.06170000
vn 0.70560000 0.68460000 -0.18260000
vn 0.70530000 0.70610000 -0.06220000
vn 0.70560000 0.68460000 -0.18260000
vn 0.70570000 0.64200000 -0.29980000
vn 0.70570000 0.64200000 -0.29980000
vn 0.70570000 0.58040000 -0.40630000
vn 0.70650000 0.58150000 -0.40340000
vn 0.70560000 0.50110000 -0.50110000
vn 0.70570000 0.58040000 -0.40630000
vn 0.70650000 0.58150000 -0.40340000
vn 0.70560000 0.50110000 -0.50110000
vn 0.70590000 0.40610000 -0.58030000
vn 0.70630000 0.40480000 -0.58070000
vn 0.70570000 0.29990000 -0.64200000
vn 0.70590000 0.40610000 -0.58030000
vn 0.70630000 0.40480000 -0.58070000
vn 0.70570000 0.29990000 -0.64200000
vn 0.70570000 0.18320000 -0.68440000
vn 0.70560000 0.06090000 -0.70600000
vn 0.70570000 0.18320000 -0.68440000
vn 0.70560000 0.06090000 -0.70600000
vn 0.70580000 -0.06220000 -0.70570000
vn 0.70570000 -0.18350000 -0.68440000
vn 0.70580000 -0.06220000 -0.70570000
vn 0.70600000 -0.29910000 -0.64200000
vn 0.70570000 -0.18290000 -0.68450000
vn 0.70560000 -0.40600000 -0.58080000
vn 0.70550000 -0.29940000 -0.64240000
vn 0.70580000 -0.40690000 -0.57990000
vn 0.70550000 -0.50080000 -0.50140000
vn 0.70560000 -0.58050000 -0.40640000
vn 0.70590000 -0.50080000 -0.50080000
vn 0.70570000 -0.58070000 -0.40600000
vn 0.70580000 -0.64260000 -0.29840000
vn 0.70590000 -0.68410000 -0.18380000
vn 0.70580000 -0.64260000 -0.29840000
vn 0.70570000 -0.68410000 -0.18440000
vn 0.70560000 -0.70580000 -0.06290000
vn 0.70570000 -0.70590000 0.06160000
vn 0.70560000 -0.70580000 -0.06290000
vn 0.70510000 -0.68470000 0.18460000
vn 0.70580000 -0.70570000 0.06190000
vn 0.70570000 -0.64190000 0.29980000
vn 0.70510000 -0.68470000 0.18460000
vn 0.70570000 -0.58050000 0.40620000
vn 0.70570000 -0.64190000 0.29980000
vn 0.70540000 -0.50310000 0.49930000
vn 0.70570000 -0.58050000 0.40620000
vn 0.70540000 -0.50310000 0.49930000
vn 0.70630000 -0.40620000 0.57990000
vn 0.70540000 -0.29940000 0.64250000
vn -1.00000000 0.00020000 0.00000000
vn 0.70680000 -0.40780000 0.57800000
vn -1.00000000 0.00020000 0.00000000
vn 0.70640000 -0.18380000 0.68360000
vn 0.70540000 -0.29940000 0.64250000
vn 0.70650000 -0.06160000 0.70500000
vn -1.00000000 -0.00100000 0.00000000
vn 0.70640000 -0.18380000 0.68360000
vn 0.70540000 0.06260000 0.70600000
vn 0.70570000 0.18350000 0.68440000
vn 0.70570000 0.18350000 0.68440000
vn 0.70650000 0.29940000 0.64120000
vn 0.70560000 0.40600000 0.58080000
vn 0.70650000 0.29940000 0.64120000
vn 0.70600000 0.50080000 0.50080000
vn 0.70560000 0.40600000 0.58080000
vn 0.70600000 0.50080000 0.50080000
vn 0.70570000 0.58070000 0.40600000
vn 0.70580000 0.58010000 0.40670000
vn 0.70520000 0.64170000 0.30150000
vn 0.70590000 0.68420000 0.18340000
vn 0.70520000 0.64170000 0.30150000
vn 0.70590000 0.68420000 0.18340000
vn 0.70580000 0.70570000 0.06170000
vn 0.70580000 0.70570000 -0.06190000
vn 0.70580000 0.70570000 0.06170000
vn 0.70570000 0.70590000 -0.06130000
vn 0.70590000 0.68400000 -0.18410000
vn 0.70590000 0.68400000 -0.18410000
vn 0.70640000 0.64220000 -0.29760000
vn 0.70510000 0.58020000 -0.40770000
vn 0.70640000 0.64220000 -0.29760000
vn 0.70570000 0.50120000 -0.50080000
vn 0.70570000 0.58040000 -0.40630000
vn 0.70570000 0.50120000 -0.50080000
vn 0.70590000 0.40600000 -0.58040000
vn 0.70540000 0.29940000 -0.64250000
vn 0.70590000 0.40610000 -0.58030000
vn 0.70540000 0.29940000 -0.64250000
vn 0.70570000 0.18320000 -0.68440000
vn 0.70580000 0.06220000 -0.70570000
vn 0.70570000 0.18320000 -0.68440000
vn 0.70580000 -0.06220000 -0.70570000
vn -1.00000000 0.00000000 0.00000000
vn 0.70590000 0.06150000 -0.70570000
vn 0.70570000 -0.18290000 -0.68450000
vn -1.00000000 0.00000000 0.00000000
vn 0.70580000 -0.06220000 -0.70570000
vn -1.00000000 0.00000000 0.00000000
vn 0.70570000 -0.18290000 -0.68450000
vn 0.70550000 -0.29940000 -0.64240000
vn 0.70580000 -0.40690000 -0.57990000
vn 0.70550000 -0.29940000 -0.64240000
vn -1.00000000 0.00000000 0.00000000
vn 0.70580000 -0.40690000 -0.57990000
vn -1.00000000 0.00050000 0.00000000
vn 0.70550000 -0.50080000 -0.50140000
vn 0.70560000 -0.58050000 -0.40640000
vn -1.00000000 0.00030000 0.00000000
vn 0.70550000 -0.50080000 -0.50140000
vn -1.00000000 0.00000000 0.00000000
vn 0.70600000 -0.64190000 -0.29920000
vn 0.70560000 -0.58050000 -0.40640000
vn 0.70590000 -0.68410000 -0.18380000
vn 0.70600000 -0.64190000 -0.29920000
vn -1.00000000 -0.00010000 0.00000000
vn -1.00000000 -0.00010000 0.00000000
vn 0.70590000 -0.68410000 -0.18380000
vn 0.70560000 -0.70580000 -0.06290000
vn -1.00000000 -0.00010000 0.00000000
vn 0.70560000 -0.70580000 -0.06290000
vn 0.70570000 -0.70590000 0.06160000
vn 0.70570000 -0.70590000 0.06160000
vn -1.00000000 -0.00010000 0.00000000
vn 0.70610000 -0.68400000 0.18330000
vn -1.00000000 0.00000000 0.00000000
vn 0.70610000 -0.68400000 0.18330000
vn 0.70570000 -0.64190000 0.29980000
vn -1.00000000 -0.00010000 0.00000000
vn 0.70570000 -0.64190000 0.29980000
vn 0.70570000 -0.58050000 0.40620000
vn -1.00000000 0.00000000 0.00000000
vn 0.70570000 -0.58050000 0.40620000
vn 0.70540000 -0.50310000 0.49930000
vn -1.00000000 0.00000000 0.00000000
vn 0.70680000 -0.40780000 0.57800000
vn 0.70540000 -0.50310000 0.49930000
vn 0.70580000 0.06220000 0.70570000
vn 0.70620000 0.18300000 0.68400000
vn 0.70650000 0.29940000 0.64120000
vn 0.70620000 0.18300000 0.68400000
vn 0.70650000 0.29940000 0.64120000
vn 0.70560000 0.40600000 0.58080000
vn 0.70580000 0.40690000 0.57990000
vn 0.70600000 0.50080000 0.50080000
vn 0.70570000 0.58070000 0.40600000
vn 0.70600000 0.50080000 0.50080000
vn 0.70550000 0.64240000 0.29930000
vn 0.70570000 0.58070000 0.40600000
vn 0.70580000 0.68410000 0.18380000
vn 0.70620000 0.64200000 0.29850000
vn 0.70560000 0.70580000 0.06290000
vn 0.70580000 0.68410000 0.18380000
vn 0.70560000 0.70580000 -0.06280000
vn 0.70560000 0.70580000 0.06290000
vn 0.70560000 0.70580000 -0.06280000
vn 0.70510000 0.68470000 -0.18460000
vn 0.70510000 0.68470000 -0.18460000
vn 0.70570000 0.64190000 -0.29980000
vn 0.70640000 0.64220000 -0.29760000
vn 0.70570000 0.58050000 -0.40620000
vn 0.70540000 0.50310000 -0.49930000
vn 0.70570000 0.58050000 -0.40620000
vn 0.70680000 0.40780000 -0.57800000
vn 0.70540000 0.50310000 -0.49930000
vn 0.70680000 0.40780000 -0.57800000
vn -1.00000000 0.00000000 0.00000000
vn 0.70540000 0.29940000 -0.64250000
vn 0.70590000 0.18360000 -0.68410000
vn -1.00000000 0.00030000 0.00000000
vn 0.70540000 0.29940000 -0.64250000
vn 0.70590000 0.06150000 -0.70570000
vn 0.70590000 0.18360000 -0.68410000
vn -1.00000000 0.00000000 0.00000000
vn -1.00000000 0.00000000 0.00000000
vn 0.70620000 0.18300000 0.68400000
vn 0.70580000 0.06220000 0.70570000
vn 0.70550000 0.29940000 0.64240000
vn 0.70620000 0.18300000 0.68400000
vn -1.00000000 0.00000000 0.00000000
vn 0.70580000 0.40690000 0.57990000
vn 0.70550000 0.29940000 0.64240000
vn -1.00000000 0.00030000 0.00000000
vn -1.00000000 -0.00010000 0.00000000
vn 0.70580000 0.40690000 0.57990000
vn 0.70550000 0.50080000 0.50140000
vn -1.00000000 0.00000000 0.00000000
vn 0.70550000 0.50080000 0.50140000
vn 0.70540000 0.58030000 0.40700000
vn 0.70620000 0.64200000 0.29850000
vn -1.00000000 0.00000000 0.00000000
vn 0.70540000 0.58030000 0.40700000
vn -1.00000000 0.00000000 0.00000000
vn 0.70620000 0.64200000 0.29850000
vn 0.70580000 0.68410000 0.18380000
vn -1.00000000 0.00000000 0.00000000
vn 0.70560000 0.70580000 0.06290000
vn 0.70580000 0.68410000 0.18380000
vn -1.00000000 0.00000000 0.00000000
vn 0.70560000 0.70580000 0.06290000
vn 0.70560000 0.70580000 -0.06280000
vn -1.00000000 -0.00020000 0.00000000
vn 0.70560000 0.70580000 -0.06280000
vn 0.70620000 0.68410000 -0.18260000
vn 0.70570000 0.64190000 -0.29980000
vn 0.70620000 0.68410000 -0.18260000
vn -1.00000000 0.00000000 0.00000000
vn -1.00000000 0.00040000 0.00000000
vn 0.70570000 0.58050000 -0.40620000
vn 0.70570000 0.64190000 -0.29980000
vn -1.00000000 0.00000000 0.00000000
vn 0.70540000 0.50310000 -0.49930000
vn 0.70570000 0.58050000 -0.40620000
vn 0.70680000 0.40780000 -0.57800000
vn -1.00000000 0.00000000 0.00000000
vn 0.70540000 0.50310000 -0.49930000
vn -0.97740000 0.05480000 0.20430000
vn -0.99240000 0.05200000 0.11160000
vn -0.99560000 0.04690000 0.08120000
vn 0.00000000 0.50000000 0.86600000
vn 0.00000000 -0.50000000 0.86600000
vn -0.99560000 -0.04690000 0.08120000
vn -0.94450000 0.02860000 0.32730000
vn -0.97740000 -0.05480000 0.20430000
vn -0.99240000 -0.05200000 0.11160000
vn -0.94450000 -0.02860000 0.32730000
vn -1.00000000 0.00000000 0.00000000
vn -0.97740000 -0.05480000 0.20430000
vn -0.94450000 -0.02860000 0.32730000
vn -1.00000000 0.00000000 0.00000000
vn -0.94450000 -0.02860000 0.32730000
vn -0.94450000 0.02860000 0.32730000
vn -1.00000000 0.00000000 0.00000000
vn -0.99240000 -0.05200000 0.11160000
vn -0.97740000 -0.05480000 0.20430000
vn -0.99240000 -0.05200000 0.11160000
vn -0.99560000 -0.04690000 0.08120000
vn -1.00000000 0.00000000 0.00000000
vn -0.99240000 -0.07060000 0.10080000
vn -0.94450000 -0.26930000 0.18840000
vn 0.00000000 -1.00000000 0.00000000
vn -0.99560000 -0.04690000 0.08120000
vn -0.99240000 -0.07060000 0.10080000
vn -0.97740000 -0.14960000 0.14960000
vn 0.00000000 -0.50000000 0.86600000
vn -0.99560000 -0.09380000 0.00000000
vn -0.99240000 -0.12260000 0.01070000
vn -0.94450000 -0.29780000 0.13890000
vn -0.97740000 -0.20440000 0.05470000
vn -0.99240000 -0.07060000 0.10080000
vn -0.97740000 -0.14960000 0.14960000
vn -1.00000000 0.00000000 0.00000000
vn -0.94450000 -0.26930000 0.18840000
vn -0.97740000 -0.14960000 0.14960000
vn -1.00000000 0.00000000 0.00000000
vn -0.94450000 -0.26930000 0.18840000
vn -0.94450000 -0.29780000 0.13890000
vn -1.00000000 0.00000000 0.00000000
vn -1.00000000 0.00000000 0.00000000
vn -0.94450000 -0.29780000 0.13890000
vn -0.97740000 -0.20440000 0.05470000
vn -1.00000000 0.00000000 0.00000000
vn -0.97740000 -0.20440000 0.05470000
vn -0.99240000 -0.12260000 0.01070000
vn -1.00000000 0.00000000 0.00000000
vn -0.99240000 -0.12260000 -0.01070000
vn -0.99560000 -0.09380000 0.00000000
vn -0.99240000 -0.12260000 0.01070000
vn 0.00000000 -0.50000000 -0.86600000
vn 0.00000000 -1.00000000 0.00000000
vn -0.97730000 -0.20450000 -0.05470000
vn -0.94450000 -0.26910000 -0.18850000
vn -0.99560000 -0.09380000 0.00000000
vn -0.99240000 -0.12260000 -0.01070000
vn -0.99240000 -0.07060000 -0.10080000
vn -0.94450000 -0.29780000 -0.13890000
vn -0.97740000 -0.14960000 -0.14960000
vn -0.99560000 -0.04690000 -0.08120000
vn -0.99240000 -0.12260000 -0.01070000
vn -1.00000000 0.00000000 0.00000000
vn -0.97730000 -0.20450000 -0.05470000
vn -1.00000000 0.00000000 0.00000000
vn -0.94450000 -0.29780000 -0.13890000
vn -0.97730000 -0.20450000 -0.05470000
vn -0.94450000 -0.29780000 -0.13890000
vn -0.94450000 -0.26910000 -0.18850000
vn -1.00000000 0.00000000 0.00000000
vn -0.94450000 -0.26910000 -0.18850000
vn -1.00000000 0.00000000 0.00000000
vn -0.97740000 -0.14960000 -0.14960000
vn -0.97740000 -0.14960000 -0.14960000
vn -1.00000000 0.00000000 0.00000000
vn -0.99240000 -0.07060000 -0.10080000
vn -1.00000000 0.00000000 0.00000000
vn -0.99240000 -0.07060000 -0.10080000
vn -0.99240000 -0.05200000 -0.11160000
vn -0.99560000 -0.04690000 -0.08120000
vn 0.00000000 0.50000000 -0.86600000
vn -0.94450000 0.02860000 -0.32730000
vn -0.97740000 0.05480000 -0.20430000
vn -0.99240000 0.05200000 -0.11160000
vn -0.99560000 0.04690000 -0.08120000
vn -0.99240000 -0.05200000 -0.11160000
vn 0.00000000 -0.50000000 -0.86600000
vn -0.99560000 -0.04690000 -0.08120000
vn -0.97740000 -0.05480000 -0.20430000
vn -0.94450000 -0.02860000 -0.32730000
vn -0.99240000 -0.05200000 -0.11160000
vn -1.00000000 0.00000000 0.00000000
vn -0.97740000 -0.05480000 -0.20430000
vn -0.97740000 -0.05480000 -0.20430000
vn -1.00000000 0.00000000 0.00000000
vn -0.94450000 -0.02860000 -0.32730000
vn -1.00000000 0.00000000 0.00000000
vn -0.94450000 0.02860000 -0.32730000
vn -0.94450000 -0.02860000 -0.32730000
vn 0.00000000 0.50000000 0.86600000
vn -1.00000000 0.00000000 0.00000000
vn 0.00000000 -0.50000000 0.86600000
vn -1.00000000 0.00000000 0.00000000
vn 0.00000000 -1.00000000 0.00000000
vn 0.00000000 -0.50000000 0.86600000
vn 0.00000000 -0.50000000 -0.86600000
vn -1.00000000 0.00000000 0.00000000
vn 0.00000000 -1.00000000 0.00000000
vn 0.00000000 0.50000000 -0.86600000
vn 0.00000000 -0.50000000 -0.86600000
vn -1.00000000 0.00000000 0.00000000
vn -0.94450000 0.02860000 0.32730000
vn -1.00000000 0.00000000 0.00000000
vn -0.97740000 0.05480000 0.20430000
vn -0.99240000 0.05200000 0.11160000
vn -0.97740000 0.05480000 0.20430000
vn -1.00000000 0.00000000 0.00000000
vn -0.99240000 0.05200000 0.11160000
vn -1.00000000 0.00000000 0.00000000
vn -0.99560000 0.04690000 0.08120000
vn -0.99240000 0.07070000 0.10080000
vn -0.99560000 0.04690000 0.08120000
vn -0.99240000 0.07070000 0.10080000
vn 0.00000000 1.00000000 0.00000000
vn -0.97740000 0.14950000 0.14960000
vn 0.00000000 0.50000000 0.86600000
vn -0.94440000 0.26930000 0.18840000
vn -0.94450000 0.29780000 0.13890000
vn -0.97740000 0.20430000 0.05480000
vn -0.99240000 0.12270000 0.01070000
vn -0.99560000 0.09380000 0.00000000
vn -1.00000000 0.00000000 0.00000000
vn -0.99240000 0.07070000 0.10080000
vn -0.97740000 0.14950000 0.14960000
vn -0.97740000 0.14950000 0.14960000
vn -0.94440000 0.26930000 0.18840000
vn -1.00000000 0.00000000 0.00000000
vn -0.94450000 0.29780000 0.13890000
vn -0.94440000 0.26930000 0.18840000
vn -1.00000000 0.00000000 0.00000000
vn -0.94450000 0.29780000 0.13890000
vn -0.97740000 0.20430000 0.05480000
vn -1.00000000 0.00000000 0.00000000
vn -0.97740000 0.20430000 0.05480000
vn -0.99240000 0.12270000 0.01070000
vn -1.00000000 0.00000000 0.00000000
vn -0.99560000 0.09380000 0.00000000
vn -0.99240000 0.12270000 -0.01070000
vn -0.99240000 0.12270000 0.01070000
vn -1.00000000 0.00000000 0.00000000
vn -0.99560000 0.04690000 -0.08120000
vn -0.97740000 0.14960000 -0.14960000
vn -0.94450000 0.26930000 -0.18840000
vn -0.99560000 0.09380000 0.00000000
vn -0.94440000 0.29790000 -0.13890000
vn -0.99240000 0.07070000 -0.10080000
vn 0.00000000 1.00000000 0.00000000
vn -0.99240000 0.12270000 -0.01070000
vn 0.00000000 0.50000000 -0.86600000
vn -0.97730000 0.20450000 -0.05480000
vn -0.99240000 0.12270000 -0.01070000
vn -1.00000000 0.00000000 0.00000000
vn -0.97730000 0.20450000 -0.05480000
vn -0.94440000 0.29790000 -0.13890000
vn -1.00000000 0.00000000 0.00000000
vn -0.97730000 0.20450000 -0.05480000
vn -1.00000000 0.00000000 0.00000000
vn -0.94440000 0.29790000 -0.13890000
vn -0.94450000 0.26930000 -0.18840000
vn -1.00000000 0.00000000 0.00000000
vn -0.94450000 0.26930000 -0.18840000
vn -0.97740000 0.14960000 -0.14960000
vn -0.97740000 0.14960000 -0.14960000
vn -1.00000000 0.00000000 0.00000000
vn -0.99240000 0.07070000 -0.10080000
vn -0.99240000 0.07070000 -0.10080000
vn -0.99560000 0.04690000 -0.08120000
vn -1.00000000 0.00000000 0.00000000
vn -0.99240000 0.05200000 -0.11160000
vn -0.97740000 0.05480000 -0.20430000
vn -1.00000000 0.00000000 0.00000000
vn -0.99240000 0.05200000 -0.11160000
vn -0.97740000 0.05480000 -0.20430000
vn -1.00000000 0.00000000 0.00000000
vn -0.94450000 0.02860000 -0.32730000
vn 0.00000000 0.50000000 0.86600000
vn 0.00000000 1.00000000 0.00000000
vn -1.00000000 0.00000000 0.00000000
vn 0.00000000 1.00000000 0.00000000
vn 0.00000000 0.50000000 -0.86600000
vn -1.00000000 0.00000000 0.00000000
vn -1.00000000 0.00000000 0.00000000
vn -0.70580000 0.06180000 -0.70570000
vn -0.70580000 0.18340000 -0.68430000
vn -0.70580000 0.06180000 -0.70570000
vn -0.70580000 -0.06180000 -0.70570000
vn -1.00000000 0.00000000 0.00000000
vn -0.70580000 0.18340000 -0.68430000
vn -0.70580000 0.29940000 -0.64210000
vn -1.00000000 0.00000000 0.00000000
vn -0.70580000 0.29940000 -0.64210000
vn -1.00000000 0.00000000 0.00000000
vn -0.70580000 0.40640000 -0.58030000
vn -0.70580000 0.18340000 -0.68430000
vn -0.70580000 0.06180000 -0.70570000
vn 0.00000000 0.00000000 -1.00000000
vn -0.70580000 -0.06180000 -0.70570000
vn -0.70580000 0.06180000 -0.70570000
vn 0.00000000 0.00000000 -1.00000000
vn -0.70580000 0.29940000 -0.64210000
vn 0.00000000 0.00000000 -1.00000000
vn -0.70580000 0.18340000 -0.68430000
vn -0.70580000 0.40640000 -0.58030000
vn -0.70580000 0.29940000 -0.64210000
vn 0.00000000 0.00000000 -1.00000000
vn 0.00000000 0.86600000 -0.50000000
vn 0.00000000 0.00000000 -1.00000000
vn 0.00000000 0.00000000 -1.00000000
vn 0.00000000 0.00000000 -1.00000000
vn 0.00000000 0.00000000 -1.00000000
vn 1.00000000 0.00000000 0.00000000
vn 0.00000000 -0.08710000 -0.99620000
vn 0.00000000 0.08710000 -0.99620000
vn 0.00000000 0.00000000 -1.00000000
vn 1.00000000 0.00000000 0.00000000
vn 0.00000000 0.00000000 -1.00000000
vn 1.00000000 0.00000000 0.00000000
vn 0.00000000 0.86600000 -0.50000000
vn 0.00000000 0.00000000 -1.00000000
vn 1.00000000 0.00000000 0.00000000
vn 0.00000000 0.08710000 -0.99620000
vn 1.00000000 0.00000000 0.00000000
vn 0.00000000 0.25880000 -0.96590000
vn 0.00000000 0.25880000 -0.96590000
vn 1.00000000 0.00000000 0.00000000
vn 0.00000000 0.42260000 -0.90630000
vn 0.00000000 0.57350000 -0.81920000
vn 1.00000000 0.00000000 0.00000000
vn 0.00000000 0.42260000 -0.90630000
vn -1.00000000 0.00000000 0.00000000
vn 0.00000000 0.08710000 -0.99620000
vn 0.00000000 0.25880000 -0.96590000
vn 0.00000000 -0.08710000 -0.99620000
vn -1.00000000 0.00000000 0.00000000
vn 0.00000000 0.08710000 -0.99620000
vn -1.00000000 0.00000000 0.00000000
vn 0.00000000 0.25880000 -0.96590000
vn 0.00000000 0.42260000 -0.90630000
vn -1.00000000 0.00000000 0.00000000
vn 0.00000000 0.42260000 -0.90630000
vn 0.00000000 0.57350000 -0.81920000
vn 0.70570000 0.18330000 -0.68440000
vn 0.70580000 0.06170000 -0.70570000
vn -1.00000000 0.00000000 0.00000000
vn 0.70580000 -0.06170000 -0.70570000
vn 0.70580000 0.06170000 -0.70570000
vn -1.00000000 0.00000000 0.00000000
vn -1.00000000 0.00000000 0.00000000
vn 0.70560000 0.29940000 -0.64220000
vn 0.70570000 0.18330000 -0.68440000
vn 0.70570000 0.40620000 -0.58050000
vn 0.70560000 0.29940000 -0.64220000
vn -1.00000000 0.00000000 0.00000000
vn 0.00000000 0.25880000 -0.96590000
vn 0.70580000 0.06170000 -0.70570000
vn 0.00000000 0.08720000 -0.99620000
vn 0.70570000 0.18330000 -0.68440000
vn 0.70580000 0.06170000 -0.70570000
vn 0.00000000 0.08720000 -0.99620000
vn 0.70580000 -0.06170000 -0.70570000
vn 0.00000000 -0.08720000 -0.99620000
vn 0.00000000 0.42260000 -0.90630000
vn 0.00000000 0.25880000 -0.96590000
vn 0.70560000 0.29940000 -0.64220000
vn 0.70570000 0.18330000 -0.68440000
vn 0.00000000 0.42260000 -0.90630000
vn 0.00000000 0.57360000 -0.81920000
vn 0.70570000 0.40620000 -0.58050000
vn 0.70560000 0.29940000 -0.64220000
vn -0.70580000 -0.06180000 -0.70570000
vn -0.70580000 -0.18340000 -0.68430000
vn -1.00000000 0.00000000 0.00000000
vn -0.70580000 -0.18340000 -0.68430000
vn -0.70580000 -0.29940000 -0.64210000
vn -1.00000000 0.00000000 0.00000000
vn -0.70580000 -0.29940000 -0.64210000
vn -0.70580000 -0.40630000 -0.58030000
vn -1.00000000 0.00000000 0.00000000
vn -0.70580000 -0.06180000 -0.70570000
vn 0.00000000 0.00000000 -1.00000000
vn -0.70580000 -0.18340000 -0.68430000
vn -0.70580000 -0.29940000 -0.64210000
vn -0.70580000 -0.18340000 -0.68430000
vn 0.00000000 0.00000000 -1.00000000
vn -0.70580000 -0.40630000 -0.58030000
vn -0.70580000 -0.29940000 -0.64210000
vn 0.00000000 -0.86600000 -0.50000000
vn 0.00000000 0.00000000 -1.00000000
vn 0.00000000 0.00000000 -1.00000000
vn 0.00000000 0.00000000 -1.00000000
vn 1.00000000 0.00000000 0.00000000
vn 0.00000000 0.00000000 -1.00000000
vn 1.00000000 0.00000000 0.00000000
vn 0.00000000 0.00000000 -1.00000000
vn 1.00000000 0.00000000 0.00000000
vn 0.00000000 -0.86600000 -0.50000000
vn 0.00000000 0.00000000 -1.00000000
vn 1.00000000 0.00000000 0.00000000
vn 0.00000000 -0.25880000 -0.96590000
vn 0.00000000 -0.08710000 -0.99620000
vn 0.00000000 -0.25880000 -0.96590000
vn 1.00000000 0.00000000 0.00000000
vn 0.00000000 -0.42260000 -0.90630000
vn 0.00000000 -0.57350000 -0.81920000
vn 1.00000000 0.00000000 0.00000000
vn 0.00000000 -0.42260000 -0.90630000
vn 0.00000000 -0.25880000 -0.96590000
vn 0.00000000 -0.08710000 -0.99620000
vn -1.00000000 0.00000000 0.00000000
vn 0.00000000 -0.25880000 -0.96590000
vn -1.00000000 0.00000000 0.00000000
vn 0.00000000 -0.42260000 -0.90630000
vn -1.00000000 0.00000000 0.00000000
vn 0.00000000 -0.57350000 -0.81920000
vn 0.00000000 -0.42260000 -0.90630000
vn -1.00000000 0.00000000 0.00000000
vn 0.70580000 -0.06170000 -0.70570000
vn 0.70580000 -0.18330000 -0.68430000
vn 0.70580000 -0.29940000 -0.64200000
vn 0.70580000 -0.18330000 -0.68430000
vn -1.00000000 0.00000000 0.00000000
vn 0.70580000 -0.40620000 -0.58040000
vn 0.70580000 -0.29940000 -0.64200000
vn -1.00000000 0.00000000 0.00000000
vn 0.70580000 -0.06170000 -0.70570000
vn 0.00000000 -0.25880000 -0.96590000
vn 0.70580000 -0.18330000 -0.68430000
vn 0.00000000 -0.08720000 -0.99620000
vn 0.70580000 -0.29940000 -0.64200000
vn 0.00000000 -0.42260000 -0.90630000
vn 0.00000000 -0.25880000 -0.96590000
vn 0.70580000 -0.18330000 -0.68430000
vn 0.70580000 -0.40620000 -0.58040000
vn 0.00000000 -0.57360000 -0.81920000
vn 0.70580000 -0.29940000 -0.64200000
vn 0.00000000 -0.42260000 -0.90630000
vn -0.70580000 -0.50090000 -0.50090000
vn -0.70580000 -0.58020000 -0.40640000
vn -1.00000000 0.00000000 0.00000000
vn -0.70590000 -0.64190000 -0.29940000
vn -0.70580000 -0.58020000 -0.40640000
vn -1.00000000 0.00000000 0.00000000
vn -0.70580000 -0.50090000 -0.50090000
vn -0.70580000 -0.40630000 -0.58030000
vn -1.00000000 0.00000000 0.00000000
vn -0.70580000 -0.50090000 -0.50090000
vn -0.70580000 -0.58020000 -0.40640000
vn 0.00000000 -0.86600000 -0.50000000
vn -0.70580000 -0.58020000 -0.40640000
vn -0.70590000 -0.64190000 -0.29940000
vn 0.00000000 -0.86600000 -0.50000000
vn -0.70580000 -0.50090000 -0.50090000
vn 0.00000000 -0.86600000 -0.50000000
vn -0.70580000 -0.40630000 -0.58030000
vn 0.00000000 -0.86600000 -0.50000000
vn 0.00000000 -0.86600000 -0.50000000
vn 0.00000000 -0.86600000 -0.50000000
vn 1.00000000 0.00000000 0.00000000
vn 0.00000000 -0.86600000 -0.50000000
vn 0.00000000 -0.86600000 -0.50000000
vn 0.00000000 -0.81930000 -0.57340000
vn 1.00000000 0.00000000 0.00000000
vn 0.00000000 -0.90630000 -0.42260000
vn 0.00000000 -0.86600000 -0.50000000
vn 1.00000000 0.00000000 0.00000000
vn 1.00000000 0.00000000 0.00000000
vn 0.00000000 -0.70710000 -0.70720000
vn 0.00000000 -0.81930000 -0.57340000
vn 0.00000000 -0.70710000 -0.70720000
vn 0.00000000 -0.57350000 -0.81920000
vn 1.00000000 0.00000000 0.00000000
vn 0.00000000 -0.70710000 -0.70720000
vn -1.00000000 0.00000000 0.00000000
vn 0.00000000 -0.81930000 -0.57340000
vn -1.00000000 0.00000000 0.00000000
vn 0.00000000 -0.81930000 -0.57340000
vn 0.00000000 -0.90630000 -0.42260000
vn 0.00000000 -0.57350000 -0.81920000
vn 0.00000000 -0.70710000 -0.70720000
vn -1.00000000 0.00000000 0.00000000
vn 0.70570000 -0.50100000 -0.50100000
vn 0.70590000 -0.58020000 -0.40630000
vn -1.00000000 0.00000000 0.00000000
vn 0.70580000 -0.64210000 -0.29930000
vn -1.00000000 0.00000000 0.00000000
vn 0.70590000 -0.58020000 -0.40630000
vn 0.70570000 -0.50100000 -0.50100000
vn 0.70580000 -0.40620000 -0.58040000
vn -1.00000000 0.00000000 0.00000000
vn 0.70570000 -0.50100000 -0.50100000
vn -0.00000000 -0.70710000 -0.70710000
vn 0.70590000 -0.58020000 -0.40630000
vn -0.00000000 -0.81920000 -0.57360000
vn 0.70580000 -0.64210000 -0.29930000
vn 0.70590000 -0.58020000 -0.40630000
vn -0.00000000 -0.81920000 -0.57360000
vn 0.00000000 -0.90630000 -0.42260000
vn -0.00000000 -0.70710000 -0.70710000
vn 0.00000000 -0.57360000 -0.81920000
vn 0.70570000 -0.50100000 -0.50100000
vn 0.70580000 -0.40620000 -0.58040000
vn -0.70570000 -0.68430000 -0.18340000
vn -0.70590000 -0.64190000 -0.29940000
vn -1.00000000 0.00000000 0.00000000
vn -0.70570000 -0.70580000 -0.06170000
vn -0.70570000 -0.68430000 -0.18340000
vn -1.00000000 0.00000000 0.00000000
vn -0.70580000 -0.70580000 0.06170000
vn -1.00000000 0.00000000 0.00000000
vn -0.70570000 -0.70580000 -0.06170000
vn -0.70590000 -0.64190000 -0.29940000
vn 0.00000000 -0.86600000 -0.50000000
vn -0.70570000 -0.68430000 -0.18340000
vn -0.70570000 -0.68430000 -0.18340000
vn -0.70570000 -0.70580000 -0.06170000
vn 0.00000000 -0.86600000 -0.50000000
vn -0.70580000 -0.70580000 0.06170000
vn -0.70570000 -0.70580000 -0.06170000
vn 0.00000000 -0.86600000 -0.50000000
vn 0.00000000 -0.86600000 0.50000000
vn 0.00000000 -0.86600000 -0.50000000
vn 0.00000000 -0.86600000 -0.50000000
vn 1.00000000 0.00010000 0.00000000
vn 0.00000000 -0.86600000 -0.50000000
vn 1.00000000 0.00010000 0.00000000
vn 0.00000000 -0.86600000 -0.50000000
vn 1.00000000 0.00000000 0.00000000
vn 0.00000000 -0.86600000 0.50000000
vn 0.00000000 -0.86600000 -0.50000000
vn 1.00000000 0.00010000 0.00000000
vn 0.00000000 -0.90630000 -0.42260000
vn 0.00000000 -0.96590000 -0.25880000
vn 0.00000000 -0.99620000 -0.08720000
vn 1.00000000 0.00010000 0.00000000
vn 0.00000000 -0.96590000 -0.25880000
vn 0.00000000 -0.99620000 0.08720000
vn 1.00000000 0.00000000 0.00000000
vn 0.00000000 -0.99620000 -0.08720000
vn -1.00000000 0.00000000 0.00000000
vn 0.00000000 -0.90630000 -0.42260000
vn 0.00000000 -0.96590000 -0.25880000
vn 0.00000000 -0.99620000 -0.08720000
vn -1.00000000 0.00000000 0.00000000
vn 0.00000000 -0.96590000 -0.25880000
vn 0.00000000 -0.99620000 -0.08720000
vn 0.00000000 -0.99620000 0.08720000
vn -1.00000000 0.00000000 0.00000000
vn -1.00000000 0.00000000 0.00000000
vn 0.70580000 -0.68430000 -0.18330000
vn 0.70580000 -0.64210000 -0.29930000
vn -1.00000000 0.00000000 0.00000000
vn 0.70580000 -0.68430000 -0.18330000
vn 0.70570000 -0.70580000 -0.06170000
vn 0.70570000 -0.70580000 -0.06170000
vn -1.00000000 0.00000000 0.00000000
vn 0.70600000 -0.70550000 0.06180000
vn 0.70580000 -0.68430000 -0.18330000
vn 0.00000000 -0.90630000 -0.42260000
vn 0.70580000 -0.64210000 -0.29930000
vn 0.00000000 -0.96590000 -0.25880000
vn 0.70570000 -0.70580000 -0.06170000
vn 0.70580000 -0.68430000 -0.18330000
vn 0.00000000 -0.99620000 -0.08720000
vn 0.00000000 -0.96590000 -0.25880000
vn 0.00000000 -0.99620000 -0.08720000
vn 0.70600000 -0.70550000 0.06180000
vn 0.70570000 -0.70580000 -0.06170000
vn 0.00000000 -0.99620000 0.08720000
vn -1.00000000 0.00000000 0.00000000
vn -0.70570000 -0.68430000 0.18340000
vn -0.70590000 -0.64200000 0.29940000
vn -0.70590000 -0.58020000 0.40640000
vn -0.70590000 -0.64200000 0.29940000
vn -1.00000000 0.00000000 0.00000000
vn -0.70570000 -0.68430000 0.18340000
vn -1.00000000 0.00000000 0.00000000
vn -0.70580000 -0.70580000 0.06170000
vn 0.00000000 -0.86600000 0.50000000
vn -0.70590000 -0.64200000 0.29940000
vn -0.70570000 -0.68430000 0.18340000
vn -0.70590000 -0.58020000 0.40640000
vn 0.00000000 -0.86600000 0.50000000
vn -0.70590000 -0.64200000 0.29940000
vn 0.00000000 -0.86600000 0.50000000
vn -0.70570000 -0.68430000 0.18340000
vn -0.70580000 -0.70580000 0.06170000
vn 0.00000000 -0.86600000 0.50000000
vn 0.00000000 -0.86600000 0.50000000
vn 0.00000000 -0.86600000 0.50000000
vn 1.00000000 0.00040000 0.00000000
vn 0.00000000 -0.86600000 0.50000000
vn 0.00000000 -0.86600000 0.50000000
vn 1.00000000 0.00040000 0.00000000
vn 0.00000000 -0.90630000 0.42260000
vn 0.00000000 -0.81910000 0.57360000
vn 0.00000000 -0.86600000 0.50000000
vn 1.00000000 0.00000000 0.00000000
vn 0.00000000 -0.90630000 0.42260000
vn 1.00000000 0.00040000 0.00000000
vn 0.00000000 -0.96590000 0.25880000
vn 0.00000000 -0.99620000 0.08720000
vn 0.00000000 -0.96590000 0.25880000
vn 1.00000000 0.00000000 0.00000000
vn 0.00000000 -0.90630000 0.42260000
vn 0.00000000 -0.96590000 0.25880000
vn -1.00000000 0.00000000 0.00000000
vn -1.00000000 0.00000000 0.00000000
vn 0.00000000 -0.90630000 0.42260000
vn 0.00000000 -0.81910000 0.57360000
vn -1.00000000 0.00000000 0.00000000
vn 0.00000000 -0.96590000 0.25880000
vn 0.00000000 -0.99620000 0.08720000
vn -1.00000000 0.00000000 0.00000000
vn 0.70570000 -0.68440000 0.18330000
vn 0.70600000 -0.64190000 0.29940000
vn -1.00000000 0.00000000 0.00000000
vn 0.70590000 -0.58030000 0.40620000
vn 0.70600000 -0.64190000 0.29940000
vn 0.70600000 -0.70550000 0.06180000
vn 0.70570000 -0.68440000 0.18330000
vn -1.00000000 0.00000000 0.00000000
vn 0.70570000 -0.68440000 0.18330000
vn 0.00000000 -0.90630000 0.42260000
vn 0.00000000 -0.96590000 0.25880000
vn 0.70600000 -0.64190000 0.29940000
vn 0.70600000 -0.64190000 0.29940000
vn 0.00000000 -0.90630000 0.42260000
vn -0.00000000 -0.81920000 0.57360000
vn 0.70590000 -0.58030000 0.40620000
vn 0.00000000 -0.96590000 0.25880000
vn 0.70570000 -0.68440000 0.18330000
vn 0.70600000 -0.70550000 0.06180000
vn 0.00000000 -0.99620000 0.08720000
vn -0.70580000 -0.50090000 0.50090000
vn -1.00000000 0.00000000 0.00000000
vn -0.70590000 -0.58020000 0.40640000
vn -0.70580000 -0.50090000 0.50090000
vn -1.00000000 0.00000000 0.00000000
vn -0.70580000 -0.40630000 0.58030000
vn -0.70580000 -0.29940000 0.64210000
vn -1.00000000 0.00000000 0.00000000
vn -0.70580000 -0.40630000 0.58030000
vn -0.70580000 -0.50090000 0.50090000
vn -0.70590000 -0.58020000 0.40640000
vn 0.00000000 -0.86600000 0.50000000
vn -0.70580000 -0.40630000 0.58030000
vn -0.70580000 -0.50090000 0.50090000
vn 0.00000000 -0.86600000 0.50000000
vn 0.00000000 0.00000000 1.00000000
vn -0.70580000 -0.29940000 0.64210000
vn 0.00000000 -0.86600000 0.50000000
vn -0.70580000 -0.40630000 0.58030000
vn 0.00000000 -0.86600000 0.50000000
vn 0.00000000 -0.86600000 0.50000000
vn 1.00000000 0.00000000 0.00000000
vn 0.00000000 -0.86600000 0.50000000
vn 1.00000000 0.00000000 0.00000000
vn 0.00000000 -0.86600000 0.50000000
vn 1.00000000 0.00000000 0.00000000
vn 0.00000000 -0.86600000 0.50000000
vn 0.00000000 0.00000000 1.00000000
vn 1.00000000 0.00000000 0.00000000
vn 0.00000000 -0.70710000 0.70720000
vn 0.00000000 -0.81910000 0.57360000
vn 1.00000000 0.00000000 0.00000000
vn 0.00000000 -0.57370000 0.81910000
vn 0.00000000 -0.70710000 0.70720000
vn 0.00000000 -0.57370000 0.81910000
vn 1.00000000 0.00000000 0.00000000
vn 0.00000000 -0.42260000 0.90630000
vn 0.00000000 -0.81910000 0.57360000
vn -1.00000000 0.00000000 0.00000000
vn 0.00000000 -0.70710000 0.70720000
vn -1.00000000 0.00000000 0.00000000
vn 0.00000000 -0.70710000 0.70720000
vn 0.00000000 -0.57370000 0.81910000
vn 0.00000000 -0.57370000 0.81910000
vn -1.00000000 0.00000000 0.00000000
vn 0.00000000 -0.42260000 0.90630000
vn -1.00000000 0.00000000 0.00000000
vn 0.70570000 -0.50100000 0.50100000
vn 0.70590000 -0.58030000 0.40620000
vn -1.00000000 0.00000000 0.00000000
vn 0.70570000 -0.50100000 0.50100000
vn 0.70570000 -0.40640000 0.58030000
vn 0.70570000 -0.40640000 0.58030000
vn -1.00000000 0.00000000 0.00000000
vn 0.70580000 -0.29950000 0.64200000
vn -0.00000000 -0.81920000 0.57360000
vn -0.00000000 -0.70710000 0.70710000
vn 0.70590000 -0.58030000 0.40620000
vn 0.70570000 -0.50100000 0.50100000
vn 0.70570000 -0.40640000 0.58030000
vn -0.00000000 -0.70710000 0.70710000
vn 0.70570000 -0.50100000 0.50100000
vn -0.00000000 -0.57360000 0.81920000
vn -0.00000000 -0.57360000 0.81920000
vn 0.70570000 -0.40640000 0.58030000
vn 0.00000000 -0.42260000 0.90630000
vn 0.70580000 -0.29950000 0.64200000
vn -0.70580000 -0.18340000 0.68430000
vn -0.70580000 -0.06180000 0.70570000
vn -1.00000000 0.00000000 0.00000000
vn -1.00000000 0.00000000 0.00000000
vn -0.70580000 -0.06180000 0.70570000
vn -0.70580000 0.06180000 0.70570000
vn -0.70580000 -0.18340000 0.68430000
vn -1.00000000 0.00000000 0.00000000
vn -0.70580000 -0.29940000 0.64210000
vn -0.70580000 -0.06180000 0.70570000
vn -0.70580000 -0.18340000 0.68430000
vn 0.00000000 0.00000000 1.00000000
vn -0.70580000 -0.06180000 0.70570000
vn 0.00000000 0.00000000 1.00000000
vn -0.70580000 0.06180000 0.70570000
vn 0.00000000 0.00000000 1.00000000
vn -0.70580000 -0.18340000 0.68430000
vn -0.70580000 -0.29940000 0.64210000
vn 0.00000000 0.00000000 1.00000000
vn 0.00000000 0.00000000 1.00000000
vn 0.00000000 0.00000000 1.00000000
vn 0.00000000 0.00000000 1.00000000
vn 1.00000000 0.00000000 0.00000000
vn 0.00000000 -0.08710000 0.99620000
vn 0.00000000 0.08710000 0.99620000
vn 0.00000000 0.00000000 1.00000000
vn 1.00000000 0.00000000 0.00000000
vn 1.00000000 0.00000000 0.00000000
vn 0.00000000 0.00000000 1.00000000
vn 0.00000000 -0.25880000 0.96590000
vn 1.00000000 0.00000000 0.00000000
vn 0.00000000 -0.08710000 0.99620000
vn 0.00000000 -0.25880000 0.96590000
vn 1.00000000 0.00000000 0.00000000
vn 0.00000000 -0.42260000 0.90630000
vn 0.00000000 -0.08710000 0.99620000
vn 0.00000000 -0.25880000 0.96590000
vn -1.00000000 0.00000000 0.00000000
vn 0.00000000 0.08710000 0.99620000
vn -1.00000000 0.00000000 0.00000000
vn 0.00000000 -0.08710000 0.99620000
vn 0.00000000 -0.42260000 0.90630000
vn -1.00000000 0.00000000 0.00000000
vn 0.00000000 -0.25880000 0.96590000
vn 0.70580000 -0.06170000 0.70570000
vn 0.70580000 -0.18330000 0.68430000
vn -1.00000000 0.00000000 0.00000000
vn -1.00000000 0.00000000 0.00000000
vn 0.70580000 0.06170000 0.70570000
vn 0.70580000 -0.06170000 0.70570000
vn -1.00000000 0.00000000 0.00000000
vn 0.70580000 -0.18330000 0.68430000
vn 0.70580000 -0.29950000 0.64200000
vn 0.00000000 -0.25880000 0.96590000
vn 0.00000000 -0.08720000 0.99620000
vn 0.70580000 -0.18330000 0.68430000
vn 0.70580000 -0.06170000 0.70570000
vn 0.70580000 -0.06170000 0.70570000
vn 0.70580000 0.06170000 0.70570000
vn 0.00000000 -0.08720000 0.99620000
vn 0.00000000 0.08720000 0.99620000
vn 0.70580000 -0.18330000 0.68430000
vn 0.70580000 -0.29950000 0.64200000
vn 0.00000000 -0.42260000 0.90630000
vn 0.00000000 -0.25880000 0.96590000
vn -0.70580000 0.06180000 0.70570000
vn -0.70580000 0.18340000 0.68430000
vn -1.00000000 0.00000000 0.00000000
vn -0.70580000 0.29940000 0.64210000
vn -1.00000000 0.00000000 0.00000000
vn -0.70580000 0.18340000 0.68430000
vn -0.70580000 0.29940000 0.64210000
vn -1.00000000 0.00000000 0.00000000
vn -0.70580000 0.40640000 0.58030000
vn -0.70580000 0.06180000 0.70570000
vn 0.00000000 0.00000000 1.00000000
vn -0.70580000 0.18340000 0.68430000
vn 0.00000000 0.00000000 1.00000000
vn -0.70580000 0.18340000 0.68430000
vn -0.70580000 0.29940000 0.64210000
vn 0.00000000 0.00000000 1.00000000
vn -0.70580000 0.40640000 0.58030000
vn -0.70580000 0.29940000 0.64210000
vn 0.00000000 0.86600000 0.50000000
vn 0.00000000 0.00000000 1.00000000
vn 0.00000000 0.00000000 1.00000000
vn 1.00000000 0.00000000 0.00000000
vn 0.00000000 0.00000000 1.00000000
vn 0.00000000 0.00000000 1.00000000
vn 1.00000000 0.00000000 0.00000000
vn 0.00000000 0.86600000 0.50000000
vn 0.00000000 0.00000000 1.00000000
vn 1.00000000 0.00000000 0.00000000
vn 0.00000000 0.08710000 0.99620000
vn 0.00000000 0.25880000 0.96590000
vn 1.00000000 0.00000000 0.00000000
vn 0.00000000 0.25880000 0.96590000
vn 1.00000000 0.00000000 0.00000000
vn 0.00000000 0.42260000 0.90630000
vn 0.00000000 0.57370000 0.81910000
vn 0.00000000 0.42260000 0.90630000
vn 1.00000000 0.00000000 0.00000000
vn -1.00000000 0.00000000 0.00000000
vn 0.00000000 0.08710000 0.99620000
vn 0.00000000 0.25880000 0.96590000
vn 0.00000000 0.42260000 0.90630000
vn 0.00000000 0.25880000 0.96590000
vn -1.00000000 0.00000000 0.00000000
vn 0.00000000 0.57370000 0.81910000
vn -1.00000000 0.00000000 0.00000000
vn 0.00000000 0.42260000 0.90630000
vn 0.70580000 0.06170000 0.70570000
vn -1.00000000 0.00000000 0.00000000
vn 0.70570000 0.18330000 0.68440000
vn -1.00000000 0.00000000 0.00000000
vn 0.70570000 0.18330000 0.68440000
vn 0.70570000 0.29940000 0.64210000
vn -1.00000000 0.00000000 0.00000000
vn 0.70560000 0.40660000 0.58040000
vn 0.70570000 0.29940000 0.64210000
vn 0.00000000 0.25880000 0.96590000
vn 0.00000000 0.08720000 0.99620000
vn 0.70580000 0.06170000 0.70570000
vn 0.70570000 0.18330000 0.68440000
vn 0.70570000 0.29940000 0.64210000
vn 0.70570000 0.18330000 0.68440000
vn 0.00000000 0.25880000 0.96590000
vn 0.00000000 0.42260000 0.90630000
vn 0.00000000 0.42260000 0.90630000
vn 0.00000000 0.57360000 0.81920000
vn 0.70560000 0.40660000 0.58040000
vn 0.70570000 0.29940000 0.64210000
vn -1.00000000 0.00000000 0.00000000
vn -0.70580000 0.50090000 0.50090000
vn -0.70590000 0.58020000 0.40640000
vn -0.70580000 0.64200000 0.29940000
vn -1.00000000 0.00000000 0.00000000
vn -0.70590000 0.58020000 0.40640000
vn -1.00000000 0.00000000 0.00000000
vn -0.70580000 0.50090000 0.50090000
vn -0.70580000 0.40640000 0.58030000
vn -0.70580000 0.50090000 0.50090000
vn -0.70590000 0.58020000 0.40640000
vn 0.00000000 0.86600000 0.50000000
vn -0.70590000 0.58020000 0.40640000
vn -0.70580000 0.64200000 0.29940000
vn 0.00000000 0.86600000 0.50000000
vn 0.00000000 0.86600000 0.50000000
vn -0.70580000 0.40640000 0.58030000
vn -0.70580000 0.50090000 0.50090000
vn 0.00000000 0.86600000 0.50000000
vn 0.00000000 0.86600000 0.50000000
vn 0.00000000 0.86600000 0.50000000
vn 1.00000000 0.00010000 0.00000000
vn 0.00000000 0.86600000 0.50000000
vn 0.00000000 0.90630000 0.42260000
vn 0.00000000 0.86600000 0.50000000
vn 0.00000000 0.81910000 0.57360000
vn 1.00000000 -0.00020000 0.00000000
vn 1.00000000 0.00000000 0.00000000
vn 0.00000000 0.86600000 0.50000000
vn 0.00000000 0.81910000 0.57360000
vn 1.00000000 0.00000000 0.00000000
vn 0.00000000 0.70710000 0.70720000
vn 1.00000000 0.00010000 0.00000000
vn 0.00000000 0.57370000 0.81910000
vn 0.00000000 0.70710000 0.70720000
vn -1.00000000 0.00000000 0.00000000
vn 0.00000000 0.81910000 0.57360000
vn 0.00000000 0.70710000 0.70720000
vn -1.00000000 0.00000000 0.00000000
vn 0.00000000 0.90630000 0.42260000
vn 0.00000000 0.81910000 0.57360000
vn -1.00000000 0.00000000 0.00000000
vn 0.00000000 0.57370000 0.81910000
vn 0.00000000 0.70710000 0.70720000
vn 0.70570000 0.58030000 0.40640000
vn -1.00000000 0.00000000 0.00000000
vn 0.70550000 0.50120000 0.50110000
vn -1.00000000 0.00000000 0.00000000
vn 0.70570000 0.64210000 0.29940000
vn 0.70570000 0.58030000 0.40640000
vn 0.70560000 0.40660000 0.58040000
vn -1.00000000 0.00000000 0.00000000
vn 0.70550000 0.50120000 0.50110000
vn 0.70570000 0.58030000 0.40640000
vn -0.00000000 0.70710000 0.70710000
vn 0.70550000 0.50120000 0.50110000
vn -0.00000000 0.81920000 0.57360000
vn -0.00000000 0.81920000 0.57360000
vn 0.00000000 0.90630000 0.42260000
vn 0.70570000 0.58030000 0.40640000
vn 0.70570000 0.64210000 0.29940000
vn -0.00000000 0.70710000 0.70710000
vn 0.70560000 0.40660000 0.58040000
vn 0.70550000 0.50120000 0.50110000
vn 0.00000000 0.57360000 0.81920000
vn -1.00000000 0.00000000 0.00000000
vn -0.70580000 0.64200000 0.29940000
vn -0.70570000 0.68430000 0.18340000
vn -0.70570000 0.68430000 0.18340000
vn -1.00000000 0.00000000 0.00000000
vn -0.70580000 0.70580000 0.06170000
vn -0.70580000 0.70580000 0.06170000
vn -0.70580000 0.70570000 -0.06170000
vn -1.00000000 0.00000000 0.00000000
vn -0.70580000 0.64200000 0.29940000
vn -0.70570000 0.68430000 0.18340000
vn 0.00000000 0.86600000 0.50000000
vn 0.00000000 0.86600000 0.50000000
vn -0.70570000 0.68430000 0.18340000
vn -0.70580000 0.70580000 0.06170000
vn 0.00000000 0.86600000 0.50000000
vn -0.70580000 0.70570000 -0.06170000
vn -0.70580000 0.70580000 0.06170000
vn 0.00000000 0.86600000 -0.50000000
vn 0.00000000 0.86600000 0.50000000
vn 0.00000000 0.86600000 0.50000000
vn 0.00000000 0.86600000 0.50000000
vn 1.00000000 -0.00020000 0.00000000
vn 1.00000000 0.00000000 0.00000000
vn 0.00000000 0.86600000 0.50000000
vn 1.00000000 0.00000000 0.00000000
vn 0.00000000 0.86600000 0.50000000
vn 0.00000000 0.86600000 -0.50000000
vn 0.00000000 0.90630000 0.42260000
vn 1.00000000 -0.00020000 0.00000000
vn 0.00000000 0.96590000 0.25880000
vn 0.00000000 0.99620000 0.08720000
vn 1.00000000 0.00000000 0.00000000
vn 0.00000000 0.96590000 0.25880000
vn 1.00000000 0.00000000 0.00000000
vn 0.00000000 0.99620000 0.08720000
vn 0.00000000 0.99620000 -0.08720000
vn 0.00000000 0.96590000 0.25880000
vn -1.00000000 0.00000000 0.00000000
vn 0.00000000 0.90630000 0.42260000
vn -1.00000000 0.00000000 0.00000000
vn 0.00000000 0.99620000 0.08720000
vn 0.00000000 0.96590000 0.25880000
vn 0.00000000 0.99620000 0.08720000
vn 0.00000000 0.99620000 -0.08720000
vn -1.00000000 0.00000000 0.00000000
vn 0.70570000 0.64210000 0.29940000
vn -1.00000000 0.00000000 0.00000000
vn 0.70580000 0.68430000 0.18340000
vn 0.70580000 0.70570000 0.06180000
vn -1.00000000 0.00000000 0.00000000
vn 0.70580000 0.68430000 0.18340000
vn 0.70580000 0.70570000 0.06180000
vn -1.00000000 0.00000000 0.00000000
vn 0.70580000 0.70570000 -0.06180000
vn 0.00000000 0.96590000 0.25880000
vn 0.00000000 0.90630000 0.42260000
vn 0.70580000 0.68430000 0.18340000
vn 0.70570000 0.64210000 0.29940000
vn 0.70580000 0.68430000 0.18340000
vn 0.00000000 0.99620000 0.08720000
vn 0.70580000 0.70570000 0.06180000
vn 0.00000000 0.96590000 0.25880000
vn 0.70580000 0.70570000 -0.06180000
vn 0.00000000 0.99620000 -0.08710000
vn 0.00000000 0.99620000 0.08720000
vn 0.70580000 0.70570000 0.06180000
vn -0.70580000 0.64200000 -0.29940000
vn -0.70580000 0.68430000 -0.18340000
vn -1.00000000 0.00000000 0.00000000
vn -0.70580000 0.64200000 -0.29940000
vn -0.70590000 0.58020000 -0.40640000
vn -1.00000000 0.00000000 0.00000000
vn -0.70580000 0.70570000 -0.06170000
vn -0.70580000 0.68430000 -0.18340000
vn -1.00000000 0.00000000 0.00000000
vn -0.70580000 0.64200000 -0.29940000
vn 0.00000000 0.86600000 -0.50000000
vn -0.70580000 0.68430000 -0.18340000
vn -0.70580000 0.64200000 -0.29940000
vn -0.70590000 0.58020000 -0.40640000
vn 0.00000000 0.86600000 -0.50000000
vn -0.70580000 0.70570000 -0.06170000
vn -0.70580000 0.68430000 -0.18340000
vn 0.00000000 0.86600000 -0.50000000
vn 0.00000000 0.86600000 -0.50000000
vn 0.00000000 0.86600000 -0.50000000
vn 0.00000000 0.86600000 -0.50000000
vn 1.00000000 0.00000000 0.00000000
vn 0.00000000 0.86600000 -0.50000000
vn 1.00000000 0.00040000 0.00000000
vn 0.00000000 0.81930000 -0.57340000
vn 0.00000000 0.86600000 -0.50000000
vn 0.00000000 0.90630000 -0.42260000
vn 1.00000000 0.00000000 0.00000000
vn 0.00000000 0.86600000 -0.50000000
vn 1.00000000 0.00040000 0.00000000
vn 0.00000000 0.96590000 -0.25880000
vn 0.00000000 0.90630000 -0.42260000
vn 1.00000000 0.00000000 0.00000000
vn 0.00000000 0.96590000 -0.25880000
vn 0.00000000 0.99620000 -0.08720000
vn 0.00000000 0.90630000 -0.42260000
vn 0.00000000 0.96590000 -0.25880000
vn -1.00000000 0.00000000 0.00000000
vn 0.00000000 0.90630000 -0.42260000
vn -1.00000000 0.00000000 0.00000000
vn 0.00000000 0.81930000 -0.57340000
vn -1.00000000 0.00000000 0.00000000
vn 0.00000000 0.96590000 -0.25880000
vn 0.00000000 0.99620000 -0.08720000
vn 0.70560000 0.68450000 -0.18330000
vn 0.70590000 0.64180000 -0.29950000
vn -1.00000000 0.00000000 0.00000000
vn 0.70590000 0.64180000 -0.29950000
vn -1.00000000 0.00000000 0.00000000
vn 0.70570000 0.58040000 -0.40630000
vn 0.70560000 0.68450000 -0.18330000
vn -1.00000000 0.00000000 0.00000000
vn 0.70580000 0.70570000 -0.06180000
vn 0.70590000 0.64180000 -0.29950000
vn 0.00000000 0.90630000 -0.42260000
vn 0.70560000 0.68450000 -0.18330000
vn 0.00000000 0.96590000 -0.25880000
vn 0.70570000 0.58040000 -0.40630000
vn -0.00000000 0.81920000 -0.57360000
vn 0.70590000 0.64180000 -0.29950000
vn 0.00000000 0.90630000 -0.42260000
vn 0.00000000 0.99620000 -0.08710000
vn 0.70580000 0.70570000 -0.06180000
vn 0.70560000 0.68450000 -0.18330000
vn 0.00000000 0.96590000 -0.25880000
vn -0.70580000 0.50090000 -0.50090000
vn -0.70590000 0.58020000 -0.40640000
vn -1.00000000 0.00000000 0.00000000
vn -1.00000000 0.00000000 0.00000000
vn -0.70580000 0.50090000 -0.50090000
vn -0.70580000 0.40640000 -0.58030000
vn 0.00000000 0.86600000 -0.50000000
vn -0.70590000 0.58020000 -0.40640000
vn -0.70580000 0.50090000 -0.50090000
vn -0.70580000 0.40640000 -0.58030000
vn 0.00000000 0.86600000 -0.50000000
vn -0.70580000 0.50090000 -0.50090000
vn 0.00000000 0.86600000 -0.50000000
vn 0.00000000 0.86600000 -0.50000000
vn 1.00000000 0.00000000 0.00000000
vn 0.00000000 0.86600000 -0.50000000
vn 1.00000000 0.00000000 0.00000000
vn 0.00000000 0.86600000 -0.50000000
vn 1.00000000 0.00000000 0.00000000
vn 0.00000000 0.81930000 -0.57340000
vn 0.00000000 0.70710000 -0.70720000
vn 1.00000000 0.00000000 0.00000000
vn 0.00000000 0.70710000 -0.70720000
vn 0.00000000 0.57350000 -0.81920000
vn 0.00000000 0.81930000 -0.57340000
vn -1.00000000 0.00000000 0.00000000
vn 0.00000000 0.70710000 -0.70720000
vn 0.00000000 0.70710000 -0.70720000
vn 0.00000000 0.57350000 -0.81920000
vn -1.00000000 0.00000000 0.00000000
vn 0.70550000 0.50120000 -0.50110000
vn 0.70570000 0.58040000 -0.40630000
vn -1.00000000 0.00000000 0.00000000
vn 0.70550000 0.50120000 -0.50110000
vn -1.00000000 0.00000000 0.00000000
vn 0.70570000 0.40620000 -0.58050000
vn 0.70570000 0.58040000 -0.40630000
vn -0.00000000 0.81920000 -0.57360000
vn 0.70550000 0.50120000 -0.50110000
vn -0.00000000 0.70710000 -0.70710000
vn 0.70550000 0.50120000 -0.50110000
vn 0.70570000 0.40620000 -0.58050000
vn -0.00000000 0.70710000 -0.70710000
vn 0.00000000 0.57360000 -0.81920000
vn 0.00000000 0.25880000 -0.96590000
vn 1.00000000 0.00000000 0.00000000
vn 0.00000000 0.08720000 -0.99620000
vn 0.00000000 0.08720000 -0.99620000
vn 0.00000000 -0.08720000 -0.99620000
vn 1.00000000 0.00000000 0.00000000
vn 0.00000000 0.42260000 -0.90630000
vn 0.00000000 0.25880000 -0.96590000
vn 1.00000000 0.00000000 0.00000000
vn 1.00000000 0.00000000 0.00000000
vn 0.00000000 0.42260000 -0.90630000
vn 0.00000000 0.57360000 -0.81920000
vn 0.00000000 0.57360000 -0.81920000
vn -0.00000000 0.70710000 -0.70710000
vn 1.00000000 0.00000000 0.00000000
vn -0.00000000 0.70710000 -0.70710000
vn 1.00000000 0.00000000 0.00000000
vn -0.00000000 0.81920000 -0.57360000
vn -0.00000000 0.81920000 -0.57360000
vn 0.00000000 0.90630000 -0.42260000
vn 1.00000000 0.00000000 0.00000000
vn 0.00000000 0.96590000 -0.25880000
vn 0.00000000 0.90630000 -0.42260000
vn 1.00000000 0.00000000 0.00000000
vn 1.00000000 0.00000000 0.00000000
vn 0.00000000 0.99620000 -0.08710000
vn 0.00000000 0.96590000 -0.25880000
vn 1.00000000 0.00000000 0.00000000
vn 0.00000000 0.99620000 0.08720000
vn 0.00000000 0.99620000 -0.08710000
vn 0.00000000 0.99620000 0.08720000
vn 0.00000000 0.96590000 0.25880000
vn 1.00000000 0.00000000 0.00000000
vn 1.00000000 0.00000000 0.00000000
vn 0.00000000 0.96590000 0.25880000
vn 0.00000000 0.90630000 0.42260000
vn 0.00000000 0.90630000 0.42260000
vn -0.00000000 0.81920000 0.57360000
vn 1.00000000 0.00000000 0.00000000
vn 1.00000000 0.00000000 0.00000000
vn -0.00000000 0.81920000 0.57360000
vn -0.00000000 0.70710000 0.70710000
vn 0.00000000 0.57360000 0.81920000
vn 1.00000000 0.00000000 0.00000000
vn -0.00000000 0.70710000 0.70710000
vn 1.00000000 0.00000000 0.00000000
vn 0.00000000 0.42260000 0.90630000
vn 0.00000000 0.57360000 0.81920000
vn 0.00000000 0.25880000 0.96590000
vn 0.00000000 0.42260000 0.90630000
vn 1.00000000 0.00000000 0.00000000
vn 0.00000000 0.08720000 0.99620000
vn 0.00000000 0.25880000 0.96590000
vn 1.00000000 0.00000000 0.00000000
vn 0.00000000 -0.08720000 0.99620000
vn 1.00000000 0.00000000 0.00000000
vn 0.00000000 0.08720000 0.99620000
vn 1.00000000 0.00000000 0.00000000
vn 0.00000000 -0.25880000 0.96590000
vn 0.00000000 -0.08720000 0.99620000
vn 0.00000000 -0.42260000 0.90630000
vn 1.00000000 0.00000000 0.00000000
vn 0.00000000 -0.25880000 0.96590000
vn 0.00000000 -0.42260000 0.90630000
vn -0.00000000 -0.57360000 0.81920000
vn 1.00000000 0.00000000 0.00000000
vn -0.00000000 -0.57360000 0.81920000
vn -0.00000000 -0.70710000 0.70710000
vn 1.00000000 0.00000000 0.00000000
vn 1.00000000 0.00000000 0.00000000
vn -0.00000000 -0.81920000 0.57360000
vn -0.00000000 -0.70710000 0.70710000
vn -0.00000000 -0.81920000 0.57360000
vn 0.00000000 -0.90630000 0.42260000
vn 1.00000000 0.00000000 0.00000000
vn 0.00000000 -0.96590000 0.25880000
vn 1.00000000 0.00000000 0.00000000
vn 0.00000000 -0.90630000 0.42260000
vn 0.00000000 -0.96590000 0.25880000
vn 1.00000000 0.00000000 0.00000000
vn 0.00000000 -0.99620000 0.08720000
vn 0.00000000 -0.99620000 0.08720000
vn 1.00000000 0.00000000 0.00000000
vn 0.00000000 -0.99620000 -0.08720000
vn 0.00000000 -0.99620000 -0.08720000
vn 0.00000000 -0.96590000 -0.25880000
vn 1.00000000 0.00000000 0.00000000
vn 1.00000000 0.00000000 0.00000000
vn 0.00000000 -0.96590000 -0.25880000
vn 0.00000000 -0.90630000 -0.42260000
vn 0.00000000 -0.90630000 -0.42260000
vn 1.00000000 0.00000000 0.00000000
vn -0.00000000 -0.81920000 -0.57360000
vn -0.00000000 -0.70710000 -0.70710000
vn -0.00000000 -0.81920000 -0.57360000
vn 1.00000000 0.00000000 0.00000000
vn 1.00000000 0.00000000 0.00000000
vn -0.00000000 -0.70710000 -0.70710000
vn 0.00000000 -0.57360000 -0.81920000
vn 0.00000000 -0.57360000 -0.81920000
vn 0.00000000 -0.42260000 -0.90630000
vn 1.00000000 0.00000000 0.00000000
vn 0.00000000 -0.25880000 -0.96590000
vn 0.00000000 -0.42260000 -0.90630000
vn 1.00000000 0.00000000 0.00000000
vn 0.00000000 -0.08720000 -0.99620000
vn 0.00000000 -0.25880000 -0.96590000
vn 1.00000000 0.00000000 0.00000000
vn 1.00000000 0.00000000 0.00000000
vn 0.00000000 0.00000000 -1.00000000
vn 0.00000000 0.00000000 1.00000000
vn 0.00000000 0.00000000 1.00000000
vn 0.00000000 0.00000000 -1.00000000
vn 0.00000000 0.00000000 1.00000000
vn 0.00000000 0.00000000 -1.00000000
vn 0.00000000 0.00000000 1.00000000
vn 0.00000000 0.00000000 -1.00000000
vn 0.00000000 0.00000000 1.00000000
vn 0.00000000 0.00000000 1.00000000
vn 0.00000000 0.00000000 -1.00000000
vn 0.00000000 0.00000000 -1.00000000
vn 0.00000000 0.00000000 1.00000000
vn 0.00000000 0.00000000 -1.00000000
vn 0.00000000 0.00000000 1.00000000
vn 0.00000000 0.00000000 -1.00000000
vn 0.00000000 0.00000000 1.00000000
vn 0.00000000 0.00000000 -1.00000000
vn 0.00000000 0.00000000 1.00000000
vn 0.00000000 0.00000000 -1.00000000
vn 0.00000000 0.00000000 1.00000000
vn 0.00000000 0.00000000 -1.00000000
vn 0.00000000 0.00000000 1.00000000
vn 0.00000000 0.00000000 -1.00000000
vn 0.00000000 0.00000000 1.00000000
vn 0.00000000 0.00000000 1.00000000
vn 0.00000000 0.00000000 -1.00000000
vn 0.00000000 0.00000000 1.00000000
vn 0.00000000 0.00000000 -1.00000000
vn 0.00000000 0.00000000 -1.00000000
vn 0.00000000 0.00000000 1.00000000
vn 0.00000000 0.00000000 -1.00000000
vn 0.00000000 0.00000000 1.00000000
vn 0.00000000 0.00000000 -1.00000000
vn 0.00000000 0.00000000 1.00000000
vn 0.00000000 0.00000000 -1.00000000
vn 0.00000000 0.00000000 1.00000000
vn 0.00000000 0.00000000 -1.00000000
vn 0.00000000 0.00000000 1.00000000
vn 0.00000000 0.00000000 -1.00000000
vn 0.00000000 0.00000000 1.00000000
vn 0.00000000 0.00000000 1.00000000
vn 0.00000000 0.00000000 -1.00000000
vn 0.00000000 0.00000000 -1.00000000
vn 0.00000000 0.00000000 1.00000000
vn 0.00000000 0.00000000 1.00000000
vn 0.00000000 0.00000000 -1.00000000
vn 0.00000000 0.00000000 1.00000000
vn 0.00000000 0.00000000 -1.00000000
vn 0.00000000 0.00000000 1.00000000
vn 0.00000000 0.00000000 -1.00000000
vn 0.00000000 0.00000000 1.00000000
vn 0.00000000 0.00000000 -1.00000000
vn 0.00000000 0.00000000 -1.00000000
vn 0.00000000 0.00000000 1.00000000
vn 0.00000000 0.00000000 -1.00000000
vn 0.00000000 0.00000000 1.00000000
vn 0.00000000 0.00000000 1.00000000
vn 0.00000000 0.00000000 -1.00000000
vn 0.00000000 0.00000000 -1.00000000
vn 0.00000000 0.00000000 1.00000000
vn 0.00000000 0.00000000 1.00000000
vn 0.00000000 0.00000000 -1.00000000
vn 0.00000000 0.00000000 1.00000000
vn 0.00000000 0.00000000 -1.00000000
vn 0.00000000 0.00000000 -1.00000000
vn 0.00000000 0.00000000 1.00000000
vn 0.00000000 0.00000000 -1.00000000
vn 0.00000000 0.00000000 1.00000000
vn 0.00000000 0.00000000 -1.00000000
vn 0.00000000 0.00000000 1.00000000
vn 0.00000000 0.00000000 1.00000000
vn 0.00000000 0.00000000 -1.00000000
vn 0.00000000 0.00000000 1.00000000
vn 0.00000000 0.00000000 -1.00000000
vn 0.00000000 0.00000000 -1.00000000
vn 0.00000000 0.00000000 1.00000000
vn 0.00000000 0.00000000 -1.00000000
vn 0.00000000 0.00000000 1.00000000
vn 0.00000000 0.00000000 1.00000000
vn 0.00000000 0.00000000 -1.00000000
vn 0.00000000 0.00000000 1.00000000
vn 0.00000000 0.00000000 -1.00000000
vn 0.00000000 0.00000000 -1.00000000
vn 0.00000000 0.00000000 1.00000000
vn 0.00000000 0.00000000 1.00000000
vn 0.00000000 0.00000000 -1.00000000
vn 0.00000000 0.00000000 1.00000000
vn 0.00000000 0.00000000 -1.00000000
vn 0.00000000 0.00000000 1.00000000
vn 0.00000000 0.00000000 -1.00000000
vn 0.00000000 0.00000000 -1.00000000
vn 0.00000000 0.00000000 1.00000000
vn 0.00000000 0.00000000 -1.00000000
vn 0.00000000 0.00000000 1.00000000
vn 0.00000000 0.00000000 1.00000000
vn 0.00000000 0.00000000 -1.00000000
vn 0.00000000 0.00000000 -1.00000000
vn 0.00000000 0.00000000 1.00000000
vn 0.00000000 0.00000000 -1.00000000
vn 0.00000000 0.00000000 1.00000000
vn 0.00000000 0.00000000 -1.00000000
vn 0.00000000 0.00000000 1.00000000
vn 0.00000000 0.00000000 -1.00000000
vn 0.00000000 0.00000000 1.00000000
vn 0.00000000 0.00000000 -1.00000000
vn 0.00000000 0.00000000 1.00000000
vn 0.00000000 0.00000000 1.00000000
vn 0.00000000 0.00000000 -1.00000000
vn 0.00000000 0.00000000 1.00000000
vn 0.00000000 0.00000000 -1.00000000
vn 0.00000000 0.00000000 1.00000000
vn 0.00000000 0.00000000 -1.00000000
vn 0.00000000 0.00000000 -1.00000000
vn 0.00000000 0.00000000 1.00000000
vn 0.00000000 0.00000000 -1.00000000
vn 0.00000000 0.00000000 1.00000000
vn 0.00000000 0.00000000 -1.00000000
vn 0.00000000 0.00000000 1.00000000
vn 0.00000000 0.00000000 -1.00000000
vn 0.00000000 0.00000000 1.00000000
vn 0.00000000 0.00000000 -1.00000000
vn 0.00000000 0.00000000 1.00000000
vn 0.00000000 0.00000000 -1.00000000
vn 0.00000000 0.00000000 1.00000000
vn 0.00000000 0.00000000 1.00000000
vn 0.00000000 0.00000000 -1.00000000
vn 0.00000000 0.00000000 -1.00000000
vn 0.00000000 0.00000000 1.00000000
vn 0.00000000 0.00000000 1.00000000
vn 0.00000000 0.00000000 -1.00000000
vn 0.00000000 0.00000000 1.00000000
vn 0.00000000 0.00000000 -1.00000000
vn 0.00000000 0.00000000 1.00000000
vn 0.00000000 0.00000000 -1.00000000
vn 0.00000000 0.00000000 1.00000000
vn 0.00000000 0.00000000 -1.00000000
vn 0.00000000 0.00000000 1.00000000
vn 0.00000000 0.00000000 -1.00000000
vn 0.00000000 0.00000000 1.00000000
vn 0.00000000 0.00000000 -1.00000000
vn 0.00000000 0.00000000 1.00000000
vn 0.00000000 0.00000000 -1.00000000
vn 0.00000000 0.00000000 -1.00000000
vn 0.00000000 0.00000000 -1.00000000
vn 0.00000000 0.00000000 1.00000000
vn 0.00000000 0.00000000 -1.00000000
vn 0.00000000 0.00000000 1.00000000
vn 0.00000000 0.00000000 1.00000000
vn 0.00000000 0.00000000 -1.00000000
vn 0.00000000 0.00000000 1.00000000
vn 0.00000000 0.00000000 -1.00000000
vn 0.00000000 0.00000000 1.00000000
vn 0.00000000 0.00000000 -1.00000000
vn 0.00000000 0.00000000 1.00000000
vn 0.00000000 0.00000000 -1.00000000
vn 0.00000000 0.00000000 1.00000000
vn 0.00000000 0.00000000 -1.00000000
vn 0.00000000 0.00000000 -1.00000000
vn 0.00000000 0.00000000 1.00000000
vn 0.00000000 0.00000000 1.00000000
vn 0.00000000 0.00000000 -1.00000000
vn 0.00000000 0.00000000 -1.00000000
vn 0.00000000 0.00000000 1.00000000
vn 0.00000000 0.00000000 -1.00000000
vn 0.00000000 0.00000000 1.00000000
vn 0.00000000 0.00000000 -1.00000000
vn 0.00000000 0.00000000 1.00000000
vn 0.00000000 0.00000000 -1.00000000
vn 0.00000000 0.00000000 1.00000000
vn 0.00000000 0.00000000 -1.00000000
vn 0.00000000 0.00000000 1.00000000
vn 0.00000000 0.00000000 1.00000000
vn 0.00000000 0.00000000 -1.00000000
vn 0.00000000 0.00000000 1.00000000
vn 0.00000000 0.00000000 -1.00000000
vn 0.00000000 0.00000000 1.00000000
vn 0.00000000 0.00000000 -1.00000000
vn 0.00000000 0.00000000 -1.00000000
vn 0.00000000 0.00000000 1.00000000
vn 0.00000000 0.00000000 1.00000000
vn 0.00000000 0.00000000 -1.00000000
vn 0.00000000 0.00000000 -1.00000000
vn 0.00000000 0.00000000 1.00000000
vn 0.00000000 0.00000000 1.00000000
vn 0.00000000 0.00000000 -1.00000000
vn 0.00000000 0.00000000 -1.00000000
vn 0.00000000 0.00000000 1.00000000
vn 0.00000000 0.00000000 1.00000000
vn 0.00000000 0.00000000 -1.00000000
vn 0.00000000 0.00000000 1.00000000
vn 0.00000000 0.00000000 -1.00000000
vn 0.00000000 0.00000000 1.00000000
vn 0.00000000 0.00000000 -1.00000000
vn 0.00000000 0.00000000 1.00000000
vn 0.00000000 0.00000000 -1.00000000
vn 0.00000000 0.00000000 1.00000000
vn 0.00000000 0.00000000 -1.00000000
vn 0.00000000 0.00000000 -1.00000000
vn 0.00000000 0.00000000 1.00000000
vn 0.00000000 0.00000000 1.00000000
vn 0.00000000 0.00000000 -1.00000000
vn 0.00000000 0.00000000 1.00000000
vn 0.00000000 0.00000000 -1.00000000
vn 0.00000000 0.00000000 1.00000000
vn 0.00000000 0.00000000 -1.00000000
vn 0.00000000 0.00000000 1.00000000
vn 0.00000000 0.00000000 -1.00000000
vn 0.00000000 0.00000000 -1.00000000
vn 0.00000000 0.00000000 1.00000000
vn 0.00000000 0.00000000 -1.00000000
vn 0.00000000 0.00000000 1.00000000
vn 0.00000000 0.00000000 1.00000000
vn 0.00000000 0.00000000 -1.00000000
vn 0.00000000 0.00000000 1.00000000
vn 0.00000000 0.00000000 -1.00000000
vn 0.00000000 0.00000000 1.00000000
vn 0.00000000 0.00000000 -1.00000000
vn 0.00000000 0.00000000 -1.00000000
vn 0.00000000 0.00000000 1.00000000
vn 0.00000000 0.00000000 -1.00000000
vn 0.00000000 0.00000000 1.00000000
vn 0.00000000 0.00000000 -1.00000000
vn 0.00000000 0.00000000 1.00000000
vn 0.00000000 0.00000000 -1.00000000
vn 0.00000000 0.00000000 -1.00000000
vn 0.00000000 0.00000000 1.00000000
vn 0.00000000 0.00000000 -1.00000000
vn 0.00000000 0.00000000 1.00000000
vn 0.00000000 0.00000000 -1.00000000
vn 0.00000000 0.00000000 1.00000000
vn 0.00000000 0.00000000 -1.00000000
vn 0.00000000 0.00000000 1.00000000
vn 0.00000000 0.00000000 -1.00000000
vn 0.00000000 0.00000000 1.00000000
vn 0.00000000 0.00000000 -1.00000000
vn 0.00000000 0.00000000 1.00000000
vn 0.00000000 0.00000000 -1.00000000
vn 0.00000000 0.00000000 1.00000000
vn 0.00000000 0.00000000 -1.00000000
vn 0.00000000 0.00000000 1.00000000
vn 0.00000000 0.00000000 1.00000000
vn 0.00000000 0.00000000 -1.00000000
vn 0.00000000 0.00000000 1.00000000
vn 0.00000000 0.00000000 -1.00000000
vn 0.00000000 0.00000000 1.00000000
vn 0.00000000 0.00000000 -1.00000000
vn 0.00000000 0.00000000 -1.00000000
vn 0.00000000 0.00000000 1.00000000
vn 0.00000000 0.00000000 1.00000000
vn 0.00000000 0.00000000 -1.00000000
vn 0.00000000 0.00000000 -1.00000000
vn 0.00000000 0.00000000 1.00000000
vn 0.00000000 0.00000000 -1.00000000
vn 0.00000000 0.00000000 1.00000000
vn 0.00000000 0.00000000 -1.00000000
vn 0.00000000 0.00000000 1.00000000
vn 0.00000000 0.00000000 -1.00000000
vn 0.00000000 0.00000000 1.00000000
vn 0.00000000 0.00000000 -1.00000000
vn 0.00000000 0.00000000 1.00000000
vn 0.00000000 0.00000000 1.00000000
vn 0.00000000 0.00000000 -1.00000000
vn 0.00000000 0.00000000 -1.00000000
vn 0.00000000 0.00000000 1.00000000
vn 0.00000000 0.00000000 -1.00000000
vn 0.00000000 0.00000000 1.00000000
vn 0.00000000 0.00000000 -1.00000000
vn 0.00000000 0.00000000 1.00000000
vn 0.00000000 0.00000000 -1.00000000
vn 0.00000000 0.00000000 1.00000000
vn 0.00000000 0.00000000 -1.00000000
vn 0.00000000 0.00000000 1.00000000
vn 0.00000000 0.00000000 -1.00000000
vn 0.00000000 0.00000000 1.00000000
vn 0.00000000 0.00000000 -1.00000000
vn 0.00000000 0.00000000 1.00000000
vn 0.00000000 0.00000000 -1.00000000
vn 0.00000000 0.00000000 1.00000000
vn 0.00000000 0.00000000 -1.00000000
vn 0.00000000 0.00000000 1.00000000
vn 0.00000000 0.00000000 -1.00000000
vn 0.00000000 0.00000000 1.00000000
vn 0.00000000 0.00000000 -1.00000000
vn 0.00000000 0.00000000 1.00000000
vn 0.00000000 0.00000000 -1.00000000
vn 0.00000000 0.00000000 1.00000000
vn 0.00000000 0.00000000 1.00000000
vn 0.00000000 0.00000000 -1.00000000
vn 0.00000000 0.00000000 1.00000000
vn 0.00000000 0.00000000 -1.00000000
vn 0.00000000 0.00000000 -1.00000000
vn 0.00000000 0.00000000 1.00000000
vn 0.00000000 0.00000000 1.00000000
vn 0.00000000 0.00000000 -1.00000000
vn 0.00000000 0.00000000 1.00000000
vn 0.00000000 0.00000000 -1.00000000
vn 0.00000000 0.00000000 -1.00000000
vn 0.00000000 0.00000000 1.00000000
vn 0.00000000 0.00000000 -1.00000000
vn 0.00000000 0.00000000 1.00000000
vn 0.00000000 0.00000000 -1.00000000
vn 0.00000000 0.00000000 1.00000000
vn 0.00000000 0.00000000 1.00000000
vn 0.00000000 0.00000000 -1.00000000
vn 0.00000000 0.00000000 -1.00000000
vn 0.00000000 0.00000000 1.00000000
vn 0.00000000 0.00000000 -1.00000000
vn 0.00000000 0.00000000 1.00000000
vn 0.00000000 0.00000000 1.00000000
vn 0.00000000 0.00000000 -1.00000000
vn 0.00000000 0.00000000 1.00000000
vn 0.00000000 0.00000000 -1.00000000
vn 0.00000000 0.00000000 1.00000000
vn 0.00000000 0.00000000 -1.00000000
vn 0.00000000 0.00000000 1.00000000
vn 0.00000000 0.00000000 -1.00000000
vn 0.00000000 0.00000000 -1.00000000
vn 0.00000000 0.00000000 1.00000000
vn 0.00000000 0.00000000 -1.00000000
vn 0.00000000 0.00000000 1.00000000
vn 0.00000000 0.00000000 1.00000000
vn 0.00000000 0.00000000 -1.00000000
vn 0.00000000 0.00000000 -1.00000000
vn 0.00000000 0.00000000 1.00000000
vn 0.00000000 0.00000000 -1.00000000
vn 0.00000000 0.00000000 1.00000000
vn 0.00000000 0.00000000 -1.00000000
vn 0.00000000 0.00000000 1.00000000
vn 0.00000000 0.00000000 1.00000000
vn 0.00000000 0.00000000 -1.00000000
vn 0.00000000 0.00000000 -1.00000000
vn 0.00000000 0.00000000 1.00000000
vn 0.00000000 0.00000000 -1.00000000
vn 0.00000000 0.00000000 -1.00000000
vn 0.00000000 0.00000000 1.00000000
vn 0.00000000 0.00000000 -1.00000000
vn 0.00000000 0.00000000 1.00000000
vn 0.00000000 0.00000000 -1.00000000
vn 0.00000000 0.00000000 1.00000000
vn 0.00000000 0.00000000 1.00000000
vn 0.00000000 0.00000000 -1.00000000
vn 0.00000000 0.00000000 -1.00000000
vn 0.00000000 0.00000000 1.00000000
vn 0.00000000 0.00000000 1.00000000
vn 0.00000000 0.00000000 -1.00000000
vn 0.00000000 0.00000000 -1.00000000
vn 0.00000000 0.00000000 1.00000000
vn 0.00000000 0.00000000 -1.00000000
vn 0.00000000 0.00000000 1.00000000
vn 0.00000000 0.00000000 1.00000000
vn 0.00000000 0.00000000 -1.00000000
vn 0.00000000 0.00000000 1.00000000
vn 0.00000000 0.00000000 -1.00000000
vn 0.00000000 0.00000000 -1.00000000
vn 0.00000000 0.00000000 1.00000000
vn 0.00000000 0.00000000 1.00000000
vn 0.00000000 0.00000000 -1.00000000
vn 0.00000000 0.00000000 -1.00000000
vn 0.00000000 0.00000000 1.00000000
vn 0.00000000 0.00000000 1.00000000
vn 0.00000000 0.00000000 -1.00000000
vn 0.00000000 0.00000000 1.00000000
vn 0.00000000 0.00000000 -1.00000000
vn 0.00000000 0.00000000 -1.00000000
vn 0.00000000 0.00000000 1.00000000
vn 0.00000000 0.00000000 1.00000000
vn 0.00000000 0.00000000 -1.00000000
vn 0.00000000 0.00000000 -1.00000000
vn 0.00000000 0.00000000 1.00000000
vn 0.00000000 0.00000000 -1.00000000
vn 0.00000000 0.00000000 1.00000000
vn 0.00000000 0.00000000 1.00000000
vn 0.00000000 0.00000000 -1.00000000
vn 0.00000000 0.00000000 1.00000000
vn 0.00000000 0.00000000 -1.00000000
vn 0.00000000 0.00000000 1.00000000
vn 0.00000000 0.00000000 -1.00000000
vn 0.00000000 0.00000000 1.00000000
vn 0.00000000 0.00000000 -1.00000000
vn 0.00000000 0.00000000 1.00000000
vn 0.00000000 0.00000000 -1.00000000
vn 0.00000000 0.00000000 -1.00000000
vn 0.00000000 0.00000000 1.00000000
vn 0.00000000 0.00000000 1.00000000
vn 0.00000000 0.00000000 -1.00000000
vn 0.00000000 0.00000000 1.00000000
vn 0.00000000 0.00000000 -1.00000000
vn 0.00000000 0.00000000 -1.00000000
vn 0.00000000 0.00000000 1.00000000
vn 0.00000000 0.00000000 1.00000000
vn 0.00000000 0.00000000 -1.00000000
vn 0.00000000 0.00000000 1.00000000
vn 0.00000000 0.00000000 -1.00000000
vn 0.00000000 0.00000000 1.00000000
vn 0.00000000 0.00000000 -1.00000000
vn 0.00000000 0.00000000 1.00000000
vn 0.00000000 0.00000000 -1.00000000
vn 0.00000000 0.00000000 1.00000000
vn 0.00000000 0.00000000 -1.00000000
vn 0.00000000 0.00000000 -1.00000000
vn 0.00000000 0.00000000 1.00000000
vn 0.00000000 0.00000000 -1.00000000
vn 0.00000000 0.00000000 1.00000000
vn 0.00000000 0.00000000 -1.00000000
vn 0.00000000 0.00000000 1.00000000
vn 0.00000000 0.00000000 -1.00000000
vn 0.00000000 0.00000000 1.00000000
vn 0.00000000 0.00000000 -1.00000000
vn 0.00000000 0.00000000 1.00000000
vn 0.00000000 0.00000000 -1.00000000
vn 0.00000000 0.00000000 1.00000000
vn 0.00000000 0.00000000 -1.00000000
vn 0.00000000 0.00000000 -1.00000000
vn 0.00000000 0.00000000 1.00000000
vn 0.00000000 0.00000000 1.00000000
vn 0.00000000 0.00000000 -1.00000000
vn 0.00000000 0.00000000 1.00000000
vn 0.00000000 0.00000000 -1.00000000
vn 0.00000000 0.00000000 -1.00000000
vn 0.00000000 0.00000000 1.00000000
vn 0.00000000 0.00000000 1.00000000
vn 0.00000000 0.00000000 -1.00000000
vn 0.00000000 0.00000000 1.00000000
vn 0.00000000 0.00000000 -1.00000000
vn 0.00000000 0.00000000 1.00000000
vn 0.00000000 0.00000000 -1.00000000
vn 0.00000000 0.00000000 1.00000000
vn 0.00000000 0.00000000 -1.00000000
vn 0.00000000 0.00000000 1.00000000
vn 0.00000000 0.00000000 -1.00000000
vn 0.00000000 0.00000000 1.00000000
vn 0.00000000 0.00000000 -1.00000000
vn 0.00000000 0.00000000 1.00000000
vn 0.00000000 0.00000000 -1.00000000
vn 0.00000000 0.00000000 1.00000000
vn 0.00000000 0.00000000 -1.00000000
vn 0.00000000 0.00000000 -1.00000000
vn 0.00000000 0.00000000 1.00000000
vn 0.00000000 0.00000000 -1.00000000
vn 0.00000000 0.00000000 1.00000000
vn 0.00000000 0.00000000 -1.00000000
vn 0.00000000 0.00000000 1.00000000
vn 0.00000000 0.00000000 -1.00000000
vn 0.00000000 0.00000000 1.00000000
vn 0.00000000 0.00000000 -1.00000000
vn 0.00000000 0.00000000 1.00000000
vn 0.00000000 0.00000000 1.00000000
vn 0.00000000 0.00000000 -1.00000000
vn 0.00000000 0.00000000 1.00000000
vn 0.00000000 0.00000000 -1.00000000
vn 0.00000000 0.00000000 -1.00000000
vn 0.00000000 0.00000000 1.00000000
vn 0.00000000 0.00000000 -1.00000000
vn 0.00000000 0.00000000 1.00000000
vn 0.00000000 0.00000000 1.00000000
vn 0.00000000 0.00000000 -1.00000000
vn 0.00000000 0.00000000 -1.00000000
vn 0.00000000 0.00000000 1.00000000
vn 0.00000000 0.00000000 -1.00000000
vn 0.00000000 0.00000000 1.00000000
vn 0.00000000 0.00000000 -1.00000000
vn 0.00000000 0.00000000 1.00000000
vn 0.00000000 0.00000000 1.00000000
vn 0.00000000 0.00000000 -1.00000000
vn 0.00000000 0.00000000 1.00000000
vn 0.00000000 0.00000000 -1.00000000
vn 0.00000000 0.00000000 1.00000000
vn 0.00000000 0.00000000 -1.00000000
vn 0.00000000 0.00000000 1.00000000
vn 0.00000000 0.00000000 -1.00000000
vn 0.00000000 0.00000000 1.00000000
vn 0.00000000 0.00000000 -1.00000000
vn 0.00000000 0.00000000 1.00000000
vn 0.00000000 0.00000000 -1.00000000
vn 0.00000000 0.00000000 1.00000000
vn 0.00000000 0.00000000 -1.00000000
vn 0.00000000 0.00000000 1.00000000
vn 0.00000000 0.00000000 -1.00000000
vn 0.00000000 0.00000000 -1.00000000
vn 0.00000000 0.00000000 1.00000000
vn 0.00000000 0.00000000 1.00000000
vn 0.00000000 0.00000000 -1.00000000
vn 0.00000000 0.00000000 -1.00000000
vn 0.00000000 0.00000000 1.00000000
vn 0.00000000 0.00000000 -1.00000000
vn 0.00000000 0.00000000 1.00000000
vn 0.00000000 0.00000000 -1.00000000
vn 0.00000000 0.00000000 -1.00000000
vn 0.00000000 0.00000000 1.00000000
vn 0.00000000 0.00000000 1.00000000
vn 0.00000000 0.00000000 -1.00000000
vn 0.00000000 0.00000000 1.00000000
vn 0.00000000 0.00000000 -1.00000000
vn 0.00000000 0.00000000 1.00000000
vn 0.00000000 0.00000000 -1.00000000
vn 0.00000000 0.00000000 1.00000000
vn 0.00000000 0.00000000 -1.00000000
vn 0.00000000 0.00000000 1.00000000
vn 0.00000000 0.00000000 -1.00000000
vn 0.00000000 0.00000000 1.00000000
vn 0.00000000 0.00000000 -1.00000000
vn 0.00000000 0.00000000 1.00000000
vn 0.00000000 0.00000000 -1.00000000
vn 0.00000000 0.00000000 -1.00000000
vn 0.00000000 0.00000000 1.00000000
vn 0.00000000 -0.98440000 -0.17610000
vn 0.00000000 0.00000000 1.00000000
vn 0.00000000 0.98610000 0.16610000
vn 0.00000000 0.00000000 -1.00000000
vn 0.00000000 0.00000000 1.00000000
vn 0.00000000 0.00000000 -1.00000000
vn 0.00000000 0.00000000 -1.00000000
vn 0.00000000 0.00000000 1.00000000
vn 0.00000000 0.00000000 1.00000000
vn 0.00000000 0.00000000 -1.00000000
vn 0.00000000 0.00000000 1.00000000
vn 0.00000000 0.00000000 -1.00000000
vn 0.00000000 0.00000000 1.00000000
vn 0.00000000 0.00000000 -1.00000000
vn 0.00000000 0.00000000 1.00000000
vn 0.00000000 0.00000000 -1.00000000
vn 0.00000000 0.00000000 1.00000000
vn 0.00000000 0.00000000 -1.00000000
vn 0.00000000 0.00000000 1.00000000
vn 0.00000000 0.00000000 -1.00000000
vn 0.00000000 0.00000000 1.00000000
vn 0.00000000 0.00000000 -1.00000000
vn 0.00000000 0.00000000 1.00000000
vn 0.00000000 0.00000000 -1.00000000
vn 0.00000000 0.00000000 -1.00000000
vn 0.00000000 0.00000000 1.00000000
vn 0.00000000 0.00000000 1.00000000
vn 0.00000000 0.00000000 -1.00000000
vn 0.00000000 0.00000000 1.00000000
vn 0.00000000 0.00000000 -1.00000000
vn 0.00000000 0.00000000 1.00000000
vn 0.00000000 0.00000000 -1.00000000
vn 0.00000000 -0.86070000 0.50920000
vn 0.00000000 0.87030000 -0.49250000
vn 0.00000000 0.87030000 -0.49250000
vn 0.00000000 -0.86070000 0.50920000
vn 0.00000000 0.00000000 -1.00000000
vn -0.11200000 0.99270000 -0.04550000
vn -0.11200000 -0.99270000 0.04550000
vn 0.00000000 0.00000000 1.00000000
vn 0.00000000 0.00000000 -1.00000000
vn 0.00000000 0.00000000 1.00000000
vn -0.47080000 -0.17630000 0.86440000
vn -0.11200000 -0.99270000 0.04550000
vn -0.46170000 0.17290000 -0.87000000
vn -0.11200000 0.99270000 -0.04550000
vn 0.00000000 0.00000000 -1.00000000
vn -0.47080000 -0.17630000 0.86440000
vn -0.45900000 -0.67730000 0.57500000
vn -0.46170000 0.17290000 -0.87000000
vn -0.45380000 0.66970000 -0.58780000
vn 0.00000000 0.00000000 1.00000000
vn -0.70990000 0.05140000 -0.70240000
vn -0.45380000 0.66970000 -0.58780000
vn 0.00000000 0.98610000 0.16610000
vn 0.00000000 0.00000000 1.00000000
vn -0.70960000 -0.05990000 0.70210000
vn 0.00000000 -0.98440000 -0.17610000
vn -0.45900000 -0.67730000 0.57500000
vn 0.00000000 0.98610000 0.16610000
vn 0.00000000 0.00000000 1.00000000
vn -0.02860000 0.83750000 0.54570000
vn 0.00000000 -0.98440000 -0.17610000
vn -0.02860000 -0.83750000 -0.54570000
vn 0.00000000 0.00000000 -1.00000000
vn 0.00000000 0.00000000 1.00000000
vn -0.09330000 0.52100000 0.84840000
vn 0.00000000 0.00000000 -1.00000000
vn -0.09330000 -0.52100000 -0.84840000
vn -0.02860000 -0.83750000 -0.54570000
vn -0.02860000 0.83750000 0.54570000
vn -0.09330000 -0.52100000 -0.84840000
vn -0.18140000 -0.09070000 -0.97920000
vn -0.09330000 0.52100000 0.84840000
vn -0.17920000 0.08960000 0.97970000
vn 0.00000000 0.00000000 -1.00000000
vn 0.00000000 0.00000000 1.00000000
vn 0.00000000 0.00000000 -1.00000000
vn -0.17920000 0.08960000 0.97970000
vn -0.26750000 -0.31590000 0.91030000
vn -0.18140000 -0.09070000 -0.97920000
vn -0.26750000 0.31590000 -0.91030000
vn 0.00000000 0.00000000 1.00000000
vn -0.26750000 0.31590000 -0.91030000
vn -0.34660000 0.62030000 -0.70360000
vn -0.34660000 -0.62030000 0.70360000
vn 0.00000000 0.00000000 -1.00000000
vn 0.00000000 0.00000000 1.00000000
vn -0.26750000 -0.31590000 0.91030000
vn -0.34660000 -0.62030000 0.70360000
vn -0.40850000 -0.78940000 0.45830000
vn -0.34660000 0.62030000 -0.70360000
vn -0.40850000 0.78940000 -0.45830000
vn 0.00000000 0.00000000 1.00000000
vn 0.00000000 0.00000000 -1.00000000
vn 0.00000000 0.00000000 1.00000000
vn 0.00000000 0.00000000 -1.00000000
vn -0.40850000 -0.78940000 0.45830000
vn -0.46000000 -0.86420000 0.20370000
vn -0.46060000 0.86540000 -0.19740000
vn -0.40850000 0.78940000 -0.45830000
vn 0.00000000 0.00000000 1.00000000
vn -0.46060000 0.86540000 -0.19740000
vn -0.50460000 0.86290000 0.02800000
vn 0.00000000 0.00000000 -1.00000000
vn -0.46000000 -0.86420000 0.20370000
vn -0.50460000 -0.86290000 -0.02800000
vn 0.00000000 0.00000000 -1.00000000
vn -0.50460000 0.86290000 0.02800000
vn -0.50460000 -0.86290000 -0.02800000
vn -0.54180000 -0.80680000 -0.23580000
vn -0.54180000 0.80680000 0.23580000
vn 0.00000000 0.00000000 1.00000000
vn 0.00000000 0.00000000 1.00000000
vn -0.57520000 0.71270000 0.40160000
vn -0.54180000 0.80680000 0.23580000
vn 0.00000000 0.00000000 -1.00000000
vn -0.54180000 -0.80680000 -0.23580000
vn -0.57710000 -0.71500000 -0.39450000
vn -0.57520000 0.71270000 0.40160000
vn -0.60830000 0.59650000 0.52360000
vn -0.57710000 -0.71500000 -0.39450000
vn 0.00000000 0.00000000 -1.00000000
vn -0.60710000 -0.59530000 -0.52630000
vn 0.00000000 0.00000000 1.00000000
vn -0.60830000 0.59650000 0.52360000
vn -0.63380000 -0.45780000 -0.62340000
vn -0.60710000 -0.59530000 -0.52630000
vn 0.00000000 0.00000000 1.00000000
vn -0.63260000 0.45690000 0.62540000
vn -0.66010000 0.31610000 0.68150000
vn -0.66010000 -0.31610000 -0.68150000
vn -0.63380000 -0.45780000 -0.62340000
vn 0.00000000 0.00000000 -1.00000000
vn 0.00000000 0.00000000 1.00000000
vn -0.63260000 0.45690000 0.62540000
vn 0.00000000 0.00000000 -1.00000000
vn -0.66010000 -0.31610000 -0.68150000
vn 0.00000000 0.87030000 -0.49250000
vn -0.69690000 0.32180000 0.64090000
vn -0.69810000 -0.32230000 -0.63930000
vn 0.00000000 -0.86070000 0.50920000
vn -0.66010000 0.31610000 0.68150000
vn -0.11200000 0.99270000 -0.04550000
vn -0.70650000 0.30130000 0.64040000
vn -0.69690000 0.32180000 0.64090000
vn 0.00000000 0.87030000 -0.49250000
vn -0.11200000 0.99270000 -0.04550000
vn -0.70620000 0.18460000 0.68350000
vn -0.47080000 -0.17630000 0.86440000
vn -0.70650000 0.30130000 0.64040000
vn -0.45900000 -0.67730000 0.57500000
vn -0.47080000 -0.17630000 0.86440000
vn -0.70500000 0.06080000 0.70660000
vn -0.70620000 0.18460000 0.68350000
vn -0.70500000 0.06080000 0.70660000
vn -0.70580000 -0.06070000 0.70580000
vn -0.70960000 -0.05990000 0.70210000
vn -0.45900000 -0.67730000 0.57500000
vn -0.02860000 -0.83750000 -0.54570000
vn 0.00000000 -0.98440000 -0.17610000
vn -0.70990000 0.05140000 -0.70240000
vn -0.70470000 0.19020000 -0.68350000
vn -0.09330000 -0.52100000 -0.84840000
vn -0.02860000 -0.83750000 -0.54570000
vn -0.70470000 0.19020000 -0.68350000
vn -0.70740000 0.29590000 -0.64190000
vn -0.70640000 0.40910000 -0.57760000
vn -0.70740000 0.29590000 -0.64190000
vn -0.18140000 -0.09070000 -0.97920000
vn -0.09330000 -0.52100000 -0.84840000
vn -0.70640000 0.40910000 -0.57760000
vn -0.18140000 -0.09070000 -0.97920000
vn -0.26750000 0.31590000 -0.91030000
vn -0.70590000 0.50010000 -0.50160000
vn -0.34660000 0.62030000 -0.70360000
vn -0.26750000 0.31590000 -0.91030000
vn -0.70490000 0.58050000 -0.40760000
vn -0.70590000 0.50010000 -0.50160000
vn -0.34660000 0.62030000 -0.70360000
vn -0.70490000 0.58050000 -0.40760000
vn -0.40850000 0.78940000 -0.45830000
vn -0.70540000 0.64130000 -0.30180000
vn -0.70620000 0.68490000 -0.17930000
vn -0.70540000 0.64130000 -0.30180000
vn -0.46060000 0.86540000 -0.19740000
vn -0.40850000 0.78940000 -0.45830000
vn -0.70620000 0.68490000 -0.17930000
vn -0.46060000 0.86540000 -0.19740000
vn -0.70550000 0.70570000 -0.06470000
vn -0.50460000 0.86290000 0.02800000
vn -0.50460000 0.86290000 0.02800000
vn -0.70550000 0.70570000 -0.06470000
vn -0.70650000 0.70490000 0.06250000
vn -0.54180000 0.80680000 0.23580000
vn -0.54180000 0.80680000 0.23580000
vn -0.70650000 0.70490000 0.06250000
vn -0.57520000 0.71270000 0.40160000
vn -0.70580000 0.68390000 0.18480000
vn -0.60830000 0.59650000 0.52360000
vn -0.70640000 0.64270000 0.29660000
vn -0.70580000 0.68390000 0.18480000
vn -0.57520000 0.71270000 0.40160000
vn -0.63260000 0.45690000 0.62540000
vn -0.70640000 0.64270000 0.29660000
vn -0.70490000 0.58030000 0.40790000
vn -0.60830000 0.59650000 0.52360000
vn -0.63260000 0.45690000 0.62540000
vn -0.66010000 0.31610000 0.68150000
vn -0.70490000 0.58030000 0.40790000
vn -0.70710000 0.50000000 0.50000000
vn -0.70710000 0.50000000 0.50000000
vn -0.66010000 0.31610000 0.68150000
vn -0.69690000 0.32180000 0.64090000
vn -0.70560000 0.40630000 0.58050000
vn -0.70560000 0.40630000 0.58050000
vn -0.69690000 0.32180000 0.64090000
vn -0.70650000 0.30130000 0.64040000
vn -0.70480000 0.29990000 0.64290000
vn -0.70670000 0.18390000 0.68320000
vn -0.70650000 0.30130000 0.64040000
vn -0.70480000 0.29990000 0.64290000
vn -0.70560000 0.06200000 0.70590000
vn -0.70670000 0.18390000 0.68320000
vn -0.70500000 0.06080000 0.70660000
vn -0.70580000 -0.06070000 0.70580000
vn -0.70560000 0.06200000 0.70590000
vn -0.70500000 0.06080000 0.70660000
vn -0.69810000 -0.32230000 -0.63930000
vn -0.11200000 -0.99270000 0.04550000
vn -0.70540000 -0.30080000 -0.64180000
vn 0.00000000 -0.86070000 0.50920000
vn -0.70540000 -0.30080000 -0.64180000
vn -0.46170000 0.17290000 -0.87000000
vn -0.70650000 -0.18260000 -0.68380000
vn -0.11200000 -0.99270000 0.04550000
vn -0.45380000 0.66970000 -0.58780000
vn -0.70650000 -0.18260000 -0.68380000
vn -0.46170000 0.17290000 -0.87000000
vn -0.70590000 -0.06280000 -0.70550000
vn -0.70590000 -0.06280000 -0.70550000
vn -0.70990000 0.05140000 -0.70240000
vn -0.70580000 0.06070000 -0.70580000
vn -0.45380000 0.66970000 -0.58780000
vn -0.70580000 0.06070000 -0.70580000
vn -0.70540000 0.18310000 -0.68470000
vn -0.70990000 0.05140000 -0.70240000
vn -0.70470000 0.19020000 -0.68350000
vn -0.70540000 0.29980000 -0.64230000
vn -0.70470000 0.19020000 -0.68350000
vn -0.70540000 0.18310000 -0.68470000
vn -0.70540000 0.29980000 -0.64230000
vn -0.70610000 0.40640000 -0.57980000
vn -0.70640000 0.40910000 -0.57760000
vn -0.70590000 0.50010000 -0.50160000
vn -0.70500000 0.50120000 -0.50180000
vn -0.70500000 0.50120000 -0.50180000
vn -0.70590000 0.50010000 -0.50160000
vn -0.70610000 0.58000000 -0.40630000
vn -0.70490000 0.58050000 -0.40760000
vn -0.70610000 0.58000000 -0.40630000
vn -0.70600000 0.64190000 -0.29910000
vn -0.70490000 0.58050000 -0.40760000
vn -0.70600000 0.64190000 -0.29910000
vn -0.70610000 0.68460000 -0.18110000
vn -0.70620000 0.68490000 -0.17930000
vn -0.70570000 0.70570000 -0.06300000
vn -0.70570000 0.70570000 -0.06300000
vn -0.70650000 0.70490000 0.06250000
vn -0.70580000 0.70570000 0.06270000
vn -0.70580000 0.70570000 0.06270000
vn -0.70580000 0.68410000 0.18400000
vn -0.70650000 0.70490000 0.06250000
vn -0.70580000 0.68410000 0.18400000
vn -0.70580000 0.64230000 0.29880000
vn -0.70560000 0.58070000 0.40620000
vn -0.70640000 0.64270000 0.29660000
vn -0.70490000 0.58030000 0.40790000
vn -0.70560000 0.58070000 0.40620000
vn -0.70610000 0.50090000 0.50050000
vn -0.70490000 0.58030000 0.40790000
vn -0.70710000 0.50000000 0.50000000
vn -0.70530000 0.40590000 0.58120000
vn -0.70560000 0.40630000 0.58050000
vn -0.70610000 0.29960000 0.64160000
vn -0.70480000 0.29990000 0.64290000
vn -0.70670000 0.18390000 0.68320000
vn -0.70610000 0.29960000 0.64160000
vn -0.70480000 0.29990000 0.64290000
vn -0.70670000 0.18390000 0.68320000
vn -0.70560000 0.06200000 0.70590000
vn -0.70560000 0.06200000 0.70590000
vn -0.70540000 -0.06170000 0.70610000
vn 0.00000000 0.98610000 0.16610000
vn -0.02860000 0.83750000 0.54570000
vn -0.70550000 -0.18450000 0.68430000
vn -0.70960000 -0.05990000 0.70210000
vn -0.70340000 -0.30330000 0.64280000
vn -0.02860000 0.83750000 0.54570000
vn -0.09330000 0.52100000 0.84840000
vn -0.70550000 -0.18450000 0.68430000
vn -0.17920000 0.08960000 0.97970000
vn -0.70340000 -0.30330000 0.64280000
vn -0.70690000 -0.40760000 0.57800000
vn -0.09330000 0.52100000 0.84840000
vn -0.70690000 -0.40760000 0.57800000
vn -0.70700000 -0.50080000 0.49930000
vn -0.26750000 -0.31590000 0.91030000
vn -0.17920000 0.08960000 0.97970000
vn -0.70700000 -0.50080000 0.49930000
vn -0.34660000 -0.62030000 0.70360000
vn -0.70640000 -0.58180000 0.40310000
vn -0.26750000 -0.31590000 0.91030000
vn -0.40850000 -0.78940000 0.45830000
vn -0.34660000 -0.62030000 0.70360000
vn -0.70640000 -0.58180000 0.40310000
vn -0.70540000 -0.64130000 0.30180000
vn -0.46000000 -0.86420000 0.20370000
vn -0.70540000 -0.64130000 0.30180000
vn -0.70620000 -0.68490000 0.17930000
vn -0.40850000 -0.78940000 0.45830000
vn -0.46000000 -0.86420000 0.20370000
vn -0.70560000 -0.70560000 0.06470000
vn -0.50460000 -0.86290000 -0.02800000
vn -0.70620000 -0.68490000 0.17930000
vn -0.70640000 -0.70480000 -0.06600000
vn -0.70560000 -0.70560000 0.06470000
vn -0.54180000 -0.80680000 -0.23580000
vn -0.50460000 -0.86290000 -0.02800000
vn -0.70600000 -0.68410000 -0.18330000
vn -0.70640000 -0.70480000 -0.06600000
vn -0.54180000 -0.80680000 -0.23580000
vn -0.57710000 -0.71500000 -0.39450000
vn -0.70610000 -0.64240000 -0.29800000
vn -0.70600000 -0.68410000 -0.18330000
vn -0.60710000 -0.59530000 -0.52630000
vn -0.57710000 -0.71500000 -0.39450000
vn -0.70610000 -0.64240000 -0.29800000
vn -0.70530000 -0.58060000 -0.40670000
vn -0.63380000 -0.45780000 -0.62340000
vn -0.60710000 -0.59530000 -0.52630000
vn -0.70530000 -0.58060000 -0.40670000
vn -0.66010000 -0.31610000 -0.68150000
vn -0.63380000 -0.45780000 -0.62340000
vn -0.70620000 -0.49940000 -0.50190000
vn -0.70620000 -0.49940000 -0.50190000
vn -0.66010000 -0.31610000 -0.68150000
vn -0.70610000 -0.40650000 -0.57970000
vn -0.69810000 -0.32230000 -0.63930000
vn -0.70480000 -0.29990000 -0.64290000
vn -0.69810000 -0.32230000 -0.63930000
vn -0.70610000 -0.40650000 -0.57970000
vn -0.70540000 -0.30080000 -0.64180000
vn -0.70540000 -0.30080000 -0.64180000
vn -0.70570000 -0.18370000 -0.68430000
vn -0.70480000 -0.29990000 -0.64290000
vn -0.70570000 -0.18370000 -0.68430000
vn -0.70590000 -0.06280000 -0.70550000
vn -0.70560000 -0.06200000 -0.70590000
vn -0.70540000 0.06170000 -0.70610000
vn -0.70580000 0.06070000 -0.70580000
vn -0.70600000 0.18320000 -0.68410000
vn -0.70610000 0.30000000 -0.64140000
vn -0.70600000 0.18320000 -0.68410000
vn -0.70560000 0.40600000 -0.58080000
vn -0.70610000 0.30000000 -0.64140000
vn -0.70560000 0.40600000 -0.58080000
vn -0.70540000 0.50140000 -0.50100000
vn -0.70500000 0.50120000 -0.50180000
vn -0.70540000 0.50140000 -0.50100000
vn -0.70610000 0.58000000 -0.40630000
vn -0.70500000 0.50120000 -0.50180000
vn -0.70600000 0.64200000 -0.29900000
vn -0.70610000 0.58060000 -0.40540000
vn -0.70600000 0.64190000 -0.29910000
vn -0.70610000 0.68460000 -0.18110000
vn -0.70530000 0.70620000 -0.06160000
vn -0.70570000 0.68470000 -0.18230000
vn -0.70540000 0.70600000 0.06290000
vn -0.70530000 0.70620000 -0.06160000
vn -0.70570000 0.68440000 0.18320000
vn -0.70580000 0.70570000 0.06270000
vn -0.70580000 0.68410000 0.18400000
vn -0.70580000 0.64230000 0.29880000
vn -0.70590000 0.64180000 0.29950000
vn -0.70560000 0.58070000 0.40620000
vn -0.70610000 0.50090000 0.50050000
vn -0.70560000 0.58070000 0.40620000
vn -0.70540000 0.50100000 0.50130000
vn -0.70600000 0.40690000 0.57960000
vn -0.70610000 0.29960000 0.64160000
vn -0.70530000 0.40590000 0.58120000
vn -0.70610000 0.29960000 0.64160000
vn -0.70600000 0.18240000 0.68430000
vn -0.70600000 0.18240000 0.68430000
vn -0.70600000 0.06170000 0.70550000
vn 1.00000000 0.00050000 0.00000000
vn -0.70580000 0.06160000 0.70570000
vn -0.70590000 -0.06220000 0.70560000
vn -0.70580000 -0.06070000 0.70580000
vn -0.70540000 -0.18310000 0.68470000
vn -0.70960000 -0.05990000 0.70210000
vn -0.70620000 -0.29940000 0.64160000
vn -0.70540000 -0.18310000 0.68470000
vn -0.70340000 -0.30330000 0.64280000
vn -0.70690000 -0.40760000 0.57800000
vn -0.70620000 -0.29940000 0.64160000
vn -0.70340000 -0.30330000 0.64280000
vn -0.70700000 -0.50080000 0.49930000
vn -0.70610000 -0.40640000 0.57980000
vn -0.70700000 -0.50080000 0.49930000
vn -0.70640000 -0.58180000 0.40310000
vn -0.70610000 -0.58000000 0.40630000
vn -0.70600000 -0.64190000 0.29910000
vn -0.70610000 -0.58000000 0.40630000
vn -0.70640000 -0.58180000 0.40310000
vn -0.70610000 -0.68460000 0.18110000
vn -0.70540000 -0.64130000 0.30180000
vn -0.70610000 -0.68460000 0.18110000
vn -0.70560000 -0.70560000 0.06470000
vn -0.70580000 -0.70570000 -0.06180000
vn -0.70570000 -0.70570000 0.06300000
vn -0.70640000 -0.70480000 -0.06600000
vn -0.70580000 -0.68410000 -0.18400000
vn -0.70640000 -0.70480000 -0.06600000
vn -0.70580000 -0.70570000 -0.06180000
vn -0.70580000 -0.68410000 -0.18400000
vn -0.70610000 -0.64240000 -0.29800000
vn -0.70610000 -0.64240000 -0.29800000
vn -0.70560000 -0.58070000 -0.40620000
vn -0.70530000 -0.58060000 -0.40670000
vn -0.70610000 -0.50090000 -0.50050000
vn -0.70610000 -0.50090000 -0.50050000
vn -0.70610000 -0.40650000 -0.57970000
vn -0.70530000 -0.40590000 -0.58120000
vn -0.70610000 -0.29960000 -0.64160000
vn -0.70480000 -0.29990000 -0.64290000
vn -0.70610000 -0.29960000 -0.64160000
vn -0.70580000 -0.18340000 -0.68420000
vn -0.70480000 -0.29990000 -0.64290000
vn -0.70580000 -0.18340000 -0.68420000
vn -0.70580000 -0.06160000 -0.70570000
vn -0.70580000 -0.06160000 -0.70570000
vn -0.70550000 0.06210000 -0.70600000
vn -0.70550000 0.06210000 -0.70600000
vn -0.70600000 0.18320000 -0.68410000
vn -0.70610000 0.30000000 -0.64140000
vn -0.70600000 0.18320000 -0.68410000
vn -0.70560000 0.40600000 -0.58080000
vn -0.70590000 0.29960000 -0.64180000
vn -0.70560000 0.40600000 -0.58080000
vn -0.70540000 0.50140000 -0.50100000
vn -0.70610000 0.58060000 -0.40540000
vn -0.70590000 0.50130000 -0.50040000
vn -0.70550000 0.64200000 -0.30010000
vn -0.70580000 0.58060000 -0.40580000
vn -0.70550000 0.64200000 -0.30010000
vn -0.70590000 0.68440000 -0.18270000
vn -0.70530000 0.70620000 -0.06160000
vn -0.70570000 0.68470000 -0.18230000
vn -0.70530000 0.70620000 -0.06160000
vn -0.70620000 0.70530000 0.06170000
vn -0.70620000 0.70530000 0.06170000
vn -0.70610000 0.68390000 0.18360000
vn -0.70600000 0.64170000 0.29960000
vn -0.70610000 0.68390000 0.18360000
vn -0.70670000 0.57970000 0.40570000
vn -0.70600000 0.64170000 0.29960000
vn -0.70540000 0.58070000 0.40630000
vn -0.70540000 0.50100000 0.50130000
vn -0.70520000 0.50190000 0.50080000
vn -0.70720000 0.40430000 0.58000000
vn -0.70600000 0.40690000 0.57960000
vn 1.00000000 0.00060000 0.00000000
vn -0.70720000 0.40430000 0.58000000
vn -0.70600000 0.40690000 0.57960000
vn -0.70560000 0.29920000 0.64230000
vn 1.00000000 0.00040000 0.00000000
vn -0.70560000 0.29920000 0.64230000
vn -0.70600000 0.18240000 0.68430000
vn -0.70600000 0.06170000 0.70550000
vn 1.00000000 0.00050000 0.00000000
vn -0.70600000 0.18240000 0.68430000
vn -0.70560000 -0.18310000 0.68460000
vn -0.70580000 -0.06070000 0.70580000
vn -0.70560000 -0.18310000 0.68460000
vn -0.70650000 -0.30020000 0.64090000
vn -0.70650000 -0.30020000 0.64090000
vn -0.70590000 -0.40620000 0.58030000
vn -0.70590000 -0.50180000 0.49990000
vn -0.70590000 -0.40620000 0.58030000
vn -0.70610000 -0.58060000 0.40540000
vn -0.70510000 -0.50120000 0.50160000
vn -0.70610000 -0.58000000 0.40630000
vn -0.70570000 -0.64170000 0.30030000
vn -0.70570000 -0.64170000 0.30030000
vn -0.70570000 -0.68470000 0.18230000
vn -0.70610000 -0.68460000 0.18110000
vn -0.70530000 -0.70620000 0.06160000
vn -0.70580000 -0.70570000 -0.06180000
vn -0.70530000 -0.70620000 0.06160000
vn -0.70580000 -0.68410000 -0.18400000
vn -0.70520000 -0.70640000 -0.06090000
vn -0.70570000 -0.68440000 -0.18320000
vn -0.70570000 -0.64160000 -0.30060000
vn -0.70540000 -0.58070000 -0.40630000
vn -0.70570000 -0.64160000 -0.30060000
vn -0.70540000 -0.50100000 -0.50130000
vn -0.70560000 -0.58070000 -0.40620000
vn -0.70610000 -0.50090000 -0.50050000
vn -0.70580000 -0.40670000 -0.58010000
vn -0.70530000 -0.40590000 -0.58120000
vn -0.70610000 -0.29960000 -0.64160000
vn -0.70610000 -0.29960000 -0.64160000
vn -0.70600000 -0.18240000 -0.68430000
vn -0.70580000 -0.06160000 -0.70570000
vn -0.70600000 -0.18240000 -0.68430000
vn -0.70580000 -0.06160000 -0.70570000
vn -0.70550000 0.06210000 -0.70600000
vn 1.00000000 0.00090000 0.00000000
vn 1.00000000 -0.00250000 0.00000000
vn -0.70550000 0.06210000 -0.70600000
vn -0.70560000 0.18320000 -0.68450000
vn 1.00000000 -0.00250000 0.00000000
vn -0.70590000 0.29960000 -0.64180000
vn -0.70560000 0.18320000 -0.68450000
vn -0.70550000 0.40600000 -0.58080000
vn -0.70590000 0.29960000 -0.64180000
vn 1.00000000 -0.00250000 0.00000000
vn 1.00000000 -0.00110000 0.00000000
vn -0.70590000 0.50130000 -0.50040000
vn -0.70550000 0.40600000 -0.58080000
vn 1.00000000 0.00000000 0.00000000
vn -0.70580000 0.58060000 -0.40580000
vn -0.70590000 0.50130000 -0.50040000
vn 1.00000000 0.00000000 0.00000000
vn -0.70550000 0.64200000 -0.30010000
vn -0.70580000 0.58060000 -0.40580000
vn 1.00000000 -0.00030000 0.00000000
vn -0.70550000 0.64200000 -0.30010000
vn -0.70590000 0.68440000 -0.18270000
vn -0.70620000 0.70530000 -0.06220000
vn 1.00000000 -0.00010000 0.00000000
vn -0.70590000 0.68440000 -0.18270000
vn -0.70620000 0.70530000 -0.06220000
vn 1.00000000 0.00030000 0.00000000
vn -0.70620000 0.70530000 0.06170000
vn -0.70610000 0.68390000 0.18360000
vn 1.00000000 0.00020000 0.00000000
vn -0.70620000 0.70530000 0.06170000
vn -0.70610000 0.68390000 0.18360000
vn -0.70600000 0.64170000 0.29960000
vn 1.00000000 0.00020000 0.00000000
vn -0.70600000 0.64170000 0.29960000
vn 1.00000000 0.00000000 0.00000000
vn -0.70670000 0.57970000 0.40570000
vn -0.70670000 0.57970000 0.40570000
vn 1.00000000 0.00000000 0.00000000
vn -0.70520000 0.50190000 0.50080000
vn 1.00000000 0.00040000 0.00000000
vn -0.70720000 0.40430000 0.58000000
vn -0.70520000 0.50190000 0.50080000
vn -0.70590000 -0.06220000 0.70560000
vn -0.70560000 -0.18320000 0.68450000
vn -0.70590000 -0.29960000 0.64180000
vn -0.70560000 -0.18320000 0.68450000
vn -0.70590000 -0.29960000 0.64180000
vn -0.70590000 -0.40620000 0.58030000
vn -0.70590000 -0.50130000 0.50040000
vn -0.70590000 -0.40620000 0.58030000
vn -0.70570000 -0.58010000 0.40680000
vn -0.70590000 -0.50130000 0.50040000
vn -0.70570000 -0.64170000 0.30030000
vn -0.70610000 -0.58060000 0.40540000
vn -0.70550000 -0.64200000 0.30010000
vn -0.70570000 -0.68470000 0.18230000
vn -0.70600000 -0.68440000 0.18210000
vn -0.70530000 -0.70620000 0.06160000
vn -0.70620000 -0.70530000 -0.06170000
vn -0.70530000 -0.70620000 0.06160000
vn -0.70580000 -0.68420000 -0.18350000
vn -0.70520000 -0.70640000 -0.06090000
vn -0.70580000 -0.68420000 -0.18350000
vn -0.70590000 -0.64160000 -0.30020000
vn -0.70540000 -0.58070000 -0.40630000
vn -0.70590000 -0.64160000 -0.30020000
vn -0.70440000 -0.50250000 -0.50140000
vn -0.70630000 -0.58040000 -0.40540000
vn -0.70540000 -0.50100000 -0.50130000
vn -0.70580000 -0.40670000 -0.58010000
vn -0.70540000 -0.50100000 -0.50130000
vn -0.70440000 -0.50250000 -0.50140000
vn -0.70720000 -0.40430000 -0.58000000
vn -0.70720000 -0.40430000 -0.58000000
vn 1.00000000 0.00000000 0.00000000
vn -0.70560000 -0.29920000 -0.64230000
vn -0.70580000 -0.40670000 -0.58010000
vn -0.70560000 -0.29920000 -0.64230000
vn 1.00000000 0.00000000 0.00000000
vn -0.70600000 -0.18240000 -0.68430000
vn -0.70600000 -0.18240000 -0.68430000
vn 1.00000000 -0.00040000 0.00000000
vn -0.70600000 -0.06170000 -0.70550000
vn 1.00000000 0.00510000 0.00000000
vn -0.70560000 -0.18320000 0.68450000
vn 1.00000000 0.00000000 0.00000000
vn -0.70590000 -0.06220000 0.70560000
vn 1.00000000 0.00510000 0.00000000
vn -0.70590000 -0.29960000 0.64180000
vn -0.70560000 -0.18320000 0.68450000
vn 1.00000000 0.00510000 0.00000000
vn 1.00000000 -0.00170000 0.00000000
vn -0.70590000 -0.40620000 0.58030000
vn -0.70590000 -0.29960000 0.64180000
vn 1.00000000 -0.00170000 0.00000000
vn -0.70590000 -0.40620000 0.58030000
vn -0.70590000 -0.50130000 0.50040000
vn 1.00000000 0.00000000 0.00000000
vn -0.70590000 -0.50130000 0.50040000
vn -0.70570000 -0.58010000 0.40680000
vn -0.70570000 -0.58010000 0.40680000
vn 1.00000000 0.00000000 0.00000000
vn -0.70550000 -0.64200000 0.30010000
vn 1.00000000 -0.00040000 0.00000000
vn -0.70550000 -0.64200000 0.30010000
vn -0.70600000 -0.68440000 0.18210000
vn -0.70600000 -0.68440000 0.18210000
vn -0.70620000 -0.70530000 0.06220000
vn 1.00000000 -0.00010000 0.00000000
vn 1.00000000 0.00000000 0.00000000
vn -0.70620000 -0.70530000 -0.06170000
vn -0.70620000 -0.70530000 0.06220000
vn -0.70580000 -0.68420000 -0.18350000
vn 1.00000000 0.00000000 0.00000000
vn -0.70620000 -0.70530000 -0.06170000
vn -0.70580000 -0.68420000 -0.18350000
vn -0.70590000 -0.64160000 -0.30020000
vn 1.00000000 0.00000000 0.00000000
vn 1.00000000 -0.00010000 0.00000000
vn -0.70630000 -0.58040000 -0.40540000
vn -0.70590000 -0.64160000 -0.30020000
vn 1.00000000 0.00000000 0.00000000
vn -0.70440000 -0.50250000 -0.50140000
vn -0.70630000 -0.58040000 -0.40540000
vn -0.70440000 -0.50250000 -0.50140000
vn -0.70720000 -0.40430000 -0.58000000
vn 1.00000000 0.00050000 0.00000000
vn -0.50000000 -0.86600000 0.00000000
vn 0.05210000 -0.11160000 0.99240000
vn 0.04690000 -0.08120000 0.99560000
vn 0.50000000 -0.86600000 0.00000000
vn 0.05480000 -0.20430000 0.97740000
vn -0.04690000 -0.08120000 0.99560000
vn 0.02870000 -0.32740000 0.94440000
vn -0.05210000 -0.11160000 0.99240000
vn -0.02870000 -0.32740000 0.94440000
vn -0.05480000 -0.20430000 0.97740000
vn -0.02870000 -0.32740000 0.94440000
vn -0.00000000 0.00000000 1.00000000
vn -0.05480000 -0.20430000 0.97740000
vn 0.02870000 -0.32740000 0.94440000
vn -0.02870000 -0.32740000 0.94440000
vn -0.00000000 0.00000000 1.00000000
vn -0.00000000 0.00000000 1.00000000
vn -0.05210000 -0.11160000 0.99240000
vn -0.05480000 -0.20430000 0.97740000
vn -0.04690000 -0.08120000 0.99560000
vn -0.07060000 -0.10090000 0.99240000
vn -0.00000000 0.00000000 1.00000000
vn -0.05210000 -0.11160000 0.99240000
vn -1.00000000 0.00000000 0.00000000
vn -0.14980000 -0.14960000 0.97730000
vn -0.07060000 -0.10090000 0.99240000
vn -0.04690000 -0.08120000 0.99560000
vn -0.50000000 -0.86600000 0.00000000
vn -0.09380000 0.00000000 0.99560000
vn -0.26920000 -0.18850000 0.94440000
vn -0.12270000 -0.01070000 0.99240000
vn -0.29810000 -0.13890000 0.94440000
vn -0.20440000 -0.05480000 0.97740000
vn -0.14980000 -0.14960000 0.97730000
vn -0.07060000 -0.10090000 0.99240000
vn -0.00000000 0.00000000 1.00000000
vn -0.26920000 -0.18850000 0.94440000
vn -0.14980000 -0.14960000 0.97730000
vn -0.00000000 0.00000000 1.00000000
vn -0.00000000 0.00000000 1.00000000
vn -0.29810000 -0.13890000 0.94440000
vn -0.26920000 -0.18850000 0.94440000
vn -0.00000000 0.00000000 1.00000000
vn -0.29810000 -0.13890000 0.94440000
vn -0.20440000 -0.05480000 0.97740000
vn -0.20440000 -0.05480000 0.97740000
vn -0.00000000 0.00000000 1.00000000
vn -0.12270000 -0.01070000 0.99240000
vn -0.12270000 -0.01070000 0.99240000
vn -0.00000000 0.00000000 1.00000000
vn -0.12270000 0.01070000 0.99240000
vn -0.09380000 0.00000000 0.99560000
vn -0.50000000 0.86600000 0.00000000
vn -1.00000000 0.00000000 0.00000000
vn -0.20450000 0.05480000 0.97730000
vn -0.26930000 0.18850000 0.94440000
vn -0.07080000 0.10090000 0.99240000
vn -0.29790000 0.13890000 0.94440000
vn -0.14950000 0.14960000 0.97740000
vn -0.09380000 0.00000000 0.99560000
vn -0.04690000 0.08120000 0.99560000
vn -0.12270000 0.01070000 0.99240000
vn -0.00000000 0.00000000 1.00000000
vn -0.20450000 0.05480000 0.97730000
vn -0.12270000 0.01070000 0.99240000
vn -0.00000000 0.00000000 1.00000000
vn -0.20450000 0.05480000 0.97730000
vn -0.29790000 0.13890000 0.94440000
vn -0.00000000 0.00000000 1.00000000
vn -0.29790000 0.13890000 0.94440000
vn -0.26930000 0.18850000 0.94440000
vn -0.00000000 0.00000000 1.00000000
vn -0.14950000 0.14960000 0.97740000
vn -0.26930000 0.18850000 0.94440000
vn -0.07080000 0.10090000 0.99240000
vn -0.00000000 0.00000000 1.00000000
vn -0.14950000 0.14960000 0.97740000
vn -0.00000000 0.00000000 1.00000000
vn -0.05210000 0.11160000 0.99240000
vn -0.07080000 0.10090000 0.99240000
vn -0.04690000 0.08120000 0.99560000
vn -0.50000000 0.86600000 0.00000000
vn 0.05480000 0.20430000 0.97740000
vn 0.05210000 0.11160000 0.99240000
vn 0.04690000 0.08120000 0.99560000
vn 0.50000000 0.86600000 0.00000000
vn -0.02870000 0.32740000 0.94440000
vn -0.05480000 0.20430000 0.97740000
vn -0.05210000 0.11160000 0.99240000
vn -0.04690000 0.08120000 0.99560000
vn 0.02870000 0.32740000 0.94440000
vn -0.05480000 0.20430000 0.97740000
vn -0.05210000 0.11160000 0.99240000
vn -0.00000000 0.00000000 1.00000000
vn -0.00000000 0.00000000 1.00000000
vn -0.05480000 0.20430000 0.97740000
vn -0.02870000 0.32740000 0.94440000
vn -0.02870000 0.32740000 0.94440000
vn -0.00000000 0.00000000 1.00000000
vn 0.02870000 0.32740000 0.94440000
vn -0.50000000 -0.86600000 0.00000000
vn -0.00000000 0.00000000 1.00000000
vn 0.50000000 -0.86600000 0.00000000
vn -0.50000000 -0.86600000 0.00000000
vn -1.00000000 0.00000000 0.00000000
vn -0.00000000 0.00000000 1.00000000
vn -1.00000000 0.00000000 0.00000000
vn -0.00000000 0.00000000 1.00000000
vn -0.50000000 0.86600000 0.00000000
vn -0.00000000 0.00000000 1.00000000
vn 0.50000000 0.86600000 0.00000000
vn -0.50000000 0.86600000 0.00000000
vn -0.00000000 0.00000000 1.00000000
vn 0.02870000 -0.32740000 0.94440000
vn 0.05480000 -0.20430000 0.97740000
vn 0.05480000 -0.20430000 0.97740000
vn 0.05210000 -0.11160000 0.99240000
vn -0.00000000 0.00000000 1.00000000
vn 0.04690000 -0.08120000 0.99560000
vn 0.05210000 -0.11160000 0.99240000
vn -0.00000000 0.00000000 1.00000000
vn 0.07060000 -0.10090000 0.99240000
vn 0.09380000 0.00000000 0.99560000
vn 0.04690000 -0.08120000 0.99560000
vn 0.20430000 -0.05470000 0.97740000
vn 0.14980000 -0.14960000 0.97730000
vn 0.26920000 -0.18850000 0.94440000
vn 0.29810000 -0.13890000 0.94440000
vn 0.50000000 -0.86600000 0.00000000
vn 0.12270000 -0.01070000 0.99240000
vn 0.07060000 -0.10090000 0.99240000
vn 1.00000000 0.00000000 0.00000000
vn -0.00000000 0.00000000 1.00000000
vn 0.14980000 -0.14960000 0.97730000
vn 0.07060000 -0.10090000 0.99240000
vn -0.00000000 0.00000000 1.00000000
vn 0.26920000 -0.18850000 0.94440000
vn 0.14980000 -0.14960000 0.97730000
vn -0.00000000 0.00000000 1.00000000
vn 0.29810000 -0.13890000 0.94440000
vn 0.26920000 -0.18850000 0.94440000
vn 0.20430000 -0.05470000 0.97740000
vn -0.00000000 0.00000000 1.00000000
vn 0.29810000 -0.13890000 0.94440000
vn 0.12270000 -0.01070000 0.99240000
vn 0.20430000 -0.05470000 0.97740000
vn -0.00000000 0.00000000 1.00000000
vn -0.00000000 0.00000000 1.00000000
vn 0.12270000 -0.01070000 0.99240000
vn 0.09380000 0.00000000 0.99560000
vn 0.12270000 0.01070000 0.99240000
vn 0.14960000 0.14960000 0.97740000
vn 1.00000000 0.00000000 0.00000000
vn 0.09380000 0.00000000 0.99560000
vn 0.50000000 0.86600000 0.00000000
vn 0.12270000 0.01070000 0.99240000
vn 0.20450000 0.05480000 0.97730000
vn 0.29790000 0.13890000 0.94440000
vn 0.04690000 0.08120000 0.99560000
vn 0.26930000 0.18850000 0.94440000
vn 0.07080000 0.10090000 0.99240000
vn 0.20450000 0.05480000 0.97730000
vn 0.12270000 0.01070000 0.99240000
vn -0.00000000 0.00000000 1.00000000
vn 0.29790000 0.13890000 0.94440000
vn -0.00000000 0.00000000 1.00000000
vn 0.20450000 0.05480000 0.97730000
vn -0.00000000 0.00000000 1.00000000
vn 0.26930000 0.18850000 0.94440000
vn 0.29790000 0.13890000 0.94440000
vn 0.26930000 0.18850000 0.94440000
vn 0.14960000 0.14960000 0.97740000
vn -0.00000000 0.00000000 1.00000000
vn 0.14960000 0.14960000 0.97740000
vn -0.00000000 0.00000000 1.00000000
vn 0.07080000 0.10090000 0.99240000
vn -0.00000000 0.00000000 1.00000000
vn 0.05210000 0.11160000 0.99240000
vn 0.04690000 0.08120000 0.99560000
vn 0.07080000 0.10090000 0.99240000
vn 0.05480000 0.20430000 0.97740000
vn -0.00000000 0.00000000 1.00000000
vn 0.05210000 0.11160000 0.99240000
vn 0.02870000 0.32740000 0.94440000
vn 0.05480000 0.20430000 0.97740000
vn -0.00000000 0.00000000 1.00000000
vn -0.00000000 0.00000000 1.00000000
vn 0.50000000 -0.86600000 0.00000000
vn 1.00000000 0.00000000 0.00000000
vn -0.00000000 0.00000000 1.00000000
vn 1.00000000 0.00000000 0.00000000
vn 0.50000000 0.86600000 0.00000000
vn -0.00000000 0.00000000 1.00000000
vn 0.06180000 0.70580000 0.70570000
vn 0.18330000 0.68430000 0.70580000
vn -0.06180000 0.70590000 0.70560000
vn -0.00000000 0.00000000 1.00000000
vn 0.06180000 0.70580000 0.70570000
vn 0.29940000 0.64210000 0.70570000
vn 0.18330000 0.68430000 0.70580000
vn -0.00000000 0.00000000 1.00000000
vn -0.00000000 0.00000000 1.00000000
vn 0.40630000 0.58030000 0.70580000
vn 0.29940000 0.64210000 0.70570000
vn 0.06180000 0.70580000 0.70570000
vn 0.00000000 1.00000000 0.00000000
vn 0.18330000 0.68430000 0.70580000
vn 0.00000000 1.00000000 0.00000000
vn 0.06180000 0.70580000 0.70570000
vn -0.06180000 0.70590000 0.70560000
vn 0.18330000 0.68430000 0.70580000
vn 0.29940000 0.64210000 0.70570000
vn 0.00000000 1.00000000 0.00000000
vn 0.29940000 0.64210000 0.70570000
vn 0.00000000 1.00000000 0.00000000
vn 0.40630000 0.58030000 0.70580000
vn 0.86600000 0.50000000 0.00000000
vn 0.00000000 1.00000000 0.00000000
vn 0.00000000 1.00000000 0.00000000
vn 0.00000000 1.00000000 0.00000000
vn 0.00000000 1.00000000 0.00000000
vn 0.00000000 0.00000000 -1.00000000
vn -0.08710000 0.99620000 0.00000000
vn 0.00000000 1.00000000 0.00000000
vn 0.08710000 0.99620000 0.00000000
vn 0.00000000 0.00000000 -1.00000000
vn 0.00000000 0.00000000 -1.00000000
vn 0.00000000 1.00000000 0.00000000
vn 0.00000000 0.00000000 -1.00000000
vn 0.86600000 0.50000000 0.00000000
vn 0.00000000 1.00000000 0.00000000
vn 0.00000000 0.00000000 -1.00000000
vn 0.08710000 0.99620000 0.00000000
vn 0.25880000 0.96590000 0.00000000
vn 0.00000000 0.00000000 -1.00000000
vn 0.25880000 0.96590000 0.00000000
vn 0.42270000 0.90630000 0.00000000
vn 0.00000000 0.00000000 -1.00000000
vn 0.42270000 0.90630000 0.00000000
vn 0.57350000 0.81920000 0.00000000
vn 0.25880000 0.96590000 0.00000000
vn -0.00000000 0.00000000 1.00000000
vn 0.08710000 0.99620000 0.00000000
vn -0.00000000 0.00000000 1.00000000
vn -0.08710000 0.99620000 0.00000000
vn 0.08710000 0.99620000 0.00000000
vn 0.42270000 0.90630000 0.00000000
vn -0.00000000 0.00000000 1.00000000
vn 0.25880000 0.96590000 0.00000000
vn 0.57350000 0.81920000 0.00000000
vn -0.00000000 0.00000000 1.00000000
vn 0.42270000 0.90630000 0.00000000
vn 0.06180000 0.70580000 -0.70570000
vn -0.00000000 0.00000000 1.00000000
vn 0.18330000 0.68440000 -0.70570000
vn 0.06180000 0.70580000 -0.70570000
vn -0.06180000 0.70590000 -0.70560000
vn -0.00000000 0.00000000 1.00000000
vn 0.29940000 0.64210000 -0.70580000
vn 0.18330000 0.68440000 -0.70570000
vn -0.00000000 0.00000000 1.00000000
vn -0.00000000 0.00000000 1.00000000
vn 0.29940000 0.64210000 -0.70580000
vn 0.40620000 0.58030000 -0.70590000
vn 0.18330000 0.68440000 -0.70570000
vn 0.08720000 0.99620000 0.00000000
vn 0.06180000 0.70580000 -0.70570000
vn 0.25880000 0.96590000 0.00000000
vn 0.08720000 0.99620000 0.00000000
vn -0.08720000 0.99620000 0.00000000
vn -0.06180000 0.70590000 -0.70560000
vn 0.06180000 0.70580000 -0.70570000
vn 0.18330000 0.68440000 -0.70570000
vn 0.42260000 0.90630000 0.00000000
vn 0.25880000 0.96590000 0.00000000
vn 0.29940000 0.64210000 -0.70580000
vn 0.57360000 0.81920000 0.00000000
vn 0.42260000 0.90630000 0.00000000
vn 0.40620000 0.58030000 -0.70590000
vn 0.29940000 0.64210000 -0.70580000
vn -0.06180000 0.70590000 0.70560000
vn -0.18340000 0.68430000 0.70570000
vn -0.00000000 0.00000000 1.00000000
vn -0.00000000 0.00000000 1.00000000
vn -0.29940000 0.64210000 0.70570000
vn -0.18340000 0.68430000 0.70570000
vn -0.00000000 0.00000000 1.00000000
vn -0.40640000 0.58030000 0.70580000
vn -0.29940000 0.64210000 0.70570000
vn -0.18340000 0.68430000 0.70570000
vn -0.06180000 0.70590000 0.70560000
vn 0.00000000 1.00000000 0.00000000
vn 0.00000000 1.00000000 0.00000000
vn -0.29940000 0.64210000 0.70570000
vn -0.18340000 0.68430000 0.70570000
vn -0.86600000 0.50000000 0.00000000
vn 0.00000000 1.00000000 0.00000000
vn -0.40640000 0.58030000 0.70580000
vn -0.29940000 0.64210000 0.70570000
vn 0.00000000 1.00000000 0.00000000
vn 0.00000000 1.00000000 0.00000000
vn 0.00000000 1.00000000 0.00000000
vn 0.00000000 0.00000000 -1.00000000
vn 0.00000000 1.00000000 0.00000000
vn 0.00000000 0.00000000 -1.00000000
vn 0.00000000 0.00000000 -1.00000000
vn -0.86600000 0.50000000 0.00000000
vn 0.00000000 1.00000000 0.00000000
vn -0.08710000 0.99620000 0.00000000
vn -0.25880000 0.96590000 0.00000000
vn 0.00000000 0.00000000 -1.00000000
vn 0.00000000 0.00000000 -1.00000000
vn -0.42270000 0.90630000 0.00000000
vn -0.25880000 0.96590000 0.00000000
vn 0.00000000 0.00000000 -1.00000000
vn -0.42270000 0.90630000 0.00000000
vn -0.57350000 0.81920000 0.00000000
vn -0.00000000 0.00000000 1.00000000
vn -0.25880000 0.96590000 0.00000000
vn -0.08710000 0.99620000 0.00000000
vn -0.00000000 0.00000000 1.00000000
vn -0.42270000 0.90630000 0.00000000
vn -0.25880000 0.96590000 0.00000000
vn -0.57350000 0.81920000 0.00000000
vn -0.42270000 0.90630000 0.00000000
vn -0.00000000 0.00000000 1.00000000
vn -0.06180000 0.70590000 -0.70560000
vn -0.00000000 0.00000000 1.00000000
vn -0.18340000 0.68430000 -0.70570000
vn -0.00000000 0.00000000 1.00000000
vn -0.29940000 0.64220000 -0.70570000
vn -0.18340000 0.68430000 -0.70570000
vn -0.40640000 0.58040000 -0.70570000
vn -0.00000000 0.00000000 1.00000000
vn -0.29940000 0.64220000 -0.70570000
vn -0.18340000 0.68430000 -0.70570000
vn -0.25880000 0.96590000 0.00000000
vn -0.06180000 0.70590000 -0.70560000
vn -0.08720000 0.99620000 0.00000000
vn -0.18340000 0.68430000 -0.70570000
vn -0.25880000 0.96590000 0.00000000
vn -0.29940000 0.64220000 -0.70570000
vn -0.42260000 0.90630000 0.00000000
vn -0.40640000 0.58040000 -0.70570000
vn -0.29940000 0.64220000 -0.70570000
vn -0.57360000 0.81920000 -0.00000000
vn -0.42260000 0.90630000 0.00000000
vn -0.50100000 0.50100000 0.70570000
vn -0.00000000 0.00000000 1.00000000
vn -0.58030000 0.40640000 0.70580000
vn -0.64210000 0.29940000 0.70580000
vn -0.58030000 0.40640000 0.70580000
vn -0.00000000 0.00000000 1.00000000
vn -0.00000000 0.00000000 1.00000000
vn -0.40640000 0.58030000 0.70580000
vn -0.50100000 0.50100000 0.70570000
vn -0.58030000 0.40640000 0.70580000
vn -0.50100000 0.50100000 0.70570000
vn -0.86600000 0.50000000 0.00000000
vn -0.58030000 0.40640000 0.70580000
vn -0.86600000 0.50000000 0.00000000
vn -0.64210000 0.29940000 0.70580000
vn -0.40640000 0.58030000 0.70580000
vn -0.50100000 0.50100000 0.70570000
vn -0.86600000 0.50000000 0.00000000
vn -0.86600000 0.50000000 0.00000000
vn -0.86600000 0.50000000 0.00000000
vn -0.86600000 0.50000000 0.00000000
vn -0.86600000 0.50000000 0.00000000
vn -0.00040000 0.00000000 -1.00000000
vn -0.90630000 0.42260000 0.00000000
vn -0.00020000 0.00000000 -1.00000000
vn -0.81910000 0.57360000 0.00000000
vn -0.86600000 0.50000000 0.00000000
vn -0.86600000 0.50000000 0.00000000
vn 0.00000000 0.00000000 -1.00000000
vn -0.00040000 0.00000000 -1.00000000
vn -0.70710000 0.70710000 0.00000000
vn -0.81910000 0.57360000 0.00000000
vn -0.57350000 0.81920000 0.00000000
vn -0.70710000 0.70710000 0.00000000
vn 0.00000000 0.00000000 -1.00000000
vn -0.70710000 0.70710000 0.00000000
vn -0.81910000 0.57360000 0.00000000
vn -0.00000000 0.00000000 1.00000000
vn -0.00000000 0.00000000 1.00000000
vn -0.90630000 0.42260000 0.00000000
vn -0.81910000 0.57360000 0.00000000
vn -0.57350000 0.81920000 0.00000000
vn -0.00000000 0.00000000 1.00000000
vn -0.70710000 0.70710000 0.00000000
vn -0.00000000 0.00000000 1.00000000
vn -0.58060000 0.40650000 -0.70540000
vn -0.50080000 0.50090000 -0.70590000
vn -0.00000000 0.00000000 1.00000000
vn -0.64210000 0.29940000 -0.70570000
vn -0.58060000 0.40650000 -0.70540000
vn -0.40640000 0.58040000 -0.70570000
vn -0.50080000 0.50090000 -0.70590000
vn -0.00000000 0.00000000 1.00000000
vn -0.58060000 0.40650000 -0.70540000
vn -0.70710000 0.70710000 0.00000000
vn -0.50080000 0.50090000 -0.70590000
vn -0.81910000 0.57360000 0.00000000
vn -0.64210000 0.29940000 -0.70570000
vn -0.58060000 0.40650000 -0.70540000
vn -0.81910000 0.57360000 0.00000000
vn -0.90630000 0.42260000 0.00000000
vn -0.40640000 0.58040000 -0.70570000
vn -0.57360000 0.81920000 -0.00000000
vn -0.70710000 0.70710000 0.00000000
vn -0.50080000 0.50090000 -0.70590000
vn -0.00000000 0.00000000 1.00000000
vn -0.64210000 0.29940000 0.70580000
vn -0.68430000 0.18340000 0.70570000
vn -0.00000000 0.00000000 1.00000000
vn -0.70580000 0.06170000 0.70570000
vn -0.68430000 0.18340000 0.70570000
vn -0.70580000 0.06170000 0.70570000
vn -0.00000000 0.00000000 1.00000000
vn -0.70580000 -0.06170000 0.70580000
vn -0.68430000 0.18340000 0.70570000
vn -0.86600000 0.50000000 0.00000000
vn -0.64210000 0.29940000 0.70580000
vn -0.68430000 0.18340000 0.70570000
vn -0.86600000 0.50000000 0.00000000
vn -0.70580000 0.06170000 0.70570000
vn -0.70580000 -0.06170000 0.70580000
vn -0.86600000 -0.50000000 0.00000000
vn -0.86600000 0.50000000 0.00000000
vn -0.70580000 0.06170000 0.70570000
vn -0.86600000 0.50000000 0.00000000
vn -0.86600000 0.50000000 0.00000000
vn -0.00020000 0.00000000 -1.00000000
vn -0.86600000 0.50000000 0.00000000
vn -0.86600000 0.50000000 0.00000000
vn -0.00010000 0.00000000 -1.00000000
vn 0.00000000 0.00000000 -1.00000000
vn -0.86600000 0.50000000 0.00000000
vn -0.86600000 -0.50000000 0.00000000
vn -0.00020000 0.00000000 -1.00000000
vn -0.96590000 0.25880000 0.00000000
vn -0.90630000 0.42260000 0.00000000
vn -0.00010000 0.00000000 -1.00000000
vn -0.96590000 0.25880000 0.00000000
vn -0.99620000 0.08720000 0.00000000
vn 0.00000000 0.00000000 -1.00000000
vn -0.99620000 0.08720000 0.00000000
vn -0.99620000 -0.08720000 0.00000000
vn -0.00000000 0.00000000 1.00000000
vn -0.96590000 0.25880000 0.00000000
vn -0.90630000 0.42260000 0.00000000
vn -0.99620000 0.08720000 0.00000000
vn -0.96590000 0.25880000 0.00000000
vn -0.00000000 0.00000000 1.00000000
vn -0.99620000 0.08720000 0.00000000
vn -0.00000000 0.00000000 1.00000000
vn -0.99620000 -0.08720000 0.00000000
vn -0.00000000 0.00000000 1.00000000
vn -0.64210000 0.29940000 -0.70570000
vn -0.68430000 0.18330000 -0.70580000
vn -0.00000000 0.00000000 1.00000000
vn -0.70550000 0.06180000 -0.70600000
vn -0.68430000 0.18330000 -0.70580000
vn -0.70570000 -0.06180000 -0.70580000
vn -0.70550000 0.06180000 -0.70600000
vn -0.00000000 0.00000000 1.00000000
vn -0.90630000 0.42260000 0.00000000
vn -0.96590000 0.25880000 0.00000000
vn -0.68430000 0.18330000 -0.70580000
vn -0.64210000 0.29940000 -0.70570000
vn -0.68430000 0.18330000 -0.70580000
vn -0.70550000 0.06180000 -0.70600000
vn -0.99620000 0.08720000 0.00000000
vn -0.96590000 0.25880000 0.00000000
vn -0.99620000 -0.08720000 0.00000000
vn -0.70570000 -0.06180000 -0.70580000
vn -0.70550000 0.06180000 -0.70600000
vn -0.99620000 0.08720000 0.00000000
vn -0.00000000 0.00000000 1.00000000
vn -0.64200000 -0.29940000 0.70580000
vn -0.68430000 -0.18340000 0.70570000
vn -0.00000000 0.00000000 1.00000000
vn -0.58020000 -0.40630000 0.70580000
vn -0.64200000 -0.29940000 0.70580000
vn -0.00000000 0.00000000 1.00000000
vn -0.68430000 -0.18340000 0.70570000
vn -0.70580000 -0.06170000 0.70580000
vn -0.86600000 -0.50000000 0.00000000
vn -0.68430000 -0.18340000 0.70570000
vn -0.64200000 -0.29940000 0.70580000
vn -0.64200000 -0.29940000 0.70580000
vn -0.58020000 -0.40630000 0.70580000
vn -0.86600000 -0.50000000 0.00000000
vn -0.68430000 -0.18340000 0.70570000
vn -0.70580000 -0.06170000 0.70580000
vn -0.86600000 -0.50000000 0.00000000
vn -0.86600000 -0.50000000 0.00000000
vn -0.86600000 -0.50000000 0.00000000
vn -0.86600000 -0.50000000 0.00000000
vn -0.86600000 -0.50000000 0.00000000
vn 0.00000000 0.00000000 -1.00000000
vn -0.86600000 -0.50000000 0.00000000
vn -0.90630000 -0.42260000 0.00000000
vn -0.81910000 -0.57360000 0.00000000
vn -0.00020000 0.00000000 -1.00000000
vn -0.86600000 -0.50000000 0.00000000
vn 0.00000000 0.00000000 -1.00000000
vn 0.00000000 0.00000000 -1.00000000
vn -0.90630000 -0.42260000 0.00000000
vn -0.96590000 -0.25880000 0.00000000
vn -0.96590000 -0.25880000 0.00000000
vn -0.99620000 -0.08720000 0.00000000
vn 0.00000000 0.00000000 -1.00000000
vn -0.90630000 -0.42260000 0.00000000
vn -0.00000000 0.00000000 1.00000000
vn -0.96590000 -0.25880000 0.00000000
vn -0.90630000 -0.42260000 0.00000000
vn -0.81910000 -0.57360000 0.00000000
vn -0.00000000 0.00000000 1.00000000
vn -0.99620000 -0.08720000 0.00000000
vn -0.00000000 0.00000000 1.00000000
vn -0.96590000 -0.25880000 0.00000000
vn -0.64200000 -0.29930000 -0.70590000
vn -0.00000000 0.00000000 1.00000000
vn -0.68430000 -0.18340000 -0.70580000
vn -0.00000000 0.00000000 1.00000000
vn -0.58050000 -0.40640000 -0.70560000
vn -0.64200000 -0.29930000 -0.70590000
vn -0.00000000 0.00000000 1.00000000
vn -0.70570000 -0.06180000 -0.70580000
vn -0.68430000 -0.18340000 -0.70580000
vn -0.90630000 -0.42260000 0.00000000
vn -0.68430000 -0.18340000 -0.70580000
vn -0.64200000 -0.29930000 -0.70590000
vn -0.96590000 -0.25880000 0.00000000
vn -0.64200000 -0.29930000 -0.70590000
vn -0.58050000 -0.40640000 -0.70560000
vn -0.81910000 -0.57360000 0.00000000
vn -0.90630000 -0.42260000 0.00000000
vn -0.70570000 -0.06180000 -0.70580000
vn -0.96590000 -0.25880000 0.00000000
vn -0.99620000 -0.08720000 0.00000000
vn -0.68430000 -0.18340000 -0.70580000
vn -0.50100000 -0.50090000 0.70580000
vn -0.58020000 -0.40630000 0.70580000
vn -0.00000000 0.00000000 1.00000000
vn -0.40630000 -0.58030000 0.70580000
vn -0.00000000 0.00000000 1.00000000
vn -0.50100000 -0.50090000 0.70580000
vn -0.29940000 -0.64210000 0.70570000
vn -0.00000000 0.00000000 1.00000000
vn -0.40630000 -0.58030000 0.70580000
vn -0.58020000 -0.40630000 0.70580000
vn -0.50100000 -0.50090000 0.70580000
vn -0.86600000 -0.50000000 0.00000000
vn -0.40630000 -0.58030000 0.70580000
vn -0.50100000 -0.50090000 0.70580000
vn -0.86600000 -0.50000000 0.00000000
vn -0.40630000 -0.58030000 0.70580000
vn 0.00000000 -1.00000000 0.00000000
vn -0.86600000 -0.50000000 0.00000000
vn -0.29940000 -0.64210000 0.70570000
vn -0.86600000 -0.50000000 0.00000000
vn -0.86600000 -0.50000000 0.00000000
vn 0.00000000 0.00000000 -1.00000000
vn -0.86600000 -0.50000000 0.00000000
vn 0.00000000 0.00000000 -1.00000000
vn -0.86600000 -0.50000000 0.00000000
vn 0.00000000 -1.00000000 0.00000000
vn -0.86600000 -0.50000000 0.00000000
vn 0.00000000 0.00000000 -1.00000000
vn 0.00000000 0.00000000 -1.00000000
vn -0.81910000 -0.57360000 0.00000000
vn -0.70700000 -0.70720000 0.00000000
vn -0.70700000 -0.70720000 0.00000000
vn -0.57350000 -0.81920000 0.00000000
vn 0.00000000 0.00000000 -1.00000000
vn -0.42280000 -0.90620000 0.00000000
vn -0.57350000 -0.81920000 0.00000000
vn 0.00000000 0.00000000 -1.00000000
vn -0.00000000 0.00000000 1.00000000
vn -0.70700000 -0.70720000 0.00000000
vn -0.81910000 -0.57360000 0.00000000
vn -0.57350000 -0.81920000 0.00000000
vn -0.70700000 -0.70720000 0.00000000
vn -0.00000000 0.00000000 1.00000000
vn -0.00000000 0.00000000 1.00000000
vn -0.57350000 -0.81920000 0.00000000
vn -0.42280000 -0.90620000 0.00000000
vn -0.00000000 0.00000000 1.00000000
vn -0.58050000 -0.40640000 -0.70560000
vn -0.50090000 -0.50110000 -0.70570000
vn -0.40610000 -0.58030000 -0.70590000
vn -0.00000000 0.00000000 1.00000000
vn -0.50090000 -0.50110000 -0.70570000
vn -0.00000000 0.00000000 1.00000000
vn -0.29950000 -0.64230000 -0.70550000
vn -0.40610000 -0.58030000 -0.70590000
vn -0.58050000 -0.40640000 -0.70560000
vn -0.50090000 -0.50110000 -0.70570000
vn -0.70710000 -0.70710000 -0.00000000
vn -0.81910000 -0.57360000 0.00000000
vn -0.70710000 -0.70710000 -0.00000000
vn -0.40610000 -0.58030000 -0.70590000
vn -0.57360000 -0.81920000 0.00000000
vn -0.50090000 -0.50110000 -0.70570000
vn -0.29950000 -0.64230000 -0.70550000
vn -0.42260000 -0.90630000 0.00000000
vn -0.57360000 -0.81920000 0.00000000
vn -0.40610000 -0.58030000 -0.70590000
vn -0.18340000 -0.68430000 0.70570000
vn -0.00000000 0.00000000 1.00000000
vn -0.06180000 -0.70580000 0.70570000
vn -0.00000000 0.00000000 1.00000000
vn -0.06180000 -0.70580000 0.70570000
vn 0.06180000 -0.70580000 0.70570000
vn -0.00000000 0.00000000 1.00000000
vn -0.29940000 -0.64210000 0.70570000
vn -0.18340000 -0.68430000 0.70570000
vn -0.18340000 -0.68430000 0.70570000
vn 0.00000000 -1.00000000 0.00000000
vn -0.06180000 -0.70580000 0.70570000
vn 0.00000000 -1.00000000 0.00000000
vn 0.06180000 -0.70580000 0.70570000
vn -0.06180000 -0.70580000 0.70570000
vn -0.18340000 -0.68430000 0.70570000
vn -0.29940000 -0.64210000 0.70570000
vn 0.00000000 -1.00000000 0.00000000
vn 0.00000000 -1.00000000 0.00000000
vn 0.00000000 -1.00000000 0.00000000
vn 0.00000000 -1.00000000 0.00000000
vn 0.00000000 -1.00000000 0.00000000
vn 0.00000000 0.00000000 -1.00000000
vn 0.00000000 -1.00000000 0.00000000
vn 0.08710000 -0.99620000 0.00000000
vn -0.08710000 -0.99620000 0.00000000
vn 0.00000000 0.00000000 -1.00000000
vn 0.00000000 -1.00000000 0.00000000
vn 0.00000000 0.00000000 -1.00000000
vn -0.25880000 -0.96590000 0.00000000
vn -0.08710000 -0.99620000 0.00000000
vn 0.00000000 0.00000000 -1.00000000
vn 0.00000000 0.00000000 -1.00000000
vn -0.25880000 -0.96590000 0.00000000
vn -0.42280000 -0.90620000 0.00000000
vn -0.25880000 -0.96590000 0.00000000
vn -0.00000000 0.00000000 1.00000000
vn -0.08710000 -0.99620000 0.00000000
vn -0.00000000 0.00000000 1.00000000
vn 0.08710000 -0.99620000 0.00000000
vn -0.08710000 -0.99620000 0.00000000
vn -0.25880000 -0.96590000 0.00000000
vn -0.00000000 0.00000000 1.00000000
vn -0.42280000 -0.90620000 0.00000000
vn -0.00000000 0.00000000 1.00000000
vn -0.06180000 -0.70580000 -0.70570000
vn -0.18340000 -0.68450000 -0.70550000
vn -0.00000000 0.00000000 1.00000000
vn -0.06180000 -0.70580000 -0.70570000
vn 0.06170000 -0.70560000 -0.70590000
vn -0.29950000 -0.64230000 -0.70550000
vn -0.18340000 -0.68450000 -0.70550000
vn -0.00000000 0.00000000 1.00000000
vn -0.18340000 -0.68450000 -0.70550000
vn -0.06180000 -0.70580000 -0.70570000
vn -0.25880000 -0.96590000 0.00000000
vn -0.08720000 -0.99620000 0.00000000
vn -0.08720000 -0.99620000 0.00000000
vn 0.08720000 -0.99620000 0.00000000
vn 0.06170000 -0.70560000 -0.70590000
vn -0.06180000 -0.70580000 -0.70570000
vn -0.42260000 -0.90630000 0.00000000
vn -0.25880000 -0.96590000 0.00000000
vn -0.18340000 -0.68450000 -0.70550000
vn -0.29950000 -0.64230000 -0.70550000
vn -0.00000000 0.00000000 1.00000000
vn 0.06180000 -0.70580000 0.70570000
vn 0.18340000 -0.68430000 0.70570000
vn -0.00000000 0.00000000 1.00000000
vn 0.29940000 -0.64210000 0.70570000
vn 0.18340000 -0.68430000 0.70570000
vn 0.40630000 -0.58030000 0.70580000
vn -0.00000000 0.00000000 1.00000000
vn 0.29940000 -0.64210000 0.70570000
vn 0.18340000 -0.68430000 0.70570000
vn 0.06180000 -0.70580000 0.70570000
vn 0.00000000 -1.00000000 0.00000000
vn 0.18340000 -0.68430000 0.70570000
vn 0.29940000 -0.64210000 0.70570000
vn 0.00000000 -1.00000000 0.00000000
vn 0.86600000 -0.50000000 0.00000000
vn 0.00000000 -1.00000000 0.00000000
vn 0.40630000 -0.58030000 0.70580000
vn 0.29940000 -0.64210000 0.70570000
vn 0.00000000 -1.00000000 0.00000000
vn 0.00000000 -1.00000000 0.00000000
vn 0.00000000 0.00000000 -1.00000000
vn 0.00000000 -1.00000000 0.00000000
vn 0.00000000 -1.00000000 0.00000000
vn 0.00000000 0.00000000 -1.00000000
vn 0.00000000 -1.00000000 0.00000000
vn 0.86600000 -0.50000000 0.00000000
vn 0.00000000 0.00000000 -1.00000000
vn 0.00000000 0.00000000 -1.00000000
vn 0.08710000 -0.99620000 0.00000000
vn 0.25880000 -0.96590000 0.00000000
vn 0.25880000 -0.96590000 0.00000000
vn 0.42280000 -0.90620000 0.00000000
vn 0.00000000 0.00000000 -1.00000000
vn 0.42280000 -0.90620000 0.00000000
vn 0.57350000 -0.81920000 0.00000000
vn 0.00000000 0.00000000 -1.00000000
vn 0.08710000 -0.99620000 0.00000000
vn -0.00000000 0.00000000 1.00000000
vn 0.25880000 -0.96590000 0.00000000
vn 0.25880000 -0.96590000 0.00000000
vn 0.42280000 -0.90620000 0.00000000
vn -0.00000000 0.00000000 1.00000000
vn 0.42280000 -0.90620000 0.00000000
vn -0.00000000 0.00000000 1.00000000
vn 0.57350000 -0.81920000 0.00000000
vn 0.06170000 -0.70560000 -0.70590000
vn 0.18340000 -0.68450000 -0.70560000
vn -0.00000000 0.00000000 1.00000000
vn -0.00000000 0.00000000 1.00000000
vn 0.18340000 -0.68450000 -0.70560000
vn 0.29940000 -0.64220000 -0.70560000
vn 0.29940000 -0.64220000 -0.70560000
vn 0.40610000 -0.58010000 -0.70610000
vn -0.00000000 0.00000000 1.00000000
vn 0.08720000 -0.99620000 0.00000000
vn 0.18340000 -0.68450000 -0.70560000
vn 0.06170000 -0.70560000 -0.70590000
vn 0.25880000 -0.96590000 0.00000000
vn 0.18340000 -0.68450000 -0.70560000
vn 0.25880000 -0.96590000 0.00000000
vn 0.29940000 -0.64220000 -0.70560000
vn 0.42260000 -0.90630000 0.00000000
vn 0.29940000 -0.64220000 -0.70560000
vn 0.57360000 -0.81920000 0.00000000
vn 0.40610000 -0.58010000 -0.70610000
vn 0.42260000 -0.90630000 0.00000000
vn 0.50100000 -0.50100000 0.70580000
vn -0.00000000 0.00000000 1.00000000
vn 0.58020000 -0.40630000 0.70590000
vn 0.64200000 -0.29940000 0.70580000
vn 0.58020000 -0.40630000 0.70590000
vn -0.00000000 0.00000000 1.00000000
vn 0.50100000 -0.50100000 0.70580000
vn 0.40630000 -0.58030000 0.70580000
vn -0.00000000 0.00000000 1.00000000
vn 0.86600000 -0.50000000 0.00000000
vn 0.58020000 -0.40630000 0.70590000
vn 0.50100000 -0.50100000 0.70580000
vn 0.86600000 -0.50000000 0.00000000
vn 0.58020000 -0.40630000 0.70590000
vn 0.64200000 -0.29940000 0.70580000
vn 0.40630000 -0.58030000 0.70580000
vn 0.86600000 -0.50000000 0.00000000
vn 0.50100000 -0.50100000 0.70580000
vn 0.86600000 -0.50000000 0.00000000
vn 0.86600000 -0.50000000 0.00000000
vn 0.86600000 -0.50000000 0.00000000
vn 0.00000000 0.00000000 -1.00000000
vn 0.86600000 -0.50000000 0.00000000
vn 0.81910000 -0.57360000 0.00000000
vn 0.86600000 -0.50000000 0.00000000
vn 0.00020000 0.00000000 -1.00000000
vn 0.90630000 -0.42260000 0.00000000
vn 0.86600000 -0.50000000 0.00000000
vn 0.00000000 0.00000000 -1.00000000
vn 0.70700000 -0.70720000 0.00000000
vn 0.00040000 0.00000000 -1.00000000
vn 0.81910000 -0.57360000 0.00000000
vn 0.57350000 -0.81920000 0.00000000
vn 0.00000000 0.00000000 -1.00000000
vn 0.70700000 -0.70720000 0.00000000
vn -0.00000000 0.00000000 1.00000000
vn 0.81910000 -0.57360000 0.00000000
vn 0.70700000 -0.70720000 0.00000000
vn -0.00000000 0.00000000 1.00000000
vn 0.90630000 -0.42260000 0.00000000
vn 0.81910000 -0.57360000 0.00000000
vn -0.00000000 0.00000000 1.00000000
vn 0.57350000 -0.81920000 0.00000000
vn 0.70700000 -0.70720000 0.00000000
vn 0.58030000 -0.40630000 -0.70580000
vn 0.50090000 -0.50090000 -0.70580000
vn -0.00000000 0.00000000 1.00000000
vn 0.64180000 -0.29940000 -0.70600000
vn 0.58030000 -0.40630000 -0.70580000
vn -0.00000000 0.00000000 1.00000000
vn -0.00000000 0.00000000 1.00000000
vn 0.50090000 -0.50090000 -0.70580000
vn 0.40610000 -0.58010000 -0.70610000
vn 0.50090000 -0.50090000 -0.70580000
vn 0.81910000 -0.57360000 0.00000000
vn 0.70710000 -0.70710000 0.00000000
vn 0.58030000 -0.40630000 -0.70580000
vn 0.81910000 -0.57360000 0.00000000
vn 0.64180000 -0.29940000 -0.70600000
vn 0.58030000 -0.40630000 -0.70580000
vn 0.90630000 -0.42260000 0.00000000
vn 0.40610000 -0.58010000 -0.70610000
vn 0.57360000 -0.81920000 0.00000000
vn 0.70710000 -0.70710000 0.00000000
vn 0.50090000 -0.50090000 -0.70580000
vn -0.00000000 0.00000000 1.00000000
vn 0.64200000 -0.29940000 0.70580000
vn 0.68430000 -0.18340000 0.70570000
vn -0.00000000 0.00000000 1.00000000
vn 0.68430000 -0.18340000 0.70570000
vn 0.70580000 -0.06170000 0.70580000
vn 0.70580000 -0.06170000 0.70580000
vn -0.00000000 0.00000000 1.00000000
vn 0.70580000 0.06170000 0.70580000
vn 0.64200000 -0.29940000 0.70580000
vn 0.68430000 -0.18340000 0.70570000
vn 0.86600000 -0.50000000 0.00000000
vn 0.70580000 -0.06170000 0.70580000
vn 0.68430000 -0.18340000 0.70570000
vn 0.86600000 -0.50000000 0.00000000
vn 0.70580000 -0.06170000 0.70580000
vn 0.70580000 0.06170000 0.70580000
vn 0.86600000 0.50000000 0.00000000
vn 0.86600000 -0.50000000 0.00000000
vn 0.86600000 -0.50000000 0.00000000
vn 0.86600000 -0.50000000 0.00000000
vn 0.86600000 -0.50000000 0.00000000
vn 0.00020000 0.00000000 -1.00000000
vn 0.86600000 -0.50000000 0.00000000
vn 0.00010000 0.00000000 -1.00000000
vn 0.86600000 0.50000000 0.00000000
vn 0.00000000 0.00000000 -1.00000000
vn 0.86600000 -0.50000000 0.00000000
vn 0.00020000 0.00000000 -1.00000000
vn 0.96590000 -0.25880000 0.00000000
vn 0.90630000 -0.42260000 0.00000000
vn 0.96590000 -0.25880000 0.00000000
vn 0.00010000 0.00000000 -1.00000000
vn 0.99620000 -0.08720000 0.00000000
vn 0.00000000 0.00000000 -1.00000000
vn 0.99620000 -0.08720000 0.00000000
vn 0.99620000 0.08720000 0.00000000
vn -0.00000000 0.00000000 1.00000000
vn 0.96590000 -0.25880000 0.00000000
vn 0.90630000 -0.42260000 0.00000000
vn -0.00000000 0.00000000 1.00000000
vn 0.99620000 -0.08720000 0.00000000
vn 0.96590000 -0.25880000 0.00000000
vn 0.99620000 0.08720000 0.00000000
vn -0.00000000 0.00000000 1.00000000
vn 0.99620000 -0.08720000 0.00000000
vn -0.00000000 0.00000000 1.00000000
vn 0.64180000 -0.29940000 -0.70600000
vn 0.68430000 -0.18340000 -0.70580000
vn -0.00000000 0.00000000 1.00000000
vn 0.68430000 -0.18340000 -0.70580000
vn 0.70570000 -0.06170000 -0.70580000
vn 0.70560000 0.06180000 -0.70600000
vn -0.00000000 0.00000000 1.00000000
vn 0.70570000 -0.06170000 -0.70580000
vn 0.64180000 -0.29940000 -0.70600000
vn 0.90630000 -0.42260000 0.00000000
vn 0.96590000 -0.25880000 0.00000000
vn 0.68430000 -0.18340000 -0.70580000
vn 0.96590000 -0.25880000 0.00000000
vn 0.68430000 -0.18340000 -0.70580000
vn 0.70570000 -0.06170000 -0.70580000
vn 0.99620000 -0.08720000 0.00000000
vn 0.99620000 0.08720000 0.00000000
vn 0.70570000 -0.06170000 -0.70580000
vn 0.99620000 -0.08720000 0.00000000
vn 0.70560000 0.06180000 -0.70600000
vn 0.64210000 0.29940000 0.70580000
vn -0.00000000 0.00000000 1.00000000
vn 0.68430000 0.18340000 0.70580000
vn 0.64210000 0.29940000 0.70580000
vn -0.00000000 0.00000000 1.00000000
vn 0.58030000 0.40630000 0.70580000
vn -0.00000000 0.00000000 1.00000000
vn 0.68430000 0.18340000 0.70580000
vn 0.70580000 0.06170000 0.70580000
vn 0.86600000 0.50000000 0.00000000
vn 0.68430000 0.18340000 0.70580000
vn 0.64210000 0.29940000 0.70580000
vn 0.58030000 0.40630000 0.70580000
vn 0.64210000 0.29940000 0.70580000
vn 0.86600000 0.50000000 0.00000000
vn 0.86600000 0.50000000 0.00000000
vn 0.70580000 0.06170000 0.70580000
vn 0.68430000 0.18340000 0.70580000
vn 0.86600000 0.50000000 0.00000000
vn 0.86600000 0.50000000 0.00000000
vn 0.86600000 0.50000000 0.00000000
vn 0.86600000 0.50000000 0.00000000
vn 0.00000000 0.00000000 -1.00000000
vn 0.81910000 0.57360000 0.00000000
vn 0.00020000 0.00000000 -1.00000000
vn 0.86600000 0.50000000 0.00000000
vn 0.90630000 0.42260000 0.00000000
vn 0.00000000 0.00000000 -1.00000000
vn 0.86600000 0.50000000 0.00000000
vn 0.96590000 0.25880000 0.00000000
vn 0.90630000 0.42260000 0.00000000
vn 0.00000000 0.00000000 -1.00000000
vn 0.00000000 0.00000000 -1.00000000
vn 0.96590000 0.25880000 0.00000000
vn 0.99620000 0.08720000 0.00000000
vn 0.96590000 0.25880000 0.00000000
vn -0.00000000 0.00000000 1.00000000
vn 0.90630000 0.42260000 0.00000000
vn 0.81910000 0.57360000 0.00000000
vn 0.90630000 0.42260000 0.00000000
vn -0.00000000 0.00000000 1.00000000
vn -0.00000000 0.00000000 1.00000000
vn 0.99620000 0.08720000 0.00000000
vn 0.96590000 0.25880000 0.00000000
vn 0.64210000 0.29940000 -0.70580000
vn -0.00000000 0.00000000 1.00000000
vn 0.68440000 0.18330000 -0.70570000
vn -0.00000000 0.00000000 1.00000000
vn 0.58050000 0.40640000 -0.70560000
vn 0.64210000 0.29940000 -0.70580000
vn 0.68440000 0.18330000 -0.70570000
vn 0.70560000 0.06180000 -0.70600000
vn -0.00000000 0.00000000 1.00000000
vn 0.96590000 0.25880000 0.00000000
vn 0.68440000 0.18330000 -0.70570000
vn 0.64210000 0.29940000 -0.70580000
vn 0.90630000 0.42260000 0.00000000
vn 0.90630000 0.42260000 0.00000000
vn 0.64210000 0.29940000 -0.70580000
vn 0.81910000 0.57360000 0.00000000
vn 0.58050000 0.40640000 -0.70560000
vn 0.70560000 0.06180000 -0.70600000
vn 0.99620000 0.08720000 0.00000000
vn 0.96590000 0.25880000 0.00000000
vn 0.68440000 0.18330000 -0.70570000
vn 0.50090000 0.50090000 0.70580000
vn 0.58030000 0.40630000 0.70580000
vn -0.00000000 0.00000000 1.00000000
vn -0.00000000 0.00000000 1.00000000
vn 0.40630000 0.58030000 0.70580000
vn 0.50090000 0.50090000 0.70580000
vn 0.50090000 0.50090000 0.70580000
vn 0.58030000 0.40630000 0.70580000
vn 0.86600000 0.50000000 0.00000000
vn 0.86600000 0.50000000 0.00000000
vn 0.40630000 0.58030000 0.70580000
vn 0.50090000 0.50090000 0.70580000
vn 0.86600000 0.50000000 0.00000000
vn 0.86600000 0.50000000 0.00000000
vn 0.86600000 0.50000000 0.00000000
vn 0.00000000 0.00000000 -1.00000000
vn 0.86600000 0.50000000 0.00000000
vn 0.00000000 0.00000000 -1.00000000
vn 0.81910000 0.57360000 0.00000000
vn 0.00000000 0.00000000 -1.00000000
vn 0.70710000 0.70710000 0.00000000
vn 0.57350000 0.81920000 0.00000000
vn 0.70710000 0.70710000 0.00000000
vn 0.00000000 0.00000000 -1.00000000
vn 0.70710000 0.70710000 0.00000000
vn -0.00000000 0.00000000 1.00000000
vn 0.81910000 0.57360000 0.00000000
vn 0.57350000 0.81920000 0.00000000
vn 0.70710000 0.70710000 0.00000000
vn -0.00000000 0.00000000 1.00000000
vn 0.50060000 0.50080000 -0.70620000
vn -0.00000000 0.00000000 1.00000000
vn 0.58050000 0.40640000 -0.70560000
vn 0.40620000 0.58030000 -0.70590000
vn 0.50060000 0.50080000 -0.70620000
vn -0.00000000 0.00000000 1.00000000
vn 0.50060000 0.50080000 -0.70620000
vn 0.70710000 0.70710000 0.00000000
vn 0.81910000 0.57360000 0.00000000
vn 0.58050000 0.40640000 -0.70560000
vn 0.70710000 0.70710000 0.00000000
vn 0.40620000 0.58030000 -0.70590000
vn 0.50060000 0.50080000 -0.70620000
vn 0.57360000 0.81920000 0.00000000
vn 0.25880000 0.96590000 0.00000000
vn 0.08720000 0.99620000 0.00000000
vn 0.00000000 0.00000000 -1.00000000
vn -0.08720000 0.99620000 0.00000000
vn 0.00000000 0.00000000 -1.00000000
vn 0.08720000 0.99620000 0.00000000
vn 0.42260000 0.90630000 0.00000000
vn 0.25880000 0.96590000 0.00000000
vn 0.00000000 0.00000000 -1.00000000
vn 0.42260000 0.90630000 0.00000000
vn 0.57360000 0.81920000 0.00000000
vn 0.00000000 0.00000000 -1.00000000
vn 0.70710000 0.70710000 0.00000000
vn 0.00000000 0.00000000 -1.00000000
vn 0.57360000 0.81920000 0.00000000
vn 0.81910000 0.57360000 0.00000000
vn 0.70710000 0.70710000 0.00000000
vn 0.00000000 0.00000000 -1.00000000
vn 0.81910000 0.57360000 0.00000000
vn 0.00000000 0.00000000 -1.00000000
vn 0.90630000 0.42260000 0.00000000
vn 0.96590000 0.25880000 0.00000000
vn 0.90630000 0.42260000 0.00000000
vn 0.00000000 0.00000000 -1.00000000
vn 0.99620000 0.08720000 0.00000000
vn 0.96590000 0.25880000 0.00000000
vn 0.00000000 0.00000000 -1.00000000
vn 0.99620000 -0.08720000 0.00000000
vn 0.99620000 0.08720000 0.00000000
vn 0.00000000 0.00000000 -1.00000000
vn 0.00000000 0.00000000 -1.00000000
vn 0.96590000 -0.25880000 0.00000000
vn 0.99620000 -0.08720000 0.00000000
vn 0.96590000 -0.25880000 0.00000000
vn 0.90630000 -0.42260000 0.00000000
vn 0.00000000 0.00000000 -1.00000000
vn 0.81910000 -0.57360000 0.00000000
vn 0.90630000 -0.42260000 0.00000000
vn 0.00000000 0.00000000 -1.00000000
vn 0.81910000 -0.57360000 0.00000000
vn 0.00000000 0.00000000 -1.00000000
vn 0.70710000 -0.70710000 0.00000000
vn 0.57360000 -0.81920000 0.00000000
vn 0.00000000 0.00000000 -1.00000000
vn 0.70710000 -0.70710000 0.00000000
vn 0.57360000 -0.81920000 0.00000000
vn 0.42260000 -0.90630000 0.00000000
vn 0.00000000 0.00000000 -1.00000000
vn 0.42260000 -0.90630000 0.00000000
vn 0.25880000 -0.96590000 0.00000000
vn 0.00000000 0.00000000 -1.00000000
vn 0.08720000 -0.99620000 0.00000000
vn 0.00000000 0.00000000 -1.00000000
vn 0.25880000 -0.96590000 0.00000000
vn -0.08720000 -0.99620000 0.00000000
vn 0.00000000 0.00000000 -1.00000000
vn 0.08720000 -0.99620000 0.00000000
vn -0.25880000 -0.96590000 0.00000000
vn 0.00000000 0.00000000 -1.00000000
vn -0.08720000 -0.99620000 0.00000000
vn 0.00000000 0.00000000 -1.00000000
vn -0.42260000 -0.90630000 0.00000000
vn -0.25880000 -0.96590000 0.00000000
vn -0.42260000 -0.90630000 0.00000000
vn 0.00000000 0.00000000 -1.00000000
vn -0.57360000 -0.81920000 0.00000000
vn 0.00000000 0.00000000 -1.00000000
vn -0.57360000 -0.81920000 0.00000000
vn -0.70710000 -0.70710000 -0.00000000
vn -0.70710000 -0.70710000 -0.00000000
vn -0.81910000 -0.57360000 0.00000000
vn 0.00000000 0.00000000 -1.00000000
vn -0.90630000 -0.42260000 0.00000000
vn -0.81910000 -0.57360000 0.00000000
vn 0.00000000 0.00000000 -1.00000000
vn -0.96590000 -0.25880000 0.00000000
vn 0.00000000 0.00000000 -1.00000000
vn -0.90630000 -0.42260000 0.00000000
vn 0.00000000 0.00000000 -1.00000000
vn -0.99620000 -0.08720000 0.00000000
vn -0.96590000 -0.25880000 0.00000000
vn -0.99620000 0.08720000 0.00000000
vn -0.99620000 -0.08720000 0.00000000
vn 0.00000000 0.00000000 -1.00000000
vn -0.99620000 0.08720000 0.00000000
vn 0.00000000 0.00000000 -1.00000000
vn -0.96590000 0.25880000 0.00000000
vn 0.00000000 0.00000000 -1.00000000
vn -0.96590000 0.25880000 0.00000000
vn -0.90630000 0.42260000 0.00000000
vn 0.00000000 0.00000000 -1.00000000
vn -0.81910000 0.57360000 0.00000000
vn -0.90630000 0.42260000 0.00000000
vn -0.70710000 0.70710000 0.00000000
vn -0.81910000 0.57360000 0.00000000
vn 0.00000000 0.00000000 -1.00000000
vn 0.00000000 0.00000000 -1.00000000
vn -0.70710000 0.70710000 0.00000000
vn -0.57360000 0.81920000 -0.00000000
vn 0.00000000 0.00000000 -1.00000000
vn -0.42260000 0.90630000 0.00000000
vn -0.57360000 0.81920000 -0.00000000
vn -0.25880000 0.96590000 0.00000000
vn -0.42260000 0.90630000 0.00000000
vn 0.00000000 0.00000000 -1.00000000
vn -0.25880000 0.96590000 0.00000000
vn -0.08720000 0.99620000 0.00000000
vn 0.00000000 0.00000000 -1.00000000
vn 0.00000000 -1.00000000 0.00000000
vn 0.00000000 1.00000000 0.00000000
vn 0.00000000 0.00000000 -1.00000000
vn -0.00000000 0.00000000 1.00000000
vn -0.00000000 0.00000000 1.00000000
vn -0.00000000 0.00000000 1.00000000
vn -0.00000000 0.00000000 1.00000000
vn -0.00000000 0.00000000 1.00000000
vn -0.00000000 0.00000000 1.00000000
vn 0.00000000 -1.00000000 0.00000000
vn -0.00000000 0.00000000 1.00000000
vn -0.00000000 0.00000000 1.00000000
vn 0.00000000 -1.00000000 0.00000000
vn -0.00000000 0.00000000 1.00000000
vn 0.00000000 -1.00000000 0.00000000
vn 0.00000000 -1.00000000 0.00000000
vn 0.00000000 1.00000000 0.00000000
vn 0.00000000 -1.00000000 0.00000000
vn 0.00000000 1.00000000 0.00000000
vn 0.00000000 1.00000000 0.00000000
vn 0.00000000 -1.00000000 0.00000000
vn 0.00000000 1.00000000 0.00000000
vn 0.00000000 -1.00000000 0.00000000
vn -0.00000000 0.00000000 1.00000000
vn 0.00000000 1.00000000 0.00000000
vn 0.00000000 -1.00000000 0.00000000
vn -0.00000000 0.00000000 1.00000000
vn -0.00000000 0.00000000 1.00000000
vn 0.00000000 1.00000000 0.00000000
vn 0.00000000 -1.00000000 0.00000000
vn -0.00000000 0.00000000 1.00000000
vn 0.00000000 1.00000000 0.00000000
vn -0.00000000 0.00000000 1.00000000
vn 0.00000000 1.00000000 0.00000000
vn 0.00000000 -1.00000000 0.00000000
vn 0.00000000 -1.00000000 0.00000000
vn 0.00000000 1.00000000 0.00000000
vn -0.00000000 0.00000000 1.00000000
vn 0.00000000 -1.00000000 0.00000000
vn -0.00000000 0.00000000 1.00000000
vn 0.00000000 1.00000000 0.00000000
vn -0.00000000 0.00000000 1.00000000
vn 0.00000000 -1.00000000 0.00000000
vn -0.00000000 0.00000000 1.00000000
vn 0.00000000 -1.00000000 0.00000000
vn -0.00000000 0.00000000 1.00000000
vn 0.00000000 -1.00000000 0.00000000
vn -0.00000000 0.00000000 1.00000000
vn 0.00000000 -1.00000000 0.00000000
vn -0.00000000 0.00000000 1.00000000
vn -0.00000000 0.00000000 1.00000000
vn 0.00000000 -1.00000000 0.00000000
vn 0.00000000 -1.00000000 0.00000000
vn -0.00000000 0.00000000 1.00000000
vn -0.00000000 0.00000000 1.00000000
vn 0.00000000 -1.00000000 0.00000000
vn -0.00000000 0.00000000 1.00000000
vn 0.00000000 -1.00000000 0.00000000
vn -0.00000000 0.00000000 1.00000000
vn 0.00000000 -1.00000000 0.00000000
vn 0.00000000 -1.00000000 0.00000000
vn 0.00000000 1.00000000 0.00000000
vn -0.00000000 0.00000000 1.00000000
vn 0.00000000 1.00000000 0.00000000
vn -0.00000000 0.00000000 1.00000000
vn -0.00000000 0.00000000 1.00000000
vn -0.00000000 0.00000000 1.00000000
vn -0.00000000 0.00000000 1.00000000
vn -0.00000000 0.00000000 1.00000000
vn -0.00000000 0.00000000 1.00000000
vn 0.00000000 -1.00000000 0.00000000
vn 0.00000000 -1.00000000 0.00000000
vn -0.00000000 0.00000000 1.00000000
vn 0.00000000 -1.00000000 0.00000000
vn -0.00000000 0.00000000 1.00000000
vn 0.00000000 -1.00000000 0.00000000
vn -0.00000000 0.00000000 1.00000000
vn 0.00000000 -1.00000000 0.00000000
vn -0.00000000 0.00000000 1.00000000
vn -0.00000000 0.00000000 1.00000000
vn 0.00000000 -1.00000000 0.00000000
vn 0.00000000 -1.00000000 0.00000000
vn 0.00000000 1.00000000 0.00000000
vn -0.00000000 0.00000000 1.00000000
vn 0.00000000 1.00000000 0.00000000
vn -0.00000000 0.00000000 1.00000000
vn -0.00000000 0.00000000 1.00000000
vn -0.00000000 0.00000000 1.00000000
vn -0.00000000 0.00000000 1.00000000
vn -0.00000000 0.00000000 1.00000000
vn 0.00000000 -1.00000000 0.00000000
vn 0.00000000 -1.00000000 0.00000000
vn -0.00000000 0.00000000 1.00000000
vn 0.00000000 -1.00000000 0.00000000
vn -0.00000000 0.00000000 1.00000000
vn -0.00000000 0.00000000 1.00000000
vn 0.00000000 -1.00000000 0.00000000
vn -0.00000000 0.00000000 1.00000000
vn 0.00000000 -1.00000000 0.00000000
vn -0.00000000 0.00000000 1.00000000
vn 0.00000000 -1.00000000 0.00000000
vn -0.00000000 0.00000000 1.00000000
vn 0.00000000 1.00000000 0.00000000
vn 0.00000000 -1.00000000 0.00000000
vn -0.00000000 0.00000000 1.00000000
vn 0.00000000 1.00000000 0.00000000
vn -0.00000000 0.00000000 1.00000000
vn -0.00000000 0.00000000 1.00000000
vn -0.00000000 0.00000000 1.00000000
vn 0.00000000 -1.00000000 0.00000000
vn -0.00000000 0.00000000 1.00000000
vn 0.00000000 -1.00000000 0.00000000
vn -0.00000000 0.00000000 1.00000000
vn 0.00000000 -1.00000000 0.00000000
vn 0.00000000 1.00000000 0.00000000
vn -0.00000000 0.00000000 1.00000000
vn -0.00000000 0.00000000 1.00000000
vn 0.00000000 1.00000000 0.00000000
vn -0.00000000 0.00000000 1.00000000
vn -0.00000000 0.00000000 1.00000000
vn -0.00000000 0.00000000 1.00000000
vn 0.00000000 -1.00000000 0.00000000
vn -0.00000000 0.00000000 1.00000000
vn -0.00000000 0.00000000 1.00000000
vn 0.00000000 -1.00000000 0.00000000
vn -0.00000000 0.00000000 1.00000000
vn 0.00000000 -1.00000000 0.00000000
vn 0.00000000 -1.00000000 0.00000000
vn -0.00000000 0.00000000 1.00000000
vn -0.00000000 0.00000000 1.00000000
vn 0.00000000 -1.00000000 0.00000000
vn -0.00000000 0.00000000 1.00000000
vn 0.00000000 -1.00000000 0.00000000
vn 0.00000000 1.00000000 0.00000000
vn -0.00000000 0.00000000 1.00000000
vn 0.00000000 -1.00000000 0.00000000
vn 0.00000000 1.00000000 0.00000000
vn -0.00000000 0.00000000 1.00000000
vn -0.00000000 0.00000000 1.00000000
vn -0.00000000 0.00000000 1.00000000
vn -0.00000000 0.00000000 1.00000000
vn 0.00000000 -1.00000000 0.00000000
vn -0.00000000 0.00000000 1.00000000
vn -0.00000000 0.00000000 1.00000000
vn 0.00000000 -1.00000000 0.00000000
vn 0.00000000 -1.00000000 0.00000000
vn -0.00000000 0.00000000 1.00000000
vn 0.00000000 -1.00000000 0.00000000
vn -0.00000000 0.00000000 1.00000000
vn -0.00000000 0.00000000 1.00000000
vn 0.00000000 -1.00000000 0.00000000
vn 0.00000000 -1.00000000 0.00000000
vn -0.00000000 0.00000000 1.00000000
vn 0.00000000 -1.00000000 0.00000000
vn -0.00000000 0.00000000 1.00000000
vn 0.00000000 1.00000000 0.00000000
vn -0.00000000 0.00000000 1.00000000
vn 0.00000000 1.00000000 0.00000000
vn -0.00000000 0.00000000 1.00000000
vn -0.00000000 0.00000000 1.00000000
vn -0.00000000 0.00000000 1.00000000
vn -0.00000000 0.00000000 1.00000000
vn 0.00000000 -1.00000000 0.00000000
vn -0.00000000 0.00000000 1.00000000
vn 0.00000000 -1.00000000 0.00000000
vn -0.00000000 0.00000000 1.00000000
vn 0.00000000 -1.00000000 0.00000000
vn 0.00000000 -1.00000000 0.00000000
vn -0.00000000 0.00000000 1.00000000
vn -0.00000000 0.00000000 1.00000000
vn 0.00000000 -1.00000000 0.00000000
vn 0.00000000 -1.00000000 0.00000000
vn -0.00000000 0.00000000 1.00000000
vn 0.00000000 1.00000000 0.00000000
vn 0.00000000 -1.00000000 0.00000000
vn -0.00000000 0.00000000 1.00000000
vn -0.00000000 0.00000000 1.00000000
vn 0.00000000 1.00000000 0.00000000
vn -0.00000000 0.00000000 1.00000000
vn 0.00000000 -1.00000000 0.00000000
vn -0.00000000 0.00000000 1.00000000
vn -0.00000000 0.00000000 1.00000000
vn 0.00000000 -1.00000000 0.00000000
vn 0.00000000 -1.00000000 0.00000000
vn -0.00000000 0.00000000 1.00000000
vn -0.00000000 0.00000000 1.00000000
vn 0.00000000 -1.00000000 0.00000000
vn -0.00000000 0.00000000 1.00000000
vn 0.00000000 -1.00000000 0.00000000
vn 0.00000000 1.00000000 0.00000000
vn -0.00000000 0.00000000 1.00000000
vn 0.00000000 1.00000000 0.00000000
vn -0.00000000 0.00000000 1.00000000
vn -0.00000000 0.00000000 1.00000000
vn -0.00000000 0.00000000 1.00000000
vn 0.00000000 -1.00000000 0.00000000
vn -0.00000000 0.00000000 1.00000000
vn -0.00000000 0.00000000 1.00000000
vn 0.00000000 -1.00000000 0.00000000
vn 0.00000000 -1.00000000 0.00000000
vn -0.00000000 0.00000000 1.00000000
vn 0.00000000 -1.00000000 0.00000000
vn -0.00000000 0.00000000 1.00000000
vn -0.00000000 0.00000000 1.00000000
vn 0.00000000 -1.00000000 0.00000000
vn -0.00000000 0.00000000 1.00000000
vn 0.00000000 -1.00000000 0.00000000
vn 0.00000000 1.00000000 0.00000000
vn -0.00000000 0.00000000 1.00000000
vn 0.00000000 -1.00000000 0.00000000
vn -0.00000000 0.00000000 1.00000000
vn 0.00000000 1.00000000 0.00000000
vn -0.00000000 0.00000000 1.00000000
vn -0.00000000 0.00000000 1.00000000
vn -0.00000000 0.00000000 1.00000000
vn -0.00000000 0.00000000 1.00000000
vn 0.00000000 -1.00000000 0.00000000
vn -0.00000000 0.00000000 1.00000000
vn 0.00000000 -1.00000000 0.00000000
vn 0.00000000 -1.00000000 0.00000000
vn -0.00000000 0.00000000 1.00000000
vn 0.00000000 -1.00000000 0.00000000
vn -0.00000000 0.00000000 1.00000000
vn -0.00000000 0.00000000 1.00000000
vn 0.00000000 -1.00000000 0.00000000
vn 0.00000000 -1.00000000 0.00000000
vn -0.00000000 0.00000000 1.00000000
vn 0.00000000 1.00000000 0.00000000
vn 0.00000000 -1.00000000 0.00000000
vn -0.00000000 0.00000000 1.00000000
vn -0.00000000 0.00000000 1.00000000
vn 0.00000000 1.00000000 0.00000000
vn -0.00000000 0.00000000 1.00000000
vn -0.00000000 0.00000000 1.00000000
vn -0.00000000 0.00000000 1.00000000
vn -0.00000000 0.00000000 1.00000000
vn 0.00000000 -1.00000000 0.00000000
vn -0.00000000 0.00000000 1.00000000
vn 0.00000000 -1.00000000 0.00000000
vn 0.00000000 -1.00000000 0.00000000
vn -0.00000000 0.00000000 1.00000000
vn 0.00000000 -1.00000000 0.00000000
vn -0.00000000 0.00000000 1.00000000
vn 0.00000000 -1.00000000 0.00000000
vn -0.00000000 0.00000000 1.00000000
vn -0.00000000 0.00000000 1.00000000
vn -0.00000000 0.00000000 1.00000000
vn -0.00000000 0.00000000 1.00000000
vn 0.00000000 -1.00000000 0.00000000
vn -0.00000000 0.00000000 1.00000000
vn 0.00000000 -1.00000000 0.00000000
vn 0.00000000 -1.00000000 0.00000000
vn -0.00000000 0.00000000 1.00000000
vn -0.00000000 0.00000000 1.00000000
vn 0.00000000 -1.00000000 0.00000000
vn -0.00000000 0.00000000 1.00000000
vn 0.00000000 -1.00000000 0.00000000
vn 0.00000000 -1.00000000 0.00000000
vn -0.00000000 0.00000000 1.00000000
vn -0.00000000 0.00000000 1.00000000
vn 0.00000000 -1.00000000 0.00000000
vn 0.00000000 1.00000000 0.00000000
vn -0.00000000 0.00000000 1.00000000
vn 0.00000000 1.00000000 0.00000000
vn -0.00000000 0.00000000 1.00000000
vn -0.00000000 0.00000000 1.00000000
vn -0.00000000 0.00000000 1.00000000
vn -0.00000000 0.00000000 1.00000000
vn 0.00000000 -1.00000000 0.00000000
vn -0.00000000 0.00000000 1.00000000
vn 0.00000000 -1.00000000 0.00000000
vn -0.00000000 0.00000000 1.00000000
vn 0.00000000 -1.00000000 0.00000000
vn 0.00000000 -1.00000000 0.00000000
vn -0.00000000 0.00000000 1.00000000
vn 0.00000000 -1.00000000 0.00000000
vn -0.00000000 0.00000000 1.00000000
vn 0.00000000 -1.00000000 0.00000000
vn -0.00000000 0.00000000 1.00000000
vn 0.00000000 -1.00000000 0.00000000
vn 0.00000000 1.00000000 0.00000000
vn -0.00000000 0.00000000 1.00000000
vn 0.00000000 1.00000000 0.00000000
vn -0.00000000 0.00000000 1.00000000
vn -0.00000000 0.00000000 1.00000000
vn -0.00000000 0.00000000 1.00000000
vn -0.00000000 0.00000000 1.00000000
vn -0.00000000 0.00000000 1.00000000
vn 0.00000000 -1.00000000 0.00000000
vn -0.00000000 0.00000000 1.00000000
vn 0.00000000 -1.00000000 0.00000000
vn 0.00000000 -1.00000000 0.00000000
vn -0.00000000 0.00000000 1.00000000
vn -0.00000000 0.00000000 1.00000000
vn 0.00000000 -1.00000000 0.00000000
vn -0.00000000 0.00000000 1.00000000
vn 0.00000000 -1.00000000 0.00000000
vn -0.00000000 0.00000000 1.00000000
vn 0.00000000 -1.00000000 0.00000000
vn 0.00000000 -1.00000000 0.00000000
vn 0.00000000 1.00000000 0.00000000
vn -0.00000000 0.00000000 1.00000000
vn -0.00000000 0.00000000 1.00000000
vn 0.00000000 1.00000000 0.00000000
vn -0.00000000 0.00000000 1.00000000
vn -0.00000000 0.00000000 1.00000000
vn -0.00000000 0.00000000 1.00000000
vn -0.00000000 0.00000000 1.00000000
vn 0.00000000 -1.00000000 0.00000000
vn -0.00000000 0.00000000 1.00000000
vn 0.00000000 -1.00000000 0.00000000
vn 0.00000000 -1.00000000 0.00000000
vn 0.00000000 1.00000000 0.00000000
vn -0.00000000 0.00000000 1.00000000
vn 0.00000000 1.00000000 0.00000000
vn -0.00000000 0.00000000 1.00000000
vn -0.00000000 0.00000000 1.00000000
vn -0.00000000 0.00000000 1.00000000
vn -0.00000000 0.00000000 1.00000000
vn -0.00000000 0.00000000 1.00000000
vn 0.00000000 -1.00000000 0.00000000
vn -0.00000000 0.00000000 1.00000000
vn 0.00000000 -1.00000000 0.00000000
vn -0.00000000 0.00000000 1.00000000
vn 0.00000000 -1.00000000 0.00000000
vn 0.00000000 -1.00000000 0.00000000
vn -0.00000000 0.00000000 1.00000000
vn 0.00000000 -1.00000000 0.00000000
vn -0.00000000 0.00000000 1.00000000
vn 0.00000000 -1.00000000 0.00000000
vn -0.00000000 0.00000000 1.00000000
vn 0.00000000 -1.00000000 0.00000000
vn 0.00000000 1.00000000 0.00000000
vn -0.00000000 0.00000000 1.00000000
vn 0.00000000 1.00000000 0.00000000
vn -0.00000000 0.00000000 1.00000000
vn -0.00000000 0.00000000 1.00000000
vn -0.00000000 0.00000000 1.00000000
vn -0.00000000 0.00000000 1.00000000
vn -0.00000000 0.00000000 1.00000000
vn 0.00000000 -1.00000000 0.00000000
vn -0.00000000 0.00000000 1.00000000
vn 0.00000000 -1.00000000 0.00000000
vn 0.00000000 -1.00000000 0.00000000
vn -0.00000000 0.00000000 1.00000000
vn 0.00000000 -1.00000000 0.00000000
vn -0.00000000 0.00000000 1.00000000
vn 0.00000000 -1.00000000 0.00000000
vn -0.00000000 0.00000000 1.00000000
vn 0.00000000 -1.00000000 0.00000000
vn -0.00000000 0.00000000 1.00000000
vn 0.00000000 1.00000000 0.00000000
vn 0.00000000 -1.00000000 0.00000000
vn -0.00000000 0.00000000 1.00000000
vn 0.00000000 1.00000000 0.00000000
vn -0.00000000 0.00000000 1.00000000
vn -0.00000000 0.00000000 1.00000000
vn -0.00000000 0.00000000 1.00000000
vn -0.00000000 0.00000000 1.00000000
vn -0.00000000 0.00000000 1.00000000
vn -0.00000000 0.00000000 1.00000000
vn 0.00000000 -1.00000000 0.00000000
vn -0.00000000 0.00000000 1.00000000
vn 0.00000000 -1.00000000 0.00000000
vn -0.00000000 0.00000000 1.00000000
vn 0.00000000 -1.00000000 0.00000000
vn -0.00000000 0.00000000 1.00000000
vn 0.00000000 -1.00000000 0.00000000
vn 0.00000000 -1.00000000 0.00000000
vn -0.00000000 0.00000000 1.00000000
vn 0.00000000 -1.00000000 0.00000000
vn 0.00000000 1.00000000 0.00000000
vn -0.00000000 0.00000000 1.00000000
vn 0.00000000 1.00000000 0.00000000
vn -0.00000000 0.00000000 1.00000000
vn -0.00000000 0.00000000 1.00000000
vn 0.00000000 -1.00000000 0.00000000
vn 0.00000000 -1.00000000 0.00000000
vn -0.00000000 0.00000000 1.00000000
vn -0.00000000 0.00000000 1.00000000
vn 0.00000000 -1.00000000 0.00000000
vn 0.00000000 -1.00000000 0.00000000
vn -0.00000000 0.00000000 1.00000000
vn -0.00000000 0.00000000 1.00000000
vn 0.00000000 -1.00000000 0.00000000
vn -0.00000000 0.00000000 1.00000000
vn 0.00000000 1.00000000 0.00000000
vn 0.00000000 -1.00000000 0.00000000
vn -0.00000000 0.00000000 1.00000000
vn 0.00000000 1.00000000 0.00000000
vn -0.00000000 0.00000000 1.00000000
vn -0.00000000 0.00000000 1.00000000
vn -0.00000000 0.00000000 1.00000000
vn -0.00000000 0.00000000 1.00000000
vn -0.00000000 0.00000000 1.00000000
vn 0.00000000 -1.00000000 0.00000000
vn 0.00000000 -1.00000000 0.00000000
vn -0.00000000 0.00000000 1.00000000
vn -0.00000000 0.00000000 1.00000000
vn 0.00000000 -1.00000000 0.00000000
vn 0.00000000 -1.00000000 0.00000000
vn -0.00000000 0.00000000 1.00000000
vn 0.00000000 -1.00000000 0.00000000
vn -0.00000000 0.00000000 1.00000000
vn 0.00000000 1.00000000 0.00000000
vn 0.00000000 -1.00000000 0.00000000
vn -0.00000000 0.00000000 1.00000000
vn 0.00000000 1.00000000 0.00000000
vn -0.00000000 0.00000000 1.00000000
vn -0.00000000 0.00000000 1.00000000
vn -0.00000000 0.00000000 1.00000000
vn -0.00000000 0.00000000 1.00000000
vn -0.00000000 0.00000000 1.00000000
vn -0.00000000 0.00000000 1.00000000
vn 0.00000000 -1.00000000 0.00000000
vn 0.00000000 -1.00000000 0.00000000
vn -0.00000000 0.00000000 1.00000000
vn 0.00000000 -1.00000000 0.00000000
vn -0.00000000 0.00000000 1.00000000
vn 0.00000000 -1.00000000 0.00000000
vn -0.00000000 0.00000000 1.00000000
vn -0.00000000 0.00000000 1.00000000
vn 0.00000000 -1.00000000 0.00000000
vn -0.00000000 0.00000000 1.00000000
vn 0.00000000 1.00000000 0.00000000
vn 0.00000000 -1.00000000 0.00000000
vn -0.00000000 0.00000000 1.00000000
vn 0.00000000 1.00000000 0.00000000
vn -0.00000000 0.00000000 1.00000000
vn -0.00000000 0.00000000 1.00000000
vn -0.00000000 0.00000000 1.00000000
vn -0.00000000 0.00000000 1.00000000
vn 0.00000000 -1.00000000 0.00000000
vn -0.00000000 0.00000000 1.00000000
vn 0.00000000 -1.00000000 0.00000000
vn -0.00000000 0.00000000 1.00000000
vn -0.00000000 0.00000000 1.00000000
vn 0.00000000 -1.00000000 0.00000000
vn -0.00000000 0.00000000 1.00000000
vn -0.00000000 0.00000000 1.00000000
vn -0.00000000 0.00000000 1.00000000
vn -0.00000000 0.00000000 1.00000000
vn -0.00000000 0.00000000 1.00000000
vn 0.00000000 -1.00000000 0.00000000
vn 0.00000000 -1.00000000 0.00000000
vn -0.00000000 0.00000000 1.00000000
vn 0.00000000 -1.00000000 0.00000000
vn -0.00000000 0.00000000 1.00000000
vn 0.00000000 -1.00000000 0.00000000
vn -0.00000000 0.00000000 1.00000000
vn 0.00000000 -1.00000000 0.00000000
vn -0.00000000 0.00000000 1.00000000
vn -0.00000000 0.00000000 1.00000000
vn 0.00000000 1.00000000 0.00000000
vn 0.00000000 -1.00000000 0.00000000
vn -0.00000000 0.00000000 1.00000000
vn 0.00000000 1.00000000 0.00000000
vn -0.00000000 0.00000000 1.00000000
vn -0.00000000 0.00000000 1.00000000
vn -0.00000000 0.00000000 1.00000000
vn -0.00000000 0.00000000 1.00000000
vn 0.00000000 -1.00000000 0.00000000
vn -0.00000000 0.00000000 1.00000000
vn -0.00000000 0.00000000 1.00000000
vn 0.00000000 -1.00000000 0.00000000
vn 0.00000000 -1.00000000 0.00000000
vn 0.98490000 -0.17320000 0.00000000
vn -0.00000000 0.00000000 1.00000000
vn -0.98490000 0.17320000 0.00000000
vn 0.00000000 -1.00000000 0.00000000
vn -0.00000000 0.00000000 1.00000000
vn 0.00000000 -1.00000000 0.00000000
vn -0.00000000 0.00000000 1.00000000
vn 0.00000000 -1.00000000 0.00000000
vn -0.00000000 0.00000000 1.00000000
vn 0.00000000 1.00000000 0.00000000
vn 0.00000000 -1.00000000 0.00000000
vn -0.00000000 0.00000000 1.00000000
vn -0.00000000 0.00000000 1.00000000
vn 0.00000000 1.00000000 0.00000000
vn -0.00000000 0.00000000 1.00000000
vn -0.00000000 0.00000000 1.00000000
vn -0.00000000 0.00000000 1.00000000
vn -0.00000000 0.00000000 1.00000000
vn 0.00000000 -1.00000000 0.00000000
vn 0.00000000 -1.00000000 0.00000000
vn -0.00000000 0.00000000 1.00000000
vn -0.00000000 0.00000000 1.00000000
vn 0.00000000 -1.00000000 0.00000000
vn -0.00000000 0.00000000 1.00000000
vn 0.00000000 -1.00000000 0.00000000
vn 0.00000000 -1.00000000 0.00000000
vn -0.00000000 0.00000000 1.00000000
vn 0.00000000 -1.00000000 0.00000000
vn -0.86520000 -0.50140000 0.00000000
vn 0.86510000 0.50160000 0.00000000
vn -0.00000000 0.00000000 1.00000000
vn -0.99370000 -0.02730000 0.10840000
vn -0.86520000 -0.50140000 0.00000000
vn 0.86510000 0.50160000 0.00000000
vn 0.99340000 0.02710000 0.11140000
vn -0.00000000 0.00000000 1.00000000
vn -0.17430000 -0.86920000 0.46280000
vn 0.17400000 0.86800000 0.46510000
vn -0.99370000 -0.02730000 0.10840000
vn -0.00000000 0.00000000 1.00000000
vn 0.99340000 0.02710000 0.11140000
vn 0.67460000 0.58000000 0.45660000
vn -0.00000000 0.00000000 1.00000000
vn -0.67460000 -0.58000000 0.45660000
vn 0.17400000 0.86800000 0.46510000
vn -0.17430000 -0.86920000 0.46280000
vn -0.67460000 -0.58000000 0.45660000
vn -0.98490000 0.17320000 0.00000000
vn 0.67460000 0.58000000 0.45660000
vn -0.00000000 0.00000000 1.00000000
vn 0.06380000 0.70520000 0.70620000
vn -0.06390000 -0.70630000 0.70500000
vn 0.98490000 -0.17320000 0.00000000
vn 0.98490000 -0.17320000 0.00000000
vn 0.00000000 -1.00000000 0.00000000
vn -0.98490000 0.17320000 0.00000000
vn -0.83750000 0.54570000 0.02950000
vn 0.83750000 -0.54560000 0.02910000
vn -0.83750000 0.54570000 0.02950000
vn -0.51950000 0.84960000 0.09150000
vn 0.00000000 -1.00000000 0.00000000
vn 0.83750000 -0.54560000 0.02910000
vn 0.51950000 -0.84950000 0.09240000
vn -0.51950000 0.84960000 0.09150000
vn 0.51950000 -0.84950000 0.09240000
vn 0.09450000 -0.97900000 0.18090000
vn 0.00000000 -1.00000000 0.00000000
vn -0.09440000 0.97900000 0.18090000
vn 0.09450000 -0.97900000 0.18090000
vn -0.31950000 -0.90900000 0.26770000
vn 0.00000000 -1.00000000 0.00000000
vn -0.09440000 0.97900000 0.18090000
vn 0.31950000 0.90900000 0.26770000
vn 0.00000000 1.00000000 0.00000000
vn 0.31950000 0.90900000 0.26770000
vn 0.61790000 0.70550000 0.34710000
vn 0.00000000 1.00000000 0.00000000
vn -0.00000000 0.00000000 1.00000000
vn -0.31950000 -0.90900000 0.26770000
vn -0.61790000 -0.70550000 0.34710000
vn -0.79140000 -0.45740000 0.40560000
vn 0.61790000 0.70550000 0.34710000
vn 0.79000000 0.45660000 0.40910000
vn -0.61790000 -0.70550000 0.34710000
vn -0.00000000 0.00000000 1.00000000
vn -0.79140000 -0.45740000 0.40560000
vn -0.86440000 -0.20230000 0.46030000
vn -0.00000000 0.00000000 1.00000000
vn 0.79000000 0.45660000 0.40910000
vn 0.86580000 0.20260000 0.45750000
vn 0.86580000 0.20260000 0.45750000
vn -0.86440000 -0.20230000 0.46030000
vn -0.86250000 0.03010000 0.50520000
vn -0.00000000 0.00000000 1.00000000
vn 0.86250000 -0.03010000 0.50520000
vn -0.86250000 0.03010000 0.50520000
vn -0.80780000 0.23140000 0.54220000
vn -0.00000000 0.00000000 1.00000000
vn 0.00000000 -1.00000000 0.00000000
vn 0.80660000 -0.23110000 0.54400000
vn 0.86250000 -0.03010000 0.50520000
vn 0.80660000 -0.23110000 0.54400000
vn -0.71640000 0.39670000 0.57400000
vn 0.71640000 -0.39670000 0.57400000
vn 0.00000000 -1.00000000 0.00000000
vn -0.80780000 0.23140000 0.54220000
vn 0.71640000 -0.39670000 0.57400000
vn 0.59460000 -0.52800000 0.60640000
vn -0.71640000 0.39670000 0.57400000
vn -0.59320000 0.52670000 0.60890000
vn 0.00000000 -1.00000000 0.00000000
vn -0.45900000 0.62120000 0.63510000
vn 0.59460000 -0.52800000 0.60640000
vn 0.45900000 -0.62120000 0.63510000
vn -0.59320000 0.52670000 0.60890000
vn 0.00000000 -1.00000000 0.00000000
vn -0.31350000 0.68460000 0.65800000
vn 0.45900000 -0.62120000 0.63510000
vn 0.31350000 -0.68460000 0.65800000
vn -0.45900000 0.62120000 0.63510000
vn 0.00000000 -1.00000000 0.00000000
vn -0.86520000 -0.50140000 0.00000000
vn -0.31350000 0.68460000 0.65800000
vn 0.86510000 0.50160000 0.00000000
vn 0.31350000 -0.68460000 0.65800000
vn 0.32250000 -0.63990000 0.69750000
vn -0.32220000 0.63930000 0.69820000
vn 0.00000000 -1.00000000 0.00000000
vn 0.99340000 0.02710000 0.11140000
vn 0.30040000 -0.64170000 0.70570000
vn 0.32250000 -0.63990000 0.69750000
vn 0.86510000 0.50160000 0.00000000
vn -0.17430000 -0.86920000 0.46280000
vn 0.18280000 -0.68500000 0.70520000
vn 0.30040000 -0.64170000 0.70570000
vn 0.99340000 0.02710000 0.11140000
vn 0.18280000 -0.68500000 0.70520000
vn 0.06110000 -0.70580000 0.70580000
vn -0.17430000 -0.86920000 0.46280000
vn -0.67460000 -0.58000000 0.45660000
vn 0.06110000 -0.70580000 0.70580000
vn -0.67460000 -0.58000000 0.45660000
vn -0.06390000 -0.70630000 0.70500000
vn -0.06310000 -0.70560000 0.70580000
vn -0.98490000 0.17320000 0.00000000
vn 0.06380000 0.70520000 0.70620000
vn -0.83750000 0.54570000 0.02950000
vn 0.18430000 0.68430000 0.70550000
vn 0.30580000 0.63860000 0.70620000
vn 0.18430000 0.68430000 0.70550000
vn -0.51950000 0.84960000 0.09150000
vn -0.83750000 0.54570000 0.02950000
vn 0.30580000 0.63860000 0.70620000
vn -0.51950000 0.84960000 0.09150000
vn 0.40370000 0.58120000 0.70650000
vn -0.09440000 0.97900000 0.18090000
vn 0.50200000 0.50260000 0.70380000
vn 0.31950000 0.90900000 0.26770000
vn -0.09440000 0.97900000 0.18090000
vn 0.40370000 0.58120000 0.70650000
vn 0.50200000 0.50260000 0.70380000
vn 0.58070000 0.40620000 0.70550000
vn 0.61790000 0.70550000 0.34710000
vn 0.31950000 0.90900000 0.26770000
vn 0.58070000 0.40620000 0.70550000
vn 0.64100000 0.29960000 0.70660000
vn 0.79000000 0.45660000 0.40910000
vn 0.61790000 0.70550000 0.34710000
vn 0.86580000 0.20260000 0.45750000
vn 0.79000000 0.45660000 0.40910000
vn 0.68460000 0.18370000 0.70540000
vn 0.64100000 0.29960000 0.70660000
vn 0.68460000 0.18370000 0.70540000
vn 0.86580000 0.20260000 0.45750000
vn 0.86250000 -0.03010000 0.50520000
vn 0.70700000 0.06150000 0.70450000
vn 0.70700000 0.06150000 0.70450000
vn 0.86250000 -0.03010000 0.50520000
vn 0.70670000 -0.06190000 0.70480000
vn 0.80660000 -0.23110000 0.54400000
vn 0.71640000 -0.39670000 0.57400000
vn 0.80660000 -0.23110000 0.54400000
vn 0.70670000 -0.06190000 0.70480000
vn 0.68380000 -0.18310000 0.70630000
vn 0.59460000 -0.52800000 0.60640000
vn 0.71640000 -0.39670000 0.57400000
vn 0.64070000 -0.29960000 0.70690000
vn 0.68380000 -0.18310000 0.70630000
vn 0.45900000 -0.62120000 0.63510000
vn 0.59460000 -0.52800000 0.60640000
vn 0.58120000 -0.40620000 0.70510000
vn 0.64070000 -0.29960000 0.70690000
vn 0.31350000 -0.68460000 0.65800000
vn 0.45900000 -0.62120000 0.63510000
vn 0.50130000 -0.50100000 0.70540000
vn 0.58120000 -0.40620000 0.70510000
vn 0.31350000 -0.68460000 0.65800000
vn 0.32250000 -0.63990000 0.69750000
vn 0.50130000 -0.50100000 0.70540000
vn 0.40630000 -0.58020000 0.70590000
vn 0.40630000 -0.58020000 0.70590000
vn 0.30020000 -0.64280000 0.70470000
vn 0.30040000 -0.64170000 0.70570000
vn 0.32250000 -0.63990000 0.69750000
vn 0.30040000 -0.64170000 0.70570000
vn 0.18430000 -0.68400000 0.70580000
vn 0.30020000 -0.64280000 0.70470000
vn 0.18280000 -0.68500000 0.70520000
vn 0.06110000 -0.70580000 0.70580000
vn 0.06110000 -0.70580000 0.70580000
vn -0.06190000 -0.70560000 0.70590000
vn -0.30040000 0.64170000 0.70570000
vn -0.32220000 0.63930000 0.69820000
vn -0.99370000 -0.02730000 0.10840000
vn -0.86520000 -0.50140000 0.00000000
vn -0.30040000 0.64170000 0.70570000
vn -0.99370000 -0.02730000 0.10840000
vn -0.18280000 0.68500000 0.70520000
vn 0.17400000 0.86800000 0.46510000
vn -0.18280000 0.68500000 0.70520000
vn -0.06110000 0.70580000 0.70580000
vn 0.67460000 0.58000000 0.45660000
vn 0.17400000 0.86800000 0.46510000
vn 0.06380000 0.70520000 0.70620000
vn 0.67460000 0.58000000 0.45660000
vn -0.06110000 0.70580000 0.70580000
vn 0.18240000 0.68450000 0.70590000
vn 0.06380000 0.70520000 0.70620000
vn 0.29980000 0.64090000 0.70660000
vn 0.18430000 0.68430000 0.70550000
vn 0.30580000 0.63860000 0.70620000
vn 0.29980000 0.64090000 0.70660000
vn 0.40610000 0.58030000 0.70590000
vn 0.40370000 0.58120000 0.70650000
vn 0.30580000 0.63860000 0.70620000
vn 0.50040000 0.50120000 0.70600000
vn 0.40610000 0.58030000 0.70590000
vn 0.50200000 0.50260000 0.70380000
vn 0.40370000 0.58120000 0.70650000
vn 0.58040000 0.40620000 0.70580000
vn 0.50040000 0.50120000 0.70600000
vn 0.50200000 0.50260000 0.70380000
vn 0.64100000 0.29960000 0.70660000
vn 0.58040000 0.40620000 0.70580000
vn 0.64260000 0.29990000 0.70510000
vn 0.68390000 0.18320000 0.70620000
vn 0.68390000 0.18320000 0.70620000
vn 0.70560000 0.06180000 0.70600000
vn 0.70700000 0.06150000 0.70450000
vn 0.70670000 -0.06190000 0.70480000
vn 0.70700000 0.06150000 0.70450000
vn 0.70560000 0.06180000 0.70600000
vn 0.70580000 -0.06170000 0.70580000
vn 0.70580000 -0.06170000 0.70580000
vn 0.68450000 -0.18330000 0.70560000
vn 0.70670000 -0.06190000 0.70480000
vn 0.64250000 -0.29940000 0.70530000
vn 0.68450000 -0.18330000 0.70560000
vn 0.58120000 -0.40620000 0.70510000
vn 0.64070000 -0.29960000 0.70690000
vn 0.58120000 -0.40620000 0.70510000
vn 0.50050000 -0.50120000 0.70590000
vn 0.50130000 -0.50100000 0.70540000
vn 0.40630000 -0.58020000 0.70590000
vn 0.29970000 -0.64190000 0.70580000
vn 0.40640000 -0.58020000 0.70590000
vn 0.30020000 -0.64280000 0.70470000
vn 0.18430000 -0.68400000 0.70580000
vn 0.29970000 -0.64190000 0.70580000
vn 0.30020000 -0.64280000 0.70470000
vn 0.18400000 -0.68440000 0.70550000
vn 0.06220000 -0.70590000 0.70560000
vn -0.06200000 -0.70580000 0.70570000
vn 0.06220000 -0.70590000 0.70560000
vn -0.18390000 -0.68280000 0.70710000
vn -0.06390000 -0.70630000 0.70500000
vn 0.83750000 -0.54560000 0.02910000
vn 0.98490000 -0.17320000 0.00000000
vn 0.51950000 -0.84950000 0.09240000
vn 0.83750000 -0.54560000 0.02910000
vn -0.30630000 -0.63980000 0.70490000
vn -0.18390000 -0.68280000 0.70710000
vn -0.40430000 -0.58200000 0.70550000
vn -0.30630000 -0.63980000 0.70490000
vn 0.09450000 -0.97900000 0.18090000
vn 0.51950000 -0.84950000 0.09240000
vn -0.40430000 -0.58200000 0.70550000
vn -0.50080000 -0.50150000 0.70550000
vn 0.09450000 -0.97900000 0.18090000
vn -0.31950000 -0.90900000 0.26770000
vn -0.31950000 -0.90900000 0.26770000
vn -0.61790000 -0.70550000 0.34710000
vn -0.50080000 -0.50150000 0.70550000
vn -0.58190000 -0.40700000 0.70400000
vn -0.58190000 -0.40700000 0.70400000
vn -0.79140000 -0.45740000 0.40560000
vn -0.61790000 -0.70550000 0.34710000
vn -0.64220000 -0.30010000 0.70540000
vn -0.68350000 -0.18340000 0.70660000
vn -0.79140000 -0.45740000 0.40560000
vn -0.64220000 -0.30010000 0.70540000
vn -0.86440000 -0.20230000 0.46030000
vn -0.68350000 -0.18340000 0.70660000
vn -0.70600000 -0.06140000 0.70550000
vn -0.86250000 0.03010000 0.50520000
vn -0.86440000 -0.20230000 0.46030000
vn -0.70600000 -0.06140000 0.70550000
vn -0.70670000 0.06190000 0.70480000
vn -0.80780000 0.23140000 0.54220000
vn -0.86250000 0.03010000 0.50520000
vn -0.80780000 0.23140000 0.54220000
vn -0.71640000 0.39670000 0.57400000
vn -0.68460000 0.18330000 0.70550000
vn -0.70670000 0.06190000 0.70480000
vn -0.64000000 0.29930000 0.70770000
vn -0.68460000 0.18330000 0.70550000
vn -0.71640000 0.39670000 0.57400000
vn -0.59320000 0.52670000 0.60890000
vn -0.64000000 0.29930000 0.70770000
vn -0.58120000 0.40620000 0.70510000
vn -0.45900000 0.62120000 0.63510000
vn -0.59320000 0.52670000 0.60890000
vn -0.50130000 0.50100000 0.70540000
vn -0.58120000 0.40620000 0.70510000
vn -0.45900000 0.62120000 0.63510000
vn -0.31350000 0.68460000 0.65800000
vn -0.32220000 0.63930000 0.69820000
vn -0.40670000 0.58080000 0.70520000
vn -0.31350000 0.68460000 0.65800000
vn -0.50130000 0.50100000 0.70540000
vn -0.30040000 0.64170000 0.70570000
vn -0.40670000 0.58080000 0.70520000
vn -0.32220000 0.63930000 0.69820000
vn -0.29990000 0.64230000 0.70530000
vn -0.18280000 0.68500000 0.70520000
vn -0.18280000 0.68500000 0.70520000
vn -0.06190000 0.70560000 0.70590000
vn -0.06190000 0.70560000 0.70590000
vn 0.06310000 0.70560000 0.70580000
vn 0.06310000 0.70560000 0.70580000
vn 0.18240000 0.68450000 0.70590000
vn 0.29980000 0.64090000 0.70660000
vn 0.18240000 0.68450000 0.70590000
vn 0.40610000 0.58030000 0.70590000
vn 0.29920000 0.64130000 0.70650000
vn 0.50060000 0.50050000 0.70630000
vn 0.40660000 0.58050000 0.70550000
vn 0.58040000 0.40640000 0.70560000
vn 0.50060000 0.50050000 0.70630000
vn 0.58040000 0.40620000 0.70580000
vn 0.64240000 0.29950000 0.70540000
vn 0.64240000 0.29950000 0.70540000
vn 0.68390000 0.18320000 0.70620000
vn 0.68390000 0.18320000 0.70620000
vn 0.70600000 0.06190000 0.70550000
vn 0.70610000 -0.06170000 0.70540000
vn 0.70560000 0.06180000 0.70600000
vn 0.68450000 -0.18330000 0.70560000
vn 0.70610000 -0.06170000 0.70540000
vn 0.68450000 -0.18330000 0.70560000
vn 0.64250000 -0.29940000 0.70530000
vn 0.57990000 -0.40640000 0.70610000
vn 0.64230000 -0.29950000 0.70550000
vn 0.50090000 -0.50140000 0.70550000
vn 0.58100000 -0.40640000 0.70520000
vn 0.50090000 -0.50140000 0.70550000
vn 0.40680000 -0.58070000 0.70520000
vn 0.40640000 -0.58020000 0.70590000
vn 0.29910000 -0.64140000 0.70650000
vn 0.29910000 -0.64140000 0.70650000
vn 0.18400000 -0.68440000 0.70550000
vn 0.06180000 -0.70470000 0.70680000
vn 0.18400000 -0.68440000 0.70550000
vn 0.06220000 -0.70590000 0.70560000
vn 0.06180000 -0.70470000 0.70680000
vn -0.06200000 -0.70580000 0.70570000
vn -0.00140000 0.00000000 -1.00000000
vn 0.06220000 -0.70590000 0.70560000
vn -0.18390000 -0.68280000 0.70710000
vn -0.06390000 -0.70630000 0.70500000
vn -0.06310000 -0.70560000 0.70580000
vn -0.30010000 -0.64170000 0.70580000
vn -0.18240000 -0.68450000 0.70590000
vn -0.30630000 -0.63980000 0.70490000
vn -0.40650000 -0.58090000 0.70520000
vn -0.30630000 -0.63980000 0.70490000
vn -0.40430000 -0.58200000 0.70550000
vn -0.30010000 -0.64170000 0.70580000
vn -0.40650000 -0.58090000 0.70520000
vn -0.40430000 -0.58200000 0.70550000
vn -0.50080000 -0.50150000 0.70550000
vn -0.50080000 -0.50150000 0.70550000
vn -0.58150000 -0.40690000 0.70450000
vn -0.64200000 -0.29960000 0.70570000
vn -0.58150000 -0.40690000 0.70450000
vn -0.68440000 -0.18340000 0.70560000
vn -0.64220000 -0.30010000 0.70540000
vn -0.70610000 -0.06180000 0.70540000
vn -0.68350000 -0.18340000 0.70660000
vn -0.70610000 -0.06180000 0.70540000
vn -0.70670000 0.06190000 0.70480000
vn -0.70580000 0.06170000 0.70580000
vn -0.68460000 0.18330000 0.70550000
vn -0.70580000 0.06170000 0.70580000
vn -0.70670000 0.06190000 0.70480000
vn -0.64250000 0.29940000 0.70530000
vn -0.68410000 0.18310000 0.70610000
vn -0.58140000 0.40660000 0.70470000
vn -0.64000000 0.29930000 0.70770000
vn -0.58120000 0.40620000 0.70510000
vn -0.50050000 0.50120000 0.70590000
vn -0.58140000 0.40660000 0.70470000
vn -0.58120000 0.40620000 0.70510000
vn -0.50050000 0.50120000 0.70590000
vn -0.40670000 0.58080000 0.70520000
vn -0.29990000 0.64230000 0.70530000
vn -0.40640000 0.58020000 0.70590000
vn -0.18400000 0.68440000 0.70550000
vn -0.29990000 0.64230000 0.70530000
vn -0.06220000 0.70580000 0.70570000
vn -0.18440000 0.68430000 0.70550000
vn -0.06220000 0.70580000 0.70570000
vn 0.06190000 0.70560000 0.70590000
vn 0.06190000 0.70560000 0.70590000
vn 0.18400000 0.68410000 0.70580000
vn 0.29950000 0.64200000 0.70580000
vn 0.18370000 0.68430000 0.70560000
vn 0.29950000 0.64200000 0.70580000
vn 0.40650000 0.58040000 0.70560000
vn 0.40660000 0.58050000 0.70550000
vn 0.50110000 0.50090000 0.70570000
vn 0.58020000 0.40630000 0.70590000
vn 0.50110000 0.50090000 0.70570000
vn 0.58020000 0.40630000 0.70590000
vn 0.64210000 0.29910000 0.70580000
vn 0.64210000 0.29910000 0.70580000
vn 0.68440000 0.18340000 0.70560000
vn 0.68440000 0.18340000 0.70560000
vn 0.70600000 0.06190000 0.70550000
vn 0.70600000 0.06190000 0.70550000
vn 0.70550000 -0.06180000 0.70600000
vn 0.68470000 -0.18340000 0.70530000
vn 0.70550000 -0.06180000 0.70600000
vn 0.64270000 -0.29920000 0.70530000
vn 0.68470000 -0.18340000 0.70530000
vn 0.57990000 -0.40640000 0.70610000
vn 0.64270000 -0.29920000 0.70530000
vn 0.50150000 -0.50100000 0.70530000
vn 0.57990000 -0.40640000 0.70610000
vn 0.39950000 -0.57990000 0.71010000
vn 0.50090000 -0.50140000 0.70550000
vn 0.40680000 -0.58070000 0.70520000
vn 0.00000000 0.00000000 -1.00000000
vn 0.29910000 -0.64140000 0.70650000
vn 0.39950000 -0.57990000 0.71010000
vn 0.40680000 -0.58070000 0.70520000
vn 0.29910000 -0.64140000 0.70650000
vn 0.00000000 0.00000000 -1.00000000
vn 0.18340000 -0.68300000 0.70700000
vn -0.00070000 0.00000000 -1.00000000
vn 0.18340000 -0.68300000 0.70700000
vn 0.06180000 -0.70470000 0.70680000
vn -0.06190000 -0.70560000 0.70590000
vn -0.18390000 -0.68360000 0.70630000
vn -0.18240000 -0.68450000 0.70590000
vn -0.30010000 -0.64170000 0.70580000
vn -0.30010000 -0.64170000 0.70580000
vn -0.40650000 -0.58090000 0.70520000
vn -0.40680000 -0.58090000 0.70510000
vn -0.49990000 -0.50070000 0.70670000
vn -0.49990000 -0.50070000 0.70670000
vn -0.58150000 -0.40690000 0.70450000
vn -0.58010000 -0.40620000 0.70610000
vn -0.64170000 -0.29920000 0.70620000
vn -0.58150000 -0.40690000 0.70450000
vn -0.58010000 -0.40620000 0.70610000
vn -0.64170000 -0.29920000 0.70620000
vn -0.68490000 -0.18380000 0.70510000
vn -0.70530000 -0.06180000 0.70620000
vn -0.68490000 -0.18380000 0.70510000
vn -0.70580000 0.06170000 0.70580000
vn -0.70610000 -0.06180000 0.70540000
vn -0.70610000 0.06170000 0.70540000
vn -0.68410000 0.18310000 0.70610000
vn -0.64200000 0.29940000 0.70580000
vn -0.68440000 0.18330000 0.70570000
vn -0.64200000 0.29940000 0.70580000
vn -0.58140000 0.40660000 0.70470000
vn -0.57990000 0.40640000 0.70610000
vn -0.57990000 0.40640000 0.70610000
vn -0.58140000 0.40660000 0.70470000
vn -0.50050000 0.50120000 0.70590000
vn -0.50090000 0.50140000 0.70550000
vn -0.40640000 0.58020000 0.70590000
vn -0.40670000 0.58040000 0.70550000
vn -0.29930000 0.64200000 0.70580000
vn -0.18400000 0.68440000 0.70550000
vn -0.29970000 0.64190000 0.70580000
vn -0.18370000 0.68410000 0.70590000
vn -0.06200000 0.70720000 0.70430000
vn -0.06220000 0.70580000 0.70570000
vn 0.00110000 0.00000000 -1.00000000
vn -0.06220000 0.70580000 0.70570000
vn 0.06210000 0.70600000 0.70550000
vn -0.06200000 0.70720000 0.70430000
vn -0.00270000 0.00000000 -1.00000000
vn 0.06210000 0.70600000 0.70550000
vn 0.18370000 0.68430000 0.70560000
vn 0.18370000 0.68430000 0.70560000
vn 0.29950000 0.64200000 0.70580000
vn -0.00270000 0.00000000 -1.00000000
vn -0.00090000 0.00000000 -1.00000000
vn 0.40650000 0.58040000 0.70560000
vn 0.29950000 0.64200000 0.70580000
vn -0.00040000 0.00000000 -1.00000000
vn 0.40650000 0.58040000 0.70560000
vn 0.50110000 0.50090000 0.70570000
vn 0.00000000 0.00000000 -1.00000000
vn 0.50110000 0.50090000 0.70570000
vn 0.58020000 0.40630000 0.70590000
vn 0.00000000 0.00000000 -1.00000000
vn 0.58020000 0.40630000 0.70590000
vn 0.64210000 0.29910000 0.70580000
vn 0.64210000 0.29910000 0.70580000
vn 0.68440000 0.18340000 0.70560000
vn 0.00000000 0.00000000 -1.00000000
vn 0.68440000 0.18340000 0.70560000
vn 0.70570000 0.06180000 0.70580000
vn 0.00000000 0.00000000 -1.00000000
vn 0.00000000 0.00000000 -1.00000000
vn 0.70570000 0.06180000 0.70580000
vn 0.70550000 -0.06180000 0.70600000
vn 0.68380000 -0.18330000 0.70620000
vn 0.00010000 0.00000000 -1.00000000
vn 0.70550000 -0.06180000 0.70600000
vn -0.00020000 0.00000000 -1.00000000
vn 0.68380000 -0.18330000 0.70620000
vn 0.64270000 -0.29920000 0.70530000
vn -0.00020000 0.00000000 -1.00000000
vn 0.58050000 -0.40630000 0.70570000
vn 0.64270000 -0.29920000 0.70530000
vn 0.50150000 -0.50100000 0.70530000
vn 0.00010000 0.00000000 -1.00000000
vn 0.58050000 -0.40630000 0.70570000
vn 0.50150000 -0.50100000 0.70530000
vn 0.00000000 0.00000000 -1.00000000
vn 0.39950000 -0.57990000 0.71010000
vn -0.18390000 -0.68360000 0.70630000
vn -0.06190000 -0.70560000 0.70590000
vn -0.18370000 -0.68430000 0.70560000
vn -0.29960000 -0.64210000 0.70570000
vn -0.29940000 -0.64180000 0.70600000
vn -0.40640000 -0.58020000 0.70580000
vn -0.40640000 -0.58020000 0.70580000
vn -0.50070000 -0.50060000 0.70620000
vn -0.58020000 -0.40630000 0.70590000
vn -0.50070000 -0.50060000 0.70620000
vn -0.64210000 -0.29910000 0.70580000
vn -0.58020000 -0.40630000 0.70590000
vn -0.68490000 -0.18380000 0.70510000
vn -0.64210000 -0.29910000 0.70580000
vn -0.68440000 -0.18340000 0.70560000
vn -0.70530000 -0.06180000 0.70620000
vn -0.70550000 0.06180000 0.70600000
vn -0.70530000 -0.06170000 0.70620000
vn -0.70550000 0.06180000 0.70600000
vn -0.68380000 0.18330000 0.70620000
vn -0.64200000 0.29940000 0.70580000
vn -0.68440000 0.18330000 0.70570000
vn -0.57990000 0.40640000 0.70610000
vn -0.64230000 0.29900000 0.70570000
vn -0.58090000 0.40660000 0.70510000
vn -0.50200000 0.50140000 0.70470000
vn -0.50090000 0.50140000 0.70550000
vn -0.40670000 0.58040000 0.70550000
vn -0.50200000 0.50140000 0.70470000
vn -0.50090000 0.50140000 0.70550000
vn -0.39730000 0.57660000 0.71390000
vn 0.00000000 0.00000000 -1.00000000
vn -0.39730000 0.57660000 0.71390000
vn -0.40670000 0.58040000 0.70550000
vn -0.29930000 0.64200000 0.70580000
vn 0.00000000 0.00000000 -1.00000000
vn -0.18370000 0.68410000 0.70590000
vn -0.29930000 0.64200000 0.70580000
vn 0.00000000 0.00000000 -1.00000000
vn -0.06200000 0.70720000 0.70430000
vn -0.18370000 0.68410000 0.70590000
vn -0.00140000 0.00000000 -1.00000000
vn 0.00530000 0.00000000 -1.00000000
vn -0.06200000 -0.70580000 0.70570000
vn -0.18370000 -0.68430000 0.70560000
vn 0.00530000 0.00000000 -1.00000000
vn -0.18370000 -0.68430000 0.70560000
vn -0.29960000 -0.64210000 0.70570000
vn 0.00180000 0.00000000 -1.00000000
vn 0.00530000 0.00000000 -1.00000000
vn -0.40640000 -0.58020000 0.70580000
vn -0.29960000 -0.64210000 0.70570000
vn 0.00180000 0.00000000 -1.00000000
vn -0.40640000 -0.58020000 0.70580000
vn -0.50070000 -0.50060000 0.70620000
vn 0.00080000 0.00000000 -1.00000000
vn -0.58020000 -0.40630000 0.70590000
vn -0.50070000 -0.50060000 0.70620000
vn -0.00030000 0.00000000 -1.00000000
vn -0.58020000 -0.40630000 0.70590000
vn -0.64210000 -0.29910000 0.70580000
vn -0.64210000 -0.29910000 0.70580000
vn 0.00000000 0.00000000 -1.00000000
vn -0.68440000 -0.18340000 0.70560000
vn 0.00000000 0.00000000 -1.00000000
vn -0.68440000 -0.18340000 0.70560000
vn -0.70530000 -0.06170000 0.70620000
vn -0.70550000 0.06180000 0.70600000
vn 0.00010000 0.00000000 -1.00000000
vn -0.70530000 -0.06170000 0.70620000
vn -0.70550000 0.06180000 0.70600000
vn -0.68380000 0.18330000 0.70620000
vn 0.00000000 0.00000000 -1.00000000
vn 0.00000000 0.00000000 -1.00000000
vn -0.68380000 0.18330000 0.70620000
vn -0.64230000 0.29900000 0.70570000
vn -0.64230000 0.29900000 0.70570000
vn -0.58090000 0.40660000 0.70510000
vn 0.00010000 0.00000000 -1.00000000
vn 0.00000000 0.00000000 -1.00000000
vn -0.58090000 0.40660000 0.70510000
vn -0.50200000 0.50140000 0.70470000
vn 0.00000000 0.00000000 -1.00000000
vn -0.39730000 0.57660000 0.71390000
vn -0.50200000 0.50140000 0.70470000
f 1//1 11//11 15//15
f 10//10 18//18 12//12
f 9//9 21//21 17//17
f 7//7 28//28 23//23
f 29//29 35//35 22//22
f 33//33 39//39 36//36
f 32//32 42//42 37//37
f 31//31 45//45 41//41
f 30//30 46//46 43//43
f 27//27 50//50 47//47
f 24//24 60//60 51//51
f 59//59 65//65 52//52
f 58//58 66//66 63//63
f 62//62 69//69 68//68
f 53//53 74//74 70//70
f 55//55 76//76 73//73
f 57//57 80//80 75//75
f 61//61 91//91 79//79
f 90//90 94//94 78//78
f 89//89 96//96 92//92
f 87//87 98//98 97//97
f 4//4 103//103 104//104
f 104//104 26//26 4//4
f 25//25 105//105 108//108
f 108//108 54//54 25//25
f 56//56 107//107 110//110
f 110//110 86//86 56//56
f 102//102 109//109 106//106
f 102//102 112//112 109//109
f 14//14 113//113 6//6
f 114//114 117//117 2//2
f 118//118 119//119 3//3
f 122//122 126//126 5//5
f 121//121 134//134 127//127
f 135//135 138//138 128//128
f 137//137 141//141 124//124
f 140//140 144//144 125//125
f 143//143 146//146 123//123
f 145//145 148//148 131//131
f 149//149 159//159 132//132
f 151//151 164//164 160//160
f 162//162 165//165 161//161
f 166//166 168//168 158//158
f 169//169 172//172 157//157
f 173//173 174//174 155//155
f 175//175 179//179 153//153
f 180//180 82//82 152//152
f 177//177 181//181 83//83
f 182//182 184//184 84//84
f 185//185 100//100 85//85
f 129//129 187//187 101//101
f 101//101 8//8 129//129
f 154//154 190//190 189//189
f 189//189 130//130 154//154
f 88//88 111//111 191//191
f 191//191 156//156 88//88
f 188//188 192//192 102//102
f 192//192 112//112 102//102
f 13//13 195//195 197//197
f 197//197 16//16 13//13
f 19//19 199//199 195//195
f 195//195 13//13 19//19
f 20//20 204//204 199//199
f 199//199 19//19 20//20
f 194//194 207//207 209//209
f 209//209 196//196 194//194
f 201//201 212//212 206//206
f 206//206 193//193 201//201
f 202//202 215//215 213//213
f 213//213 200//200 202//202
f 205//205 218//218 219//219
f 219//219 208//208 205//205
f 211//211 220//220 218//218
f 218//218 205//205 211//211
f 216//216 220//220 211//211
f 218//218 221//221 223//223
f 223//223 219//219 218//218
f 220//220 227//227 221//221
f 221//221 218//218 220//220
f 216//216 230//230 227//227
f 227//227 220//220 216//216
f 222//222 233//233 225//225
f 228//228 235//235 233//233
f 233//233 222//222 228//228
f 229//229 238//238 235//235
f 235//235 228//228 229//229
f 234//234 241//241 246//246
f 246//246 224//224 234//234
f 236//236 247//247 242//242
f 242//242 232//232 236//236
f 240//240 252//252 249//249
f 249//249 237//237 240//240
f 243//243 254//254 256//256
f 256//256 244//244 243//243
f 248//248 260//260 254//254
f 254//254 243//243 248//248
f 250//250 264//264 260//260
f 260//260 248//248 250//250
f 255//255 267//267 270//270
f 270//270 257//257 255//255
f 261//261 274//274 265//265
f 265//265 253//253 261//261
f 263//263 280//280 273//273
f 273//273 259//259 263//263
f 16//16 197//197 282//282
f 282//282 115//115 16//16
f 115//115 282//282 284//284
f 284//284 116//116 115//115
f 116//116 284//284 287//287
f 287//287 120//120 116//116
f 198//198 210//210 290//290
f 290//290 281//281 198//198
f 283//283 292//292 295//295
f 295//295 286//286 283//283
f 285//285 294//294 297//297
f 297//297 288//288 285//285
f 208//208 219//219 300//300
f 300//300 291//291 208//208
f 291//291 300//300 301//301
f 301//301 293//293 291//291
f 293//293 301//301 299//299
f 219//219 223//223 303//303
f 303//303 300//300 219//219
f 300//300 303//303 305//305
f 305//305 301//301 300//300
f 301//301 305//305 308//308
f 308//308 299//299 301//301
f 225//225 311//311 302//302
f 302//302 311//311 314//314
f 314//314 304//304 302//302
f 304//304 314//314 316//316
f 316//316 307//307 304//304
f 226//226 245//245 319//319
f 319//319 310//310 226//226
f 309//309 320//320 321//321
f 321//321 312//312 309//309
f 313//313 323//323 325//325
f 325//325 315//315 313//313
f 244//244 256//256 327//327
f 327//327 318//318 244//244
f 318//318 327//327 330//330
f 330//330 322//322 318//318
f 322//322 330//330 334//334
f 334//334 324//324 322//322
f 258//258 272//272 337//337
f 337//337 329//329 258//258
f 328//328 336//336 340//340
f 340//340 332//332 328//328
f 331//331 342//342 345//345
f 345//345 333//333 331//331
f 136//136 349//349 351//351
f 351//351 139//139 136//136
f 133//133 355//355 349//349
f 349//349 136//136 133//133
f 120//120 287//287 355//355
f 355//355 133//133 120//120
f 348//348 359//359 362//362
f 362//362 353//353 348//348
f 356//356 363//363 357//357
f 357//357 350//350 356//356
f 289//289 298//298 364//364
f 364//364 354//354 289//289
f 358//358 366//366 367//367
f 367//367 360//360 358//358
f 365//365 368//368 366//366
f 366//366 358//358 365//365
f 296//296 368//368 365//365
f 366//366 370//370 372//372
f 372//372 367//367 366//366
f 368//368 375//375 370//370
f 370//370 366//366 368//368
f 296//296 306//306 375//375
f 375//375 368//368 296//296
f 369//369 377//377 371//371
f 376//376 381//381 377//377
f 377//377 369//369 376//376
f 307//307 316//316 381//381
f 381//381 376//376 307//307
f 379//379 384//384 387//387
f 387//387 373//373 379//379
f 382//382 391//391 385//385
f 385//385 378//378 382//382
f 317//317 326//326 390//390
f 390//390 380//380 317//317
f 383//383 394//394 396//396
f 396//396 386//386 383//383
f 389//389 400//400 394//394
f 394//394 383//383 389//389
f 324//324 334//334 400//400
f 400//400 389//389 324//324
f 392//392 402//402 405//405
f 405//405 395//395 392//392
f 399//399 409//409 401//401
f 401//401 393//393 399//399
f 335//335 346//346 411//411
f 411//411 398//398 335//335
f 139//139 351//351 413//413
f 413//413 142//142 139//139
f 142//142 413//413 416//416
f 416//416 147//147 142//142
f 147//147 416//416 419//419
f 419//419 150//150 147//147
f 352//352 361//361 423//423
f 423//423 415//415 352//352
f 414//414 422//422 427//427
f 427//427 417//417 414//414
f 418//418 426//426 430//430
f 430//430 420//420 418//418
f 360//360 367//367 432//432
f 432//432 424//424 360//360
f 424//424 432//432 433//433
f 433//433 425//425 424//424
f 425//425 433//433 431//431
f 367//367 372//372 435//435
f 435//435 432//432 367//367
f 432//432 435//435 437//437
f 437//437 433//433 432//432
f 433//433 437//437 438//438
f 438//438 431//431 433//433
f 371//371 441//441 434//434
f 434//434 441//441 445//445
f 445//445 436//436 434//434
f 436//436 445//445 448//448
f 448//448 440//440 436//436
f 374//374 388//388 452//452
f 452//452 442//442 374//374
f 443//443 451//451 453//453
f 453//453 446//446 443//443
f 444//444 455//455 456//456
f 456//456 447//447 444//444
f 386//386 396//396 459//459
f 459//459 450//450 386//386
f 450//450 459//459 463//463
f 463//463 454//454 450//450
f 454//454 463//463 467//467
f 467//467 457//457 454//454
f 397//397 406//406 471//471
f 471//471 460//460 397//397
f 461//461 470//470 474//474
f 474//474 464//464 461//461
f 462//462 472//472 479//479
f 479//479 466//466 462//462
f 167//167 482//482 485//485
f 485//485 170//170 167//167
f 163//163 486//486 482//482
f 482//482 167//167 163//163
f 150//150 419//419 486//486
f 486//486 163//163 150//150
f 480//480 489//489 493//493
f 493//493 483//483 480//480
f 487//487 495//495 490//490
f 490//490 481//481 487//487
f 421//421 428//428 496//496
f 496//496 488//488 421//421
f 491//491 498//498 499//499
f 499//499 492//492 491//491
f 497//497 500//500 498//498
f 498//498 491//491 497//497
f 429//429 500//500 497//497
f 498//498 502//502 506//506
f 506//506 499//499 498//498
f 500//500 507//507 502//502
f 502//502 498//498 500//500
f 429//429 439//439 507//507
f 507//507 500//500 429//429
f 501//501 509//509 505//505
f 508//508 514//514 509//509
f 509//509 501//501 508//508
f 440//440 448//448 514//514
f 514//514 508//508 440//440
f 511//511 515//515 520//520
f 520//520 503//503 511//511
f 512//512 521//521 517//517
f 517//517 510//510 512//512
f 449//449 458//458 523//523
f 523//523 513//513 449//449
f 516//516 526//526 529//529
f 529//529 519//519 516//516
f 522//522 532//532 526//526
f 526//526 516//516 522//522
f 457//457 467//467 532//532
f 532//532 522//522 457//457
f 525//525 533//533 540//540
f 540//540 527//527 525//525
f 531//531 544//544 535//535
f 535//535 524//524 531//531
f 465//465 477//477 541//541
f 541//541 530//530 465//465
f 170//170 485//485 545//545
f 545//545 171//171 170//170
f 171//171 545//545 549//549
f 549//549 176//176 171//171
f 176//176 549//549 553//553
f 553//553 178//178 176//176
f 484//484 494//494 554//554
f 554//554 546//546 484//484
f 547//547 555//555 557//557
f 557//557 548//548 547//547
f 550//550 558//558 561//561
f 561//561 551//551 550//550
f 492//492 499//499 564//564
f 564//564 556//556 492//492
f 556//556 564//564 565//565
f 565//565 559//559 556//556
f 559//559 565//565 560//560
f 499//499 506//506 566//566
f 566//566 564//564 499//499
f 564//564 566//566 569//569
f 569//569 565//565 564//564
f 565//565 569//569 570//570
f 570//570 560//560 565//565
f 505//505 573//573 567//567
f 567//567 573//573 577//577
f 577//577 568//568 567//567
f 568//568 577//577 581//581
f 581//581 572//572 568//568
f 504//504 518//518 583//583
f 583//583 574//574 504//504
f 575//575 584//584 585//585
f 585//585 576//576 575//575
f 578//578 586//586 589//589
f 589//589 580//580 578//578
f 519//519 529//529 591//591
f 591//591 582//582 519//519
f 582//582 591//591 596//596
f 596//596 587//587 582//582
f 587//587 596//596 597//597
f 597//597 590//590 587//587
f 528//528 537//537 603//603
f 603//603 592//592 528//528
f 593//593 600//600 607//607
f 607//607 595//595 593//593
f 594//594 604//604 609//609
f 609//609 599//599 594//594
f 186//186 613//613 617//617
f 617//617 99//99 186//186
f 183//183 619//619 613//613
f 613//613 186//186 183//183
f 178//178 553//553 619//619
f 619//619 183//183 178//178
f 612//612 623//623 625//625
f 625//625 616//616 612//612
f 620//620 628//628 621//621
f 621//621 614//614 620//620
f 552//552 562//562 627//627
f 627//627 618//618 552//552
f 622//622 630//630 631//631
f 631//631 626//626 622//622
f 629//629 632//632 630//630
f 630//630 622//622 629//629
f 563//563 632//632 629//629
f 630//630 633//633 638//638
f 638//638 631//631 630//630
f 632//632 639//639 633//633
f 633//633 630//630 632//632
f 563//563 571//571 639//639
f 639//639 632//632 563//563
f 634//634 641//641 635//635
f 640//640 644//644 641//641
f 641//641 634//634 640//640
f 572//572 581//581 644//644
f 644//644 640//640 572//572
f 643//643 647//647 652//652
f 652//652 637//637 643//643
f 645//645 655//655 648//648
f 648//648 642//642 645//645
f 579//579 588//588 654//654
f 654//654 646//646 579//579
f 649//649 656//656 660//660
f 660//660 650//650 649//649
f 653//653 664//664 656//656
f 656//656 649//649 653//653
f 590//590 597//597 664//664
f 664//664 653//653 590//590
f 657//657 667//667 672//672
f 672//672 661//661 657//657
f 662//662 673//673 668//668
f 668//668 658//658 662//662
f 598//598 608//608 675//675
f 675//675 663//663 598//598
f 99//99 617//617 677//677
f 677//677 95//95 99//99
f 95//95 677//677 682//682
f 682//682 93//93 95//95
f 93//93 682//682 684//684
f 684//684 81//81 93//93
f 615//615 624//624 688//688
f 688//688 678//678 615//615
f 679//679 687//687 691//691
f 691//691 680//680 679//679
f 681//681 689//689 695//695
f 695//695 683//683 681//681
f 626//626 631//631 696//696
f 696//696 686//686 626//626
f 686//686 696//696 697//697
f 697//697 690//690 686//686
f 690//690 697//697 693//693
f 631//631 638//638 698//698
f 698//698 696//696 631//631
f 696//696 698//698 700//700
f 700//700 697//697 696//696
f 697//697 700//700 703//703
f 703//703 693//693 697//697
f 635//635 705//705 699//699
f 699//699 705//705 710//710
f 710//710 701//701 699//699
f 701//701 710//710 713//713
f 713//713 704//704 701//701
f 636//636 651//651 714//714
f 714//714 706//706 636//636
f 707//707 715//715 717//717
f 717//717 709//709 707//707
f 708//708 719//719 722//722
f 722//722 711//711 708//708
f 650//650 660//660 725//725
f 725//725 716//716 650//650
f 716//716 725//725 726//726
f 726//726 718//718 716//716
f 718//718 726//726 730//730
f 730//730 720//720 718//718
f 659//659 669//669 734//734
f 734//734 723//723 659//659
f 724//724 735//735 738//738
f 738//738 727//727 724//724
f 728//728 737//737 741//741
f 741//741 731//731 728//728
f 72//72 746//746 747//747
f 747//747 71//71 72//72
f 77//77 750//750 746//746
f 746//746 72//72 77//77
f 81//81 684//684 750//750
f 750//750 77//77 81//81
f 744//744 753//753 756//756
f 756//756 749//749 744//744
f 751//751 760//760 754//754
f 754//754 745//745 751//751
f 685//685 694//694 759//759
f 759//759 752//752 685//685
f 755//755 762//762 763//763
f 763//763 757//757 755//755
f 761//761 764//764 762//762
f 762//762 755//755 761//761
f 692//692 764//764 761//761
f 762//762 766//766 768//768
f 768//768 763//763 762//762
f 764//764 772//772 766//766
f 766//766 762//762 764//764
f 692//692 702//702 772//772
f 772//772 764//764 692//692
f 765//765 773//773 767//767
f 771//771 776//776 773//773
f 773//773 765//765 771//771
f 704//704 713//713 776//776
f 776//776 771//771 704//704
f 775//775 781//781 784//784
f 784//784 769//769 775//775
f 778//778 787//787 780//780
f 780//780 774//774 778//778
f 712//712 721//721 786//786
f 786//786 777//777 712//712
f 779//779 788//788 791//791
f 791//791 783//783 779//779
f 785//785 795//795 788//788
f 788//788 779//779 785//785
f 720//720 730//730 795//795
f 795//795 785//785 720//720
f 790//790 797//797 802//802
f 802//802 792//792 790//790
f 796//796 807//807 800//800
f 800//800 789//789 796//796
f 729//729 740//740 806//806
f 806//806 794//794 729//729
f 71//71 747//747 811//811
f 811//811 67//67 71//71
f 67//67 811//811 814//814
f 814//814 64//64 67//67
f 64//64 814//814 816//816
f 816//816 49//49 64//64
f 748//748 758//758 818//818
f 818//818 810//810 748//748
f 809//809 820//820 823//823
f 823//823 813//813 809//809
f 812//812 822//822 824//824
f 824//824 815//815 812//812
f 757//757 763//763 828//828
f 828//828 819//819 757//757
f 819//819 828//828 829//829
f 829//829 821//821 819//819
f 821//821 829//829 826//826
f 763//763 768//768 830//830
f 830//830 828//828 763//763
f 828//828 830//830 832//832
f 832//832 829//829 828//828
f 829//829 832//832 834//834
f 834//834 826//826 829//829
f 767//767 838//838 831//831
f 831//831 838//838 841//841
f 841//841 833//833 831//831
f 833//833 841//841 845//845
f 845//845 835//835 833//833
f 770//770 782//782 848//848
f 848//848 837//837 770//770
f 839//839 847//847 849//849
f 849//849 842//842 839//839
f 840//840 850//850 853//853
f 853//853 843//843 840//840
f 783//783 791//791 855//855
f 855//855 846//846 783//783
f 846//846 855//855 858//858
f 858//858 851//851 846//846
f 851//851 858//858 863//863
f 863//863 852//852 851//851
f 793//793 804//804 867//867
f 867//867 856//856 793//793
f 857//857 866//866 870//870
f 870//870 859//859 857//857
f 860//860 869//869 874//874
f 874//874 862//862 860//860
f 44//44 877//877 880//880
f 880//880 40//40 44//44
f 48//48 884//884 877//877
f 877//877 44//44 48//48
f 49//49 816//816 884//884
f 884//884 48//48 49//49
f 876//876 887//887 888//888
f 888//888 881//881 876//876
f 883//883 891//891 885//885
f 885//885 878//878 883//883
f 817//817 825//825 893//893
f 893//893 882//882 817//817
f 886//886 894//894 895//895
f 895//895 889//889 886//886
f 892//892 896//896 894//894
f 894//894 886//886 892//892
f 827//827 896//896 892//892
f 894//894 898//898 902//902
f 902//902 895//895 894//894
f 896//896 904//904 898//898
f 898//898 894//894 896//896
f 827//827 836//836 904//904
f 904//904 896//896 827//827
f 897//897 905//905 899//899
f 903//903 909//909 905//905
f 905//905 897//897 903//903
f 835//835 845//845 909//909
f 909//909 903//903 835//835
f 907//907 911//911 915//915
f 915//915 901//901 907//907
f 910//910 917//917 912//912
f 912//912 906//906 910//910
f 844//844 854//854 918//918
f 918//918 908//908 844//844
f 913//913 920//920 923//923
f 923//923 916//916 913//913
f 919//919 927//927 920//920
f 920//920 913//913 919//919
f 852//852 863//863 927//927
f 927//927 919//919 852//852
f 921//921 929//929 935//935
f 935//935 925//925 921//921
f 928//928 940//940 930//930
f 930//930 922//922 928//928
f 861//861 873//873 937//937
f 937//937 926//926 861//861
f 40//40 880//880 943//943
f 943//943 38//38 40//40
f 38//38 943//943 944//944
f 944//944 34//34 38//38
f 34//34 944//944 204//204
f 204//204 20//20 34//34
f 879//879 890//890 947//947
f 947//947 942//942 879//879
f 941//941 949//949 952//952
f 952//952 945//945 941//941
f 946//946 950//950 217//217
f 217//217 203//203 946//946
f 889//889 895//895 953//953
f 953//953 948//948 889//889
f 948//948 953//953 954//954
f 954//954 951//951 948//948
f 951//951 954//954 214//214
f 895//895 902//902 956//956
f 956//956 953//953 895//895
f 953//953 956//956 958//958
f 958//958 954//954 953//953
f 954//954 958//958 231//231
f 231//231 214//214 954//954
f 899//899 959//959 955//955
f 955//955 959//959 962//962
f 962//962 957//957 955//955
f 957//957 962//962 238//238
f 238//238 229//229 957//957
f 900//900 914//914 965//965
f 965//965 960//960 900//900
f 961//961 967//967 970//970
f 970//970 964//964 961//961
f 963//963 969//969 251//251
f 251//251 239//239 963//963
f 916//916 923//923 973//973
f 973//973 966//966 916//916
f 966//966 973//973 976//976
f 976//976 968//968 966//966
f 968//968 976//976 264//264
f 264//264 250//250 968//968
f 924//924 936//936 980//980
f 980//980 972//972 924//924
f 971//971 979//979 983//983
f 983//983 975//975 971//971
f 974//974 981//981 278//278
f 278//278 262//262 974//974
f 268//268 987//987 989//989
f 989//989 271//271 268//268
f 275//275 992//992 986//986
f 986//986 266//266 275//275
f 279//279 994//994 993//993
f 993//993 276//276 279//279
f 982//982 999//999 995//995
f 995//995 277//277 982//982
f 977//977 1001//1001 997//997
f 997//997 984//984 977//977
f 933//933 1003//1003 1002//1002
f 1002//1002 978//978 933//933
f 931//931 1006//1006 1005//1005
f 1005//1005 934//934 931//931
f 939//939 1010//1010 1008//1008
f 1008//1008 932//932 939//939
f 875//875 1013//1013 1009//1009
f 1009//1009 938//938 875//875
f 871//871 1016//1016 1014//1014
f 1014//1014 872//872 871//871
f 865//865 1020//1020 1015//1015
f 1015//1015 868//868 865//865
f 801//801 1023//1023 1019//1019
f 1019//1019 864//864 801//801
f 799//799 1026//1026 1021//1021
f 1021//1021 803//803 799//799
f 805//805 1029//1029 1024//1024
f 1024//1024 798//798 805//805
f 743//743 1030//1030 1028//1028
f 1028//1028 808//808 743//743
f 736//736 1035//1035 1032//1032
f 1032//1032 742//742 736//736
f 733//733 1036//1036 1034//1034
f 1034//1034 739//739 733//733
f 671//671 1039//1039 1038//1038
f 1038//1038 732//732 671//671
f 666//666 1044//1044 1040//1040
f 1040//1040 670//670 666//666
f 674//674 1046//1046 1043//1043
f 1043//1043 665//665 674//674
f 611//611 1048//1048 1045//1045
f 1045//1045 676//676 611//611
f 605//605 1052//1052 1049//1049
f 1049//1049 610//610 605//605
f 601//601 1055//1055 1051//1051
f 1051//1051 606//606 601//601
f 538//538 1058//1058 1054//1054
f 1054//1054 602//602 538//538
f 534//534 1060//1060 1059//1059
f 1059//1059 539//539 534//534
f 543//543 1064//1064 1061//1061
f 1061//1061 536//536 543//543
f 476//476 1067//1067 1065//1065
f 1065//1065 542//542 476//476
f 475//475 1069//1069 1068//1068
f 1068//1068 478//478 475//475
f 469//469 1073//1073 1070//1070
f 1070//1070 473//473 469//469
f 407//407 1077//1077 1072//1072
f 1072//1072 468//468 407//407
f 403//403 1078//1078 1076//1076
f 1076//1076 408//408 403//403
f 410//410 1081//1081 1080//1080
f 1080//1080 404//404 410//410
f 344//344 1085//1085 1083//1083
f 1083//1083 412//412 344//344
f 343//343 1089//1089 1086//1086
f 1086//1086 347//347 343//343
f 339//339 1092//1092 1088//1088
f 1088//1088 341//341 339//339
f 269//269 990//990 1091//1091
f 1091//1091 338//338 269//269
f 985//985 1094//1094 988//988
f 991//991 1094//1094 985//985
f 996//996 1094//1094 991//991
f 998//998 1094//1094 996//996
f 1000//1000 1094//1094 998//998
f 1004//1004 1094//1094 1000//1000
f 1007//1007 1094//1094 1004//1004
f 1011//1011 1094//1094 1007//1007
f 1012//1012 1094//1094 1011//1011
f 1017//1017 1094//1094 1012//1012
f 1018//1018 1094//1094 1017//1017
f 1022//1022 1094//1094 1018//1018
f 1025//1025 1094//1094 1022//1022
f 1027//1027 1094//1094 1025//1025
f 1031//1031 1094//1094 1027//1027
f 1033//1033 1094//1094 1031//1031
f 1037//1037 1094//1094 1033//1033
f 1041//1041 1094//1094 1037//1037
f 1042//1042 1094//1094 1041//1041
f 1047//1047 1094//1094 1042//1042
f 1050//1050 1094//1094 1047//1047
f 1053//1053 1094//1094 1050//1050
f 1056//1056 1094//1094 1053//1053
f 1057//1057 1094//1094 1056//1056
f 1062//1062 1094//1094 1057//1057
f 1063//1063 1094//1094 1062//1062
f 1066//1066 1094//1094 1063//1063
f 1071//1071 1094//1094 1066//1066
f 1074//1074 1094//1094 1071//1071
f 1075//1075 1094//1094 1074//1074
f 1079//1079 1094//1094 1075//1075
f 1082//1082 1094//1094 1079//1079
f 1084//1084 1094//1094 1082//1082
f 1087//1087 1094//1094 1084//1084
f 1090//1090 1094//1094 1087//1087
f 988//988 1094//1094 1090//1090
f 1095//1095 1100//1100 1099//1099
f 1093//1093 1103//1103 1101//1101
f 1095//1095 1107//1107 1105//1105
f 1093//1093 1108//1108 1106//1106
f 1093//1093 1110//1110 1108//1108
f 1093//1093 1114//1114 1113//1113
f 1093//1093 1116//1116 1114//1114
f 1093//1093 1120//1120 1118//1118
f 1093//1093 1122//1122 1120//1120
f 1093//1093 1126//1126 1125//1125
f 1095//1095 1128//1128 1127//1127
f 1099//1099 1130//1130 1129//1129
f 1129//1129 1097//1097 1099//1099
f 1093//1093 1098//1098 1096//1096
f 1104//1104 1133//1133 1102//1102
f 1102//1102 1095//1095 1104//1104
f 1105//1105 1134//1134 1133//1133
f 1133//1133 1104//1104 1105//1105
f 1111//1111 1137//1137 1136//1136
f 1136//1136 1109//1109 1111//1111
f 1112//1112 1138//1138 1137//1137
f 1137//1137 1111//1111 1112//1112
f 1115//1115 1139//1139 1138//1138
f 1138//1138 1112//1112 1115//1115
f 1117//1117 1140//1140 1139//1139
f 1139//1139 1115//1115 1117//1117
f 1123//1123 1143//1143 1142//1142
f 1142//1142 1121//1121 1123//1123
f 1129//1129 1147//1147 1146//1146
f 1146//1146 1128//1128 1129//1129
f 1131//1131 1149//1149 1148//1148
f 1148//1148 1130//1130 1131//1131
f 1095//1095 1105//1105 1104//1104
f 1095//1095 1112//1112 1111//1111
f 1093//1093 1118//1118 1116//1116
f 1095//1095 1124//1124 1123//1123
f 1097//1097 1129//1129 1128//1128
f 1128//1128 1095//1095 1097//1097
f 1100//1100 1131//1131 1130//1130
f 1130//1130 1099//1099 1100//1100
f 1102//1102 1132//1132 1131//1131
f 1131//1131 1100//1100 1102//1102
f 1133//1133 1151//1151 1132//1132
f 1132//1132 1102//1102 1133//1133
f 1136//1136 1154//1154 1153//1153
f 1153//1153 1135//1135 1136//1136
f 1138//1138 1156//1156 1155//1155
f 1155//1155 1137//1137 1138//1138
f 1140//1140 1158//1158 1157//1157
f 1157//1157 1139//1139 1140//1140
f 1141//1141 1159//1159 1158//1158
f 1158//1158 1140//1140 1141//1141
f 1144//1144 1162//1162 1161//1161
f 1161//1161 1143//1143 1144//1144
f 1146//1146 1164//1164 1163//1163
f 1163//1163 1145//1145 1146//1146
f 1147//1147 1165//1165 1164//1164
f 1164//1164 1146//1146 1147//1147
f 1107//1107 1135//1135 1134//1134
f 1134//1134 1105//1105 1107//1107
f 1109//1109 1136//1136 1135//1135
f 1135//1135 1107//1107 1109//1109
f 1119//1119 1141//1141 1140//1140
f 1140//1140 1117//1117 1119//1119
f 1121//1121 1142//1142 1141//1141
f 1141//1141 1119//1119 1121//1121
f 1124//1124 1144//1144 1143//1143
f 1143//1143 1123//1123 1124//1124
f 1127//1127 1145//1145 1144//1144
f 1144//1144 1124//1124 1127//1127
f 1128//1128 1146//1146 1145//1145
f 1145//1145 1127//1127 1128//1128
f 1130//1130 1148//1148 1147//1147
f 1147//1147 1129//1129 1130//1130
f 1132//1132 1150//1150 1149//1149
f 1149//1149 1131//1131 1132//1132
f 1152//1152 1170//1170 1169//1169
f 1169//1169 1151//1151 1152//1152
f 1154//1154 1172//1172 1171//1171
f 1171//1171 1153//1153 1154//1154
f 1155//1155 1173//1173 1172//1172
f 1172//1172 1154//1154 1155//1155
f 1156//1156 1174//1174 1173//1173
f 1173//1173 1155//1155 1156//1156
f 1157//1157 1175//1175 1174//1174
f 1174//1174 1156//1156 1157//1157
f 1163//1163 1181//1181 1180//1180
f 1180//1180 1162//1162 1163//1163
f 1165//1165 1183//1183 1182//1182
f 1182//1182 1164//1164 1165//1165
f 1166//1166 1184//1184 1183//1183
f 1183//1183 1165//1165 1166//1166
f 1168//1168 1186//1186 1185//1185
f 1185//1185 1167//1167 1168//1168
f 1134//1134 1152//1152 1151//1151
f 1151//1151 1133//1133 1134//1134
f 1135//1135 1153//1153 1152//1152
f 1152//1152 1134//1134 1135//1135
f 1137//1137 1155//1155 1154//1154
f 1154//1154 1136//1136 1137//1137
f 1139//1139 1157//1157 1156//1156
f 1156//1156 1138//1138 1139//1139
f 1142//1142 1160//1160 1159//1159
f 1159//1159 1141//1141 1142//1142
f 1143//1143 1161//1161 1160//1160
f 1160//1160 1142//1142 1143//1143
f 1145//1145 1163//1163 1162//1162
f 1162//1162 1144//1144 1145//1145
f 1148//1148 1166//1166 1165//1165
f 1165//1165 1147//1147 1148//1148
f 1149//1149 1167//1167 1166//1166
f 1166//1166 1148//1148 1149//1149
f 1150//1150 1168//1168 1167//1167
f 1167//1167 1149//1149 1150//1150
f 1169//1169 1187//1187 1168//1168
f 1168//1168 1150//1150 1169//1169
f 1170//1170 1188//1188 1187//1187
f 1187//1187 1169//1169 1170//1170
f 1175//1175 1193//1193 1192//1192
f 1192//1192 1174//1174 1175//1175
f 1176//1176 1194//1194 1193//1193
f 1193//1193 1175//1175 1176//1176
f 1179//1179 1197//1197 1196//1196
f 1196//1196 1178//1178 1179//1179
f 1182//1182 1200//1200 1199//1199
f 1199//1199 1181//1181 1182//1182
f 1184//1184 1202//1202 1201//1201
f 1201//1201 1183//1183 1184//1184
f 1185//1185 1203//1203 1202//1202
f 1202//1202 1184//1184 1185//1185
f 1151//1151 1169//1169 1150//1150
f 1150//1150 1132//1132 1151//1151
f 1153//1153 1171//1171 1170//1170
f 1170//1170 1152//1152 1153//1153
f 1158//1158 1176//1176 1175//1175
f 1175//1175 1157//1157 1158//1158
f 1159//1159 1177//1177 1176//1176
f 1176//1176 1158//1158 1159//1159
f 1160//1160 1178//1178 1177//1177
f 1177//1177 1159//1159 1160//1160
f 1161//1161 1179//1179 1178//1178
f 1178//1178 1160//1160 1161//1161
f 1162//1162 1180//1180 1179//1179
f 1179//1179 1161//1161 1162//1162
f 1164//1164 1182//1182 1181//1181
f 1181//1181 1163//1163 1164//1164
f 1167//1167 1185//1185 1184//1184
f 1184//1184 1166//1166 1167//1167
f 1187//1187 1205//1205 1186//1186
f 1186//1186 1168//1168 1187//1187
f 1188//1188 1206//1206 1205//1205
f 1205//1205 1187//1187 1188//1188
f 1189//1189 1207//1207 1206//1206
f 1206//1206 1188//1188 1189//1189
f 1192//1192 1210//1210 1209//1209
f 1209//1209 1191//1191 1192//1192
f 1193//1193 1211//1211 1210//1210
f 1210//1210 1192//1192 1193//1193
f 1171//1171 1189//1189 1188//1188
f 1188//1188 1170//1170 1171//1171
f 1172//1172 1190//1190 1189//1189
f 1189//1189 1171//1171 1172//1172
f 1173//1173 1191//1191 1190//1190
f 1190//1190 1172//1172 1173//1173
f 1174//1174 1192//1192 1191//1191
f 1191//1191 1173//1173 1174//1174
f 1177//1177 1195//1195 1194//1194
f 1194//1194 1176//1176 1177//1177
f 1178//1178 1196//1196 1195//1195
f 1195//1195 1177//1177 1178//1178
f 1180//1180 1198//1198 1197//1197
f 1197//1197 1179//1179 1180//1180
f 1181//1181 1199//1199 1198//1198
f 1198//1198 1180//1180 1181//1181
f 1183//1183 1201//1201 1200//1200
f 1200//1200 1182//1182 1183//1183
f 1186//1186 1204//1204 1203//1203
f 1203//1203 1185//1185 1186//1186
f 1205//1205 1223//1223 1204//1204
f 1204//1204 1186//1186 1205//1205
f 1207//1207 1225//1225 1224//1224
f 1224//1224 1206//1206 1207//1207
f 1209//1209 1227//1227 1226//1226
f 1226//1226 1208//1208 1209//1209
f 1213//1213 1231//1231 1230//1230
f 1230//1230 1212//1212 1213//1213
f 1214//1214 1232//1232 1231//1231
f 1231//1231 1213//1213 1214//1214
f 1215//1215 1233//1233 1232//1232
f 1232//1232 1214//1214 1215//1215
f 1219//1219 1237//1237 1236//1236
f 1236//1236 1218//1218 1219//1219
f 1221//1221 1239//1239 1238//1238
f 1238//1238 1220//1220 1221//1221
f 1190//1190 1208//1208 1207//1207
f 1207//1207 1189//1189 1190//1190
f 1191//1191 1209//1209 1208//1208
f 1208//1208 1190//1190 1191//1191
f 1194//1194 1212//1212 1211//1211
f 1211//1211 1193//1193 1194//1194
f 1195//1195 1213//1213 1212//1212
f 1212//1212 1194//1194 1195//1195
f 1196//1196 1214//1214 1213//1213
f 1213//1213 1195//1195 1196//1196
f 1197//1197 1215//1215 1214//1214
f 1214//1214 1196//1196 1197//1197
f 1198//1198 1216//1216 1215//1215
f 1215//1215 1197//1197 1198//1198
f 1199//1199 1217//1217 1216//1216
f 1216//1216 1198//1198 1199//1199
f 1200//1200 1218//1218 1217//1217
f 1217//1217 1199//1199 1200//1200
f 1201//1201 1219//1219 1218//1218
f 1218//1218 1200//1200 1201//1201
f 1202//1202 1220//1220 1219//1219
f 1219//1219 1201//1201 1202//1202
f 1203//1203 1221//1221 1220//1220
f 1220//1220 1202//1202 1203//1203
f 1204//1204 1222//1222 1221//1221
f 1221//1221 1203//1203 1204//1204
f 1223//1223 1241//1241 1222//1222
f 1222//1222 1204//1204 1223//1223
f 1224//1224 1242//1242 1241//1241
f 1241//1241 1223//1223 1224//1224
f 1225//1225 1243//1243 1242//1242
f 1242//1242 1224//1224 1225//1225
f 1226//1226 1244//1244 1243//1243
f 1243//1243 1225//1225 1226//1226
f 1227//1227 1245//1245 1244//1244
f 1244//1244 1226//1226 1227//1227
f 1238//1238 1256//1256 1255//1255
f 1255//1255 1237//1237 1238//1238
f 1239//1239 1257//1257 1256//1256
f 1256//1256 1238//1238 1239//1239
f 1206//1206 1224//1224 1223//1223
f 1223//1223 1205//1205 1206//1206
f 1208//1208 1226//1226 1225//1225
f 1225//1225 1207//1207 1208//1208
f 1210//1210 1228//1228 1227//1227
f 1227//1227 1209//1209 1210//1210
f 1211//1211 1229//1229 1228//1228
f 1228//1228 1210//1210 1211//1211
f 1212//1212 1230//1230 1229//1229
f 1229//1229 1211//1211 1212//1212
f 1216//1216 1234//1234 1233//1233
f 1233//1233 1215//1215 1216//1216
f 1217//1217 1235//1235 1234//1234
f 1234//1234 1216//1216 1217//1217
f 1218//1218 1236//1236 1235//1235
f 1235//1235 1217//1217 1218//1218
f 1220//1220 1238//1238 1237//1237
f 1237//1237 1219//1219 1220//1220
f 1222//1222 1240//1240 1239//1239
f 1239//1239 1221//1221 1222//1222
f 1241//1241 1259//1259 1240//1240
f 1240//1240 1222//1222 1241//1241
f 1244//1244 1262//1262 1261//1261
f 1261//1261 1243//1243 1244//1244
f 1245//1245 1263//1263 1262//1262
f 1262//1262 1244//1244 1245//1245
f 1246//1246 1264//1264 1263//1263
f 1263//1263 1245//1245 1246//1246
f 1247//1247 1265//1265 1264//1264
f 1264//1264 1246//1246 1247//1247
f 1255//1255 1273//1273 1272//1272
f 1272//1272 1254//1254 1255//1255
f 1256//1256 1274//1274 1273//1273
f 1273//1273 1255//1255 1256//1256
f 1257//1257 1275//1275 1274//1274
f 1274//1274 1256//1256 1257//1257
f 1258//1258 1276//1276 1275//1275
f 1275//1275 1257//1257 1258//1258
f 1228//1228 1246//1246 1245//1245
f 1245//1245 1227//1227 1228//1228
f 1229//1229 1247//1247 1246//1246
f 1246//1246 1228//1228 1229//1229
f 1230//1230 1248//1248 1247//1247
f 1247//1247 1229//1229 1230//1230
f 1231//1231 1249//1249 1248//1248
f 1248//1248 1230//1230 1231//1231
f 1232//1232 1250//1250 1249//1249
f 1249//1249 1231//1231 1232//1232
f 1233//1233 1251//1251 1250//1250
f 1250//1250 1232//1232 1233//1233
f 1234//1234 1252//1252 1251//1251
f 1251//1251 1233//1233 1234//1234
f 1235//1235 1253//1253 1252//1252
f 1252//1252 1234//1234 1235//1235
f 1236//1236 1254//1254 1253//1253
f 1253//1253 1235//1235 1236//1236
f 1237//1237 1255//1255 1254//1254
f 1254//1254 1236//1236 1237//1237
f 1240//1240 1258//1258 1257//1257
f 1257//1257 1239//1239 1240//1240
f 1259//1259 1277//1277 1258//1258
f 1258//1258 1240//1240 1259//1259
f 1261//1261 1279//1279 1278//1278
f 1278//1278 1260//1260 1261//1261
f 1267//1267 1285//1285 1284//1284
f 1284//1284 1266//1266 1267//1267
f 1270//1270 1288//1288 1287//1287
f 1287//1287 1269//1269 1270//1270
f 1271//1271 1289//1289 1288//1288
f 1288//1288 1270//1270 1271//1271
f 1273//1273 1291//1291 1290//1290
f 1290//1290 1272//1272 1273//1273
f 1274//1274 1292//1292 1291//1291
f 1291//1291 1273//1273 1274//1274
f 1275//1275 1293//1293 1292//1292
f 1292//1292 1274//1274 1275//1275
f 1242//1242 1260//1260 1259//1259
f 1259//1259 1241//1241 1242//1242
f 1243//1243 1261//1261 1260//1260
f 1260//1260 1242//1242 1243//1243
f 1248//1248 1266//1266 1265//1265
f 1265//1265 1247//1247 1248//1248
f 1249//1249 1267//1267 1266//1266
f 1266//1266 1248//1248 1249//1249
f 1250//1250 1268//1268 1267//1267
f 1267//1267 1249//1249 1250//1250
f 1251//1251 1269//1269 1268//1268
f 1268//1268 1250//1250 1251//1251
f 1252//1252 1270//1270 1269//1269
f 1269//1269 1251//1251 1252//1252
f 1253//1253 1271//1271 1270//1270
f 1270//1270 1252//1252 1253//1253
f 1254//1254 1272//1272 1271//1271
f 1271//1271 1253//1253 1254//1254
f 1277//1277 1295//1295 1276//1276
f 1276//1276 1258//1258 1277//1277
f 1280//1280 1298//1298 1297//1297
f 1297//1297 1279//1279 1280//1280
f 1281//1281 1299//1299 1298//1298
f 1298//1298 1280//1280 1281//1281
f 1282//1282 1300//1300 1299//1299
f 1299//1299 1281//1281 1282//1282
f 1283//1283 1301//1301 1300//1300
f 1300//1300 1282//1282 1283//1283
f 1284//1284 1302//1302 1301//1301
f 1301//1301 1283//1283 1284//1284
f 1285//1285 1303//1303 1302//1302
f 1302//1302 1284//1284 1285//1285
f 1286//1286 1304//1304 1303//1303
f 1303//1303 1285//1285 1286//1286
f 1289//1289 1307//1307 1306//1306
f 1306//1306 1288//1288 1289//1289
f 1290//1290 1308//1308 1307//1307
f 1307//1307 1289//1289 1290//1290
f 1292//1292 1310//1310 1309//1309
f 1309//1309 1291//1291 1292//1292
f 1293//1293 1311//1311 1310//1310
f 1310//1310 1292//1292 1293//1293
f 1294//1294 1312//1312 1311//1311
f 1311//1311 1293//1293 1294//1294
f 1260//1260 1278//1278 1277//1277
f 1277//1277 1259//1259 1260//1260
f 1262//1262 1280//1280 1279//1279
f 1279//1279 1261//1261 1262//1262
f 1263//1263 1281//1281 1280//1280
f 1280//1280 1262//1262 1263//1263
f 1264//1264 1282//1282 1281//1281
f 1281//1281 1263//1263 1264//1264
f 1265//1265 1283//1283 1282//1282
f 1282//1282 1264//1264 1265//1265
f 1266//1266 1284//1284 1283//1283
f 1283//1283 1265//1265 1266//1266
f 1268//1268 1286//1286 1285//1285
f 1285//1285 1267//1267 1268//1268
f 1269//1269 1287//1287 1286//1286
f 1286//1286 1268//1268 1269//1269
f 1272//1272 1290//1290 1289//1289
f 1289//1289 1271//1271 1272//1272
f 1276//1276 1294//1294 1293//1293
f 1293//1293 1275//1275 1276//1276
f 1295//1295 1313//1313 1294//1294
f 1294//1294 1276//1276 1295//1295
f 1296//1296 1314//1314 1313//1313
f 1313//1313 1295//1295 1296//1296
f 1299//1299 1317//1317 1316//1316
f 1316//1316 1298//1298 1299//1299
f 1300//1300 1318//1318 1317//1317
f 1317//1317 1299//1299 1300//1300
f 1301//1301 1319//1319 1318//1318
f 1318//1318 1300//1300 1301//1301
f 1302//1302 1320//1320 1319//1319
f 1319//1319 1301//1301 1302//1302
f 1303//1303 1321//1321 1320//1320
f 1320//1320 1302//1302 1303//1303
f 1305//1305 1323//1323 1322//1322
f 1322//1322 1304//1304 1305//1305
f 1306//1306 1324//1324 1323//1323
f 1323//1323 1305//1305 1306//1306
f 1307//1307 1325//1325 1324//1324
f 1324//1324 1306//1306 1307//1307
f 1309//1309 1327//1327 1326//1326
f 1326//1326 1308//1308 1309//1309
f 1311//1311 1329//1329 1328//1328
f 1328//1328 1310//1310 1311//1311
f 1312//1312 1330//1330 1329//1329
f 1329//1329 1311//1311 1312//1312
f 1278//1278 1296//1296 1295//1295
f 1295//1295 1277//1277 1278//1278
f 1279//1279 1297//1297 1296//1296
f 1296//1296 1278//1278 1279//1279
f 1287//1287 1305//1305 1304//1304
f 1304//1304 1286//1286 1287//1287
f 1288//1288 1306//1306 1305//1305
f 1305//1305 1287//1287 1288//1288
f 1291//1291 1309//1309 1308//1308
f 1308//1308 1290//1290 1291//1291
f 1314//1314 1332//1332 1331//1331
f 1331//1331 1313//1313 1314//1314
f 1316//1316 1334//1334 1333//1333
f 1333//1333 1315//1315 1316//1316
f 1317//1317 1335//1335 1334//1334
f 1334//1334 1316//1316 1317//1317
f 1320//1320 1338//1338 1337//1337
f 1337//1337 1319//1319 1320//1320
f 1321//1321 1339//1339 1338//1338
f 1338//1338 1320//1320 1321//1321
f 1322//1322 1340//1340 1339//1339
f 1339//1339 1321//1321 1322//1322
f 1323//1323 1341//1341 1340//1340
f 1340//1340 1322//1322 1323//1323
f 1326//1326 1344//1344 1343//1343
f 1343//1343 1325//1325 1326//1326
f 1328//1328 1346//1346 1345//1345
f 1345//1345 1327//1327 1328//1328
f 1330//1330 1348//1348 1347//1347
f 1347//1347 1329//1329 1330//1330
f 1297//1297 1315//1315 1314//1314
f 1314//1314 1296//1296 1297//1297
f 1298//1298 1316//1316 1315//1315
f 1315//1315 1297//1297 1298//1298
f 1304//1304 1322//1322 1321//1321
f 1321//1321 1303//1303 1304//1304
f 1308//1308 1326//1326 1325//1325
f 1325//1325 1307//1307 1308//1308
f 1310//1310 1328//1328 1327//1327
f 1327//1327 1309//1309 1310//1310
f 1332//1332 1350//1350 1349//1349
f 1349//1349 1331//1331 1332//1332
f 1336//1336 1354//1354 1353//1353
f 1353//1353 1335//1335 1336//1336
f 1337//1337 1355//1355 1354//1354
f 1354//1354 1336//1336 1337//1337
f 1340//1340 1358//1358 1357//1357
f 1357//1357 1339//1339 1340//1340
f 1344//1344 1362//1362 1361//1361
f 1361//1361 1343//1343 1344//1344
f 1347//1347 1365//1365 1364//1364
f 1364//1364 1346//1346 1347//1347
f 1313//1313 1331//1331 1312//1312
f 1312//1312 1294//1294 1313//1313
f 1315//1315 1333//1333 1332//1332
f 1332//1332 1314//1314 1315//1315
f 1318//1318 1336//1336 1335//1335
f 1335//1335 1317//1317 1318//1318
f 1319//1319 1337//1337 1336//1336
f 1336//1336 1318//1318 1319//1319
f 1324//1324 1342//1342 1341//1341
f 1341//1341 1323//1323 1324//1324
f 1325//1325 1343//1343 1342//1342
f 1342//1342 1324//1324 1325//1325
f 1327//1327 1345//1345 1344//1344
f 1344//1344 1326//1326 1327//1327
f 1329//1329 1347//1347 1346//1346
f 1346//1346 1328//1328 1329//1329
f 1350//1350 1370//1370 1369//1369
f 1369//1369 1349//1349 1350//1350
f 1351//1351 1371//1371 1370//1370
f 1370//1370 1350//1350 1351//1351
f 1353//1353 1373//1373 1372//1372
f 1372//1372 1352//1352 1353//1353
f 1356//1356 1376//1376 1375//1375
f 1375//1375 1355//1355 1356//1356
f 1357//1357 1377//1377 1376//1376
f 1376//1376 1356//1356 1357//1357
f 1359//1359 1379//1379 1378//1378
f 1378//1378 1358//1358 1359//1359
f 1362//1362 1382//1382 1381//1381
f 1381//1381 1361//1361 1362//1362
f 1363//1363 1389//1389 1382//1382
f 1382//1382 1362//1362 1363//1363
f 1364//1364 1392//1392 1389//1389
f 1389//1389 1363//1363 1364//1364
f 1365//1365 1397//1397 1392//1392
f 1392//1392 1364//1364 1365//1365
f 1368//1368 1401//1401 1397//1397
f 1397//1397 1365//1365 1368//1368
f 1331//1331 1349//1349 1330//1330
f 1330//1330 1312//1312 1331//1331
f 1333//1333 1351//1351 1350//1350
f 1350//1350 1332//1332 1333//1333
f 1334//1334 1352//1352 1351//1351
f 1351//1351 1333//1333 1334//1334
f 1335//1335 1353//1353 1352//1352
f 1352//1352 1334//1334 1335//1335
f 1338//1338 1356//1356 1355//1355
f 1355//1355 1337//1337 1338//1338
f 1339//1339 1357//1357 1356//1356
f 1356//1356 1338//1338 1339//1339
f 1341//1341 1359//1359 1358//1358
f 1358//1358 1340//1340 1341//1341
f 1342//1342 1360//1360 1359//1359
f 1359//1359 1341//1341 1342//1342
f 1343//1343 1361//1361 1360//1360
f 1360//1360 1342//1342 1343//1343
f 1345//1345 1363//1363 1362//1362
f 1362//1362 1344//1344 1345//1345
f 1346//1346 1364//1364 1363//1363
f 1363//1363 1345//1345 1346//1346
f 1348//1348 1368//1368 1365//1365
f 1365//1365 1347//1347 1348//1348
f 1372//1372 1424//1424 1419//1419
f 1419//1419 1371//1371 1372//1372
f 1374//1374 1436//1436 1430//1430
f 1430//1430 1373//1373 1374//1374
f 1375//1375 1441//1441 1436//1436
f 1436//1436 1374//1374 1375//1375
f 1376//1376 1442//1442 1441//1441
f 1441//1441 1375//1375 1376//1376
f 1377//1377 1451//1451 1442//1442
f 1442//1442 1376//1376 1377//1377
f 1381//1381 1471//1471 1466//1466
f 1466//1466 1380//1380 1381//1381
f 1388//1388 1481//1481 1473//1473
f 1473//1473 1383//1383 1388//1388
f 1390//1390 1484//1484 1479//1479
f 1479//1479 1385//1385 1390//1390
f 1399//1399 1490//1490 1483//1483
f 1483//1483 1391//1391 1399//1399
f 1403//1403 1493//1493 1489//1489
f 1489//1489 1398//1398 1403//1403
f 1349//1349 1369//1369 1348//1348
f 1348//1348 1330//1330 1349//1349
f 1352//1352 1372//1372 1371//1371
f 1371//1371 1351//1351 1352//1352
f 1354//1354 1374//1374 1373//1373
f 1373//1373 1353//1353 1354//1354
f 1355//1355 1375//1375 1374//1374
f 1374//1374 1354//1354 1355//1355
f 1358//1358 1378//1378 1377//1377
f 1377//1377 1357//1357 1358//1358
f 1360//1360 1380//1380 1379//1379
f 1379//1379 1359//1359 1360//1360
f 1361//1361 1381//1381 1380//1380
f 1380//1380 1360//1360 1361//1361
f 1410//1410 1498//1498 1405//1405
f 1405//1405 1366//1366 1410//1410
f 1414//1414 1502//1502 1496//1496
f 1496//1496 1409//1409 1414//1414
f 1418//1418 1505//1505 1501//1501
f 1501//1501 1413//1413 1418//1418
f 1422//1422 1507//1507 1504//1504
f 1504//1504 1417//1417 1422//1422
f 1428//1428 1513//1513 1510//1510
f 1510//1510 1426//1426 1428//1428
f 1433//1433 1515//1515 1514//1514
f 1514//1514 1427//1427 1433//1433
f 1437//1437 1522//1522 1516//1516
f 1516//1516 1434//1434 1437//1437
f 1443//1443 1525//1525 1519//1519
f 1519//1519 1440//1440 1443//1443
f 1449//1449 1530//1530 1526//1526
f 1526//1526 1444//1444 1449//1449
f 1456//1456 1534//1534 1529//1529
f 1529//1529 1450//1450 1456//1456
f 1461//1461 1535//1535 1533//1533
f 1533//1533 1455//1455 1461//1461
f 1464//1464 1539//1539 1538//1538
f 1538//1538 1460//1460 1464//1464
f 1467//1467 1545//1545 1542//1542
f 1542//1542 1465//1465 1467//1467
f 1475//1475 1550//1550 1544//1544
f 1544//1544 1468//1468 1475//1475
f 1480//1480 1553//1553 1547//1547
f 1547//1547 1476//1476 1480//1480
f 1486//1486 1555//1555 1551//1551
f 1551//1551 1482//1482 1486//1486
f 1488//1488 1557//1557 1554//1554
f 1554//1554 1485//1485 1488//1488
f 1494//1494 1558//1558 1556//1556
f 1556//1556 1487//1487 1494//1494
f 1369//1369 1411//1411 1368//1368
f 1368//1368 1348//1348 1369//1369
f 1370//1370 1412//1412 1411//1411
f 1411//1411 1369//1369 1370//1370
f 1371//1371 1419//1419 1412//1412
f 1412//1412 1370//1370 1371//1371
f 1373//1373 1430//1430 1424//1424
f 1424//1424 1372//1372 1373//1373
f 1378//1378 1452//1452 1451//1451
f 1451//1451 1377//1377 1378//1378
f 1379//1379 1457//1457 1452//1452
f 1452//1452 1378//1378 1379//1379
f 1380//1380 1466//1466 1457//1457
f 1457//1457 1379//1379 1380//1380
f 1382//1382 1478//1478 1471//1471
f 1471//1471 1381//1381 1382//1382
f 1386//1386 1563//1563 1472//1472
f 1472//1472 1384//1384 1386//1386
f 1393//1393 1566//1566 1562//1562
f 1562//1562 1387//1387 1393//1393
f 1396//1396 1569//1569 1567//1567
f 1567//1567 1394//1394 1396//1396
f 1406//1406 1574//1574 1571//1571
f 1571//1571 1395//1395 1406//1406
f 1495//1495 1575//1575 1573//1573
f 1573//1573 1400//1400 1495//1495
f 1500//1500 1578//1578 1577//1577
f 1577//1577 1497//1497 1500//1500
f 1503//1503 1582//1582 1580//1580
f 1580//1580 1499//1499 1503//1503
f 1508//1508 1584//1584 1581//1581
f 1581//1581 1506//1506 1508//1508
f 1511//1511 1590//1590 1586//1586
f 1586//1586 1509//1509 1511//1511
f 1517//1517 1592//1592 1588//1588
f 1588//1588 1512//1512 1517//1517
f 1521//1521 1596//1596 1594//1594
f 1594//1594 1518//1518 1521//1521
f 1524//1524 1598//1598 1595//1595
f 1595//1595 1520//1520 1524//1524
f 1527//1527 1602//1602 1597//1597
f 1597//1597 1523//1523 1527//1527
f 1532//1532 1603//1603 1601//1601
f 1601//1601 1528//1528 1532//1532
f 1536//1536 1605//1605 1604//1604
f 1604//1604 1531//1531 1536//1536
f 1541//1541 1608//1608 1606//1606
f 1606//1606 1537//1537 1541//1541
f 1546//1546 1613//1613 1607//1607
f 1607//1607 1540//1540 1546//1546
f 1548//1548 1616//1616 1610//1610
f 1610//1610 1543//1543 1548//1548
f 1552//1552 1617//1617 1615//1615
f 1615//1615 1549//1549 1552//1552
f 1555//1555 1619//1619 1618//1618
f 1618//1618 1551//1551 1555//1555
f 1557//1557 1621//1621 1620//1620
f 1620//1620 1554//1554 1557//1557
f 1558//1558 1623//1623 1622//1622
f 1622//1622 1556//1556 1558//1558
f 1407//1407 1628//1628 1404//1404
f 1404//1404 1367//1367 1407//1407
f 1416//1416 1630//1630 1627//1627
f 1627//1627 1408//1408 1416//1416
f 1420//1420 1633//1633 1632//1632
f 1632//1632 1415//1415 1420//1420
f 1425//1425 1639//1639 1636//1636
f 1636//1636 1421//1421 1425//1425
f 1431//1431 1643//1643 1640//1640
f 1640//1640 1423//1423 1431//1431
f 1432//1432 1646//1646 1641//1641
f 1641//1641 1429//1429 1432//1432
f 1438//1438 1651//1651 1647//1647
f 1647//1647 1435//1435 1438//1438
f 1445//1445 1656//1656 1650//1650
f 1650//1650 1439//1439 1445//1445
f 1447//1447 1658//1658 1655//1655
f 1655//1655 1446//1446 1447//1447
f 1454//1454 1663//1663 1660//1660
f 1660//1660 1448//1448 1454//1454
f 1459//1459 1666//1666 1664//1664
f 1664//1664 1453//1453 1459//1459
f 1462//1462 1670//1670 1665//1665
f 1665//1665 1458//1458 1462//1462
f 1470//1470 1676//1676 1669//1669
f 1669//1669 1463//1463 1470//1470
f 1477//1477 1677//1677 1673//1673
f 1673//1673 1469//1469 1477//1477
f 1560//1560 1683//1683 1679//1679
f 1679//1679 1474//1474 1560//1560
f 1565//1565 1684//1684 1682//1682
f 1682//1682 1561//1561 1565//1565
f 1568//1568 1687//1687 1685//1685
f 1685//1685 1564//1564 1568//1568
f 1572//1572 1688//1688 1686//1686
f 1686//1686 1570//1570 1572//1572
f 1575//1575 1693//1693 1690//1690
f 1690//1690 1573//1573 1575//1575
f 1579//1579 1695//1695 1691//1691
f 1691//1691 1576//1576 1579//1579
f 1582//1582 1696//1696 1694//1694
f 1694//1694 1580//1580 1582//1582
f 1587//1587 1699//1699 1697//1697
f 1697//1697 1583//1583 1587//1587
f 1591//1591 1701//1701 1698//1698
f 1698//1698 1585//1585 1591//1591
f 1593//1593 1702//1702 1700//1700
f 1700//1700 1589//1589 1593//1593
f 1596//1596 1705//1705 1703//1703
f 1703//1703 1594//1594 1596//1596
f 1598//1598 1707//1707 1704//1704
f 1704//1704 1595//1595 1598//1598
f 1600//1600 1708//1708 1706//1706
f 1706//1706 1599//1599 1600//1600
f 1603//1603 1711//1711 1709//1709
f 1709//1709 1601//1601 1603//1603
f 1605//1605 1712//1712 1710//1710
f 1710//1710 1604//1604 1605//1605
f 1608//1608 1715//1715 1713//1713
f 1713//1713 1606//1606 1608//1608
f 1611//1611 1717//1717 1714//1714
f 1714//1714 1609//1609 1611//1611
f 1614//1614 1719//1719 1716//1716
f 1716//1716 1612//1612 1614//1614
f 1617//1617 1721//1721 1718//1718
f 1718//1718 1615//1615 1617//1617
f 1619//1619 1723//1723 1720//1720
f 1720//1720 1618//1618 1619//1619
f 1621//1621 1724//1724 1722//1722
f 1722//1722 1620//1620 1621//1621
f 1623//1623 1729//1729 1726//1726
f 1726//1726 1622//1622 1623//1623
f 1626//1626 1731//1731 1491//1491
f 1491//1491 1402//1402 1626//1626
f 1631//1631 1735//1735 1734//1734
f 1734//1734 1625//1625 1631//1631
f 1634//1634 1738//1738 1736//1736
f 1736//1736 1629//1629 1634//1634
f 1638//1638 1742//1742 1740//1740
f 1740//1740 1635//1635 1638//1638
f 1642//1642 1745//1745 1741//1741
f 1741//1741 1637//1637 1642//1642
f 1648//1648 1749//1749 1746//1746
f 1746//1746 1644//1644 1648//1648
f 1649//1649 1751//1751 1748//1748
f 1748//1748 1645//1645 1649//1649
f 1654//1654 1753//1753 1752//1752
f 1752//1752 1652//1652 1654//1654
f 1659//1659 1757//1757 1754//1754
f 1754//1754 1653//1653 1659//1659
f 1662//1662 1759//1759 1756//1756
f 1756//1756 1657//1657 1662//1662
f 1667//1667 1760//1760 1758//1758
f 1758//1758 1661//1661 1667//1667
f 1672//1672 1762//1762 1761//1761
f 1761//1761 1668//1668 1672//1672
f 1675//1675 1767//1767 1764//1764
f 1764//1764 1671//1671 1675//1675
f 1680//1680 1768//1768 1765//1765
f 1765//1765 1674//1674 1680//1680
f 1681//1681 1773//1773 1770//1770
f 1770//1770 1678//1678 1681//1681
f 1684//1684 1774//1774 1771//1771
f 1771//1771 1682//1682 1684//1684
f 1687//1687 1777//1777 1775//1775
f 1775//1775 1685//1685 1687//1687
f 1688//1688 1778//1778 1776//1776
f 1776//1776 1686//1686 1688//1688
f 1692//1692 1781//1781 1779//1779
f 1779//1779 1689//1689 1692//1692
f 1695//1695 1783//1783 1780//1780
f 1780//1780 1691//1691 1695//1695
f 1696//1696 1785//1785 1782//1782
f 1782//1782 1694//1694 1696//1696
f 1699//1699 1786//1786 1784//1784
f 1784//1784 1697//1697 1699//1699
f 1701//1701 1789//1789 1787//1787
f 1787//1787 1698//1698 1701//1701
f 1702//1702 1790//1790 1788//1788
f 1788//1788 1700//1700 1702//1702
f 1705//1705 1793//1793 1791//1791
f 1791//1791 1703//1703 1705//1705
f 1707//1707 1794//1794 1792//1792
f 1792//1792 1704//1704 1707//1707
f 1708//1708 1797//1797 1795//1795
f 1795//1795 1706//1706 1708//1708
f 1711//1711 1799//1799 1796//1796
f 1796//1796 1709//1709 1711//1711
f 1712//1712 1801//1801 1798//1798
f 1798//1798 1710//1710 1712//1712
f 1715//1715 1803//1803 1800//1800
f 1800//1800 1713//1713 1715//1715
f 1717//1717 1805//1805 1802//1802
f 1802//1802 1714//1714 1717//1717
f 1719//1719 1806//1806 1804//1804
f 1804//1804 1716//1716 1719//1719
f 1721//1721 1810//1810 1807//1807
f 1807//1807 1718//1718 1721//1721
f 1723//1723 1813//1813 1808//1808
f 1808//1808 1720//1720 1723//1723
f 1724//1724 1816//1816 1812//1812
f 1812//1812 1722//1722 1724//1724
f 1728//1728 1814//1814 1725//1725
f 1733//1733 1817//1817 1559//1559
f 1559//1559 1492//1492 1733//1733
f 1737//1737 1819//1819 1818//1818
f 1818//1818 1732//1732 1737//1737
f 1738//1738 1822//1822 1820//1820
f 1820//1820 1736//1736 1738//1738
f 1743//1743 1824//1824 1821//1821
f 1821//1821 1739//1739 1743//1743
f 1745//1745 1825//1825 1823//1823
f 1823//1823 1741//1741 1745//1745
f 1747//1747 1827//1827 1826//1826
f 1826//1826 1744//1744 1747//1747
f 1751//1751 1830//1830 1828//1828
f 1828//1828 1748//1748 1751//1751
f 1755//1755 1831//1831 1829//1829
f 1829//1829 1750//1750 1755//1755
f 1757//1757 1834//1834 1832//1832
f 1832//1832 1754//1754 1757//1757
f 1759//1759 1835//1835 1833//1833
f 1833//1833 1756//1756 1759//1759
f 1760//1760 1837//1837 1836//1836
f 1836//1836 1758//1758 1760//1760
f 1762//1762 1840//1840 1838//1838
f 1838//1838 1761//1761 1762//1762
f 1766//1766 1842//1842 1839//1839
f 1839//1839 1763//1763 1766//1766
f 1768//1768 1843//1843 1841//1841
f 1841//1841 1765//1765 1768//1768
f 1772//1772 1846//1846 1844//1844
f 1844//1844 1769//1769 1772//1772
f 1774//1774 1847//1847 1845//1845
f 1845//1845 1771//1771 1774//1774
f 1777//1777 1850//1850 1848//1848
f 1848//1848 1775//1775 1777//1777
f 1778//1778 1853//1853 1849//1849
f 1849//1849 1776//1776 1778//1778
f 1781//1781 1856//1856 1851//1851
f 1851//1851 1779//1779 1781//1781
f 1783//1783 1858//1858 1854//1854
f 1854//1854 1780//1780 1783//1783
f 1785//1785 1861//1861 1859//1859
f 1859//1859 1782//1782 1785//1785
f 1786//1786 1863//1863 1860//1860
f 1860//1860 1784//1784 1786//1786
f 1789//1789 1868//1868 1865//1865
f 1865//1865 1787//1787 1789//1789
f 1790//1790 1871//1871 1866//1866
f 1866//1866 1788//1788 1790//1790
f 1793//1793 1873//1873 1870//1870
f 1870//1870 1791//1791 1793//1793
f 1794//1794 1876//1876 1872//1872
f 1872//1872 1792//1792 1794//1794
f 1797//1797 1879//1879 1877//1877
f 1877//1877 1795//1795 1797//1797
f 1799//1799 1881//1881 1880//1880
f 1880//1880 1796//1796 1799//1799
f 1801//1801 1885//1885 1883//1883
f 1883//1883 1798//1798 1801//1801
f 1803//1803 1888//1888 1886//1886
f 1886//1886 1800//1800 1803//1803
f 1805//1805 1891//1891 1889//1889
f 1889//1889 1802//1802 1805//1805
f 1806//1806 1895//1895 1892//1892
f 1892//1892 1804//1804 1806//1806
f 1810//1810 1894//1894 1807//1807
f 1817//1817 1896//1896 1624//1624
f 1624//1624 1559//1559 1817//1817
f 1819//1819 1899//1899 1897//1897
f 1897//1897 1818//1818 1819//1819
f 1822//1822 1900//1900 1898//1898
f 1898//1898 1820//1820 1822//1822
f 1824//1824 1902//1902 1901//1901
f 1901//1901 1821//1821 1824//1824
f 1825//1825 1905//1905 1903//1903
f 1903//1903 1823//1823 1825//1825
f 1827//1827 1907//1907 1904//1904
f 1904//1904 1826//1826 1827//1827
f 1830//1830 1909//1909 1906//1906
f 1906//1906 1828//1828 1830//1830
f 1831//1831 1911//1911 1908//1908
f 1908//1908 1829//1829 1831//1831
f 1834//1834 1913//1913 1910//1910
f 1910//1910 1832//1832 1834//1834
f 1835//1835 1914//1914 1912//1912
f 1912//1912 1833//1833 1835//1835
f 1837//1837 1916//1916 1915//1915
f 1915//1915 1836//1836 1837//1837
f 1840//1840 1918//1918 1917//1917
f 1917//1917 1838//1838 1840//1840
f 1842//1842 1921//1921 1919//1919
f 1919//1919 1839//1839 1842//1842
f 1843//1843 1923//1923 1920//1920
f 1920//1920 1841//1841 1843//1843
f 1846//1846 1924//1924 1922//1922
f 1922//1922 1844//1844 1846//1846
f 1847//1847 1929//1929 1926//1926
f 1926//1926 1845//1845 1847//1847
f 1850//1850 1931//1931 1927//1927
f 1927//1927 1848//1848 1850//1850
f 1853//1853 1930//1930 1849//1849
f 1896//1896 1935//1935 1730//1730
f 1730//1730 1624//1624 1896//1896
f 1899//1899 1937//1937 1934//1934
f 1934//1934 1897//1897 1899//1899
f 1900//1900 1940//1940 1936//1936
f 1936//1936 1898//1898 1900//1900
f 1902//1902 1943//1943 1939//1939
f 1939//1939 1901//1901 1902//1902
f 1905//1905 1946//1946 1944//1944
f 1944//1944 1903//1903 1905//1905
f 1907//1907 1950//1950 1947//1947
f 1947//1947 1904//1904 1907//1907
f 1909//1909 1952//1952 1948//1948
f 1948//1948 1906//1906 1909//1909
f 1911//1911 1956//1956 1953//1953
f 1953//1953 1908//1908 1911//1911
f 1913//1913 1958//1958 1955//1955
f 1955//1955 1910//1910 1913//1913
f 1914//1914 1961//1961 1959//1959
f 1959//1959 1912//1912 1914//1914
f 1916//1916 1964//1964 1962//1962
f 1962//1962 1915//1915 1916//1916
f 1918//1918 1968//1968 1963//1963
f 1963//1963 1917//1917 1918//1918
f 1921//1921 1971//1971 1967//1967
f 1967//1967 1919//1919 1921//1921
f 1923//1923 1974//1974 1970//1970
f 1970//1970 1920//1920 1923//1923
f 1924//1924 1972//1972 1922//1922
f 1938//1938 1941//1941 1933//1933
f 1941//1941 1727//1727 1933//1933
f 1941//1941 1942//1942 1727//1727
f 1942//1942 1815//1815 1727//1727
f 1942//1942 1945//1945 1815//1815
f 1945//1945 1811//1811 1815//1815
f 1945//1945 1949//1949 1811//1811
f 1949//1949 1809//1809 1811//1811
f 1949//1949 1951//1951 1809//1809
f 1951//1951 1893//1893 1809//1809
f 1951//1951 1954//1954 1893//1893
f 1954//1954 1890//1890 1893//1893
f 1954//1954 1957//1957 1890//1890
f 1957//1957 1887//1887 1890//1890
f 1957//1957 1960//1960 1887//1887
f 1960//1960 1884//1884 1887//1887
f 1960//1960 1965//1965 1884//1884
f 1965//1965 1882//1882 1884//1884
f 1965//1965 1966//1966 1882//1882
f 1966//1966 1878//1878 1882//1882
f 1966//1966 1969//1969 1878//1878
f 1969//1969 1875//1875 1878//1878
f 1969//1969 1973//1973 1875//1875
f 1973//1973 1874//1874 1875//1875
f 1973//1973 1925//1925 1874//1874
f 1925//1925 1869//1869 1874//1874
f 1925//1925 1928//1928 1869//1869
f 1928//1928 1867//1867 1869//1869
f 1928//1928 1932//1932 1867//1867
f 1932//1932 1864//1864 1867//1867
f 1932//1932 1852//1852 1864//1864
f 1852//1852 1862//1862 1864//1864
f 1852//1852 1855//1855 1862//1862
f 1855//1855 1857//1857 1862//1862
f 1984//1984 1987//1987 1989//1989
f 1982//1982 1993//1993 1986//1986
f 1983//1983 1994//1994 1992//1992
f 1980//1980 2000//2000 1995//1995
f 2001//2001 2008//2008 1997//1997
f 2002//2002 2012//2012 2009//2009
f 1998//1998 2014//2014 2011//2011
f 2006//2006 2018//2018 2015//2015
f 2007//2007 2021//2021 2019//2019
f 2005//2005 2026//2026 2022//2022
f 2004//2004 2031//2031 2025//2025
f 2032//2032 2037//2037 2024//2024
f 2029//2029 2042//2042 2039//2039
f 2034//2034 2043//2043 2041//2041
f 2030//2030 2046//2046 2044//2044
f 2035//2035 2049//2049 2048//2048
f 2033//2033 2053//2053 2051//2051
f 2036//2036 2063//2063 2055//2055
f 2061//2061 2066//2066 2054//2054
f 2064//2064 2069//2069 2068//2068
f 2065//2065 2074//2074 2071//2071
f 1979//1979 2077//2077 2080//2080
f 2080//2080 2003//2003 1979//1979
f 1999//1999 2079//2079 2083//2083
f 2083//2083 2028//2028 1999//1999
f 2027//2027 2081//2081 2085//2085
f 2085//2085 2062//2062 2027//2027
f 2076//2076 2082//2082 2078//2078
f 2076//2076 2086//2086 2082//2082
f 1990//1990 2087//2087 1981//1981
f 2089//2089 2091//2091 1975//1975
f 2090//2090 2093//2093 1976//1976
f 2095//2095 2097//2097 1977//1977
f 2096//2096 2108//2108 2098//2098
f 2109//2109 2110//2110 2100//2100
f 2111//2111 2114//2114 2102//2102
f 2113//2113 2116//2116 2103//2103
f 2117//2117 2119//2119 2104//2104
f 2120//2120 2124//2124 2105//2105
f 2122//2122 2129//2129 2106//2106
f 2123//2123 2136//2136 2133//2133
f 2138//2138 2141//2141 2135//2135
f 2139//2139 2143//2143 2130//2130
f 2144//2144 2146//2146 2128//2128
f 2147//2147 2148//2148 2127//2127
f 2150//2150 2151//2151 2131//2131
f 2152//2152 2060//2060 2126//2126
f 2154//2154 2157//2157 2059//2059
f 2155//2155 2158//2158 2058//2058
f 2160//2160 2073//2073 2057//2057
f 2101//2101 2161//2161 2075//2075
f 2075//2075 1978//1978 2101//2101
f 2132//2132 2164//2164 2162//2162
f 2162//2162 2099//2099 2132//2132
f 2056//2056 2084//2084 2165//2165
f 2165//2165 2134//2134 2056//2056
f 2163//2163 2166//2166 2076//2076
f 2166//2166 2086//2086 2076//2076
f 1985//1985 2167//2167 2172//2172
f 2172//2172 1988//1988 1985//1985
f 1991//1991 2175//2175 2167//2167
f 2167//2167 1985//1985 1991//1991
f 1996//1996 2177//2177 2175//2175
f 2175//2175 1991//1991 1996//1996
f 2168//2168 2180//2180 2183//2183
f 2183//2183 2170//2170 2168//2168
f 2173//2173 2187//2187 2179//2179
f 2179//2179 2169//2169 2173//2173
f 2176//2176 2189//2189 2185//2185
f 2185//2185 2174//2174 2176//2176
f 2181//2181 2192//2192 2193//2193
f 2193//2193 2184//2184 2181//2181
f 2186//2186 2194//2194 2192//2192
f 2192//2192 2181//2181 2186//2186
f 2190//2190 2194//2194 2186//2186
f 2192//2192 2195//2195 2199//2199
f 2199//2199 2193//2193 2192//2192
f 2194//2194 2201//2201 2195//2195
f 2195//2195 2192//2192 2194//2194
f 2190//2190 2204//2204 2201//2201
f 2201//2201 2194//2194 2190//2190
f 2196//2196 2207//2207 2200//2200
f 2202//2202 2210//2210 2207//2207
f 2207//2207 2196//2196 2202//2202
f 2205//2205 2213//2213 2210//2210
f 2210//2210 2202//2202 2205//2205
f 2206//2206 2216//2216 2220//2220
f 2220//2220 2198//2198 2206//2206
f 2209//2209 2222//2222 2217//2217
f 2217//2217 2208//2208 2209//2209
f 2214//2214 2225//2225 2223//2223
f 2223//2223 2211//2211 2214//2214
f 2215//2215 2229//2229 2232//2232
f 2232//2232 2219//2219 2215//2215
f 2221//2221 2233//2233 2229//2229
f 2229//2229 2215//2215 2221//2221
f 2224//2224 2238//2238 2233//2233
f 2233//2233 2221//2221 2224//2224
f 2228//2228 2240//2240 2243//2243
f 2243//2243 2231//2231 2228//2228
f 2235//2235 2250//2250 2242//2242
f 2242//2242 2227//2227 2235//2235
f 2237//2237 2254//2254 2249//2249
f 2249//2249 2234//2234 2237//2237
f 1988//1988 2172//2172 2257//2257
f 2257//2257 2088//2088 1988//1988
f 2088//2088 2257//2257 2260//2260
f 2260//2260 2092//2092 2088//2088
f 2092//2092 2260//2260 2263//2263
f 2263//2263 2094//2094 2092//2092
f 2171//2171 2182//2182 2264//2264
f 2264//2264 2255//2255 2171//2171
f 2256//2256 2266//2266 2268//2268
f 2268//2268 2258//2258 2256//2256
f 2259//2259 2267//2267 2271//2271
f 2271//2271 2261//2261 2259//2259
f 2184//2184 2193//2193 2274//2274
f 2274//2274 2265//2265 2184//2184
f 2265//2265 2274//2274 2275//2275
f 2275//2275 2269//2269 2265//2265
f 2269//2269 2275//2275 2273//2273
f 2193//2193 2199//2199 2277//2277
f 2277//2277 2274//2274 2193//2193
f 2274//2274 2277//2277 2279//2279
f 2279//2279 2275//2275 2274//2274
f 2275//2275 2279//2279 2282//2282
f 2282//2282 2273//2273 2275//2275
f 2200//2200 2283//2283 2276//2276
f 2276//2276 2283//2283 2287//2287
f 2287//2287 2278//2278 2276//2276
f 2278//2278 2287//2287 2290//2290
f 2290//2290 2280//2280 2278//2278
f 2197//2197 2218//2218 2293//2293
f 2293//2293 2285//2285 2197//2197
f 2284//2284 2292//2292 2295//2295
f 2295//2295 2286//2286 2284//2284
f 2288//2288 2297//2297 2300//2300
f 2300//2300 2291//2291 2288//2288
f 2219//2219 2232//2232 2301//2301
f 2301//2301 2294//2294 2219//2219
f 2294//2294 2301//2301 2306//2306
f 2306//2306 2296//2296 2294//2294
f 2296//2296 2306//2306 2309//2309
f 2309//2309 2298//2298 2296//2296
f 2230//2230 2245//2245 2310//2310
f 2310//2310 2302//2302 2230//2230
f 2303//2303 2312//2312 2317//2317
f 2317//2317 2305//2305 2303//2303
f 2304//2304 2314//2314 2320//2320
f 2320//2320 2308//2308 2304//2304
f 2112//2112 2324//2324 2327//2327
f 2327//2327 2115//2115 2112//2112
f 2107//2107 2330//2330 2324//2324
f 2324//2324 2112//2112 2107//2107
f 2094//2094 2263//2263 2330//2330
f 2330//2330 2107//2107 2094//2094
f 2323//2323 2332//2332 2334//2334
f 2334//2334 2326//2326 2323//2323
f 2328//2328 2337//2337 2331//2331
f 2331//2331 2322//2322 2328//2328
f 2262//2262 2270//2270 2339//2339
f 2339//2339 2329//2329 2262//2262
f 2333//2333 2340//2340 2341//2341
f 2341//2341 2336//2336 2333//2333
f 2338//2338 2342//2342 2340//2340
f 2340//2340 2333//2333 2338//2338
f 2272//2272 2342//2342 2338//2338
f 2340//2340 2344//2344 2345//2345
f 2345//2345 2341//2341 2340//2340
f 2342//2342 2349//2349 2344//2344
f 2344//2344 2340//2340 2342//2342
f 2272//2272 2281//2281 2349//2349
f 2349//2349 2342//2342 2272//2272
f 2343//2343 2351//2351 2347//2347
f 2350//2350 2356//2356 2351//2351
f 2351//2351 2343//2343 2350//2350
f 2280//2280 2290//2290 2356//2356
f 2356//2356 2350//2350 2280//2280
f 2353//2353 2359//2359 2361//2361
f 2361//2361 2346//2346 2353//2353
f 2354//2354 2364//2364 2357//2357
f 2357//2357 2352//2352 2354//2354
f 2289//2289 2299//2299 2363//2363
f 2363//2363 2355//2355 2289//2289
f 2358//2358 2368//2368 2370//2370
f 2370//2370 2360//2360 2358//2358
f 2365//2365 2374//2374 2368//2368
f 2368//2368 2358//2358 2365//2365
f 2298//2298 2309//2309 2374//2374
f 2374//2374 2365//2365 2298//2298
f 2367//2367 2377//2377 2380//2380
f 2380//2380 2371//2371 2367//2367
f 2372//2372 2385//2385 2375//2375
f 2375//2375 2366//2366 2372//2372
f 2307//2307 2318//2318 2386//2386
f 2386//2386 2373//2373 2307//2307
f 2115//2115 2327//2327 2389//2389
f 2389//2389 2118//2118 2115//2115
f 2118//2118 2389//2389 2392//2392
f 2392//2392 2121//2121 2118//2118
f 2121//2121 2392//2392 2394//2394
f 2394//2394 2125//2125 2121//2121
f 2325//2325 2335//2335 2396//2396
f 2396//2396 2388//2388 2325//2325
f 2387//2387 2398//2398 2399//2399
f 2399//2399 2391//2391 2387//2387
f 2390//2390 2400//2400 2403//2403
f 2403//2403 2395//2395 2390//2390
f 2336//2336 2341//2341 2406//2406
f 2406//2406 2397//2397 2336//2336
f 2397//2397 2406//2406 2407//2407
f 2407//2407 2401//2401 2397//2397
f 2401//2401 2407//2407 2404//2404
f 2341//2341 2345//2345 2409//2409
f 2409//2409 2406//2406 2341//2341
f 2406//2406 2409//2409 2411//2411
f 2411//2411 2407//2407 2406//2406
f 2407//2407 2411//2411 2414//2414
f 2414//2414 2404//2404 2407//2407
f 2347//2347 2415//2415 2408//2408
f 2408//2408 2415//2415 2419//2419
f 2419//2419 2410//2410 2408//2408
f 2410//2410 2419//2419 2422//2422
f 2422//2422 2412//2412 2410//2410
f 2348//2348 2362//2362 2425//2425
f 2425//2425 2416//2416 2348//2348
f 2417//2417 2426//2426 2429//2429
f 2429//2429 2420//2420 2417//2417
f 2418//2418 2427//2427 2430//2430
f 2430//2430 2423//2423 2418//2418
f 2360//2360 2370//2370 2433//2433
f 2433//2433 2424//2424 2360//2360
f 2424//2424 2433//2433 2436//2436
f 2436//2436 2428//2428 2424//2424
f 2428//2428 2436//2436 2440//2440
f 2440//2440 2432//2432 2428//2428
f 2369//2369 2379//2379 2444//2444
f 2444//2444 2435//2435 2369//2369
f 2434//2434 2442//2442 2447//2447
f 2447//2447 2437//2437 2434//2434
f 2438//2438 2446//2446 2452//2452
f 2452//2452 2439//2439 2438//2438
f 2140//2140 2454//2454 2459//2459
f 2459//2459 2142//2142 2140//2140
f 2137//2137 2461//2461 2454//2454
f 2454//2454 2140//2140 2137//2137
f 2125//2125 2394//2394 2461//2461
f 2461//2461 2137//2137 2125//2125
f 2456//2456 2464//2464 2468//2468
f 2468//2468 2458//2458 2456//2456
f 2460//2460 2470//2470 2465//2465
f 2465//2465 2455//2455 2460//2460
f 2393//2393 2402//2402 2471//2471
f 2471//2471 2462//2462 2393//2393
f 2463//2463 2472//2472 2473//2473
f 2473//2473 2467//2467 2463//2463
f 2469//2469 2474//2474 2472//2472
f 2472//2472 2463//2463 2469//2469
f 2405//2405 2474//2474 2469//2469
f 2472//2472 2476//2476 2477//2477
f 2477//2477 2473//2473 2472//2472
f 2474//2474 2481//2481 2476//2476
f 2476//2476 2472//2472 2474//2474
f 2405//2405 2413//2413 2481//2481
f 2481//2481 2474//2474 2405//2405
f 2475//2475 2484//2484 2478//2478
f 2482//2482 2488//2488 2484//2484
f 2484//2484 2475//2475 2482//2482
f 2412//2412 2422//2422 2488//2488
f 2488//2488 2482//2482 2412//2412
f 2483//2483 2489//2489 2493//2493
f 2493//2493 2479//2479 2483//2483
f 2487//2487 2496//2496 2490//2490
f 2490//2490 2485//2485 2487//2487
f 2421//2421 2431//2431 2497//2497
f 2497//2497 2486//2486 2421//2421
f 2491//2491 2498//2498 2501//2501
f 2501//2501 2492//2492 2491//2491
f 2495//2495 2506//2506 2498//2498
f 2498//2498 2491//2491 2495//2495
f 2432//2432 2440//2440 2506//2506
f 2506//2506 2495//2495 2432//2432
f 2500//2500 2510//2510 2511//2511
f 2511//2511 2503//2503 2500//2500
f 2505//2505 2516//2516 2507//2507
f 2507//2507 2499//2499 2505//2505
f 2441//2441 2451//2451 2517//2517
f 2517//2517 2504//2504 2441//2441
f 2142//2142 2459//2459 2520//2520
f 2520//2520 2145//2145 2142//2142
f 2145//2145 2520//2520 2523//2523
f 2523//2523 2149//2149 2145//2145
f 2149//2149 2523//2523 2526//2526
f 2526//2526 2153//2153 2149//2149
f 2457//2457 2466//2466 2529//2529
f 2529//2529 2521//2521 2457//2457
f 2519//2519 2528//2528 2532//2532
f 2532//2532 2522//2522 2519//2519
f 2524//2524 2531//2531 2537//2537
f 2537//2537 2527//2527 2524//2524
f 2467//2467 2473//2473 2538//2538
f 2538//2538 2530//2530 2467//2467
f 2530//2530 2538//2538 2539//2539
f 2539//2539 2533//2533 2530//2530
f 2533//2533 2539//2539 2536//2536
f 2473//2473 2477//2477 2541//2541
f 2541//2541 2538//2538 2473//2473
f 2538//2538 2541//2541 2543//2543
f 2543//2543 2539//2539 2538//2538
f 2539//2539 2543//2543 2545//2545
f 2545//2545 2536//2536 2539//2539
f 2478//2478 2547//2547 2540//2540
f 2540//2540 2547//2547 2550//2550
f 2550//2550 2542//2542 2540//2540
f 2542//2542 2550//2550 2554//2554
f 2554//2554 2544//2544 2542//2542
f 2480//2480 2494//2494 2556//2556
f 2556//2556 2549//2549 2480//2480
f 2548//2548 2558//2558 2560//2560
f 2560//2560 2552//2552 2548//2548
f 2551//2551 2561//2561 2562//2562
f 2562//2562 2553//2553 2551//2551
f 2492//2492 2501//2501 2565//2565
f 2565//2565 2557//2557 2492//2492
f 2557//2557 2565//2565 2568//2568
f 2568//2568 2559//2559 2557//2557
f 2559//2559 2568//2568 2572//2572
f 2572//2572 2563//2563 2559//2559
f 2502//2502 2514//2514 2576//2576
f 2576//2576 2567//2567 2502//2502
f 2566//2566 2577//2577 2580//2580
f 2580//2580 2569//2569 2566//2566
f 2570//2570 2578//2578 2583//2583
f 2583//2583 2571//2571 2570//2570
f 2159//2159 2588//2588 2589//2589
f 2589//2589 2072//2072 2159//2159
f 2156//2156 2593//2593 2588//2588
f 2588//2588 2159//2159 2156//2156
f 2153//2153 2526//2526 2593//2593
f 2593//2593 2156//2156 2153//2153
f 2587//2587 2595//2595 2598//2598
f 2598//2598 2590//2590 2587//2587
f 2592//2592 2602//2602 2596//2596
f 2596//2596 2586//2586 2592//2592
f 2525//2525 2535//2535 2603//2603
f 2603//2603 2594//2594 2525//2525
f 2597//2597 2604//2604 2605//2605
f 2605//2605 2599//2599 2597//2597
f 2601//2601 2606//2606 2604//2604
f 2604//2604 2597//2597 2601//2601
f 2534//2534 2606//2606 2601//2601
f 2604//2604 2607//2607 2611//2611
f 2611//2611 2605//2605 2604//2604
f 2606//2606 2614//2614 2607//2607
f 2607//2607 2604//2604 2606//2606
f 2534//2534 2546//2546 2614//2614
f 2614//2614 2606//2606 2534//2534
f 2608//2608 2616//2616 2612//2612
f 2613//2613 2619//2619 2616//2616
f 2616//2616 2608//2608 2613//2613
f 2544//2544 2554//2554 2619//2619
f 2619//2619 2613//2613 2544//2544
f 2617//2617 2621//2621 2626//2626
f 2626//2626 2609//2609 2617//2617
f 2618//2618 2629//2629 2622//2622
f 2622//2622 2615//2615 2618//2618
f 2555//2555 2564//2564 2627//2627
f 2627//2627 2620//2620 2555//2555
f 2623//2623 2632//2632 2633//2633
f 2633//2633 2625//2625 2623//2623
f 2628//2628 2636//2636 2632//2632
f 2632//2632 2623//2623 2628//2628
f 2563//2563 2572//2572 2636//2636
f 2636//2636 2628//2628 2563//2563
f 2630//2630 2642//2642 2643//2643
f 2643//2643 2635//2635 2630//2630
f 2637//2637 2647//2647 2641//2641
f 2641//2641 2631//2631 2637//2637
f 2573//2573 2585//2585 2648//2648
f 2648//2648 2638//2638 2573//2573
f 2072//2072 2589//2589 2653//2653
f 2653//2653 2070//2070 2072//2072
f 2070//2070 2653//2653 2655//2655
f 2655//2655 2067//2067 2070//2070
f 2067//2067 2655//2655 2658//2658
f 2658//2658 2052//2052 2067//2067
f 2591//2591 2600//2600 2660//2660
f 2660//2660 2651//2651 2591//2591
f 2652//2652 2662//2662 2664//2664
f 2664//2664 2656//2656 2652//2652
f 2654//2654 2665//2665 2668//2668
f 2668//2668 2657//2657 2654//2654
f 2599//2599 2605//2605 2670//2670
f 2670//2670 2661//2661 2599//2599
f 2661//2661 2670//2670 2671//2671
f 2671//2671 2663//2663 2661//2661
f 2663//2663 2671//2671 2666//2666
f 2605//2605 2611//2611 2673//2673
f 2673//2673 2670//2670 2605//2605
f 2670//2670 2673//2673 2674//2674
f 2674//2674 2671//2671 2670//2670
f 2671//2671 2674//2674 2677//2677
f 2677//2677 2666//2666 2671//2671
f 2612//2612 2681//2681 2672//2672
f 2672//2672 2681//2681 2683//2683
f 2683//2683 2675//2675 2672//2672
f 2675//2675 2683//2683 2687//2687
f 2687//2687 2678//2678 2675//2675
f 2610//2610 2624//2624 2689//2689
f 2689//2689 2679//2679 2610//2610
f 2680//2680 2690//2690 2692//2692
f 2692//2692 2682//2682 2680//2680
f 2684//2684 2691//2691 2696//2696
f 2696//2696 2686//2686 2684//2684
f 2625//2625 2633//2633 2698//2698
f 2698//2698 2688//2688 2625//2625
f 2688//2688 2698//2698 2700//2700
f 2700//2700 2693//2693 2688//2688
f 2693//2693 2700//2700 2703//2703
f 2703//2703 2695//2695 2693//2693
f 2634//2634 2644//2644 2708//2708
f 2708//2708 2697//2697 2634//2634
f 2699//2699 2709//2709 2711//2711
f 2711//2711 2701//2701 2699//2699
f 2702//2702 2710//2710 2717//2717
f 2717//2717 2705//2705 2702//2702
f 2047//2047 2718//2718 2722//2722
f 2722//2722 2045//2045 2047//2047
f 2050//2050 2724//2724 2718//2718
f 2718//2718 2047//2047 2050//2050
f 2052//2052 2658//2658 2724//2724
f 2724//2724 2050//2050 2052//2052
f 2720//2720 2728//2728 2730//2730
f 2730//2730 2723//2723 2720//2720
f 2725//2725 2735//2735 2727//2727
f 2727//2727 2719//2719 2725//2725
f 2659//2659 2667//2667 2734//2734
f 2734//2734 2726//2726 2659//2659
f 2729//2729 2736//2736 2737//2737
f 2737//2737 2732//2732 2729//2729
f 2733//2733 2738//2738 2736//2736
f 2736//2736 2729//2729 2733//2733
f 2669//2669 2738//2738 2733//2733
f 2736//2736 2740//2740 2742//2742
f 2742//2742 2737//2737 2736//2736
f 2738//2738 2746//2746 2740//2740
f 2740//2740 2736//2736 2738//2738
f 2669//2669 2676//2676 2746//2746
f 2746//2746 2738//2738 2669//2669
f 2739//2739 2748//2748 2744//2744
f 2745//2745 2750//2750 2748//2748
f 2748//2748 2739//2739 2745//2745
f 2678//2678 2687//2687 2750//2750
f 2750//2750 2745//2745 2678//2678
f 2747//2747 2754//2754 2758//2758
f 2758//2758 2743//2743 2747//2747
f 2752//2752 2761//2761 2755//2755
f 2755//2755 2749//2749 2752//2752
f 2685//2685 2694//2694 2760//2760
f 2760//2760 2751//2751 2685//2685
f 2753//2753 2763//2763 2765//2765
f 2765//2765 2756//2756 2753//2753
f 2759//2759 2769//2769 2763//2763
f 2763//2763 2753//2753 2759//2759
f 2695//2695 2703//2703 2769//2769
f 2769//2769 2759//2759 2695//2695
f 2762//2762 2771//2771 2777//2777
f 2777//2777 2767//2767 2762//2762
f 2770//2770 2781//2781 2773//2773
f 2773//2773 2764//2764 2770//2770
f 2704//2704 2716//2716 2780//2780
f 2780//2780 2768//2768 2704//2704
f 2045//2045 2722//2722 2783//2783
f 2783//2783 2040//2040 2045//2045
f 2040//2040 2783//2783 2787//2787
f 2787//2787 2038//2038 2040//2040
f 2038//2038 2787//2787 2791//2791
f 2791//2791 2023//2023 2038//2038
f 2721//2721 2731//2731 2792//2792
f 2792//2792 2784//2784 2721//2721
f 2785//2785 2793//2793 2796//2796
f 2796//2796 2786//2786 2785//2785
f 2788//2788 2797//2797 2800//2800
f 2800//2800 2789//2789 2788//2788
f 2732//2732 2737//2737 2802//2802
f 2802//2802 2794//2794 2732//2732
f 2794//2794 2802//2802 2803//2803
f 2803//2803 2795//2795 2794//2794
f 2795//2795 2803//2803 2798//2798
f 2737//2737 2742//2742 2804//2804
f 2804//2804 2802//2802 2737//2737
f 2802//2802 2804//2804 2807//2807
f 2807//2807 2803//2803 2802//2802
f 2803//2803 2807//2807 2809//2809
f 2809//2809 2798//2798 2803//2803
f 2744//2744 2812//2812 2805//2805
f 2805//2805 2812//2812 2815//2815
f 2815//2815 2806//2806 2805//2805
f 2806//2806 2815//2815 2817//2817
f 2817//2817 2808//2808 2806//2806
f 2741//2741 2757//2757 2822//2822
f 2822//2822 2811//2811 2741//2741
f 2813//2813 2820//2820 2825//2825
f 2825//2825 2816//2816 2813//2813
f 2814//2814 2824//2824 2826//2826
f 2826//2826 2818//2818 2814//2814
f 2756//2756 2765//2765 2830//2830
f 2830//2830 2821//2821 2756//2756
f 2821//2821 2830//2830 2833//2833
f 2833//2833 2823//2823 2821//2821
f 2823//2823 2833//2833 2836//2836
f 2836//2836 2828//2828 2823//2823
f 2766//2766 2778//2778 2841//2841
f 2841//2841 2829//2829 2766//2766
f 2831//2831 2840//2840 2842//2842
f 2842//2842 2834//2834 2831//2831
f 2832//2832 2844//2844 2849//2849
f 2849//2849 2835//2835 2832//2832
f 2017//2017 2852//2852 2855//2855
f 2855//2855 2016//2016 2017//2017
f 2020//2020 2858//2858 2852//2852
f 2852//2852 2017//2017 2020//2020
f 2023//2023 2791//2791 2858//2858
f 2858//2858 2020//2020 2023//2023
f 2850//2850 2859//2859 2862//2862
f 2862//2862 2853//2853 2850//2850
f 2857//2857 2866//2866 2861//2861
f 2861//2861 2851//2851 2857//2857
f 2790//2790 2799//2799 2865//2865
f 2865//2865 2856//2856 2790//2790
f 2860//2860 2868//2868 2869//2869
f 2869//2869 2864//2864 2860//2860
f 2867//2867 2870//2870 2868//2868
f 2868//2868 2860//2860 2867//2867
f 2801//2801 2870//2870 2867//2867
f 2868//2868 2872//2872 2875//2875
f 2875//2875 2869//2869 2868//2868
f 2870//2870 2878//2878 2872//2872
f 2872//2872 2868//2868 2870//2870
f 2801//2801 2810//2810 2878//2878
f 2878//2878 2870//2870 2801//2801
f 2871//2871 2879//2879 2873//2873
f 2877//2877 2882//2882 2879//2879
f 2879//2879 2871//2871 2877//2877
f 2808//2808 2817//2817 2882//2882
f 2882//2882 2877//2877 2808//2808
f 2881//2881 2885//2885 2888//2888
f 2888//2888 2876//2876 2881//2881
f 2883//2883 2892//2892 2886//2886
f 2886//2886 2880//2880 2883//2883
f 2819//2819 2827//2827 2893//2893
f 2893//2893 2884//2884 2819//2819
f 2887//2887 2896//2896 2898//2898
f 2898//2898 2889//2889 2887//2887
f 2891//2891 2901//2901 2896//2896
f 2896//2896 2887//2887 2891//2891
f 2828//2828 2836//2836 2901//2901
f 2901//2901 2891//2891 2828//2828
f 2895//2895 2903//2903 2909//2909
f 2909//2909 2897//2897 2895//2895
f 2900//2900 2913//2913 2905//2905
f 2905//2905 2894//2894 2900//2900
f 2837//2837 2846//2846 2912//2912
f 2912//2912 2902//2902 2837//2837
f 2016//2016 2855//2855 2917//2917
f 2917//2917 2013//2013 2016//2016
f 2013//2013 2917//2917 2918//2918
f 2918//2918 2010//2010 2013//2013
f 2010//2010 2918//2918 2177//2177
f 2177//2177 1996//1996 2010//2010
f 2854//2854 2863//2863 2922//2922
f 2922//2922 2916//2916 2854//2854
f 2915//2915 2923//2923 2926//2926
f 2926//2926 2919//2919 2915//2915
f 2920//2920 2924//2924 2188//2188
f 2188//2188 2178//2178 2920//2920
f 2864//2864 2869//2869 2927//2927
f 2927//2927 2921//2921 2864//2864
f 2921//2921 2927//2927 2928//2928
f 2928//2928 2925//2925 2921//2921
f 2925//2925 2928//2928 2191//2191
f 2869//2869 2875//2875 2930//2930
f 2930//2930 2927//2927 2869//2869
f 2927//2927 2930//2930 2932//2932
f 2932//2932 2928//2928 2927//2927
f 2928//2928 2932//2932 2203//2203
f 2203//2203 2191//2191 2928//2928
f 2873//2873 2933//2933 2929//2929
f 2929//2929 2933//2933 2936//2936
f 2936//2936 2931//2931 2929//2929
f 2931//2931 2936//2936 2213//2213
f 2213//2213 2205//2205 2931//2931
f 2874//2874 2890//2890 2939//2939
f 2939//2939 2934//2934 2874//2874
f 2935//2935 2941//2941 2942//2942
f 2942//2942 2937//2937 2935//2935
f 2938//2938 2943//2943 2226//2226
f 2226//2226 2212//2212 2938//2938
f 2889//2889 2898//2898 2947//2947
f 2947//2947 2940//2940 2889//2889
f 2940//2940 2947//2947 2949//2949
f 2949//2949 2944//2944 2940//2940
f 2944//2944 2949//2949 2238//2238
f 2238//2238 2224//2224 2944//2944
f 2899//2899 2907//2907 2951//2951
f 2951//2951 2946//2946 2899//2899
f 2945//2945 2953//2953 2955//2955
f 2955//2955 2948//2948 2945//2945
f 2950//2950 2956//2956 2253//2253
f 2253//2253 2236//2236 2950//2950
f 2241//2241 2961//2961 2962//2962
f 2962//2962 2244//2244 2241//2241
f 2248//2248 2966//2966 2959//2959
f 2959//2959 2239//2239 2248//2248
f 2251//2251 2969//2969 2965//2965
f 2965//2965 2247//2247 2251//2251
f 2958//2958 2971//2971 2970//2970
f 2970//2970 2252//2252 2958//2958
f 2954//2954 2974//2974 2972//2972
f 2972//2972 2957//2957 2954//2954
f 2908//2908 2977//2977 2976//2976
f 2976//2976 2952//2952 2908//2908
f 2904//2904 2981//2981 2978//2978
f 2978//2978 2910//2910 2904//2904
f 2914//2914 2985//2985 2980//2980
f 2980//2980 2906//2906 2914//2914
f 2847//2847 2988//2988 2984//2984
f 2984//2984 2911//2911 2847//2847
f 2843//2843 2989//2989 2987//2987
f 2987//2987 2848//2848 2843//2843
f 2838//2838 2993//2993 2990//2990
f 2990//2990 2845//2845 2838//2838
f 2776//2776 2995//2995 2994//2994
f 2994//2994 2839//2839 2776//2776
f 2774//2774 2999//2999 2996//2996
f 2996//2996 2775//2775 2774//2774
f 2779//2779 3003//3003 3000//3000
f 3000//3000 2772//2772 2779//2779
f 2715//2715 3006//3006 3001//3001
f 3001//3001 2782//2782 2715//2715
f 2713//2713 3008//3008 3005//3005
f 3005//3005 2714//2714 2713//2713
f 2706//2706 3011//3011 3007//3007
f 3007//3007 2712//2712 2706//2706
f 2646//2646 3015//3015 3010//3010
f 3010//3010 2707//2707 2646//2646
f 2640//2640 3018//3018 3013//3013
f 3013//3013 2645//2645 2640//2640
f 2650//2650 3021//3021 3017//3017
f 3017//3017 2639//2639 2650//2650
f 2584//2584 3022//3022 3019//3019
f 3019//3019 2649//2649 2584//2584
f 2581//2581 3025//3025 3023//3023
f 3023//3023 2582//2582 2581//2581
f 2575//2575 3030//3030 3026//3026
f 3026//3026 2579//2579 2575//2575
f 2513//2513 3031//3031 3029//3029
f 3029//3029 2574//2574 2513//2513
f 2508//2508 3036//3036 3032//3032
f 3032//3032 2512//2512 2508//2508
f 2515//2515 3037//3037 3034//3034
f 3034//3034 2509//2509 2515//2515
f 2453//2453 3040//3040 3039//3039
f 3039//3039 2518//2518 2453//2453
f 2448//2448 3043//3043 3042//3042
f 3042//3042 2450//2450 2448//2448
f 2445//2445 3047//3047 3044//3044
f 3044//3044 2449//2449 2445//2445
f 2382//2382 3049//3049 3048//3048
f 3048//3048 2443//2443 2382//2382
f 2378//2378 3053//3053 3051//3051
f 3051//3051 2381//2381 2378//2378
f 2383//2383 3056//3056 3052//3052
f 3052//3052 2376//2376 2383//2383
f 2319//2319 3058//3058 3057//3057
f 3057//3057 2384//2384 2319//2319
f 2315//2315 3062//3062 3059//3059
f 3059//3059 2321//2321 2315//2315
f 2311//2311 3065//3065 3061//3061
f 3061//3061 2316//2316 2311//2311
f 2246//2246 2963//2963 3064//3064
f 3064//3064 2313//2313 2246//2246
f 2960//2960 3067//3067 2964//2964
f 2967//2967 3067//3067 2960//2960
f 2968//2968 3067//3067 2967//2967
f 2973//2973 3067//3067 2968//2968
f 2975//2975 3067//3067 2973//2973
f 2979//2979 3067//3067 2975//2975
f 2982//2982 3067//3067 2979//2979
f 2983//2983 3067//3067 2982//2982
f 2986//2986 3067//3067 2983//2983
f 2991//2991 3067//3067 2986//2986
f 2992//2992 3067//3067 2991//2991
f 2997//2997 3067//3067 2992//2992
f 2998//2998 3067//3067 2997//2997
f 3002//3002 3067//3067 2998//2998
f 3004//3004 3067//3067 3002//3002
f 3009//3009 3067//3067 3004//3004
f 3012//3012 3067//3067 3009//3009
f 3014//3014 3067//3067 3012//3012
f 3016//3016 3067//3067 3014//3014
f 3020//3020 3067//3067 3016//3016
f 3024//3024 3067//3067 3020//3020
f 3027//3027 3067//3067 3024//3024
f 3028//3028 3067//3067 3027//3027
f 3033//3033 3067//3067 3028//3028
f 3035//3035 3067//3067 3033//3033
f 3038//3038 3067//3067 3035//3035
f 3041//3041 3067//3067 3038//3038
f 3045//3045 3067//3067 3041//3041
f 3046//3046 3067//3067 3045//3045
f 3050//3050 3067//3067 3046//3046
f 3054//3054 3067//3067 3050//3050
f 3055//3055 3067//3067 3054//3054
f 3060//3060 3067//3067 3055//3055
f 3063//3063 3067//3067 3060//3060
f 3066//3066 3067//3067 3063//3063
f 2964//2964 3067//3067 3066//3066
f 3068//3068 3073//3073 3071//3071
f 3069//3069 3076//3076 3074//3074
f 3069//3069 3082//3082 3080//3080
f 3069//3069 3084//3084 3082//3082
f 3069//3069 3086//3086 3084//3084
f 3068//3068 3089//3089 3087//3087
f 3069//3069 3092//3092 3090//3090
f 3069//3069 3095//3095 3093//3093
f 3068//3068 3097//3097 3096//3096
f 3068//3068 3101//3101 3099//3099
f 3069//3069 3104//3104 3102//3102
f 3072//3072 3108//3108 3106//3106
f 3106//3106 3070//3070 3072//3072
f 3069//3069 3072//3072 3070//3070
f 3078//3078 3114//3114 3075//3075
f 3075//3075 3068//3068 3078//3078
f 3080//3080 3115//3115 3113//3113
f 3113//3113 3077//3077 3080//3080
f 3085//3085 3121//3121 3120//3120
f 3120//3120 3083//3083 3085//3085
f 3088//3088 3124//3124 3122//3122
f 3122//3122 3086//3086 3088//3088
f 3089//3089 3126//3126 3123//3123
f 3123//3123 3087//3087 3089//3089
f 3092//3092 3128//3128 3125//3125
f 3125//3125 3090//3090 3092//3092
f 3098//3098 3134//3134 3131//3131
f 3131//3131 3095//3095 3098//3098
f 3106//3106 3141//3141 3139//3139
f 3139//3139 3104//3104 3106//3106
f 3109//3109 3146//3146 3144//3144
f 3144//3144 3108//3108 3109//3109
f 3069//3069 3080//3080 3077//3077
f 3069//3069 3088//3088 3086//3086
f 3068//3068 3094//3094 3091//3091
f 3069//3069 3100//3100 3098//3098
f 3070//3070 3106//3106 3104//3104
f 3104//3104 3069//3069 3070//3070
f 3073//3073 3110//3110 3107//3107
f 3107//3107 3071//3071 3073//3073
f 3076//3076 3112//3112 3109//3109
f 3109//3109 3074//3074 3076//3076
f 3114//3114 3150//3150 3111//3111
f 3111//3111 3075//3075 3114//3114
f 3119//3119 3155//3155 3153//3153
f 3153//3153 3117//3117 3119//3119
f 3124//3124 3160//3160 3157//3157
f 3157//3157 3122//3122 3124//3124
f 3128//3128 3163//3163 3162//3162
f 3162//3162 3125//3125 3128//3128
f 3130//3130 3165//3165 3164//3164
f 3164//3164 3127//3127 3130//3130
f 3135//3135 3171//3171 3169//3169
f 3169//3169 3133//3133 3135//3135
f 3140//3140 3176//3176 3173//3173
f 3173//3173 3137//3137 3140//3140
f 3141//3141 3177//3177 3175//3175
f 3175//3175 3139//3139 3141//3141
f 3081//3081 3118//3118 3116//3116
f 3116//3116 3079//3079 3081//3081
f 3084//3084 3119//3119 3117//3117
f 3117//3117 3082//3082 3084//3084
f 3094//3094 3130//3130 3127//3127
f 3127//3127 3091//3091 3094//3094
f 3095//3095 3131//3131 3129//3129
f 3129//3129 3093//3093 3095//3095
f 3099//3099 3135//3135 3133//3133
f 3133//3133 3097//3097 3099//3099
f 3102//3102 3138//3138 3136//3136
f 3136//3136 3100//3100 3102//3102
f 3103//3103 3140//3140 3137//3137
f 3137//3137 3101//3101 3103//3103
f 3107//3107 3143//3143 3142//3142
f 3142//3142 3105//3105 3107//3107
f 3111//3111 3148//3148 3145//3145
f 3145//3145 3110//3110 3111//3111
f 3151//3151 3187//3187 3185//3185
f 3185//3185 3150//3150 3151//3151
f 3156//3156 3191//3191 3189//3189
f 3189//3189 3154//3154 3156//3156
f 3157//3157 3193//3193 3192//3192
f 3192//3192 3155//3155 3157//3157
f 3159//3159 3195//3195 3194//3194
f 3194//3194 3158//3158 3159//3159
f 3162//3162 3197//3197 3196//3196
f 3196//3196 3160//3160 3162//3162
f 3174//3174 3209//3209 3207//3207
f 3207//3207 3172//3172 3174//3174
f 3178//3178 3212//3212 3211//3211
f 3211//3211 3176//3176 3178//3178
f 3179//3179 3215//3215 3213//3213
f 3213//3213 3177//3177 3179//3179
f 3184//3184 3218//3218 3216//3216
f 3216//3216 3182//3182 3184//3184
f 3115//3115 3152//3152 3149//3149
f 3149//3149 3113//3113 3115//3115
f 3118//3118 3154//3154 3151//3151
f 3151//3151 3116//3116 3118//3118
f 3121//3121 3158//3158 3156//3156
f 3156//3156 3120//3120 3121//3121
f 3126//3126 3161//3161 3159//3159
f 3159//3159 3123//3123 3126//3126
f 3132//3132 3167//3167 3165//3165
f 3165//3165 3130//3130 3132//3132
f 3134//3134 3170//3170 3168//3168
f 3168//3168 3131//3131 3134//3134
f 3138//3138 3174//3174 3172//3172
f 3172//3172 3136//3136 3138//3138
f 3143//3143 3180//3180 3178//3178
f 3178//3178 3142//3142 3143//3143
f 3146//3146 3182//3182 3179//3179
f 3179//3179 3144//3144 3146//3146
f 3148//3148 3183//3183 3181//3181
f 3181//3181 3145//3145 3148//3148
f 3186//3186 3220//3220 3184//3184
f 3184//3184 3147//3147 3186//3186
f 3187//3187 3223//3223 3221//3221
f 3221//3221 3185//3185 3187//3187
f 3197//3197 3233//3233 3231//3231
f 3231//3231 3196//3196 3197//3197
f 3200//3200 3234//3234 3232//3232
f 3232//3232 3198//3198 3200//3200
f 3205//3205 3240//3240 3239//3239
f 3239//3239 3203//3203 3205//3205
f 3211//3211 3246//3246 3245//3245
f 3245//3245 3210//3210 3211//3211
f 3215//3215 3251//3251 3248//3248
f 3248//3248 3213//3213 3215//3215
f 3217//3217 3253//3253 3250//3250
f 3250//3250 3214//3214 3217//3217
f 3149//3149 3186//3186 3147//3147
f 3147//3147 3112//3112 3149//3149
f 3153//3153 3190//3190 3188//3188
f 3188//3188 3152//3152 3153//3153
f 3164//3164 3200//3200 3198//3198
f 3198//3198 3161//3161 3164//3164
f 3166//3166 3201//3201 3199//3199
f 3199//3199 3163//3163 3166//3166
f 3167//3167 3204//3204 3202//3202
f 3202//3202 3165//3165 3167//3167
f 3170//3170 3205//3205 3203//3203
f 3203//3203 3168//3168 3170//3170
f 3171//3171 3208//3208 3206//3206
f 3206//3206 3169//3169 3171//3171
f 3176//3176 3211//3211 3210//3210
f 3210//3210 3173//3173 3176//3176
f 3181//3181 3217//3217 3214//3214
f 3214//3214 3180//3180 3181//3181
f 3221//3221 3257//3257 3219//3219
f 3219//3219 3183//3183 3221//3221
f 3222//3222 3258//3258 3256//3256
f 3256//3256 3220//3220 3222//3222
f 3225//3225 3261//3261 3259//3259
f 3259//3259 3223//3223 3225//3225
f 3231//3231 3267//3267 3264//3264
f 3264//3264 3228//3228 3231//3231
f 3232//3232 3269//3269 3266//3266
f 3266//3266 3230//3230 3232//3232
f 3190//3190 3224//3224 3222//3222
f 3222//3222 3188//3188 3190//3190
f 3191//3191 3226//3226 3225//3225
f 3225//3225 3189//3189 3191//3191
f 3193//3193 3228//3228 3227//3227
f 3227//3227 3192//3192 3193//3193
f 3195//3195 3230//3230 3229//3229
f 3229//3229 3194//3194 3195//3195
f 3201//3201 3237//3237 3235//3235
f 3235//3235 3199//3199 3201//3201
f 3204//3204 3238//3238 3236//3236
f 3236//3236 3202//3202 3204//3204
f 3208//3208 3243//3243 3241//3241
f 3241//3241 3206//3206 3208//3208
f 3209//3209 3244//3244 3242//3242
f 3242//3242 3207//3207 3209//3209
f 3212//3212 3249//3249 3246//3246
f 3246//3246 3211//3211 3212//3212
f 3218//3218 3255//3255 3252//3252
f 3252//3252 3216//3216 3218//3218
f 3257//3257 3292//3292 3254//3254
f 3254//3254 3219//3219 3257//3257
f 3261//3261 3295//3295 3293//3293
f 3293//3293 3259//3259 3261//3261
f 3265//3265 3299//3299 3297//3297
f 3297//3297 3263//3263 3265//3265
f 3273//3273 3307//3307 3305//3305
f 3305//3305 3271//3271 3273//3273
f 3274//3274 3309//3309 3308//3308
f 3308//3308 3272//3272 3274//3274
f 3276//3276 3312//3312 3310//3310
f 3310//3310 3275//3275 3276//3276
f 3285//3285 3319//3319 3318//3318
f 3318//3318 3283//3283 3285//3285
f 3288//3288 3323//3323 3321//3321
f 3321//3321 3286//3286 3288//3288
f 3227//3227 3262//3262 3260//3260
f 3260//3260 3224//3224 3227//3227
f 3229//3229 3265//3265 3263//3263
f 3263//3263 3226//3226 3229//3229
f 3235//3235 3270//3270 3268//3268
f 3268//3268 3233//3233 3235//3235
f 3236//3236 3273//3273 3271//3271
f 3271//3271 3234//3234 3236//3236
f 3239//3239 3274//3274 3272//3272
f 3272//3272 3237//3237 3239//3239
f 3241//3241 3276//3276 3275//3275
f 3275//3275 3238//3238 3241//3241
f 3242//3242 3279//3279 3277//3277
f 3277//3277 3240//3240 3242//3242
f 3245//3245 3281//3281 3278//3278
f 3278//3278 3243//3243 3245//3245
f 3247//3247 3282//3282 3280//3280
f 3280//3280 3244//3244 3247//3247
f 3249//3249 3285//3285 3283//3283
f 3283//3283 3246//3246 3249//3249
f 3251//3251 3287//3287 3284//3284
f 3284//3284 3248//3248 3251//3251
f 3253//3253 3288//3288 3286//3286
f 3286//3286 3250//3250 3253//3253
f 3254//3254 3290//3290 3288//3288
f 3288//3288 3253//3253 3254//3254
f 3291//3291 3328//3328 3289//3289
f 3289//3289 3255//3255 3291//3291
f 3293//3293 3330//3330 3327//3327
f 3327//3327 3292//3292 3293//3293
f 3296//3296 3332//3332 3329//3329
f 3329//3329 3294//3294 3296//3296
f 3297//3297 3333//3333 3331//3331
f 3331//3331 3295//3295 3297//3297
f 3300//3300 3336//3336 3334//3334
f 3334//3334 3298//3298 3300//3300
f 3321//3321 3358//3358 3356//3356
f 3356//3356 3319//3319 3321//3321
f 3324//3324 3360//3360 3357//3357
f 3357//3357 3322//3322 3324//3324
f 3258//3258 3294//3294 3291//3291
f 3291//3291 3256//3256 3258//3258
f 3262//3262 3298//3298 3296//3296
f 3296//3296 3260//3260 3262//3262
f 3267//3267 3302//3302 3300//3300
f 3300//3300 3264//3264 3267//3267
f 3269//3269 3303//3303 3301//3301
f 3301//3301 3266//3266 3269//3269
f 3270//3270 3306//3306 3304//3304
f 3304//3304 3268//3268 3270//3270
f 3279//3279 3313//3313 3311//3311
f 3311//3311 3277//3277 3279//3279
f 3281//3281 3315//3315 3314//3314
f 3314//3314 3278//3278 3281//3281
f 3282//3282 3317//3317 3316//3316
f 3316//3316 3280//3280 3282//3282
f 3287//3287 3322//3322 3320//3320
f 3320//3320 3284//3284 3287//3287
f 3290//3290 3325//3325 3323//3323
f 3323//3323 3288//3288 3290//3290
f 3328//3328 3363//3363 3326//3326
f 3326//3326 3289//3289 3328//3328
f 3333//3333 3369//3369 3367//3367
f 3367//3367 3331//3331 3333//3333
f 3336//3336 3371//3371 3370//3370
f 3370//3370 3334//3334 3336//3336
f 3337//3337 3373//3373 3372//3372
f 3372//3372 3335//3335 3337//3337
f 3340//3340 3376//3376 3374//3374
f 3374//3374 3338//3338 3340//3340
f 3355//3355 3392//3392 3389//3389
f 3389//3389 3354//3354 3355//3355
f 3358//3358 3393//3393 3391//3391
f 3391//3391 3356//3356 3358//3358
f 3360//3360 3396//3396 3394//3394
f 3394//3394 3357//3357 3360//3360
f 3362//3362 3398//3398 3395//3395
f 3395//3395 3359//3359 3362//3362
f 3301//3301 3337//3337 3335//3335
f 3335//3335 3299//3299 3301//3301
f 3304//3304 3340//3340 3338//3338
f 3338//3338 3302//3302 3304//3304
f 3305//3305 3341//3341 3339//3339
f 3339//3339 3303//3303 3305//3305
f 3308//3308 3344//3344 3342//3342
f 3342//3342 3306//3306 3308//3308
f 3310//3310 3345//3345 3343//3343
f 3343//3343 3307//3307 3310//3310
f 3311//3311 3348//3348 3346//3346
f 3346//3346 3309//3309 3311//3311
f 3314//3314 3349//3349 3347//3347
f 3347//3347 3312//3312 3314//3314
f 3316//3316 3352//3352 3350//3350
f 3350//3350 3313//3313 3316//3316
f 3318//3318 3353//3353 3351//3351
f 3351//3351 3315//3315 3318//3318
f 3320//3320 3355//3355 3354//3354
f 3354//3354 3317//3317 3320//3320
f 3325//3325 3362//3362 3359//3359
f 3359//3359 3323//3323 3325//3325
f 3363//3363 3400//3400 3361//3361
f 3361//3361 3326//3326 3363//3363
f 3367//3367 3402//3402 3401//3401
f 3401//3401 3365//3365 3367//3367
f 3380//3380 3414//3414 3413//3413
f 3413//3413 3378//3378 3380//3380
f 3386//3386 3420//3420 3418//3418
f 3418//3418 3383//3383 3386//3386
f 3387//3387 3422//3422 3421//3421
f 3421//3421 3385//3385 3387//3387
f 3391//3391 3426//3426 3425//3425
f 3425//3425 3390//3390 3391//3391
f 3394//3394 3428//3428 3427//3427
f 3427//3427 3392//3392 3394//3394
f 3395//3395 3431//3431 3429//3429
f 3429//3429 3393//3393 3395//3395
f 3330//3330 3365//3365 3364//3364
f 3364//3364 3327//3327 3330//3330
f 3332//3332 3368//3368 3366//3366
f 3366//3366 3329//3329 3332//3332
f 3341//3341 3378//3378 3375//3375
f 3375//3375 3339//3339 3341//3341
f 3344//3344 3379//3379 3377//3377
f 3377//3377 3342//3342 3344//3344
f 3345//3345 3382//3382 3380//3380
f 3380//3380 3343//3343 3345//3345
f 3348//3348 3383//3383 3381//3381
f 3381//3381 3346//3346 3348//3348
f 3349//3349 3385//3385 3384//3384
f 3384//3384 3347//3347 3349//3349
f 3352//3352 3388//3388 3386//3386
f 3386//3386 3350//3350 3352//3352
f 3353//3353 3390//3390 3387//3387
f 3387//3387 3351//3351 3353//3353
f 3400//3400 3434//3434 3397//3397
f 3397//3397 3361//3361 3400//3400
f 3405//3405 3440//3440 3439//3439
f 3439//3439 3403//3403 3405//3405
f 3406//3406 3443//3443 3441//3441
f 3441//3441 3404//3404 3406//3406
f 3408//3408 3444//3444 3442//3442
f 3442//3442 3407//3407 3408//3408
f 3410//3410 3447//3447 3445//3445
f 3445//3445 3409//3409 3410//3410
f 3412//3412 3448//3448 3446//3446
f 3446//3446 3411//3411 3412//3412
f 3414//3414 3450//3450 3449//3449
f 3449//3449 3413//3413 3414//3414
f 3417//3417 3452//3452 3451//3451
f 3451//3451 3415//3415 3417//3417
f 3422//3422 3459//3459 3456//3456
f 3456//3456 3421//3421 3422//3422
f 3424//3424 3460//3460 3458//3458
f 3458//3458 3423//3423 3424//3424
f 3428//3428 3464//3464 3462//3462
f 3462//3462 3427//3427 3428//3428
f 3431//3431 3467//3467 3465//3465
f 3465//3465 3429//3429 3431//3431
f 3433//3433 3469//3469 3466//3466
f 3466//3466 3430//3430 3433//3433
f 3365//3365 3401//3401 3399//3399
f 3399//3399 3364//3364 3365//3365
f 3370//3370 3405//3405 3403//3403
f 3403//3403 3368//3368 3370//3370
f 3372//3372 3406//3406 3404//3404
f 3404//3404 3369//3369 3372//3372
f 3374//3374 3408//3408 3407//3407
f 3407//3407 3371//3371 3374//3374
f 3375//3375 3410//3410 3409//3409
f 3409//3409 3373//3373 3375//3375
f 3377//3377 3412//3412 3411//3411
f 3411//3411 3376//3376 3377//3377
f 3381//3381 3417//3417 3415//3415
f 3415//3415 3379//3379 3381//3381
f 3384//3384 3419//3419 3416//3416
f 3416//3416 3382//3382 3384//3384
f 3389//3389 3424//3424 3423//3423
f 3423//3423 3388//3388 3389//3389
f 3397//3397 3433//3433 3430//3430
f 3430//3430 3396//3396 3397//3397
f 3435//3435 3470//3470 3432//3432
f 3432//3432 3398//3398 3435//3435
f 3437//3437 3473//3473 3471//3471
f 3471//3471 3434//3434 3437//3437
f 3443//3443 3478//3478 3476//3476
f 3476//3476 3441//3441 3443//3443
f 3445//3445 3480//3480 3478//3478
f 3478//3478 3443//3443 3445//3445
f 3446//3446 3482//3482 3479//3479
f 3479//3479 3444//3444 3446//3446
f 3449//3449 3484//3484 3481//3481
f 3481//3481 3447//3447 3449//3449
f 3451//3451 3485//3485 3483//3483
f 3483//3483 3448//3448 3451//3451
f 3454//3454 3489//3489 3488//3488
f 3488//3488 3452//3452 3454//3454
f 3456//3456 3492//3492 3490//3490
f 3490//3490 3455//3455 3456//3456
f 3458//3458 3493//3493 3491//3491
f 3491//3491 3457//3457 3458//3458
f 3462//3462 3497//3497 3495//3495
f 3495//3495 3460//3460 3462//3462
f 3466//3466 3501//3501 3499//3499
f 3499//3499 3464//3464 3466//3466
f 3468//3468 3504//3504 3502//3502
f 3502//3502 3467//3467 3468//3468
f 3401//3401 3436//3436 3435//3435
f 3435//3435 3399//3399 3401//3401
f 3402//3402 3438//3438 3436//3436
f 3436//3436 3401//3401 3402//3402
f 3419//3419 3455//3455 3453//3453
f 3453//3453 3416//3416 3419//3419
f 3420//3420 3457//3457 3454//3454
f 3454//3454 3418//3418 3420//3420
f 3426//3426 3463//3463 3461//3461
f 3461//3461 3425//3425 3426//3426
f 3473//3473 3508//3508 3506//3506
f 3506//3506 3471//3471 3473//3473
f 3477//3477 3512//3512 3510//3510
f 3510//3510 3475//3475 3477//3477
f 3478//3478 3513//3513 3511//3511
f 3511//3511 3476//3476 3478//3478
f 3484//3484 3519//3519 3518//3518
f 3518//3518 3481//3481 3484//3484
f 3485//3485 3522//3522 3520//3520
f 3520//3520 3483//3483 3485//3485
f 3487//3487 3524//3524 3521//3521
f 3521//3521 3486//3486 3487//3487
f 3489//3489 3526//3526 3523//3523
f 3523//3523 3488//3488 3489//3489
f 3496//3496 3532//3532 3529//3529
f 3529//3529 3494//3494 3496//3496
f 3500//3500 3536//3536 3534//3534
f 3534//3534 3498//3498 3500//3500
f 3504//3504 3540//3540 3538//3538
f 3538//3538 3502//3502 3504//3504
f 3438//3438 3474//3474 3472//3472
f 3472//3472 3436//3436 3438//3438
f 3440//3440 3477//3477 3475//3475
f 3475//3475 3439//3439 3440//3440
f 3453//3453 3487//3487 3486//3486
f 3486//3486 3450//3450 3453//3453
f 3461//3461 3496//3496 3494//3494
f 3494//3494 3459//3459 3461//3461
f 3465//3465 3500//3500 3498//3498
f 3498//3498 3463//3463 3465//3465
f 3507//3507 3544//3544 3542//3542
f 3542//3542 3505//3505 3507//3507
f 3516//3516 3551//3551 3550//3550
f 3550//3550 3513//3513 3516//3516
f 3517//3517 3554//3554 3552//3552
f 3552//3552 3515//3515 3517//3517
f 3523//3523 3558//3558 3557//3557
f 3557//3557 3522//3522 3523//3523
f 3531//3531 3566//3566 3564//3564
f 3564//3564 3530//3530 3531//3531
f 3538//3538 3572//3572 3571//3571
f 3571//3571 3536//3536 3538//3538
f 3470//3470 3505//3505 3468//3468
f 3468//3468 3432//3432 3470//3470
f 3474//3474 3509//3509 3507//3507
f 3507//3507 3472//3472 3474//3474
f 3480//3480 3516//3516 3513//3513
f 3513//3513 3478//3478 3480//3480
f 3482//3482 3517//3517 3515//3515
f 3515//3515 3479//3479 3482//3482
f 3492//3492 3527//3527 3525//3525
f 3525//3525 3490//3490 3492//3492
f 3493//3493 3530//3530 3528//3528
f 3528//3528 3491//3491 3493//3493
f 3497//3497 3533//3533 3531//3531
f 3531//3531 3495//3495 3497//3497
f 3501//3501 3537//3537 3535//3535
f 3535//3535 3499//3499 3501//3501
f 3544//3544 3580//3580 3579//3579
f 3579//3579 3542//3542 3544//3544
f 3545//3545 3582//3582 3581//3581
f 3581//3581 3543//3543 3545//3545
f 3549//3549 3586//3586 3584//3584
f 3584//3584 3548//3548 3549//3549
f 3555//3555 3593//3593 3591//3591
f 3591//3591 3553//3553 3555//3555
f 3556//3556 3595//3595 3593//3593
f 3593//3593 3555//3555 3556//3556
f 3561//3561 3598//3598 3597//3597
f 3597//3597 3559//3559 3561//3561
f 3566//3566 3604//3604 3602//3602
f 3602//3602 3564//3564 3566//3566
f 3569//3569 3610//3610 3605//3605
f 3605//3605 3567//3567 3569//3569
f 3570//3570 3615//3615 3613//3613
f 3613//3613 3568//3568 3570//3570
f 3572//3572 3620//3620 3614//3614
f 3614//3614 3571//3571 3572//3572
f 3575//3575 3629//3629 3625//3625
f 3625//3625 3573//3573 3575//3575
f 3506//3506 3541//3541 3503//3503
f 3503//3503 3469//3469 3506//3506
f 3510//3510 3545//3545 3543//3543
f 3543//3543 3508//3508 3510//3510
f 3511//3511 3547//3547 3546//3546
f 3546//3546 3509//3509 3511//3511
f 3514//3514 3549//3549 3548//3548
f 3548//3548 3512//3512 3514//3514
f 3519//3519 3555//3555 3553//3553
f 3553//3553 3518//3518 3519//3519
f 3521//3521 3556//3556 3555//3555
f 3555//3555 3519//3519 3521//3521
f 3525//3525 3561//3561 3559//3559
f 3559//3559 3524//3524 3525//3525
f 3528//3528 3562//3562 3560//3560
f 3560//3560 3526//3526 3528//3528
f 3529//3529 3565//3565 3563//3563
f 3563//3563 3527//3527 3529//3529
f 3534//3534 3569//3569 3567//3567
f 3567//3567 3532//3532 3534//3534
f 3535//3535 3570//3570 3568//3568
f 3568//3568 3533//3533 3535//3535
f 3539//3539 3575//3575 3573//3573
f 3573//3573 3537//3537 3539//3539
f 3584//3584 3656//3656 3650//3650
f 3650//3650 3582//3582 3584//3584
f 3588//3588 3667//3667 3661//3661
f 3661//3661 3586//3586 3588//3588
f 3591//3591 3670//3670 3668//3668
f 3668//3668 3589//3589 3591//3591
f 3592//3592 3675//3675 3669//3669
f 3669//3669 3590//3590 3592//3592
f 3595//3595 3681//3681 3678//3678
f 3678//3678 3593//3593 3595//3595
f 3602//3602 3708//3708 3702//3702
f 3702//3702 3600//3600 3602//3602
f 3608//3608 3720//3720 3712//3712
f 3712//3712 3607//3607 3608//3608
f 3619//3619 3721//3721 3717//3717
f 3717//3717 3611//3611 3619//3619
f 3621//3621 3726//3726 3723//3723
f 3723//3723 3616//3616 3621//3621
f 3632//3632 3732//3732 3725//3725
f 3725//3725 3622//3622 3632//3632
f 3541//3541 3578//3578 3539//3539
f 3539//3539 3503//3503 3541//3541
f 3547//3547 3585//3585 3583//3583
f 3583//3583 3546//3546 3547//3547
f 3551//3551 3589//3589 3587//3587
f 3587//3587 3550//3550 3551//3551
f 3554//3554 3590//3590 3588//3588
f 3588//3588 3552//3552 3554//3554
f 3558//3558 3596//3596 3594//3594
f 3594//3594 3557//3557 3558//3558
f 3562//3562 3600//3600 3599//3599
f 3599//3599 3560//3560 3562//3562
f 3565//3565 3603//3603 3601//3601
f 3601//3601 3563//3563 3565//3565
f 3636//3636 3734//3734 3631//3631
f 3631//3631 3574//3574 3636//3636
f 3643//3643 3738//3738 3733//3733
f 3733//3733 3637//3637 3643//3643
f 3645//3645 3744//3744 3737//3737
f 3737//3737 3642//3642 3645//3645
f 3654//3654 3746//3746 3743//3743
f 3743//3743 3646//3646 3654//3654
f 3657//3657 3750//3750 3747//3747
f 3747//3747 3655//3655 3657//3657
f 3665//3665 3753//3753 3749//3749
f 3749//3749 3658//3658 3665//3665
f 3674//3674 3760//3760 3755//3755
f 3755//3755 3666//3666 3674//3674
f 3676//3676 3762//3762 3759//3759
f 3759//3759 3673//3673 3676//3676
f 3682//3682 3765//3765 3764//3764
f 3764//3764 3677//3677 3682//3682
f 3689//3689 3769//3769 3768//3768
f 3768//3768 3685//3685 3689//3689
f 3693//3693 3776//3776 3771//3771
f 3771//3771 3688//3688 3693//3693
f 3699//3699 3780//3780 3773//3773
f 3773//3773 3694//3694 3699//3699
f 3709//3709 3781//3781 3777//3777
f 3777//3777 3703//3703 3709//3709
f 3716//3716 3786//3786 3782//3782
f 3782//3782 3704//3704 3716//3716
f 3719//3719 3790//3790 3787//3787
f 3787//3787 3713//3713 3719//3719
f 3724//3724 3794//3794 3791//3791
f 3791//3791 3718//3718 3724//3724
f 3728//3728 3797//3797 3793//3793
f 3793//3793 3722//3722 3728//3728
f 3729//3729 3801//3801 3798//3798
f 3798//3798 3727//3727 3729//3729
f 3579//3579 3638//3638 3577//3577
f 3577//3577 3540//3540 3579//3579
f 3581//3581 3639//3639 3634//3634
f 3634//3634 3578//3578 3581//3581
f 3583//3583 3649//3649 3641//3641
f 3641//3641 3580//3580 3583//3583
f 3587//3587 3660//3660 3651//3651
f 3651//3651 3585//3585 3587//3587
f 3596//3596 3687//3687 3686//3686
f 3686//3686 3594//3594 3596//3596
f 3598//3598 3696//3696 3690//3690
f 3690//3690 3597//3597 3598//3598
f 3600//3600 3702//3702 3698//3698
f 3698//3698 3599//3599 3600//3600
f 3605//3605 3710//3710 3707//3707
f 3707//3707 3603//3603 3605//3605
f 3609//3609 3805//3805 3715//3715
f 3715//3715 3606//3606 3609//3609
f 3617//3617 3809//3809 3803//3803
f 3803//3803 3612//3612 3617//3617
f 3623//3623 3812//3812 3807//3807
f 3807//3807 3618//3618 3623//3623
f 3627//3627 3817//3817 3810//3810
f 3810//3810 3624//3624 3627//3627
f 3735//3735 3820//3820 3815//3815
f 3815//3815 3626//3626 3735//3735
f 3739//3739 3823//3823 3821//3821
f 3821//3821 3736//3736 3739//3739
f 3742//3742 3825//3825 3822//3822
f 3822//3822 3740//3740 3742//3742
f 3745//3745 3827//3827 3826//3826
f 3826//3826 3741//3741 3745//3745
f 3752//3752 3831//3831 3828//3828
f 3828//3828 3748//3748 3752//3752
f 3754//3754 3836//3836 3833//3833
f 3833//3833 3751//3751 3754//3754
f 3758//3758 3837//3837 3835//3835
f 3835//3835 3756//3756 3758//3758
f 3761//3761 3839//3839 3838//3838
f 3838//3838 3757//3757 3761//3761
f 3766//3766 3841//3841 3840//3840
f 3840//3840 3763//3763 3766//3766
f 3770//3770 3846//3846 3842//3842
f 3842//3842 3767//3767 3770//3770
f 3775//3775 3847//3847 3845//3845
f 3845//3845 3772//3772 3775//3775
f 3778//3778 3850//3850 3848//3848
f 3848//3848 3774//3774 3778//3778
f 3783//3783 3854//3854 3851//3851
f 3851//3851 3779//3779 3783//3783
f 3785//3785 3855//3855 3853//3853
f 3853//3853 3784//3784 3785//3785
f 3789//3789 3857//3857 3856//3856
f 3856//3856 3788//3788 3789//3789
f 3795//3795 3862//3862 3859//3859
f 3859//3859 3792//3792 3795//3795
f 3797//3797 3863//3863 3860//3860
f 3860//3860 3793//3793 3797//3797
f 3800//3800 3865//3865 3864//3864
f 3864//3864 3796//3796 3800//3800
f 3633//3633 3867//3867 3628//3628
f 3628//3628 3576//3576 3633//3633
f 3644//3644 3872//3872 3868//3868
f 3868//3868 3635//3635 3644//3644
f 3647//3647 3878//3878 3873//3873
f 3873//3873 3640//3640 3647//3647
f 3652//3652 3882//3882 3875//3875
f 3875//3875 3648//3648 3652//3652
f 3662//3662 3886//3886 3881//3881
f 3881//3881 3653//3653 3662//3662
f 3663//3663 3888//3888 3884//3884
f 3884//3884 3659//3659 3663//3663
f 3671//3671 3894//3894 3887//3887
f 3887//3887 3664//3664 3671//3671
f 3679//3679 3895//3895 3891//3891
f 3891//3891 3672//3672 3679//3679
f 3683//3683 3902//3902 3897//3897
f 3897//3897 3680//3680 3683//3683
f 3691//3691 3905//3905 3901//3901
f 3901//3901 3684//3684 3691//3691
f 3695//3695 3910//3910 3906//3906
f 3906//3906 3692//3692 3695//3695
f 3701//3701 3914//3914 3909//3909
f 3909//3909 3697//3697 3701//3701
f 3706//3706 3917//3917 3913//3913
f 3913//3913 3700//3700 3706//3706
f 3711//3711 3920//3920 3916//3916
f 3916//3916 3705//3705 3711//3711
f 3802//3802 3924//3924 3922//3922
f 3922//3922 3714//3714 3802//3802
f 3806//3806 3927//3927 3926//3926
f 3926//3926 3804//3804 3806//3806
f 3811//3811 3930//3930 3928//3928
f 3928//3928 3808//3808 3811//3811
f 3814//3814 3932//3932 3931//3931
f 3931//3931 3813//3813 3814//3814
f 3818//3818 3934//3934 3933//3933
f 3933//3933 3816//3816 3818//3818
f 3824//3824 3937//3937 3935//3935
f 3935//3935 3819//3819 3824//3824
f 3825//3825 3939//3939 3936//3936
f 3936//3936 3822//3822 3825//3825
f 3827//3827 3940//3940 3938//3938
f 3938//3938 3826//3826 3827//3827
f 3830//3830 3945//3945 3942//3942
f 3942//3942 3829//3829 3830//3830
f 3834//3834 3947//3947 3944//3944
f 3944//3944 3832//3832 3834//3834
f 3837//3837 3948//3948 3946//3946
f 3946//3946 3835//3835 3837//3837
f 3839//3839 3951//3951 3949//3949
f 3949//3949 3838//3838 3839//3839
f 3841//3841 3953//3953 3950//3950
f 3950//3950 3840//3840 3841//3841
f 3844//3844 3955//3955 3952//3952
f 3952//3952 3843//3843 3844//3844
f 3847//3847 3956//3956 3954//3954
f 3954//3954 3845//3845 3847//3847
f 3850//3850 3958//3958 3957//3957
f 3957//3957 3848//3848 3850//3850
f 3852//3852 3961//3961 3959//3959
f 3959//3959 3849//3849 3852//3852
f 3855//3855 3962//3962 3960//3960
f 3960//3960 3853//3853 3855//3855
f 3857//3857 3965//3965 3963//3963
f 3963//3963 3856//3856 3857//3857
f 3861//3861 3966//3966 3964//3964
f 3964//3964 3858//3858 3861//3861
f 3863//3863 3968//3968 3967//3967
f 3967//3967 3860//3860 3863//3863
f 3865//3865 3971//3971 3969//3969
f 3969//3969 3864//3864 3865//3865
f 3870//3870 3975//3975 3731//3731
f 3731//3731 3630//3630 3870//3870
f 3874//3874 3977//3977 3974//3974
f 3974//3974 3869//3869 3874//3874
f 3876//3876 3981//3981 3978//3978
f 3978//3978 3871//3871 3876//3876
f 3879//3879 3983//3983 3979//3979
f 3979//3979 3877//3877 3879//3879
f 3883//3883 3984//3984 3982//3982
f 3982//3982 3880//3880 3883//3883
f 3889//3889 3989//3989 3985//3985
f 3985//3985 3885//3885 3889//3889
f 3892//3892 3991//3991 3987//3987
f 3987//3987 3890//3890 3892//3892
f 3898//3898 3992//3992 3990//3990
f 3990//3990 3893//3893 3898//3898
f 3900//3900 3995//3995 3993//3993
f 3993//3993 3896//3896 3900//3900
f 3904//3904 3998//3998 3996//3996
f 3996//3996 3899//3899 3904//3904
f 3908//3908 4000//4000 3997//3997
f 3997//3997 3903//3903 3908//3908
f 3911//3911 4002//4002 4001//4001
f 4001//4001 3907//3907 3911//3911
f 3915//3915 4004//4004 4003//4003
f 4003//4003 3912//3912 3915//3915
f 3919//3919 4006//4006 4005//4005
f 4005//4005 3918//3918 3919//3919
f 3925//3925 4008//4008 4007//4007
f 4007//4007 3921//3921 3925//3925
f 3929//3929 4013//4013 4010//4010
f 4010//4010 3923//3923 3929//3929
f 3930//3930 4014//4014 4012//4012
f 4012//4012 3928//3928 3930//3930
f 3932//3932 4016//4016 4015//4015
f 4015//4015 3931//3931 3932//3932
f 3934//3934 4018//4018 4017//4017
f 4017//4017 3933//3933 3934//3934
f 3937//3937 4021//4021 4019//4019
f 4019//4019 3935//3935 3937//3937
f 3939//3939 4023//4023 4020//4020
f 4020//4020 3936//3936 3939//3939
f 3940//3940 4024//4024 4022//4022
f 4022//4022 3938//3938 3940//3940
f 3943//3943 4027//4027 4025//4025
f 4025//4025 3941//3941 3943//3943
f 3947//3947 4029//4029 4026//4026
f 4026//4026 3944//3944 3947//3947
f 3948//3948 4030//4030 4028//4028
f 4028//4028 3946//3946 3948//3948
f 3951//3951 4033//4033 4031//4031
f 4031//4031 3949//3949 3951//3951
f 3953//3953 4034//4034 4032//4032
f 4032//4032 3950//3950 3953//3953
f 3955//3955 4036//4036 4035//4035
f 4035//4035 3952//3952 3955//3955
f 3956//3956 4039//4039 4037//4037
f 4037//4037 3954//3954 3956//3956
f 3958//3958 4041//4041 4038//4038
f 4038//4038 3957//3957 3958//3958
f 3961//3961 4042//4042 4040//4040
f 4040//4040 3959//3959 3961//3961
f 3962//3962 4044//4044 4043//4043
f 4043//4043 3960//3960 3962//3962
f 3965//3965 4049//4049 4046//4046
f 4046//4046 3963//3963 3965//3965
f 3966//3966 4052//4052 4050//4050
f 4050//4050 3964//3964 3966//3966
f 3968//3968 4056//4056 4053//4053
f 4053//4053 3967//3967 3968//3968
f 3971//3971 4054//4054 3969//3969
f 3973//3973 4058//4058 3799//3799
f 3799//3799 3730//3730 3973//3973
f 3977//3977 4059//4059 4057//4057
f 4057//4057 3974//3974 3977//3977
f 3980//3980 4061//4061 4060//4060
f 4060//4060 3976//3976 3980//3980
f 3983//3983 4064//4064 4062//4062
f 4062//4062 3979//3979 3983//3983
f 3984//3984 4066//4066 4063//4063
f 4063//4063 3982//3982 3984//3984
f 3988//3988 4067//4067 4065//4065
f 4065//4065 3986//3986 3988//3988
f 3991//3991 4069//4069 4068//4068
f 4068//4068 3987//3987 3991//3991
f 3992//3992 4071//4071 4070//4070
f 4070//4070 3990//3990 3992//3992
f 3995//3995 4074//4074 4072//4072
f 4072//4072 3993//3993 3995//3995
f 3999//3999 4076//4076 4073//4073
f 4073//4073 3994//3994 3999//3999
f 4000//4000 4077//4077 4075//4075
f 4075//4075 3997//3997 4000//4000
f 4002//4002 4080//4080 4078//4078
f 4078//4078 4001//4001 4002//4002
f 4004//4004 4082//4082 4079//4079
f 4079//4079 4003//4003 4004//4004
f 4006//4006 4083//4083 4081//4081
f 4081//4081 4005//4005 4006//4006
f 4008//4008 4085//4085 4084//4084
f 4084//4084 4007//4007 4008//4008
f 4011//4011 4087//4087 4086//4086
f 4086//4086 4009//4009 4011//4011
f 4014//4014 4090//4090 4088//4088
f 4088//4088 4012//4012 4014//4014
f 4016//4016 4091//4091 4089//4089
f 4089//4089 4015//4015 4016//4016
f 4018//4018 4095//4095 4092//4092
f 4092//4092 4017//4017 4018//4018
f 4021//4021 4099//4099 4096//4096
f 4096//4096 4019//4019 4021//4021
f 4023//4023 4101//4101 4098//4098
f 4098//4098 4020//4020 4023//4023
f 4024//4024 4105//4105 4100//4100
f 4100//4100 4022//4022 4024//4024
f 4027//4027 4108//4108 4104//4104
f 4104//4104 4025//4025 4027//4027
f 4029//4029 4111//4111 4107//4107
f 4107//4107 4026//4026 4029//4029
f 4030//4030 4113//4113 4110//4110
f 4110//4110 4028//4028 4030//4030
f 4033//4033 4117//4117 4114//4114
f 4114//4114 4031//4031 4033//4033
f 4034//4034 4118//4118 4115//4115
f 4115//4115 4032//4032 4034//4034
f 4036//4036 4123//4123 4120//4120
f 4120//4120 4035//4035 4036//4036
f 4039//4039 4124//4124 4121//4121
f 4121//4121 4037//4037 4039//4039
f 4041//4041 4127//4127 4125//4125
f 4125//4125 4038//4038 4041//4041
f 4042//4042 4130//4130 4129//4129
f 4129//4129 4040//4040 4042//4042
f 4044//4044 4135//4135 4132//4132
f 4132//4132 4043//4043 4044//4044
f 4048//4048 4134//4134 4045//4045
f 4058//4058 4136//4136 3866//3866
f 3866//3866 3799//3799 4058//4058
f 4059//4059 4139//4139 4137//4137
f 4137//4137 4057//4057 4059//4059
f 4061//4061 4140//4140 4138//4138
f 4138//4138 4060//4060 4061//4061
f 4064//4064 4143//4143 4141//4141
f 4141//4141 4062//4062 4064//4064
f 4066//4066 4145//4145 4142//4142
f 4142//4142 4063//4063 4066//4066
f 4067//4067 4147//4147 4144//4144
f 4144//4144 4065//4065 4067//4067
f 4069//4069 4148//4148 4146//4146
f 4146//4146 4068//4068 4069//4069
f 4071//4071 4150//4150 4149//4149
f 4149//4149 4070//4070 4071//4071
f 4074//4074 4153//4153 4151//4151
f 4151//4151 4072//4072 4074//4074
f 4076//4076 4155//4155 4152//4152
f 4152//4152 4073//4073 4076//4076
f 4077//4077 4156//4156 4154//4154
f 4154//4154 4075//4075 4077//4077
f 4080//4080 4159//4159 4157//4157
f 4157//4157 4078//4078 4080//4080
f 4082//4082 4161//4161 4158//4158
f 4158//4158 4079//4079 4082//4082
f 4083//4083 4164//4164 4162//4162
f 4162//4162 4081//4081 4083//4083
f 4085//4085 4170//4170 4163//4163
f 4163//4163 4084//4084 4085//4085
f 4087//4087 4171//4171 4169//4169
f 4169//4169 4086//4086 4087//4087
f 4090//4090 4174//4174 4173//4173
f 4173//4173 4088//4088 4090//4090
f 4091//4091 4176//4176 4089//4089
f 4136//4136 4180//4180 3972//3972
f 3972//3972 3866//3866 4136//4136
f 4139//4139 4183//4183 4178//4178
f 4178//4178 4137//4137 4139//4139
f 4140//4140 4187//4187 4182//4182
f 4182//4182 4138//4138 4140//4140
f 4143//4143 4189//4189 4186//4186
f 4186//4186 4141//4141 4143//4143
f 4145//4145 4192//4192 4190//4190
f 4190//4190 4142//4142 4145//4145
f 4147//4147 4194//4194 4193//4193
f 4193//4193 4144//4144 4147//4147
f 4148//4148 4198//4198 4196//4196
f 4196//4196 4146//4146 4148//4148
f 4150//4150 4200//4200 4199//4199
f 4199//4199 4149//4149 4150//4150
f 4153//4153 4205//4205 4201//4201
f 4201//4201 4151//4151 4153//4153
f 4155//4155 4208//4208 4204//4204
f 4204//4204 4152//4152 4155//4155
f 4156//4156 4209//4209 4206//4206
f 4206//4206 4154//4154 4156//4156
f 4159//4159 4214//4214 4210//4210
f 4210//4210 4157//4157 4159//4159
f 4161//4161 4217//4217 4213//4213
f 4213//4213 4158//4158 4161//4161
f 4165//4165 4218//4218 4216//4216
f 4216//4216 4160//4160 4165//4165
f 4167//4167 4219//4219 4166//4166
f 4181//4181 4184//4184 4177//4177
f 4185//4185 3970//3970 4179//4179
f 4185//4185 4188//4188 3970//3970
f 4188//4188 4055//4055 3970//3970
f 4188//4188 4191//4191 4055//4055
f 4191//4191 4051//4051 4055//4055
f 4191//4191 4195//4195 4051//4051
f 4195//4195 4047//4047 4051//4051
f 4195//4195 4197//4197 4047//4047
f 4197//4197 4133//4133 4047//4047
f 4197//4197 4202//4202 4133//4133
f 4202//4202 4131//4131 4133//4133
f 4202//4202 4203//4203 4131//4131
f 4203//4203 4128//4128 4131//4131
f 4203//4203 4207//4207 4128//4128
f 4207//4207 4126//4126 4128//4128
f 4207//4207 4211//4211 4126//4126
f 4211//4211 4122//4122 4126//4126
f 4211//4211 4212//4212 4122//4122
f 4212//4212 4119//4119 4122//4122
f 4212//4212 4215//4215 4119//4119
f 4215//4215 4116//4116 4119//4119
f 4215//4215 4220//4220 4116//4116
f 4220//4220 4112//4112 4116//4116
f 4220//4220 4168//4168 4112//4112
f 4168//4168 4109//4109 4112//4112
f 4168//4168 4172//4172 4109//4109
f 4172//4172 4106//4106 4109//4109
f 4172//4172 4175//4175 4106//4106
f 4175//4175 4103//4103 4106//4106
f 4175//4175 4093//4093 4103//4103
f 4093//4093 4102//4102 4103//4103
f 4093//4093 4094//4094 4102//4102
f 4094//4094 4097//4097 4102//4102
f 4229//4229 4231//4231 4235//4235
f 4230//4230 4239//4239 4233//4233
f 4228//4228 4243//4243 4238//4238
f 4226//4226 4247//4247 4240//4240
f 4246//4246 4255//4255 4241//4241
f 4245//4245 4258//4258 4254//4254
f 4250//4250 4262//4262 4257//4257
f 4252//4252 4264//4264 4261//4261
f 4253//4253 4266//4266 4265//4265
f 4251//4251 4269//4269 4268//4268
f 4249//4249 4280//4280 4272//4272
f 4282//4282 4285//4285 4271//4271
f 4275//4275 4287//4287 4284//4284
f 4278//4278 4290//4290 4288//4288
f 4276//4276 4294//4294 4291//4291
f 4279//4279 4297//4297 4293//4293
f 4277//4277 4300//4300 4295//4295
f 4281//4281 4310//4310 4301//4301
f 4309//4309 4313//4313 4299//4299
f 4308//4308 4316//4316 4312//4312
f 4307//4307 4318//4318 4317//4317
f 4221//4221 4321//4321 4324//4324
f 4324//4324 4248//4248 4221//4221
f 4244//4244 4325//4325 4327//4327
f 4327//4327 4274//4274 4244//4244
f 4273//4273 4329//4329 4332//4332
f 4332//4332 4302//4302 4273//4273
f 4322//4322 4328//4328 4326//4326
f 4322//4322 4330//4330 4328//4328
f 4234//4234 4334//4334 4227//4227
f 4335//4335 4336//4336 4225//4225
f 4337//4337 4340//4340 4222//4222
f 4339//4339 4344//4344 4223//4223
f 4342//4342 4355//4355 4351//4351
f 4354//4354 4358//4358 4346//4346
f 4357//4357 4361//4361 4347//4347
f 4360//4360 4364//4364 4348//4348
f 4362//4362 4366//4366 4345//4345
f 4365//4365 4369//4369 4350//4350
f 4370//4370 4374//4374 4343//4343
f 4371//4371 4383//4383 4376//4376
f 4382//4382 4387//4387 4377//4377
f 4385//4385 4390//4390 4378//4378
f 4389//4389 4391//4391 4380//4380
f 4392//4392 4394//4394 4372//4372
f 4396//4396 4400//4400 4381//4381
f 4399//4399 4305//4305 4379//4379
f 4398//4398 4403//4403 4304//4304
f 4401//4401 4405//4405 4303//4303
f 4404//4404 4320//4320 4311//4311
f 4349//4349 4408//4408 4323//4323
f 4323//4323 4224//4224 4349//4349
f 4373//4373 4411//4411 4409//4409
f 4409//4409 4352//4352 4373//4373
f 4306//4306 4331//4331 4412//4412
f 4412//4412 4375//4375 4306//4306
f 4407//4407 4410//4410 4322//4322
f 4410//4410 4330//4330 4322//4322
f 4232//4232 4413//4413 4417//4417
f 4417//4417 4236//4236 4232//4232
f 4237//4237 4421//4421 4413//4413
f 4413//4413 4232//4232 4237//4237
f 4242//4242 4422//4422 4421//4421
f 4421//4421 4237//4237 4242//4242
f 4414//4414 4425//4425 4429//4429
f 4429//4429 4418//4418 4414//4414
f 4420//4420 4431//4431 4427//4427
f 4427//4427 4415//4415 4420//4420
f 4424//4424 4434//4434 4432//4432
f 4432//4432 4419//4419 4424//4424
f 4426//4426 4438//4438 4439//4439
f 4439//4439 4428//4428 4426//4426
f 4433//4433 4440//4440 4438//4438
f 4438//4438 4426//4426 4433//4433
f 4435//4435 4440//4440 4433//4433
f 4438//4438 4441//4441 4444//4444
f 4444//4444 4439//4439 4438//4438
f 4440//4440 4448//4448 4441//4441
f 4441//4441 4438//4438 4440//4440
f 4435//4435 4451//4451 4448//4448
f 4448//4448 4440//4440 4435//4435
f 4442//4442 4452//4452 4446//4446
f 4447//4447 4455//4455 4452//4452
f 4452//4452 4442//4442 4447//4447
f 4449//4449 4458//4458 4455//4455
f 4455//4455 4447//4447 4449//4449
f 4453//4453 4463//4463 4466//4466
f 4466//4466 4445//4445 4453//4453
f 4456//4456 4469//4469 4461//4461
f 4461//4461 4454//4454 4456//4456
f 4459//4459 4472//4472 4467//4467
f 4467//4467 4457//4457 4459//4459
f 4462//4462 4474//4474 4478//4478
f 4478//4478 4464//4464 4462//4462
f 4468//4468 4481//4481 4474//4474
f 4474//4474 4462//4462 4468//4468
f 4471//4471 4482//4482 4481//4481
f 4481//4481 4468//4468 4471//4471
f 4473//4473 4487//4487 4492//4492
f 4492//4492 4476//4476 4473//4473
f 4480//4480 4493//4493 4485//4485
f 4485//4485 4475//4475 4480//4480
f 4483//4483 4500//4500 4496//4496
f 4496//4496 4479//4479 4483//4483
f 4236//4236 4417//4417 4503//4503
f 4503//4503 4333//4333 4236//4236
f 4333//4333 4503//4503 4504//4504
f 4504//4504 4338//4338 4333//4333
f 4338//4338 4504//4504 4507//4507
f 4507//4507 4341//4341 4338//4338
f 4416//4416 4430//4430 4511//4511
f 4511//4511 4501//4501 4416//4416
f 4502//4502 4510//4510 4515//4515
f 4515//4515 4506//4506 4502//4502
f 4505//4505 4514//4514 4519//4519
f 4519//4519 4509//4509 4505//4505
f 4428//4428 4439//4439 4520//4520
f 4520//4520 4512//4512 4428//4428
f 4512//4512 4520//4520 4521//4521
f 4521//4521 4513//4513 4512//4512
f 4513//4513 4521//4521 4517//4517
f 4439//4439 4444//4444 4522//4522
f 4522//4522 4520//4520 4439//4439
f 4520//4520 4522//4522 4524//4524
f 4524//4524 4521//4521 4520//4520
f 4521//4521 4524//4524 4528//4528
f 4528//4528 4517//4517 4521//4521
f 4446//4446 4531//4531 4523//4523
f 4523//4523 4531//4531 4532//4532
f 4532//4532 4525//4525 4523//4523
f 4525//4525 4532//4532 4535//4535
f 4535//4535 4526//4526 4525//4525
f 4443//4443 4465//4465 4540//4540
f 4540//4540 4529//4529 4443//4443
f 4530//4530 4539//4539 4543//4543
f 4543//4543 4534//4534 4530//4530
f 4533//4533 4542//4542 4545//4545
f 4545//4545 4536//4536 4533//4533
f 4464//4464 4478//4478 4548//4548
f 4548//4548 4538//4538 4464//4464
f 4538//4538 4548//4548 4550//4550
f 4550//4550 4541//4541 4538//4538
f 4541//4541 4550//4550 4554//4554
f 4554//4554 4546//4546 4541//4541
f 4477//4477 4491//4491 4558//4558
f 4558//4558 4547//4547 4477//4477
f 4549//4549 4556//4556 4560//4560
f 4560//4560 4552//4552 4549//4549
f 4551//4551 4562//4562 4565//4565
f 4565//4565 4555//4555 4551//4551
f 4356//4356 4569//4569 4573//4573
f 4573//4573 4359//4359 4356//4356
f 4353//4353 4574//4574 4569//4569
f 4569//4569 4356//4356 4353//4353
f 4341//4341 4507//4507 4574//4574
f 4574//4574 4353//4353 4341//4341
f 4570//4570 4577//4577 4580//4580
f 4580//4580 4572//4572 4570//4570
f 4576//4576 4584//4584 4578//4578
f 4578//4578 4568//4568 4576//4576
f 4508//4508 4518//4518 4583//4583
f 4583//4583 4575//4575 4508//4508
f 4579//4579 4586//4586 4587//4587
f 4587//4587 4581//4581 4579//4579
f 4585//4585 4588//4588 4586//4586
f 4586//4586 4579//4579 4585//4585
f 4516//4516 4588//4588 4585//4585
f 4586//4586 4589//4589 4594//4594
f 4594//4594 4587//4587 4586//4586
f 4588//4588 4595//4595 4589//4589
f 4589//4589 4586//4586 4588//4588
f 4516//4516 4527//4527 4595//4595
f 4595//4595 4588//4588 4516//4516
f 4590//4590 4597//4597 4592//4592
f 4596//4596 4602//4602 4597//4597
f 4597//4597 4590//4590 4596//4596
f 4526//4526 4535//4535 4602//4602
f 4602//4602 4596//4596 4526//4526
f 4599//4599 4604//4604 4608//4608
f 4608//4608 4593//4593 4599//4599
f 4601//4601 4611//4611 4603//4603
f 4603//4603 4598//4598 4601//4601
f 4537//4537 4544//4544 4609//4609
f 4609//4609 4600//4600 4537//4537
f 4605//4605 4612//4612 4615//4615
f 4615//4615 4606//4606 4605//4605
f 4610//4610 4620//4620 4612//4612
f 4612//4612 4605//4605 4610//4610
f 4546//4546 4554//4554 4620//4620
f 4620//4620 4610//4610 4546//4546
f 4613//4613 4621//4621 4626//4626
f 4626//4626 4617//4617 4613//4613
f 4619//4619 4632//4632 4623//4623
f 4623//4623 4614//4614 4619//4619
f 4553//4553 4564//4564 4629//4629
f 4629//4629 4618//4618 4553//4553
f 4359//4359 4573//4573 4633//4633
f 4633//4633 4363//4363 4359//4359
f 4363//4363 4633//4633 4636//4636
f 4636//4636 4367//4367 4363//4363
f 4367//4367 4636//4636 4640//4640
f 4640//4640 4368//4368 4367//4367
f 4571//4571 4582//4582 4644//4644
f 4644//4644 4634//4634 4571//4571
f 4635//4635 4642//4642 4645//4645
f 4645//4645 4638//4638 4635//4635
f 4637//4637 4647//4647 4651//4651
f 4651//4651 4639//4639 4637//4637
f 4581//4581 4587//4587 4652//4652
f 4652//4652 4643//4643 4581//4581
f 4643//4643 4652//4652 4653//4653
f 4653//4653 4646//4646 4643//4643
f 4646//4646 4653//4653 4650//4650
f 4587//4587 4594//4594 4655//4655
f 4655//4655 4652//4652 4587//4587
f 4652//4652 4655//4655 4656//4656
f 4656//4656 4653//4653 4652//4652
f 4653//4653 4656//4656 4659//4659
f 4659//4659 4650//4650 4653//4653
f 4592//4592 4661//4661 4654//4654
f 4654//4654 4661//4661 4664//4664
f 4664//4664 4657//4657 4654//4654
f 4657//4657 4664//4664 4667//4667
f 4667//4667 4658//4658 4657//4657
f 4591//4591 4607//4607 4672//4672
f 4672//4672 4663//4663 4591//4591
f 4662//4662 4671//4671 4674//4674
f 4674//4674 4665//4665 4662//4662
f 4666//4666 4673//4673 4676//4676
f 4676//4676 4668//4668 4666//4666
f 4606//4606 4615//4615 4679//4679
f 4679//4679 4670//4670 4606//4606
f 4670//4670 4679//4679 4682//4682
f 4682//4682 4675//4675 4670//4670
f 4675//4675 4682//4682 4687//4687
f 4687//4687 4677//4677 4675//4675
f 4616//4616 4625//4625 4691//4691
f 4691//4691 4680//4680 4616//4616
f 4681//4681 4690//4690 4692//4692
f 4692//4692 4684//4684 4681//4681
f 4683//4683 4693//4693 4698//4698
f 4698//4698 4686//4686 4683//4683
f 4386//4386 4700//4700 4703//4703
f 4703//4703 4388//4388 4386//4386
f 4384//4384 4706//4706 4700//4700
f 4700//4700 4386//4386 4384//4384
f 4368//4368 4640//4640 4706//4706
f 4706//4706 4384//4384 4368//4368
f 4701//4701 4711//4711 4712//4712
f 4712//4712 4705//4705 4701//4701
f 4707//4707 4715//4715 4710//4710
f 4710//4710 4702//4702 4707//4707
f 4641//4641 4648//4648 4716//4716
f 4716//4716 4708//4708 4641//4641
f 4709//4709 4718//4718 4719//4719
f 4719//4719 4714//4714 4709//4709
f 4717//4717 4720//4720 4718//4718
f 4718//4718 4709//4709 4717//4717
f 4649//4649 4720//4720 4717//4717
f 4718//4718 4721//4721 4723//4723
f 4723//4723 4719//4719 4718//4718
f 4720//4720 4727//4727 4721//4721
f 4721//4721 4718//4718 4720//4720
f 4649//4649 4660//4660 4727//4727
f 4727//4727 4720//4720 4649//4649
f 4722//4722 4729//4729 4726//4726
f 4728//4728 4734//4734 4729//4729
f 4729//4729 4722//4722 4728//4728
f 4658//4658 4667//4667 4734//4734
f 4734//4734 4728//4728 4658//4658
f 4730//4730 4735//4735 4738//4738
f 4738//4738 4724//4724 4730//4730
f 4732//4732 4743//4743 4737//4737
f 4737//4737 4731//4731 4732//4732
f 4669//4669 4678//4678 4741//4741
f 4741//4741 4733//4733 4669//4669
f 4736//4736 4745//4745 4747//4747
f 4747//4747 4740//4740 4736//4736
f 4742//4742 4750//4750 4745//4745
f 4745//4745 4736//4736 4742//4742
f 4677//4677 4687//4687 4750//4750
f 4750//4750 4742//4742 4677//4677
f 4744//4744 4755//4755 4757//4757
f 4757//4757 4749//4749 4744//4744
f 4752//4752 4764//4764 4754//4754
f 4754//4754 4746//4746 4752//4752
f 4685//4685 4697//4697 4761//4761
f 4761//4761 4751//4751 4685//4685
f 4388//4388 4703//4703 4767//4767
f 4767//4767 4393//4393 4388//4388
f 4393//4393 4767//4767 4769//4769
f 4769//4769 4395//4395 4393//4393
f 4395//4395 4769//4769 4772//4772
f 4772//4772 4397//4397 4395//4395
f 4704//4704 4713//4713 4774//4774
f 4774//4774 4766//4766 4704//4704
f 4765//4765 4775//4775 4778//4778
f 4778//4778 4770//4770 4765//4765
f 4768//4768 4777//4777 4780//4780
f 4780//4780 4773//4773 4768//4768
f 4714//4714 4719//4719 4784//4784
f 4784//4784 4776//4776 4714//4714
f 4776//4776 4784//4784 4785//4785
f 4785//4785 4779//4779 4776//4776
f 4779//4779 4785//4785 4782//4782
f 4719//4719 4723//4723 4787//4787
f 4787//4787 4784//4784 4719//4719
f 4784//4784 4787//4787 4789//4789
f 4789//4789 4785//4785 4784//4784
f 4785//4785 4789//4789 4791//4791
f 4791//4791 4782//4782 4785//4785
f 4726//4726 4793//4793 4786//4786
f 4786//4786 4793//4793 4798//4798
f 4798//4798 4788//4788 4786//4786
f 4788//4788 4798//4798 4801//4801
f 4801//4801 4792//4792 4788//4788
f 4725//4725 4739//4739 4804//4804
f 4804//4804 4794//4794 4725//4725
f 4795//4795 4803//4803 4806//4806
f 4806//4806 4796//4796 4795//4795
f 4797//4797 4805//4805 4809//4809
f 4809//4809 4800//4800 4797//4797
f 4740//4740 4747//4747 4811//4811
f 4811//4811 4802//4802 4740//4740
f 4802//4802 4811//4811 4815//4815
f 4815//4815 4807//4807 4802//4802
f 4807//4807 4815//4815 4817//4817
f 4817//4817 4808//4808 4807//4807
f 4748//4748 4758//4758 4820//4820
f 4820//4820 4812//4812 4748//4748
f 4813//4813 4821//4821 4827//4827
f 4827//4827 4816//4816 4813//4813
f 4814//4814 4825//4825 4831//4831
f 4831//4831 4819//4819 4814//4814
f 4406//4406 4833//4833 4835//4835
f 4835//4835 4319//4319 4406//4406
f 4402//4402 4838//4838 4833//4833
f 4833//4833 4406//4406 4402//4402
f 4397//4397 4772//4772 4838//4838
f 4838//4838 4402//4402 4397//4397
f 4834//4834 4843//4843 4846//4846
f 4846//4846 4836//4836 4834//4834
f 4840//4840 4847//4847 4841//4841
f 4841//4841 4832//4832 4840//4840
f 4771//4771 4783//4783 4848//4848
f 4848//4848 4839//4839 4771//4771
f 4842//4842 4850//4850 4851//4851
f 4851//4851 4844//4844 4842//4842
f 4849//4849 4852//4852 4850//4850
f 4850//4850 4842//4842 4849//4849
f 4781//4781 4852//4852 4849//4849
f 4850//4850 4853//4853 4855//4855
f 4855//4855 4851//4851 4850//4850
f 4852//4852 4859//4859 4853//4853
f 4853//4853 4850//4850 4852//4852
f 4781//4781 4790//4790 4859//4859
f 4859//4859 4852//4852 4781//4781
f 4854//4854 4863//4863 4858//4858
f 4860//4860 4864//4864 4863//4863
f 4863//4863 4854//4854 4860//4860
f 4792//4792 4801//4801 4864//4864
f 4864//4864 4860//4860 4792//4792
f 4862//4862 4869//4869 4872//4872
f 4872//4872 4857//4857 4862//4862
f 4865//4865 4873//4873 4867//4867
f 4867//4867 4861//4861 4865//4865
f 4799//4799 4810//4810 4875//4875
f 4875//4875 4866//4866 4799//4799
f 4868//4868 4876//4876 4879//4879
f 4879//4879 4870//4870 4868//4868
f 4874//4874 4884//4884 4876//4876
f 4876//4876 4868//4868 4874//4874
f 4808//4808 4817//4817 4884//4884
f 4884//4884 4874//4874 4808//4808
f 4877//4877 4886//4886 4892//4892
f 4892//4892 4880//4880 4877//4877
f 4883//4883 4895//4895 4885//4885
f 4885//4885 4878//4878 4883//4883
f 4818//4818 4828//4828 4896//4896
f 4896//4896 4882//4882 4818//4818
f 4319//4319 4835//4835 4897//4897
f 4897//4897 4315//4315 4319//4319
f 4315//4315 4897//4897 4900//4900
f 4900//4900 4314//4314 4315//4315
f 4314//4314 4900//4900 4904//4904
f 4904//4904 4298//4298 4314//4314
f 4837//4837 4845//4845 4907//4907
f 4907//4907 4898//4898 4837//4837
f 4899//4899 4906//4906 4909//4909
f 4909//4909 4902//4902 4899//4899
f 4901//4901 4910//4910 4915//4915
f 4915//4915 4905//4905 4901//4901
f 4844//4844 4851//4851 4916//4916
f 4916//4916 4908//4908 4844//4844
f 4908//4908 4916//4916 4917//4917
f 4917//4917 4911//4911 4908//4908
f 4911//4911 4917//4917 4913//4913
f 4851//4851 4855//4855 4919//4919
f 4919//4919 4916//4916 4851//4851
f 4916//4916 4919//4919 4920//4920
f 4920//4920 4917//4917 4916//4916
f 4917//4917 4920//4920 4922//4922
f 4922//4922 4913//4913 4917//4917
f 4858//4858 4925//4925 4918//4918
f 4918//4918 4925//4925 4930//4930
f 4930//4930 4921//4921 4918//4918
f 4921//4921 4930//4930 4933//4933
f 4933//4933 4924//4924 4921//4921
f 4856//4856 4871//4871 4934//4934
f 4934//4934 4926//4926 4856//4856
f 4927//4927 4936//4936 4937//4937
f 4937//4937 4928//4928 4927//4927
f 4929//4929 4938//4938 4940//4940
f 4940//4940 4931//4931 4929//4929
f 4870//4870 4879//4879 4945//4945
f 4945//4945 4935//4935 4870//4870
f 4935//4935 4945//4945 4946//4946
f 4946//4946 4939//4939 4935//4935
f 4939//4939 4946//4946 4951//4951
f 4951//4951 4941//4941 4939//4939
f 4881//4881 4891//4891 4954//4954
f 4954//4954 4943//4943 4881//4881
f 4944//4944 4953//4953 4956//4956
f 4956//4956 4947//4947 4944//4944
f 4948//4948 4958//4958 4960//4960
f 4960//4960 4949//4949 4948//4948
f 4292//4292 4965//4965 4969//4969
f 4969//4969 4289//4289 4292//4292
f 4296//4296 4972//4972 4965//4965
f 4965//4965 4292//4292 4296//4296
f 4298//4298 4904//4904 4972//4972
f 4972//4972 4296//4296 4298//4298
f 4966//4966 4974//4974 4977//4977
f 4977//4977 4968//4968 4966//4966
f 4970//4970 4981//4981 4975//4975
f 4975//4975 4964//4964 4970//4970
f 4903//4903 4914//4914 4979//4979
f 4979//4979 4971//4971 4903//4903
f 4973//4973 4982//4982 4983//4983
f 4983//4983 4976//4976 4973//4973
f 4980//4980 4984//4984 4982//4982
f 4982//4982 4973//4973 4980//4980
f 4912//4912 4984//4984 4980//4980
f 4982//4982 4986//4986 4988//4988
f 4988//4988 4983//4983 4982//4982
f 4984//4984 4991//4991 4986//4986
f 4986//4986 4982//4982 4984//4984
f 4912//4912 4923//4923 4991//4991
f 4991//4991 4984//4984 4912//4912
f 4985//4985 4994//4994 4989//4989
f 4992//4992 4997//4997 4994//4994
f 4994//4994 4985//4985 4992//4992
f 4924//4924 4933//4933 4997//4997
f 4997//4997 4992//4992 4924//4924
f 4995//4995 5000//5000 5004//5004
f 5004//5004 4987//4987 4995//4995
f 4998//4998 5007//5007 5001//5001
f 5001//5001 4993//4993 4998//4998
f 4932//4932 4942//4942 5006//5006
f 5006//5006 4996//4996 4932//4932
f 4999//4999 5010//5010 5013//5013
f 5013//5013 5002//5002 4999//4999
f 5005//5005 5014//5014 5010//5010
f 5010//5010 4999//4999 5005//5005
f 4941//4941 4951//4951 5014//5014
f 5014//5014 5005//5005 4941//4941
f 5008//5008 5020//5020 5023//5023
f 5023//5023 5012//5012 5008//5008
f 5015//5015 5028//5028 5017//5017
f 5017//5017 5009//5009 5015//5015
f 4950//4950 4962//4962 5025//5025
f 5025//5025 5016//5016 4950//4950
f 4289//4289 4969//4969 5029//5029
f 5029//5029 4286//4286 4289//4289
f 4286//4286 5029//5029 5032//5032
f 5032//5032 4283//4283 4286//4286
f 4283//4283 5032//5032 5036//5036
f 5036//5036 4270//4270 4283//4283
f 4967//4967 4978//4978 5038//5038
f 5038//5038 5030//5030 4967//4967
f 5031//5031 5039//5039 5042//5042
f 5042//5042 5033//5033 5031//5031
f 5034//5034 5041//5041 5044//5044
f 5044//5044 5035//5035 5034//5034
f 4976//4976 4983//4983 5048//5048
f 5048//5048 5040//5040 4976//4976
f 5040//5040 5048//5048 5049//5049
f 5049//5049 5043//5043 5040//5040
f 5043//5043 5049//5049 5047//5047
f 4983//4983 4988//4988 5050//5050
f 5050//5050 5048//5048 4983//4983
f 5048//5048 5050//5050 5052//5052
f 5052//5052 5049//5049 5048//5048
f 5049//5049 5052//5052 5056//5056
f 5056//5056 5047//5047 5049//5049
f 4989//4989 5057//5057 5051//5051
f 5051//5051 5057//5057 5061//5061
f 5061//5061 5053//5053 5051//5051
f 5053//5053 5061//5061 5063//5063
f 5063//5063 5055//5055 5053//5053
f 4990//4990 5003//5003 5068//5068
f 5068//5068 5059//5059 4990//4990
f 5058//5058 5067//5067 5071//5071
f 5071//5071 5060//5060 5058//5058
f 5062//5062 5070//5070 5074//5074
f 5074//5074 5064//5064 5062//5062
f 5002//5002 5013//5013 5075//5075
f 5075//5075 5066//5066 5002//5002
f 5066//5066 5075//5075 5078//5078
f 5078//5078 5069//5069 5066//5066
f 5069//5069 5078//5078 5082//5082
f 5082//5082 5073//5073 5069//5069
f 5011//5011 5022//5022 5084//5084
f 5084//5084 5076//5076 5011//5011
f 5077//5077 5087//5087 5089//5089
f 5089//5089 5079//5079 5077//5077
f 5080//5080 5090//5090 5093//5093
f 5093//5093 5083//5083 5080//5080
f 4263//4263 5097//5097 5100//5100
f 5100//5100 4260//4260 4263//4263
f 4267//4267 5102//5102 5097//5097
f 5097//5097 4263//4263 4267//4267
f 4270//4270 5036//5036 5102//5102
f 5102//5102 4267//4267 4270//4270
f 5096//5096 5107//5107 5109//5109
f 5109//5109 5099//5099 5096//5096
f 5103//5103 5113//5113 5106//5106
f 5106//5106 5098//5098 5103//5103
f 5037//5037 5045//5045 5112//5112
f 5112//5112 5104//5104 5037//5037
f 5105//5105 5114//5114 5115//5115
f 5115//5115 5110//5110 5105//5105
f 5111//5111 5116//5116 5114//5114
f 5114//5114 5105//5105 5111//5111
f 5046//5046 5116//5116 5111//5111
f 5114//5114 5117//5117 5121//5121
f 5121//5121 5115//5115 5114//5114
f 5116//5116 5124//5124 5117//5117
f 5117//5117 5114//5114 5116//5116
f 5046//5046 5054//5054 5124//5124
f 5124//5124 5116//5116 5046//5046
f 5118//5118 5127//5127 5120//5120
f 5123//5123 5128//5128 5127//5127
f 5127//5127 5118//5118 5123//5123
f 5055//5055 5063//5063 5128//5128
f 5128//5128 5123//5123 5055//5055
f 5126//5126 5133//5133 5135//5135
f 5135//5135 5122//5122 5126//5126
f 5129//5129 5139//5139 5131//5131
f 5131//5131 5125//5125 5129//5129
f 5065//5065 5072//5072 5138//5138
f 5138//5138 5130//5130 5065//5065
f 5132//5132 5141//5141 5143//5143
f 5143//5143 5136//5136 5132//5132
f 5137//5137 5148//5148 5141//5141
f 5141//5141 5132//5132 5137//5137
f 5073//5073 5082//5082 5148//5148
f 5148//5148 5137//5137 5073//5073
f 5140//5140 5151//5151 5154//5154
f 5154//5154 5145//5145 5140//5140
f 5146//5146 5160//5160 5150//5150
f 5150//5150 5142//5142 5146//5146
f 5081//5081 5095//5095 5157//5157
f 5157//5157 5147//5147 5081//5081
f 4260//4260 5100//5100 5163//5163
f 5163//5163 4259//4259 4260//4260
f 4259//4259 5163//5163 5164//5164
f 5164//5164 4256//4256 4259//4259
f 4256//4256 5164//5164 4422//4422
f 4422//4422 4242//4242 4256//4256
f 5101//5101 5108//5108 5168//5168
f 5168//5168 5162//5162 5101//5101
f 5161//5161 5167//5167 5172//5172
f 5172//5172 5166//5166 5161//5161
f 5165//5165 5171//5171 4436//4436
f 4436//4436 4423//4423 5165//5165
f 5110//5110 5115//5115 5173//5173
f 5173//5173 5169//5169 5110//5110
f 5169//5169 5173//5173 5174//5174
f 5174//5174 5170//5170 5169//5169
f 5170//5170 5174//5174 4437//4437
f 5115//5115 5121//5121 5175//5175
f 5175//5175 5173//5173 5115//5115
f 5173//5173 5175//5175 5177//5177
f 5177//5177 5174//5174 5173//5173
f 5174//5174 5177//5177 4450//4450
f 4450//4450 4437//4437 5174//5174
f 5120//5120 5180//5180 5176//5176
f 5176//5176 5180//5180 5184//5184
f 5184//5184 5178//5178 5176//5176
f 5178//5178 5184//5184 4458//4458
f 4458//4458 4449//4449 5178//5178
f 5119//5119 5134//5134 5187//5187
f 5187//5187 5179//5179 5119//5119
f 5181//5181 5185//5185 5189//5189
f 5189//5189 5183//5183 5181//5181
f 5182//5182 5188//5188 4470//4470
f 4470//4470 4460//4460 5182//5182
f 5136//5136 5143//5143 5192//5192
f 5192//5192 5186//5186 5136//5136
f 5186//5186 5192//5192 5196//5196
f 5196//5196 5190//5190 5186//5186
f 5190//5190 5196//5196 4482//4482
f 4482//4482 4471//4471 5190//5190
f 5144//5144 5156//5156 5200//5200
f 5200//5200 5193//5193 5144//5144
f 5191//5191 5197//5197 5203//5203
f 5203//5203 5195//5195 5191//5191
f 5194//5194 5202//5202 4499//4499
f 4499//4499 4484//4484 5194//5194
f 4486//4486 5206//5206 5210//5210
f 5210//5210 4489//4489 4486//4486
f 4495//4495 5212//5212 5205//5205
f 5205//5205 4488//4488 4495//4495
f 4498//4498 5214//5214 5211//5211
f 5211//5211 4494//4494 4498//4498
f 5204//5204 5219//5219 5215//5215
f 5215//5215 4497//4497 5204//5204
f 5198//5198 5221//5221 5217//5217
f 5217//5217 5201//5201 5198//5198
f 5155//5155 5223//5223 5220//5220
f 5220//5220 5199//5199 5155//5155
f 5152//5152 5227//5227 5225//5225
f 5225//5225 5153//5153 5152//5152
f 5159//5159 5230//5230 5226//5226
f 5226//5226 5149//5149 5159//5159
f 5092//5092 5233//5233 5229//5229
f 5229//5229 5158//5158 5092//5092
f 5091//5091 5237//5237 5232//5232
f 5232//5232 5094//5094 5091//5091
f 5086//5086 5238//5238 5236//5236
f 5236//5236 5088//5088 5086//5086
f 5024//5024 5242//5242 5239//5239
f 5239//5239 5085//5085 5024//5024
f 5018//5018 5244//5244 5241//5241
f 5241//5241 5021//5021 5018//5018
f 5027//5027 5249//5249 5246//5246
f 5246//5246 5019//5019 5027//5027
f 4961//4961 5250//5250 5247//5247
f 5247//5247 5026//5026 4961//4961
f 4959//4959 5253//5253 5251//5251
f 5251//5251 4963//4963 4959//4959
f 4955//4955 5258//5258 5254//5254
f 5254//5254 4957//4957 4955//4955
f 4890//4890 5261//5261 5256//5256
f 5256//5256 4952//4952 4890//4890
f 4888//4888 5264//5264 5259//5259
f 5259//5259 4889//4889 4888//4888
f 4894//4894 5267//5267 5262//5262
f 5262//5262 4887//4887 4894//4894
f 4829//4829 5268//5268 5266//5266
f 5266//5266 4893//4893 4829//4829
f 4826//4826 5272//5272 5270//5270
f 5270//5270 4830//4830 4826//4826
f 4822//4822 5274//5274 5273//5273
f 5273//5273 4824//4824 4822//4822
f 4759//4759 5278//5278 5275//5275
f 5275//5275 4823//4823 4759//4759
f 4753//4753 5282//5282 5277//5277
f 5277//5277 4760//4760 4753//4753
f 4762//4762 5285//5285 5280//5280
f 5280//5280 4756//4756 4762//4762
f 4696//4696 5287//5287 5284//5284
f 5284//5284 4763//4763 4696//4696
f 4694//4694 5289//5289 5286//5286
f 5286//5286 4699//4699 4694//4694
f 4689//4689 5293//5293 5291//5291
f 5291//5291 4695//4695 4689//4689
f 4628//4628 5297//5297 5294//5294
f 5294//5294 4688//4688 4628//4628
f 4624//4624 5299//5299 5296//5296
f 5296//5296 4627//4627 4624//4624
f 4631//4631 5302//5302 5298//5298
f 5298//5298 4622//4622 4631//4631
f 4566//4566 5306//5306 5303//5303
f 5303//5303 4630//4630 4566//4566
f 4563//4563 5308//5308 5305//5305
f 5305//5305 4567//4567 4563//4563
f 4557//4557 5310//5310 5307//5307
f 5307//5307 4561//4561 4557//4557
f 4490//4490 5208//5208 5311//5311
f 5311//5311 4559//4559 4490//4490
f 5207//5207 5315//5315 5209//5209
f 5213//5213 5315//5315 5207//5207
f 5216//5216 5315//5315 5213//5213
f 5218//5218 5315//5315 5216//5216
f 5222//5222 5315//5315 5218//5218
f 5224//5224 5315//5315 5222//5222
f 5228//5228 5315//5315 5224//5224
f 5231//5231 5315//5315 5228//5228
f 5234//5234 5315//5315 5231//5231
f 5235//5235 5315//5315 5234//5234
f 5240//5240 5315//5315 5235//5235
f 5243//5243 5315//5315 5240//5240
f 5245//5245 5315//5315 5243//5243
f 5248//5248 5315//5315 5245//5245
f 5252//5252 5315//5315 5248//5248
f 5255//5255 5315//5315 5252//5252
f 5257//5257 5315//5315 5255//5255
f 5260//5260 5315//5315 5257//5257
f 5263//5263 5315//5315 5260//5260
f 5265//5265 5315//5315 5263//5263
f 5269//5269 5315//5315 5265//5265
f 5271//5271 5315//5315 5269//5269
f 5276//5276 5315//5315 5271//5271
f 5279//5279 5315//5315 5276//5276
f 5281//5281 5315//5315 5279//5279
f 5283//5283 5315//5315 5281//5281
f 5288//5288 5315//5315 5283//5283
f 5290//5290 5315//5315 5288//5288
f 5292//5292 5315//5315 5290//5290
f 5295//5295 5315//5315 5292//5292
f 5300//5300 5315//5315 5295//5295
f 5301//5301 5315//5315 5300//5300
f 5304//5304 5315//5315 5301//5301
f 5309//5309 5315//5315 5304//5304
f 5312//5312 5315//5315 5309//5309
f 5209//5209 5315//5315 5312//5312
f 5316//5316 5319//5319 5318//5318
f 5316//5316 5320//5320 5319//5319
f 5316//5316 5324//5324 5323//5323
f 5316//5316 5326//5326 5324//5324
f 5313//5313 5328//5328 5327//5327
f 5313//5313 5333//5333 5330//5330
f 5314//5314 5334//5334 5332//5332
f 5314//5314 5341//5341 5337//5337
f 5314//5314 5344//5344 5341//5341
f 5314//5314 5349//5349 5346//5346
f 5314//5314 5353//5353 5349//5349
f 5318//5318 5356//5356 5354//5354
f 5354//5354 5317//5317 5318//5318
f 5316//5316 5318//5318 5317//5317
f 5321//5321 5362//5362 5320//5320
f 5320//5320 5316//5316 5321//5321
f 5323//5323 5363//5363 5362//5362
f 5362//5362 5321//5321 5323//5323
f 5328//5328 5370//5370 5368//5368
f 5368//5368 5327//5327 5328//5328
f 5330//5330 5372//5372 5370//5370
f 5370//5370 5328//5328 5330//5330
f 5333//5333 5373//5373 5372//5372
f 5372//5372 5330//5330 5333//5333
f 5334//5334 5376//5376 5374//5374
f 5374//5374 5332//5332 5334//5334
f 5343//5343 5380//5380 5379//5379
f 5379//5379 5340//5340 5343//5343
f 5355//5355 5386//5386 5384//5384
f 5384//5384 5351//5351 5355//5355
f 5359//5359 5390//5390 5388//5388
f 5388//5388 5357//5357 5359//5359
f 5316//5316 5323//5323 5321//5321
f 5314//5314 5331//5331 5329//5329
f 5313//5313 5338//5338 5335//5335
f 5313//5313 5347//5347 5342//5342
f 5317//5317 5354//5354 5352//5352
f 5352//5352 5316//5316 5317//5317
f 5319//5319 5358//5358 5356//5356
f 5356//5356 5318//5318 5319//5319
f 5320//5320 5360//5360 5358//5358
f 5358//5358 5319//5319 5320//5320
f 5362//5362 5396//5396 5360//5360
f 5360//5360 5320//5320 5362//5362
f 5367//5367 5400//5400 5399//5399
f 5399//5399 5366//5366 5367//5367
f 5371//5371 5402//5402 5401//5401
f 5401//5401 5369//5369 5371//5371
f 5377//5377 5407//5407 5405//5405
f 5405//5405 5375//5375 5377//5377
f 5378//5378 5408//5408 5407//5407
f 5407//5407 5377//5377 5378//5378
f 5381//5381 5414//5414 5412//5412
f 5412//5412 5380//5380 5381//5381
f 5385//5385 5419//5419 5417//5417
f 5417//5417 5382//5382 5385//5385
f 5387//5387 5420//5420 5419//5419
f 5419//5419 5385//5385 5387//5387
f 5325//5325 5365//5365 5364//5364
f 5364//5364 5322//5322 5325//5325
f 5327//5327 5368//5368 5365//5365
f 5365//5365 5325//5325 5327//5327
f 5339//5339 5378//5378 5377//5377
f 5377//5377 5336//5336 5339//5339
f 5340//5340 5379//5379 5378//5378
f 5378//5378 5339//5339 5340//5340
f 5345//5345 5381//5381 5380//5380
f 5380//5380 5343//5343 5345//5345
f 5350//5350 5382//5382 5381//5381
f 5381//5381 5345//5345 5350//5350
f 5351//5351 5384//5384 5383//5383
f 5383//5383 5348//5348 5351//5351
f 5357//5357 5388//5388 5386//5386
f 5386//5386 5355//5355 5357//5357
f 5361//5361 5393//5393 5390//5390
f 5390//5390 5359//5359 5361//5361
f 5397//5397 5430//5430 5427//5427
f 5427//5427 5395//5395 5397//5397
f 5400//5400 5432//5432 5431//5431
f 5431//5431 5399//5399 5400//5400
f 5401//5401 5433//5433 5432//5432
f 5432//5432 5400//5400 5401//5401
f 5402//5402 5435//5435 5433//5433
f 5433//5433 5401//5401 5402//5402
f 5404//5404 5437//5437 5434//5434
f 5434//5434 5403//5403 5404//5404
f 5418//5418 5449//5449 5446//5446
f 5446//5446 5415//5415 5418//5418
f 5420//5420 5452//5452 5451//5451
f 5451//5451 5419//5419 5420//5420
f 5421//5421 5453//5453 5452//5452
f 5452//5452 5420//5420 5421//5421
f 5424//5424 5457//5457 5454//5454
f 5454//5454 5422//5422 5424//5424
f 5363//5363 5398//5398 5396//5396
f 5396//5396 5362//5362 5363//5363
f 5366//5366 5399//5399 5398//5398
f 5398//5398 5363//5363 5366//5366
f 5369//5369 5401//5401 5400//5400
f 5400//5400 5367//5367 5369//5369
f 5375//5375 5405//5405 5402//5402
f 5402//5402 5371//5371 5375//5375
f 5379//5379 5410//5410 5408//5408
f 5408//5408 5378//5378 5379//5379
f 5380//5380 5412//5412 5410//5410
f 5410//5410 5379//5379 5380//5380
f 5382//5382 5417//5417 5414//5414
f 5414//5414 5381//5381 5382//5382
f 5389//5389 5421//5421 5420//5420
f 5420//5420 5387//5387 5389//5389
f 5391//5391 5423//5423 5421//5421
f 5421//5421 5389//5389 5391//5391
f 5392//5392 5425//5425 5423//5423
f 5423//5423 5391//5391 5392//5392
f 5428//5428 5459//5459 5425//5425
f 5425//5425 5392//5392 5428//5428
f 5429//5429 5461//5461 5459//5459
f 5459//5459 5428//5428 5429//5429
f 5436//5436 5471//5471 5469//5469
f 5469//5469 5435//5435 5436//5436
f 5438//5438 5472//5472 5471//5471
f 5471//5471 5436//5436 5438//5438
f 5444//5444 5476//5476 5474//5474
f 5474//5474 5442//5442 5444//5444
f 5451//5451 5482//5482 5481//5481
f 5481//5481 5450//5450 5451//5451
f 5453//5453 5488//5488 5485//5485
f 5485//5485 5452//5452 5453//5453
f 5455//5455 5489//5489 5488//5488
f 5488//5488 5453//5453 5455//5455
f 5394//5394 5426//5426 5393//5393
f 5393//5393 5361//5361 5394//5394
f 5399//5399 5431//5431 5429//5429
f 5429//5429 5398//5398 5399//5399
f 5406//5406 5439//5439 5437//5437
f 5437//5437 5404//5404 5406//5406
f 5409//5409 5440//5440 5439//5439
f 5439//5439 5406//5406 5409//5409
f 5411//5411 5443//5443 5440//5440
f 5440//5440 5409//5409 5411//5411
f 5413//5413 5445//5445 5443//5443
f 5443//5443 5411//5411 5413//5413
f 5416//5416 5448//5448 5445//5445
f 5445//5445 5413//5413 5416//5416
f 5419//5419 5451//5451 5450//5450
f 5450//5450 5417//5417 5419//5419
f 5423//5423 5455//5455 5453//5453
f 5453//5453 5421//5421 5423//5423
f 5458//5458 5492//5492 5457//5457
f 5457//5457 5424//5424 5458//5458
f 5460//5460 5495//5495 5492//5492
f 5492//5492 5458//5458 5460//5460
f 5463//5463 5496//5496 5495//5495
f 5495//5495 5460//5460 5463//5463
f 5470//5470 5504//5504 5502//5502
f 5502//5502 5468//5468 5470//5470
f 5471//5471 5505//5505 5503//5503
f 5503//5503 5469//5469 5471//5471
f 5431//5431 5462//5462 5461//5461
f 5461//5461 5429//5429 5431//5431
f 5432//5432 5465//5465 5462//5462
f 5462//5462 5431//5431 5432//5432
f 5433//5433 5467//5467 5465//5465
f 5465//5465 5432//5432 5433//5433
f 5435//5435 5469//5469 5467//5467
f 5467//5467 5433//5433 5435//5435
f 5441//5441 5473//5473 5472//5472
f 5472//5472 5438//5438 5441//5441
f 5442//5442 5474//5474 5473//5473
f 5473//5473 5441//5441 5442//5442
f 5447//5447 5478//5478 5476//5476
f 5476//5476 5444//5444 5447//5447
f 5450//5450 5481//5481 5478//5478
f 5478//5478 5447//5447 5450//5450
f 5452//5452 5485//5485 5482//5482
f 5482//5482 5451//5451 5452//5452
f 5456//5456 5491//5491 5489//5489
f 5489//5489 5455//5455 5456//5456
f 5493//5493 5526//5526 5491//5491
f 5491//5491 5456//5456 5493//5493
f 5497//5497 5528//5528 5527//5527
f 5527//5527 5494//5494 5497//5497
f 5500//5500 5533//5533 5530//5530
f 5530//5530 5498//5498 5500//5500
f 5507//5507 5542//5542 5539//5539
f 5539//5539 5506//5506 5507//5507
f 5509//5509 5543//5543 5542//5542
f 5542//5542 5507//5507 5509//5509
f 5510//5510 5545//5545 5543//5543
f 5543//5543 5509//5509 5510//5510
f 5518//5518 5550//5550 5548//5548
f 5548//5548 5516//5516 5518//5518
f 5523//5523 5555//5555 5553//5553
f 5553//5553 5521//5521 5523//5523
f 5464//5464 5499//5499 5496//5496
f 5496//5496 5463//5463 5464//5464
f 5466//5466 5501//5501 5499//5499
f 5499//5499 5464//5464 5466//5466
f 5472//5472 5506//5506 5505//5505
f 5505//5505 5471//5471 5472//5472
f 5473//5473 5507//5507 5506//5506
f 5506//5506 5472//5472 5473//5473
f 5474//5474 5509//5509 5507//5507
f 5507//5507 5473//5473 5474//5474
f 5477//5477 5511//5511 5508//5508
f 5508//5508 5475//5475 5477//5477
f 5479//5479 5512//5512 5511//5511
f 5511//5511 5477//5477 5479//5479
f 5480//5480 5514//5514 5512//5512
f 5512//5512 5479//5479 5480//5480
f 5483//5483 5517//5517 5514//5514
f 5514//5514 5480//5480 5483//5483
f 5484//5484 5519//5519 5517//5517
f 5517//5517 5483//5483 5484//5484
f 5487//5487 5522//5522 5519//5519
f 5519//5519 5484//5484 5487//5487
f 5490//5490 5524//5524 5520//5520
f 5520//5520 5486//5486 5490//5490
f 5491//5491 5525//5525 5523//5523
f 5523//5523 5489//5489 5491//5491
f 5526//5526 5558//5558 5525//5525
f 5525//5525 5491//5491 5526//5526
f 5527//5527 5559//5559 5558//5558
f 5558//5558 5526//5526 5527//5527
f 5528//5528 5560//5560 5559//5559
f 5559//5559 5527//5527 5528//5528
f 5531//5531 5563//5563 5561//5561
f 5561//5561 5529//5529 5531//5531
f 5532//5532 5564//5564 5563//5563
f 5563//5563 5531//5531 5532//5532
f 5552//5552 5585//5585 5583//5583
f 5583//5583 5551//5551 5552//5552
f 5554//5554 5586//5586 5585//5585
f 5585//5585 5552//5552 5554//5554
f 5494//5494 5527//5527 5526//5526
f 5526//5526 5493//5493 5494//5494
f 5498//5498 5530//5530 5528//5528
f 5528//5528 5497//5497 5498//5498
f 5503//5503 5535//5535 5533//5533
f 5533//5533 5500//5500 5503//5503
f 5505//5505 5536//5536 5535//5535
f 5535//5535 5503//5503 5505//5505
f 5506//5506 5539//5539 5536//5536
f 5536//5536 5505//5505 5506//5506
f 5513//5513 5546//5546 5545//5545
f 5545//5545 5510//5510 5513//5513
f 5515//5515 5547//5547 5546//5546
f 5546//5546 5513//5513 5515//5515
f 5516//5516 5548//5548 5547//5547
f 5547//5547 5515//5515 5516//5516
f 5521//5521 5553//5553 5550//5550
f 5550//5550 5518//5518 5521//5521
f 5525//5525 5557//5557 5555//5555
f 5555//5555 5523//5523 5525//5525
f 5558//5558 5591//5591 5557//5557
f 5557//5557 5525//5525 5558//5558
f 5562//5562 5597//5597 5596//5596
f 5596//5596 5560//5560 5562//5562
f 5565//5565 5598//5598 5597//5597
f 5597//5597 5562//5562 5565//5565
f 5566//5566 5599//5599 5598//5598
f 5598//5598 5565//5565 5566//5566
f 5568//5568 5600//5600 5599//5599
f 5599//5599 5566//5566 5568//5568
f 5582//5582 5617//5617 5615//5615
f 5615//5615 5580//5580 5582//5582
f 5584//5584 5618//5618 5617//5617
f 5617//5617 5582//5582 5584//5584
f 5587//5587 5619//5619 5618//5618
f 5618//5618 5584//5584 5587//5587
f 5589//5589 5620//5620 5619//5619
f 5619//5619 5587//5587 5589//5589
f 5534//5534 5567//5567 5564//5564
f 5564//5564 5532//5532 5534//5534
f 5537//5537 5569//5569 5567//5567
f 5567//5567 5534//5534 5537//5537
f 5538//5538 5570//5570 5569//5569
f 5569//5569 5537//5537 5538//5538
f 5541//5541 5573//5573 5570//5570
f 5570//5570 5538//5538 5541//5541
f 5544//5544 5576//5576 5574//5574
f 5574//5574 5540//5540 5544//5544
f 5545//5545 5577//5577 5575//5575
f 5575//5575 5543//5543 5545//5545
f 5546//5546 5578//5578 5577//5577
f 5577//5577 5545//5545 5546//5546
f 5547//5547 5579//5579 5578//5578
f 5578//5578 5546//5546 5547//5547
f 5548//5548 5580//5580 5579//5579
f 5579//5579 5547//5547 5548//5548
f 5551//5551 5583//5583 5581//5581
f 5581//5581 5549//5549 5551//5551
f 5556//5556 5588//5588 5586//5586
f 5586//5586 5554//5554 5556//5556
f 5590//5590 5623//5623 5588//5588
f 5588//5588 5556//5556 5590//5590
f 5595//5595 5627//5627 5625//5625
f 5625//5625 5593//5593 5595//5595
f 5604//5604 5637//5637 5635//5635
f 5635//5635 5603//5603 5604//5604
f 5611//5611 5642//5642 5640//5640
f 5640//5640 5609//5609 5611//5611
f 5612//5612 5644//5644 5642//5642
f 5642//5642 5611//5611 5612//5612
f 5617//5617 5649//5649 5648//5648
f 5648//5648 5615//5615 5617//5617
f 5618//5618 5650//5650 5649//5649
f 5649//5649 5617//5617 5618//5618
f 5619//5619 5651//5651 5650//5650
f 5650//5650 5618//5618 5619//5619
f 5559//5559 5594//5594 5591//5591
f 5591//5591 5558//5558 5559//5559
f 5560//5560 5596//5596 5594//5594
f 5594//5594 5559//5559 5560//5560
f 5571//5571 5602//5602 5600//5600
f 5600//5600 5568//5568 5571//5571
f 5572//5572 5605//5605 5602//5602
f 5602//5602 5571//5571 5572//5572
f 5575//5575 5606//5606 5605//5605
f 5605//5605 5572//5572 5575//5575
f 5577//5577 5608//5608 5606//5606
f 5606//5606 5575//5575 5577//5577
f 5578//5578 5610//5610 5608//5608
f 5608//5608 5577//5577 5578//5578
f 5579//5579 5614//5614 5610//5610
f 5610//5610 5578//5578 5579//5579
f 5580//5580 5615//5615 5614//5614
f 5614//5614 5579//5579 5580//5580
f 5622//5622 5654//5654 5620//5620
f 5620//5620 5589//5589 5622//5622
f 5629//5629 5661//5661 5659//5659
f 5659//5659 5628//5628 5629//5629
f 5630//5630 5663//5663 5661//5661
f 5661//5661 5629//5629 5630//5630
f 5631//5631 5666//5666 5663//5663
f 5663//5663 5630//5630 5631//5631
f 5632//5632 5668//5668 5666//5666
f 5666//5666 5631//5631 5632//5632
f 5634//5634 5669//5669 5668//5668
f 5668//5668 5632//5632 5634//5634
f 5636//5636 5670//5670 5669//5669
f 5669//5669 5634//5634 5636//5636
f 5639//5639 5671//5671 5670//5670
f 5670//5670 5636//5636 5639//5639
f 5646//5646 5675//5675 5673//5673
f 5673//5673 5643//5643 5646//5646
f 5648//5648 5677//5677 5675//5675
f 5675//5675 5646//5646 5648//5648
f 5650//5650 5682//5682 5679//5679
f 5679//5679 5649//5649 5650//5650
f 5651//5651 5685//5685 5682//5682
f 5682//5682 5650//5650 5651//5651
f 5652//5652 5687//5687 5685//5685
f 5685//5685 5651//5651 5652//5652
f 5592//5592 5624//5624 5623//5623
f 5623//5623 5590//5590 5592//5592
f 5597//5597 5629//5629 5628//5628
f 5628//5628 5596//5596 5597//5597
f 5598//5598 5630//5630 5629//5629
f 5629//5629 5597//5597 5598//5598
f 5599//5599 5631//5631 5630//5630
f 5630//5630 5598//5598 5599//5599
f 5600//5600 5632//5632 5631//5631
f 5631//5631 5599//5599 5600//5600
f 5603//5603 5635//5635 5633//5633
f 5633//5633 5601//5601 5603//5603
f 5607//5607 5638//5638 5637//5637
f 5637//5637 5604//5604 5607//5607
f 5609//5609 5640//5640 5638//5638
f 5638//5638 5607//5607 5609//5609
f 5616//5616 5647//5647 5645//5645
f 5645//5645 5613//5613 5616//5616
f 5620//5620 5652//5652 5651//5651
f 5651//5651 5619//5619 5620//5620
f 5655//5655 5689//5689 5653//5653
f 5653//5653 5621//5621 5655//5655
f 5656//5656 5690//5690 5689//5689
f 5689//5689 5655//5655 5656//5656
f 5662//5662 5697//5697 5694//5694
f 5694//5694 5660//5660 5662//5662
f 5665//5665 5700//5700 5697//5697
f 5697//5697 5662//5662 5665//5665
f 5667//5667 5702//5702 5699//5699
f 5699//5699 5664//5664 5667//5667
f 5669//5669 5703//5703 5701//5701
f 5701//5701 5668//5668 5669//5669
f 5670//5670 5704//5704 5703//5703
f 5703//5703 5669//5669 5670//5670
f 5672//5672 5706//5706 5705//5705
f 5705//5705 5671//5671 5672//5672
f 5673//5673 5707//5707 5706//5706
f 5706//5706 5672//5672 5673//5673
f 5676//5676 5709//5709 5708//5708
f 5708//5708 5674//5674 5676//5676
f 5680//5680 5713//5713 5712//5712
f 5712//5712 5678//5678 5680//5680
f 5683//5683 5718//5718 5715//5715
f 5715//5715 5681//5681 5683//5683
f 5686//5686 5720//5720 5717//5717
f 5717//5717 5684//5684 5686//5686
f 5626//5626 5657//5657 5654//5654
f 5654//5654 5622//5622 5626//5626
f 5628//5628 5659//5659 5657//5657
f 5657//5657 5626//5626 5628//5628
f 5641//5641 5672//5672 5671//5671
f 5671//5671 5639//5639 5641//5641
f 5643//5643 5673//5673 5672//5672
f 5672//5672 5641//5641 5643//5643
f 5649//5649 5679//5679 5677//5677
f 5677//5677 5648//5648 5649//5649
f 5691//5691 5723//5723 5722//5722
f 5722//5722 5688//5688 5691//5691
f 5695//5695 5725//5725 5724//5724
f 5724//5724 5692//5692 5695//5695
f 5696//5696 5726//5726 5725//5725
f 5725//5725 5695//5695 5696//5696
f 5703//5703 5733//5733 5731//5731
f 5731//5731 5701//5701 5703//5703
f 5704//5704 5734//5734 5733//5733
f 5733//5733 5703//5703 5704//5704
f 5705//5705 5736//5736 5734//5734
f 5734//5734 5704//5704 5705//5705
f 5706//5706 5739//5739 5736//5736
f 5736//5736 5705//5705 5706//5706
f 5711//5711 5743//5743 5742//5742
f 5742//5742 5710//5710 5711//5711
f 5716//5716 5746//5746 5744//5744
f 5744//5744 5714//5714 5716//5716
f 5721//5721 5749//5749 5748//5748
f 5748//5748 5719//5719 5721//5721
f 5658//5658 5693//5693 5690//5690
f 5690//5690 5656//5656 5658//5658
f 5660//5660 5694//5694 5693//5693
f 5693//5693 5658//5658 5660//5660
f 5671//5671 5705//5705 5704//5704
f 5704//5704 5670//5670 5671//5671
f 5678//5678 5712//5712 5709//5709
f 5709//5709 5676//5676 5678//5678
f 5681//5681 5715//5715 5713//5713
f 5713//5713 5680//5680 5681//5681
f 5723//5723 5752//5752 5751//5751
f 5751//5751 5722//5722 5723//5723
f 5728//5728 5757//5757 5756//5756
f 5756//5756 5727//5727 5728//5728
f 5730//5730 5759//5759 5757//5757
f 5757//5757 5728//5728 5730//5730
f 5738//5738 5767//5767 5763//5763
f 5763//5763 5735//5735 5738//5738
f 5743//5743 5772//5772 5771//5771
f 5771//5771 5742//5742 5743//5743
f 5747//5747 5777//5777 5774//5774
f 5774//5774 5745//5745 5747//5747
f 5688//5688 5722//5722 5687//5687
f 5687//5687 5652//5652 5688//5688
f 5692//5692 5724//5724 5723//5723
f 5723//5723 5691//5691 5692//5692
f 5698//5698 5729//5729 5726//5726
f 5726//5726 5696//5696 5698//5698
f 5701//5701 5731//5731 5729//5729
f 5729//5729 5698//5698 5701//5701
f 5707//5707 5741//5741 5739//5739
f 5739//5739 5706//5706 5707//5707
f 5710//5710 5742//5742 5741//5741
f 5741//5741 5707//5707 5710//5710
f 5714//5714 5744//5744 5743//5743
f 5743//5743 5711//5711 5714//5714
f 5719//5719 5748//5748 5746//5746
f 5746//5746 5716//5716 5719//5719
f 5752//5752 5785//5785 5783//5783
f 5783//5783 5751//5751 5752//5752
f 5753//5753 5787//5787 5785//5785
f 5785//5785 5752//5752 5753//5753
f 5755//5755 5791//5791 5790//5790
f 5790//5790 5754//5754 5755//5755
f 5762//5762 5795//5795 5794//5794
f 5794//5794 5760//5760 5762//5762
f 5764//5764 5796//5796 5795//5795
f 5795//5795 5762//5762 5764//5764
f 5768//5768 5800//5800 5799//5799
f 5799//5799 5765//5765 5768//5768
f 5772//5772 5809//5809 5805//5805
f 5805//5805 5771//5771 5772//5772
f 5773//5773 5814//5814 5809//5809
f 5809//5809 5772//5772 5773//5773
f 5775//5775 5818//5818 5814//5814
f 5814//5814 5773//5773 5775//5775
f 5776//5776 5821//5821 5818//5818
f 5818//5818 5775//5775 5776//5776
f 5780//5780 5828//5828 5821//5821
f 5821//5821 5776//5776 5780//5780
f 5722//5722 5751//5751 5721//5721
f 5721//5721 5687//5687 5722//5722
f 5724//5724 5753//5753 5752//5752
f 5752//5752 5723//5723 5724//5724
f 5725//5725 5754//5754 5753//5753
f 5753//5753 5724//5724 5725//5725
f 5726//5726 5755//5755 5754//5754
f 5754//5754 5725//5725 5726//5726
f 5732//5732 5761//5761 5759//5759
f 5759//5759 5730//5730 5732//5732
f 5735//5735 5763//5763 5761//5761
f 5761//5761 5732//5732 5735//5735
f 5740//5740 5769//5769 5766//5766
f 5766//5766 5737//5737 5740//5740
f 5741//5741 5770//5770 5768//5768
f 5768//5768 5739//5739 5741//5741
f 5742//5742 5771//5771 5770//5770
f 5770//5770 5741//5741 5742//5742
f 5744//5744 5773//5773 5772//5772
f 5772//5772 5743//5743 5744//5744
f 5746//5746 5775//5775 5773//5773
f 5773//5773 5744//5744 5746//5746
f 5750//5750 5778//5778 5777//5777
f 5777//5777 5747//5747 5750//5750
f 5789//5789 5849//5849 5845//5845
f 5845//5845 5786//5786 5789//5789
f 5793//5793 5863//5863 5856//5856
f 5856//5856 5791//5791 5793//5793
f 5794//5794 5866//5866 5863//5863
f 5863//5863 5793//5793 5794//5794
f 5795//5795 5872//5872 5866//5866
f 5866//5866 5794//5794 5795//5795
f 5796//5796 5876//5876 5872//5872
f 5872//5872 5795//5795 5796//5796
f 5804//5804 5899//5899 5894//5894
f 5894//5894 5803//5803 5804//5804
f 5812//5812 5910//5910 5902//5902
f 5902//5902 5808//5808 5812//5812
f 5819//5819 5914//5914 5907//5907
f 5907//5907 5813//5813 5819//5819
f 5824//5824 5917//5917 5911//5911
f 5911//5911 5815//5815 5824//5824
f 5825//5825 5920//5920 5918//5918
f 5918//5918 5822//5822 5825//5825
f 5751//5751 5783//5783 5749//5749
f 5749//5749 5721//5721 5751//5751
f 5754//5754 5790//5790 5787//5787
f 5787//5787 5753//5753 5754//5754
f 5758//5758 5793//5793 5791//5791
f 5791//5791 5755//5755 5758//5758
f 5760//5760 5794//5794 5793//5793
f 5793//5793 5758//5758 5760//5760
f 5765//5765 5799//5799 5796//5796
f 5796//5796 5764//5764 5765//5765
f 5770//5770 5802//5802 5800//5800
f 5800//5800 5768//5768 5770//5770
f 5771//5771 5805//5805 5802//5802
f 5802//5802 5770//5770 5771//5771
f 5834//5834 5923//5923 5826//5826
f 5826//5826 5781//5781 5834//5834
f 5837//5837 5930//5930 5925//5925
f 5925//5925 5835//5835 5837//5837
f 5842//5842 5932//5932 5929//5929
f 5929//5929 5838//5838 5842//5842
f 5850//5850 5937//5937 5934//5934
f 5934//5934 5846//5846 5850//5850
f 5853//5853 5942//5942 5936//5936
f 5936//5936 5851//5851 5853//5853
f 5860//5860 5946//5946 5941//5941
f 5941//5941 5854//5854 5860//5860
f 5867//5867 5948//5948 5945//5945
f 5945//5945 5861//5861 5867//5867
f 5869//5869 5952//5952 5947//5947
f 5947//5947 5868//5868 5869//5869
f 5879//5879 5956//5956 5953//5953
f 5953//5953 5873//5873 5879//5879
f 5880//5880 5960//5960 5958//5958
f 5958//5958 5878//5878 5880//5880
f 5885//5885 5964//5964 5959//5959
f 5959//5959 5882//5882 5885//5885
f 5891//5891 5968//5968 5963//5963
f 5963//5963 5886//5886 5891//5891
f 5896//5896 5972//5972 5967//5967
f 5967//5967 5892//5892 5896//5896
f 5903//5903 5975//5975 5971//5971
f 5971//5971 5897//5897 5903//5903
f 5909//5909 5982//5982 5976//5976
f 5976//5976 5904//5904 5909//5909
f 5913//5913 5983//5983 5981//5981
f 5981//5981 5908//5908 5913//5913
f 5915//5915 5986//5986 5984//5984
f 5984//5984 5912//5912 5915//5915
f 5919//5919 5988//5988 5987//5987
f 5987//5987 5916//5916 5919//5919
f 5782//5782 5833//5833 5778//5778
f 5778//5778 5750//5750 5782//5782
f 5784//5784 5839//5839 5833//5833
f 5833//5833 5782//5782 5784//5784
f 5786//5786 5845//5845 5839//5839
f 5839//5839 5784//5784 5786//5786
f 5792//5792 5855//5855 5852//5852
f 5852//5852 5788//5788 5792//5792
f 5798//5798 5883//5883 5877//5877
f 5877//5877 5797//5797 5798//5798
f 5801//5801 5889//5889 5883//5883
f 5883//5883 5798//5798 5801//5801
f 5803//5803 5894//5894 5889//5889
f 5889//5889 5801//5801 5803//5803
f 5806//5806 5906//5906 5899//5899
f 5899//5899 5804//5804 5806//5806
f 5811//5811 5993//5993 5900//5900
f 5900//5900 5807//5807 5811//5811
f 5817//5817 5995//5995 5992//5992
f 5992//5992 5810//5810 5817//5817
f 5823//5823 6001//6001 5997//5997
f 5997//5997 5816//5816 5823//5823
f 5827//5827 6003//6003 6000//6000
f 6000//6000 5820//5820 5827//5827
f 5924//5924 6006//6006 6002//6002
f 6002//6002 5829//5829 5924//5924
f 5928//5928 6008//6008 6005//6005
f 6005//6005 5926//5926 5928//5928
f 5931//5931 6013//6013 6009//6009
f 6009//6009 5927//5927 5931//5931
f 5938//5938 6017//6017 6012//6012
f 6012//6012 5933//5933 5938//5938
f 5939//5939 6020//6020 6016//6016
f 6016//6016 5935//5935 5939//5939
f 5943//5943 6022//6022 6018//6018
f 6018//6018 5940//5940 5943//5943
f 5950//5950 6023//6023 6021//6021
f 6021//6021 5944//5944 5950//5950
f 5951//5951 6025//6025 6024//6024
f 6024//6024 5949//5949 5951//5951
f 5955//5955 6029//6029 6027//6027
f 6027//6027 5954//5954 5955//5955
f 5961//5961 6034//6034 6028//6028
f 6028//6028 5957//5957 5961//5961
f 5966//5966 6036//6036 6033//6033
f 6033//6033 5962//5962 5966//5966
f 5970//5970 6038//6038 6035//6035
f 6035//6035 5965//5965 5970//5970
f 5974//5974 6039//6039 6037//6037
f 6037//6037 5969//5969 5974//5974
f 5977//5977 6041//6041 6040//6040
f 6040//6040 5973//5973 5977//5977
f 5979//5979 6044//6044 6042//6042
f 6042//6042 5978//5978 5979//5979
f 5985//5985 6048//6048 6045//6045
f 6045//6045 5980//5980 5985//5985
f 5986//5986 6049//6049 6046//6046
f 6046//6046 5984//5984 5986//5986
f 5988//5988 6052//6052 6050//6050
f 6050//6050 5987//5987 5988//5988
f 5832//5832 6056//6056 5831//5831
f 5831//5831 5779//5779 5832//5832
f 5840//5840 6058//6058 6055//6055
f 6055//6055 5836//5836 5840//5840
f 5843//5843 6064//6064 6057//6057
f 6057//6057 5841//5841 5843//5843
f 5847//5847 6067//6067 6063//6063
f 6063//6063 5844//5844 5847//5847
f 5857//5857 6069//6069 6068//6068
f 6068//6068 5848//5848 5857//5857
f 5862//5862 6075//6075 6070//6070
f 6070//6070 5858//5858 5862//5862
f 5864//5864 6078//6078 6074//6074
f 6074//6074 5859//5859 5864//5864
f 5870//5870 6084//6084 6080//6080
f 6080//6080 5865//5865 5870//5870
f 5874//5874 6088//6088 6083//6083
f 6083//6083 5871//5871 5874//5874
f 5884//5884 6089//6089 6087//6087
f 6087//6087 5875//5875 5884//5884
f 5887//5887 6095//6095 6090//6090
f 6090//6090 5881//5881 5887//5887
f 5893//5893 6100//6100 6096//6096
f 6096//6096 5888//5888 5893//5893
f 5898//5898 6103//6103 6099//6099
f 6099//6099 5890//5890 5898//5898
f 5901//5901 6107//6107 6104//6104
f 6104//6104 5895//5895 5901//5901
f 5991//5991 6111//6111 6105//6105
f 6105//6105 5905//5905 5991//5991
f 5994//5994 6112//6112 6109//6109
f 6109//6109 5990//5990 5994//5994
f 5998//5998 6114//6114 6113//6113
f 6113//6113 5996//5996 5998//5998
f 6004//6004 6116//6116 6115//6115
f 6115//6115 5999//5999 6004//6004
f 6006//6006 6118//6118 6117//6117
f 6117//6117 6002//6002 6006//6006
f 6008//6008 6121//6121 6119//6119
f 6119//6119 6005//6005 6008//6008
f 6010//6010 6123//6123 6120//6120
f 6120//6120 6007//6007 6010//6010
f 6015//6015 6125//6125 6122//6122
f 6122//6122 6011//6011 6015//6015
f 6019//6019 6127//6127 6124//6124
f 6124//6124 6014//6014 6019//6019
f 6022//6022 6128//6128 6126//6126
f 6126//6126 6018//6018 6022//6022
f 6023//6023 6130//6130 6129//6129
f 6129//6129 6021//6021 6023//6023
f 6025//6025 6132//6132 6131//6131
f 6131//6131 6024//6024 6025//6025
f 6030//6030 6135//6135 6133//6133
f 6133//6133 6026//6026 6030//6030
f 6032//6032 6137//6137 6134//6134
f 6134//6134 6031//6031 6032//6032
f 6036//6036 6138//6138 6136//6136
f 6136//6136 6033//6033 6036//6036
f 6038//6038 6141//6141 6139//6139
f 6139//6139 6035//6035 6038//6038
f 6039//6039 6143//6143 6140//6140
f 6140//6140 6037//6037 6039//6039
f 6041//6041 6144//6144 6142//6142
f 6142//6142 6040//6040 6041//6041
f 6044//6044 6146//6146 6145//6145
f 6145//6145 6042//6042 6044//6044
f 6047//6047 6148//6148 6147//6147
f 6147//6147 6043//6043 6047//6047
f 6049//6049 6151//6151 6149//6149
f 6149//6149 6046//6046 6049//6049
f 6052//6052 6156//6156 6152//6152
f 6152//6152 6050//6050 6052//6052
f 6054//6054 6158//6158 5921//5921
f 5921//5921 5830//5830 6054//6054
f 6060//6060 6161//6161 6157//6157
f 6157//6157 6053//6053 6060//6060
f 6062//6062 6164//6164 6162//6162
f 6162//6162 6059//6059 6062//6062
f 6065//6065 6168//6168 6165//6165
f 6165//6165 6061//6061 6065//6065
f 6071//6071 6170//6170 6169//6169
f 6169//6169 6066//6066 6071//6071
f 6073//6073 6173//6173 6171//6171
f 6171//6171 6072//6072 6073//6073
f 6079//6079 6175//6175 6172//6172
f 6172//6172 6076//6076 6079//6079
f 6081//6081 6177//6177 6174//6174
f 6174//6174 6077//6077 6081//6081
f 6085//6085 6178//6178 6176//6176
f 6176//6176 6082//6082 6085//6085
f 6092//6092 6183//6183 6179//6179
f 6179//6179 6086//6086 6092//6092
f 6094//6094 6185//6185 6181//6181
f 6181//6181 6091//6091 6094//6094
f 6097//6097 6187//6187 6184//6184
f 6184//6184 6093//6093 6097//6097
f 6102//6102 6191//6191 6188//6188
f 6188//6188 6098//6098 6102//6102
f 6108//6108 6192//6192 6189//6189
f 6189//6189 6101//6101 6108//6108
f 6110//6110 6195//6195 6193//6193
f 6193//6193 6106//6106 6110//6110
f 6112//6112 6197//6197 6194//6194
f 6194//6194 6109//6109 6112//6112
f 6114//6114 6199//6199 6196//6196
f 6196//6196 6113//6113 6114//6114
f 6116//6116 6200//6200 6198//6198
f 6198//6198 6115//6115 6116//6116
f 6118//6118 6202//6202 6201//6201
f 6201//6201 6117//6117 6118//6118
f 6121//6121 6205//6205 6203//6203
f 6203//6203 6119//6119 6121//6121
f 6123//6123 6206//6206 6204//6204
f 6204//6204 6120//6120 6123//6123
f 6125//6125 6208//6208 6207//6207
f 6207//6207 6122//6122 6125//6125
f 6127//6127 6211//6211 6209//6209
f 6209//6209 6124//6124 6127//6127
f 6128//6128 6212//6212 6210//6210
f 6210//6210 6126//6126 6128//6128
f 6130//6130 6214//6214 6213//6213
f 6213//6213 6129//6129 6130//6130
f 6132//6132 6216//6216 6215//6215
f 6215//6215 6131//6131 6132//6132
f 6135//6135 6218//6218 6217//6217
f 6217//6217 6133//6133 6135//6135
f 6137//6137 6221//6221 6219//6219
f 6219//6219 6134//6134 6137//6137
f 6138//6138 6223//6223 6220//6220
f 6220//6220 6136//6136 6138//6138
f 6141//6141 6225//6225 6222//6222
f 6222//6222 6139//6139 6141//6141
f 6143//6143 6227//6227 6224//6224
f 6224//6224 6140//6140 6143//6143
f 6144//6144 6229//6229 6226//6226
f 6226//6226 6142//6142 6144//6144
f 6146//6146 6234//6234 6230//6230
f 6230//6230 6145//6145 6146//6146
f 6148//6148 6235//6235 6232//6232
f 6232//6232 6147//6147 6148//6148
f 6151//6151 6239//6239 6237//6237
f 6237//6237 6149//6149 6151//6151
f 6153//6153 6240//6240 6150//6150
f 6159//6159 6241//6241 5989//5989
f 5989//5989 5922//5922 6159//6159
f 6161//6161 6243//6243 6242//6242
f 6242//6242 6157//6157 6161//6161
f 6166//6166 6245//6245 6244//6244
f 6244//6244 6160//6160 6166//6166
f 6167//6167 6247//6247 6246//6246
f 6246//6246 6163//6163 6167//6167
f 6170//6170 6249//6249 6248//6248
f 6248//6248 6169//6169 6170//6170
f 6173//6173 6253//6253 6250//6250
f 6250//6250 6171//6171 6173//6173
f 6175//6175 6255//6255 6252//6252
f 6252//6252 6172//6172 6175//6175
f 6177//6177 6258//6258 6256//6256
f 6256//6256 6174//6174 6177//6177
f 6178//6178 6260//6260 6257//6257
f 6257//6257 6176//6176 6178//6178
f 6182//6182 6261//6261 6259//6259
f 6259//6259 6180//6180 6182//6182
f 6185//6185 6264//6264 6262//6262
f 6262//6262 6181//6181 6185//6185
f 6187//6187 6265//6265 6263//6263
f 6263//6263 6184//6184 6187//6187
f 6190//6190 6269//6269 6266//6266
f 6266//6266 6186//6186 6190//6190
f 6192//6192 6271//6271 6270//6270
f 6270//6270 6189//6189 6192//6192
f 6195//6195 6273//6273 6272//6272
f 6272//6272 6193//6193 6195//6195
f 6197//6197 6276//6276 6274//6274
f 6274//6274 6194//6194 6197//6197
f 6199//6199 6277//6277 6275//6275
f 6275//6275 6196//6196 6199//6199
f 6200//6200 6281//6281 6279//6279
f 6279//6279 6198//6198 6200//6200
f 6202//6202 6285//6285 6282//6282
f 6282//6282 6201//6201 6202//6202
f 6205//6205 6287//6287 6286//6286
f 6286//6286 6203//6203 6205//6205
f 6206//6206 6292//6292 6288//6288
f 6288//6288 6204//6204 6206//6206
f 6208//6208 6294//6294 6291//6291
f 6291//6291 6207//6207 6208//6208
f 6211//6211 6297//6297 6295//6295
f 6295//6295 6209//6209 6211//6211
f 6212//6212 6300//6300 6298//6298
f 6298//6298 6210//6210 6212//6212
f 6214//6214 6302//6302 6301//6301
f 6301//6301 6213//6213 6214//6214
f 6216//6216 6305//6305 6303//6303
f 6303//6303 6215//6215 6216//6216
f 6218//6218 6309//6309 6306//6306
f 6306//6306 6217//6217 6218//6218
f 6221//6221 6313//6313 6310//6310
f 6310//6310 6219//6219 6221//6221
f 6223//6223 6315//6315 6311//6311
f 6311//6311 6220//6220 6223//6223
f 6225//6225 6319//6319 6316//6316
f 6316//6316 6222//6222 6225//6225
f 6227//6227 6322//6322 6318//6318
f 6318//6318 6224//6224 6227//6227
f 6229//6229 6323//6323 6320//6320
f 6320//6320 6226//6226 6229//6229
f 6233//6233 6325//6325 6228//6228
f 6241//6241 6327//6327 6051//6051
f 6051//6051 5989//5989 6241//6241
f 6243//6243 6328//6328 6326//6326
f 6326//6326 6242//6242 6243//6243
f 6245//6245 6330//6330 6329//6329
f 6329//6329 6244//6244 6245//6245
f 6247//6247 6332//6332 6331//6331
f 6331//6331 6246//6246 6247//6247
f 6249//6249 6335//6335 6333//6333
f 6333//6333 6248//6248 6249//6249
f 6254//6254 6337//6337 6334//6334
f 6334//6334 6251//6251 6254//6254
f 6255//6255 6339//6339 6336//6336
f 6336//6336 6252//6252 6255//6255
f 6258//6258 6340//6340 6338//6338
f 6338//6338 6256//6256 6258//6258
f 6260//6260 6343//6343 6341//6341
f 6341//6341 6257//6257 6260//6260
f 6261//6261 6344//6344 6342//6342
f 6342//6342 6259//6259 6261//6261
f 6264//6264 6347//6347 6345//6345
f 6345//6345 6262//6262 6264//6264
f 6265//6265 6349//6349 6346//6346
f 6346//6346 6263//6263 6265//6265
f 6268//6268 6350//6350 6348//6348
f 6348//6348 6267//6267 6268//6268
f 6271//6271 6355//6355 6352//6352
f 6352//6352 6270//6270 6271//6271
f 6273//6273 6359//6359 6353//6353
f 6353//6353 6272//6272 6273//6273
f 6276//6276 6363//6363 6360//6360
f 6360//6360 6274//6274 6276//6276
f 6277//6277 6366//6366 6362//6362
f 6362//6362 6275//6275 6277//6277
f 6283//6283 6365//6365 6278//6278
f 6327//6327 6369//6369 6154//6154
f 6154//6154 6051//6051 6327//6327
f 6328//6328 6372//6372 6370//6370
f 6370//6370 6326//6326 6328//6328
f 6330//6330 6377//6377 6373//6373
f 6373//6373 6329//6329 6330//6330
f 6332//6332 6379//6379 6376//6376
f 6376//6376 6331//6331 6332//6332
f 6335//6335 6383//6383 6380//6380
f 6380//6380 6333//6333 6335//6335
f 6337//6337 6385//6385 6382//6382
f 6382//6382 6334//6334 6337//6337
f 6339//6339 6387//6387 6386//6386
f 6386//6386 6336//6336 6339//6339
f 6340//6340 6391//6391 6389//6389
f 6389//6389 6338//6338 6340//6340
f 6343//6343 6395//6395 6392//6392
f 6392//6392 6341//6341 6343//6343
f 6344//6344 6396//6396 6393//6393
f 6393//6393 6342//6342 6344//6344
f 6347//6347 6400//6400 6397//6397
f 6397//6397 6345//6345 6347//6347
f 6349//6349 6402//6402 6401//6401
f 6401//6401 6346//6346 6349//6349
f 6350//6350 6406//6406 6403//6403
f 6403//6403 6348//6348 6350//6350
f 6354//6354 6410//6410 6407//6407
f 6407//6407 6351//6351 6354//6354
f 6358//6358 6409//6409 6356//6356
f 6371//6371 6375//6375 6368//6368
f 6374//6374 6155//6155 6367//6367
f 6374//6374 6378//6378 6155//6155
f 6378//6378 6238//6238 6155//6155
f 6378//6378 6381//6381 6238//6238
f 6381//6381 6236//6236 6238//6238
f 6381//6381 6384//6384 6236//6236
f 6384//6384 6231//6231 6236//6236
f 6384//6384 6388//6388 6231//6231
f 6388//6388 6324//6324 6231//6231
f 6388//6388 6390//6390 6324//6324
f 6390//6390 6321//6321 6324//6324
f 6390//6390 6394//6394 6321//6321
f 6394//6394 6317//6317 6321//6321
f 6394//6394 6398//6398 6317//6317
f 6398//6398 6314//6314 6317//6317
f 6398//6398 6399//6399 6314//6314
f 6399//6399 6312//6312 6314//6314
f 6399//6399 6404//6404 6312//6312
f 6404//6404 6308//6308 6312//6312
f 6404//6404 6405//6405 6308//6308
f 6405//6405 6307//6307 6308//6308
f 6405//6405 6408//6408 6307//6307
f 6408//6408 6304//6304 6307//6307
f 6408//6408 6357//6357 6304//6304
f 6357//6357 6299//6299 6304//6304
f 6357//6357 6361//6361 6299//6299
f 6361//6361 6296//6296 6299//6299
f 6361//6361 6364//6364 6296//6296
f 6364//6364 6293//6293 6296//6296
f 6364//6364 6280//6280 6293//6293
f 6280//6280 6290//6290 6293//6293
f 6280//6280 6284//6284 6290//6290
f 6284//6284 6289//6289 6290//6290

