# https://github.com/mikedh/trimesh
mtllib material.mtl
usemtl material_0
v -0.00000000 3.08252600 -1.00595200
v -0.19323400 3.08252600 -0.98692000
v -0.37904200 3.08252600 -0.93055600
v -0.55028300 3.08252600 -0.83902500
v -0.55028300 3.08252600 -0.83902500
v -0.70037800 3.08252600 -0.71584600
v -0.82355700 3.08252600 -0.56575200
v -0.82355700 3.08252600 -0.56575200
v -0.91508700 3.08252600 -0.39451000
v -0.97145200 3.08252600 -0.20870200
v -0.99048400 3.08252600 -0.01546800
v -0.97145200 3.08252600 0.17776500
v -0.91508700 3.08252600 0.36357300
v -0.82355700 3.08252600 0.53481500
v -0.70037800 3.08252600 0.68490900
v -0.70037800 3.08252600 0.68490900
v -0.55028300 3.08252600 0.80808900
v -0.37904200 3.08252600 0.89961900
v -0.19323400 3.08252600 0.95598300
v 0.00000000 3.08252600 0.97501500
v 0.19323400 3.08252600 0.95598300
v 0.37904200 3.08252600 0.89961900
v 0.55028300 3.08252600 0.80808800
v 0.55028300 3.08252600 0.80808800
v 0.70037800 3.08252600 0.68490900
v 0.70037800 3.08252600 0.68490900
v 0.82355700 3.08252600 0.53481500
v 0.91508700 3.08252600 0.36357300
v 0.97145200 3.08252600 0.17776500
v 0.99048400 3.08252600 -0.01546800
v 0.97145200 3.08252600 -0.20870200
v 0.91508700 3.08252600 -0.39451000
v 0.82355700 3.08252600 -0.56575100
v 0.82355700 3.08252600 -0.56575100
v 0.70037800 3.08252600 -0.71584600
v 0.70037800 3.08252600 -0.71584600
v 0.55028300 3.08252600 -0.83902500
v 0.37904200 3.08252600 -0.93055600
v 0.19323400 3.08252600 -0.98692000
v -0.00000000 3.11759900 -0.80977300
v -0.15496100 3.11759900 -0.79451100
v -0.30396700 3.11759900 -0.74931100
v -0.44129200 3.11759900 -0.67590900
v -0.56165900 3.11759900 -0.57712700
v -0.66044100 3.11759900 -0.45676100
v -0.73384200 3.11759900 -0.31943600
v -0.77904300 3.11759900 -0.17043000
v -0.79430500 3.11759900 -0.01546800
v -0.77904300 3.11759900 0.13949300
v -0.73384200 3.11759900 0.28849900
v -0.66044100 3.11759900 0.42582400
v -0.56165900 3.11759900 0.54619000
v -0.44129200 3.11759900 0.64497200
v -0.30396700 3.11759900 0.71837400
v -0.15496100 3.11759900 0.76357400
v 0.00000000 3.11759900 0.77883700
v 0.15496100 3.11759900 0.76357400
v 0.30396700 3.11759900 0.71837400
v 0.44129200 3.11759900 0.64497200
v 0.56165800 3.11759900 0.54619000
v 0.66044000 3.11759900 0.42582400
v 0.73384200 3.11759900 0.28849900
v 0.77904300 3.11759900 0.13949300
v 0.79430500 3.11759900 -0.01546800
v 0.77904300 3.11759900 -0.17043000
v 0.73384200 3.11759900 -0.31943600
v 0.66044100 3.11759900 -0.45676100
v 0.56165900 3.11759900 -0.57712700
v 0.44129200 3.11759900 -0.67590900
v 0.30396700 3.11759900 -0.74931100
v 0.15496100 3.11759900 -0.79451100
v -0.00000000 3.01598100 -1.00367200
v -0.19278900 3.01598100 -0.98468400
v -0.37816900 3.01598100 -0.92844900
v -0.54901600 3.01598100 -0.83712900
v -0.69876500 3.01598100 -0.71423400
v -0.82166100 3.01598100 -0.56448500
v -0.91298100 3.01598100 -0.39363700
v -0.96921500 3.01598100 -0.20825700
v -0.98820400 3.01598100 -0.01546800
v -0.96921500 3.01598100 0.17732100
v -0.91298100 3.01598100 0.36270100
v -0.82166100 3.01598100 0.53354800
v -0.69876500 3.01598100 0.68329700
v -0.54901600 3.01598100 0.80619300
v -0.37816900 3.01598100 0.89751200
v -0.19278900 3.01598100 0.95374700
v 0.00000000 3.01598100 0.97273500
v 0.19278900 3.01598100 0.95374700
v 0.37816900 3.01598100 0.89751200
v 0.54901600 3.01598100 0.80619300
v 0.69876500 3.01598100 0.68329700
v 0.82166100 3.01598100 0.53354800
v 0.91298100 3.01598100 0.36270100
v 0.96921500 3.01598100 0.17732100
v 0.98820400 3.01598100 -0.01546800
v 0.96921500 3.01598100 -0.20825700
v 0.91298100 3.01598100 -0.39363800
v 0.82166100 3.01598100 -0.56448500
v 0.69876500 3.01598100 -0.71423400
v 0.54901600 3.01598100 -0.83712900
v 0.37816900 3.01598100 -0.92844900
v 0.19278900 3.01598100 -0.98468400
v 0.00000000 2.92945600 -0.52401200
v -0.09921200 2.92945600 -0.51424100
v -0.19461100 2.92945600 -0.48530200
v -0.28253200 2.92945600 -0.43830700
v -0.35959500 2.92945600 -0.37506300
v -0.42283900 2.92945600 -0.29800000
v -0.46983300 2.92945600 -0.21008000
v -0.49877300 2.92945600 -0.11468000
v -0.50854400 2.92945600 -0.01546800
v -0.49877300 2.92945600 0.08374400
v -0.46983400 2.92945600 0.17914300
v -0.42283900 2.92945600 0.26706400
v -0.35959500 2.92945600 0.34412700
v -0.28253200 2.92945600 0.40737100
v -0.19461100 2.92945600 0.45436500
v -0.09921200 2.92945600 0.48330400
v 0.00000000 2.92945600 0.49307600
v 0.09921200 2.92945600 0.48330400
v 0.19461100 2.92945600 0.45436500
v 0.28253200 2.92945600 0.40737100
v 0.35959500 2.92945600 0.34412700
v 0.42283900 2.92945600 0.26706400
v 0.46983300 2.92945600 0.17914300
v 0.49877300 2.92945600 0.08374400
v 0.50854400 2.92945600 -0.01546800
v 0.49877300 2.92945600 -0.11468000
v 0.46983300 2.92945600 -0.21008000
v 0.42283900 2.92945600 -0.29800000
v 0.35959500 2.92945600 -0.37506300
v 0.28253200 2.92945600 -0.43830700
v 0.19461100 2.92945600 -0.48530200
v 0.09921200 2.92945600 -0.51424100
v -0.18985100 3.11350500 -0.96991600
v -0.18985100 3.11350500 -0.96991600
v -0.00000000 3.11350500 -0.98861500
v -0.00000000 3.11350500 -0.98861500
v -0.37240700 3.11350500 -0.91453800
v -0.37240700 3.11350500 -0.91453800
v -0.54065100 3.11350500 -0.82461000
v -0.54065100 3.11350500 -0.82461000
v -0.68811800 3.11350500 -0.70358700
v -0.80914200 3.11350500 -0.55611900
v -0.80914200 3.11350500 -0.55611900
v -0.89907000 3.11350500 -0.38787500
v -0.89907000 3.11350500 -0.38787500
v -0.95444800 3.11350500 -0.20532000
v -0.95444800 3.11350500 -0.20532000
v -0.97314600 3.11350500 -0.01546800
v -0.97314600 3.11350500 -0.01546800
v -0.95444800 3.11350500 0.17438300
v -0.95444800 3.11350500 0.17438300
v -0.89907000 3.11350500 0.35693900
v -0.89907000 3.11350500 0.35693900
v -0.80914200 3.11350500 0.52518300
v -0.80914200 3.11350500 0.52518300
v -0.68811800 3.11350500 0.67265000
v -0.68811800 3.11350500 0.67265000
v -0.68811800 3.11350500 0.67265000
v -0.54065100 3.11350500 0.79367300
v -0.54065100 3.11350500 0.79367300
v -0.37240700 3.11350500 0.88360100
v -0.37240700 3.11350500 0.88360100
v -0.18985100 3.11350500 0.93897900
v -0.18985100 3.11350500 0.93897900
v 0.00000000 3.11350500 0.95767800
v 0.00000000 3.11350500 0.95767800
v 0.18985100 3.11350500 0.93897900
v 0.18985100 3.11350500 0.93897900
v 0.37240700 3.11350500 0.88360100
v 0.37240700 3.11350500 0.88360100
v 0.54065100 3.11350500 0.79367300
v 0.54065100 3.11350500 0.79367300
v 0.68811800 3.11350500 0.67265000
v 0.68811800 3.11350500 0.67265000
v 0.80914100 3.11350500 0.52518300
v 0.80914100 3.11350500 0.52518300
v 0.89907000 3.11350500 0.35693900
v 0.89907000 3.11350500 0.35693900
v 0.95444800 3.11350500 0.17438300
v 0.95444800 3.11350500 0.17438300
v 0.97314600 3.11350500 -0.01546800
v 0.97314600 3.11350500 -0.01546800
v 0.95444800 3.11350500 -0.20532000
v 0.95444800 3.11350500 -0.20532000
v 0.89907000 3.11350500 -0.38787500
v 0.89907000 3.11350500 -0.38787500
v 0.80914200 3.11350500 -0.55611900
v 0.80914200 3.11350500 -0.55611900
v 0.68811800 3.11350500 -0.70358700
v 0.68811800 3.11350500 -0.70358700
v 0.54065100 3.11350500 -0.82461000
v 0.54065100 3.11350500 -0.82461000
v 0.37240700 3.11350500 -0.91453800
v 0.37240700 3.11350500 -0.91453800
v 0.18985100 3.11350500 -0.96991600
v 0.18985100 3.11350500 -0.96991600
v -0.17230500 2.97372500 -0.88170600
v -0.00000000 2.97372500 -0.89867700
v -0.33798900 2.97372500 -0.83144700
v -0.49068400 2.97372500 -0.74982900
v -0.62452300 2.97372500 -0.63999100
v -0.73436100 2.97372500 -0.50615300
v -0.81597800 2.97372500 -0.35345800
v -0.86623800 2.97372500 -0.18777400
v -0.88320900 2.97372500 -0.01546800
v -0.86623800 2.97372500 0.15683700
v -0.81597800 2.97372500 0.32252100
v -0.73436100 2.97372500 0.47521600
v -0.62452300 2.97372500 0.60905400
v -0.49068400 2.97372500 0.71889300
v -0.33798900 2.97372500 0.80051000
v -0.17230500 2.97372500 0.85077000
v 0.00000000 2.97372500 0.86774000
v 0.17230500 2.97372500 0.85077000
v 0.33798900 2.97372500 0.80051000
v 0.49068400 2.97372500 0.71889300
v 0.62452300 2.97372500 0.60905400
v 0.73436100 2.97372500 0.47521600
v 0.81597800 2.97372500 0.32252100
v 0.86623800 2.97372500 0.15683700
v 0.88320900 2.97372500 -0.01546800
v 0.86623800 2.97372500 -0.18777400
v 0.81597800 2.97372500 -0.35345800
v 0.73436100 2.97372500 -0.50615300
v 0.62452300 2.97372500 -0.63999100
v 0.49068400 2.97372500 -0.74982900
v 0.33798900 2.97372500 -0.83144700
v 0.17230500 2.97372500 -0.88170600
v -0.14533400 3.08252600 -0.99522900
v -0.09708400 3.08252600 -1.00117900
v -0.04860000 3.08252600 -1.00475700
v -0.33368300 3.08252600 -0.94805000
v -0.28752100 3.08252600 -0.96329800
v -0.24066700 3.08252600 -0.97626600
v -0.50920900 3.08252600 -0.86503200
v -0.46690900 3.08252600 -0.88899300
v -0.42348500 3.08252600 -0.91085300
v -0.66516700 3.08252600 -0.74936600
v -0.62835400 3.08252600 -0.78111900
v -0.59002900 3.08252600 -0.81103100
v -0.79556200 3.08252600 -0.60549700
v -0.76565100 3.08252600 -0.64382200
v -0.73389800 3.08252600 -0.68063500
v -0.89538500 3.08252600 -0.43895400
v -0.87352500 3.08252600 -0.48237700
v -0.84956400 3.08252600 -0.52467800
v -0.96079800 3.08252600 -0.25613500
v -0.94783000 3.08252600 -0.30298900
v -0.93258200 3.08252600 -0.34915200
v -0.98928800 3.08252600 -0.06406900
v -0.98571000 3.08252600 -0.11255200
v -0.97976100 3.08252600 -0.16080200
v -0.97976100 3.08252600 0.12986600
v -0.98571000 3.08252600 0.08161600
v -0.98928800 3.08252600 0.03313200
v -0.93258200 3.08252600 0.31821500
v -0.94783000 3.08252600 0.27205300
v -0.96079800 3.08252600 0.22519900
v -0.84956400 3.08252600 0.49374100
v -0.87352500 3.08252600 0.45144000
v -0.89538500 3.08252600 0.40801700
v -0.73389800 3.08252600 0.64969800
v -0.76565100 3.08252600 0.61288500
v -0.79556200 3.08252600 0.57456000
v -0.59002900 3.08252600 0.78009400
v -0.62835400 3.08252600 0.75018300
v -0.66516700 3.08252600 0.71843000
v -0.42348500 3.08252600 0.87991600
v -0.46690900 3.08252600 0.85805700
v -0.50920900 3.08252600 0.83409600
v -0.24066700 3.08252600 0.94533000
v -0.28752100 3.08252600 0.93236100
v -0.33368300 3.08252600 0.91711300
v -0.04860000 3.08252600 0.97382000
v -0.09708400 3.08252600 0.97024200
v -0.14533400 3.08252600 0.96429200
v 0.14533400 3.08252600 0.96429300
v 0.09708400 3.08252600 0.97024200
v 0.04860000 3.08252600 0.97382000
v 0.33368300 3.08252600 0.91711300
v 0.28752100 3.08252600 0.93236100
v 0.24066700 3.08252600 0.94533000
v 0.50920900 3.08252600 0.83409600
v 0.46690900 3.08252600 0.85805700
v 0.42348500 3.08252600 0.87991600
v 0.66516700 3.08252600 0.71843000
v 0.62835400 3.08252600 0.75018300
v 0.59002900 3.08252600 0.78009400
v 0.79556200 3.08252600 0.57456100
v 0.76565100 3.08252600 0.61288500
v 0.73389800 3.08252600 0.64969800
v 0.89538400 3.08252600 0.40801700
v 0.87352500 3.08252600 0.45144100
v 0.84956400 3.08252600 0.49374100
v 0.96079800 3.08252600 0.22519900
v 0.94783000 3.08252600 0.27205300
v 0.93258200 3.08252600 0.31821500
v 0.98928800 3.08252600 0.03313200
v 0.98571000 3.08252600 0.08161600
v 0.97976100 3.08252600 0.12986600
v 0.97976100 3.08252600 -0.16080200
v 0.98571000 3.08252600 -0.11255200
v 0.98928800 3.08252600 -0.06406900
v 0.93258200 3.08252600 -0.34915200
v 0.94783000 3.08252600 -0.30299000
v 0.96079800 3.08252600 -0.25613600
v 0.84956400 3.08252600 -0.52467800
v 0.87352500 3.08252600 -0.48237700
v 0.89538500 3.08252600 -0.43895400
v 0.73389800 3.08252600 -0.68063500
v 0.76565100 3.08252600 -0.64382200
v 0.79556200 3.08252600 -0.60549700
v 0.59002900 3.08252600 -0.81103100
v 0.62835400 3.08252600 -0.78111900
v 0.66516700 3.08252600 -0.74936600
v 0.42348500 3.08252600 -0.91085300
v 0.46690900 3.08252600 -0.88899300
v 0.50920900 3.08252600 -0.86503200
v 0.24066700 3.08252600 -0.97626600
v 0.28752100 3.08252600 -0.96329800
v 0.33368300 3.08252600 -0.94805000
v 0.04860000 3.08252600 -1.00475700
v 0.09708400 3.08252600 -1.00117900
v 0.14533400 3.08252600 -0.99522900
v -0.14279000 3.11350500 -0.97808000
v -0.14279000 3.11350500 -0.97808000
v -0.09538500 3.11350500 -0.98392500
v -0.09538500 3.11350500 -0.98392500
v -0.04775000 3.11350500 -0.98744000
v -0.04775000 3.11350500 -0.98744000
v -0.32784300 3.11350500 -0.93172600
v -0.32784300 3.11350500 -0.93172600
v -0.28248800 3.11350500 -0.94670800
v -0.28248800 3.11350500 -0.94670800
v -0.23645500 3.11350500 -0.95944900
v -0.23645500 3.11350500 -0.95944900
v -0.50029600 3.11350500 -0.85016200
v -0.50029600 3.11350500 -0.85016200
v -0.45873600 3.11350500 -0.87370300
v -0.45873600 3.11350500 -0.87370300
v -0.41607300 3.11350500 -0.89518000
v -0.41607300 3.11350500 -0.89518000
v -0.65352400 3.11350500 -0.73652000
v -0.61735500 3.11350500 -0.76771800
v -0.57970100 3.11350500 -0.79710500
v -0.78163700 3.11350500 -0.59516900
v -0.75224900 3.11350500 -0.63282300
v -0.72105200 3.11350500 -0.66899200
v -0.87971200 3.11350500 -0.43154100
v -0.87971200 3.11350500 -0.43154100
v -0.85823500 3.11350500 -0.47420500
v -0.85823500 3.11350500 -0.47420500
v -0.83469300 3.11350500 -0.51576500
v -0.83469300 3.11350500 -0.51576500
v -0.94398000 3.11350500 -0.25192300
v -0.94398000 3.11350500 -0.25192300
v -0.93123900 3.11350500 -0.29795700
v -0.93123900 3.11350500 -0.29795700
v -0.91625800 3.11350500 -0.34331100
v -0.91625800 3.11350500 -0.34331100
v -0.97197200 3.11350500 -0.06321800
v -0.97197200 3.11350500 -0.06321800
v -0.96845600 3.11350500 -0.11085300
v -0.96845600 3.11350500 -0.11085300
v -0.96261100 3.11350500 -0.15825800
v -0.96261100 3.11350500 -0.15825800
v -0.96261100 3.11350500 0.12732200
v -0.96261100 3.11350500 0.12732200
v -0.96845600 3.11350500 0.07991600
v -0.96845600 3.11350500 0.07991600
v -0.97197200 3.11350500 0.03228100
v -0.97197200 3.11350500 0.03228100
v -0.91625800 3.11350500 0.31237400
v -0.91625800 3.11350500 0.31237400
v -0.93123900 3.11350500 0.26702000
v -0.93123900 3.11350500 0.26702000
v -0.94398000 3.11350500 0.22098600
v -0.94398000 3.11350500 0.22098600
v -0.83469400 3.11350500 0.48482800
v -0.83469400 3.11350500 0.48482800
v -0.85823500 3.11350500 0.44326800
v -0.85823500 3.11350500 0.44326800
v -0.87971200 3.11350500 0.40060400
v -0.87971200 3.11350500 0.40060400
v -0.72105200 3.11350500 0.63805500
v -0.72105200 3.11350500 0.63805500
v -0.75224900 3.11350500 0.60188700
v -0.75224900 3.11350500 0.60188700
v -0.78163700 3.11350500 0.56423300
v -0.78163700 3.11350500 0.56423300
v -0.57970100 3.11350500 0.76616800
v -0.57970100 3.11350500 0.76616800
v -0.61735500 3.11350500 0.73678100
v -0.61735500 3.11350500 0.73678100
v -0.65352400 3.11350500 0.70558400
v -0.65352400 3.11350500 0.70558400
v -0.41607300 3.11350500 0.86424400
v -0.41607300 3.11350500 0.86424400
v -0.45873600 3.11350500 0.84276700
v -0.45873600 3.11350500 0.84276700
v -0.50029600 3.11350500 0.81922500
v -0.50029600 3.11350500 0.81922500
v -0.23645500 3.11350500 0.92851200
v -0.23645500 3.11350500 0.92851200
v -0.28248800 3.11350500 0.91577100
v -0.28248800 3.11350500 0.91577100
v -0.32784300 3.11350500 0.90079000
v -0.32784300 3.11350500 0.90079000
v -0.04775000 3.11350500 0.95650400
v -0.04775000 3.11350500 0.95650400
v -0.09538500 3.11350500 0.95298800
v -0.09538500 3.11350500 0.95298800
v -0.14279000 3.11350500 0.94714300
v -0.14279000 3.11350500 0.94714300
v 0.14279000 3.11350500 0.94714300
v 0.14279000 3.11350500 0.94714300
v 0.09538500 3.11350500 0.95298800
v 0.09538500 3.11350500 0.95298800
v 0.04775000 3.11350500 0.95650400
v 0.04775000 3.11350500 0.95650400
v 0.32784300 3.11350500 0.90079000
v 0.32784300 3.11350500 0.90079000
v 0.28248800 3.11350500 0.91577100
v 0.28248800 3.11350500 0.91577100
v 0.23645400 3.11350500 0.92851200
v 0.23645400 3.11350500 0.92851200
v 0.50029600 3.11350500 0.81922500
v 0.50029600 3.11350500 0.81922500
v 0.45873600 3.11350500 0.84276700
v 0.45873600 3.11350500 0.84276700
v 0.41607300 3.11350500 0.86424400
v 0.41607300 3.11350500 0.86424400
v 0.65352400 3.11350500 0.70558400
v 0.61735500 3.11350500 0.73678100
v 0.57970100 3.11350500 0.76616800
v 0.78163700 3.11350500 0.56423300
v 0.78163700 3.11350500 0.56423300
v 0.75224900 3.11350500 0.60188700
v 0.75224900 3.11350500 0.60188700
v 0.72105200 3.11350500 0.63805600
v 0.72105200 3.11350500 0.63805600
v 0.87971200 3.11350500 0.40060400
v 0.87971200 3.11350500 0.40060400
v 0.85823500 3.11350500 0.44326800
v 0.85823500 3.11350500 0.44326800
v 0.83469300 3.11350500 0.48482800
v 0.83469300 3.11350500 0.48482800
v 0.94398000 3.11350500 0.22098600
v 0.94398000 3.11350500 0.22098600
v 0.93123900 3.11350500 0.26702000
v 0.93123900 3.11350500 0.26702000
v 0.91625800 3.11350500 0.31237400
v 0.91625800 3.11350500 0.31237400
v 0.97197200 3.11350500 0.03228100
v 0.97197200 3.11350500 0.03228100
v 0.96845600 3.11350500 0.07991600
v 0.96845600 3.11350500 0.07991600
v 0.96261100 3.11350500 0.12732200
v 0.96261100 3.11350500 0.12732200
v 0.96261100 3.11350500 -0.15825900
v 0.96261100 3.11350500 -0.15825900
v 0.96845600 3.11350500 -0.11085300
v 0.96845600 3.11350500 -0.11085300
v 0.97197200 3.11350500 -0.06321800
v 0.97197200 3.11350500 -0.06321800
v 0.91625800 3.11350500 -0.34331100
v 0.91625800 3.11350500 -0.34331100
v 0.93123900 3.11350500 -0.29795700
v 0.93123900 3.11350500 -0.29795700
v 0.94398000 3.11350500 -0.25192300
v 0.94398000 3.11350500 -0.25192300
v 0.83469300 3.11350500 -0.51576500
v 0.83469300 3.11350500 -0.51576500
v 0.85823500 3.11350500 -0.47420500
v 0.85823500 3.11350500 -0.47420500
v 0.87971200 3.11350500 -0.43154100
v 0.87971200 3.11350500 -0.43154100
v 0.72105200 3.11350500 -0.66899200
v 0.75224900 3.11350500 -0.63282300
v 0.78163700 3.11350500 -0.59516900
v 0.57970100 3.11350500 -0.79710500
v 0.57970100 3.11350500 -0.79710500
v 0.61735500 3.11350500 -0.76771800
v 0.61735500 3.11350500 -0.76771800
v 0.65352400 3.11350500 -0.73652000
v 0.65352400 3.11350500 -0.73652000
v 0.41607200 3.11350500 -0.89518000
v 0.41607200 3.11350500 -0.89518000
v 0.45873600 3.11350500 -0.87370300
v 0.45873600 3.11350500 -0.87370300
v 0.50029600 3.11350500 -0.85016200
v 0.50029600 3.11350500 -0.85016200
v 0.23645400 3.11350500 -0.95944900
v 0.23645400 3.11350500 -0.95944900
v 0.28248800 3.11350500 -0.94670800
v 0.28248800 3.11350500 -0.94670800
v 0.32784300 3.11350500 -0.93172600
v 0.32784300 3.11350500 -0.93172600
v 0.04775000 3.11350500 -0.98744000
v 0.04775000 3.11350500 -0.98744000
v 0.09538500 3.11350500 -0.98392500
v 0.09538500 3.11350500 -0.98392500
v 0.14279000 3.11350500 -0.97808000
v 0.14279000 3.11350500 -0.97808000
v 0.37793300 3.09467900 -0.92788000
v 0.37642600 3.10349200 -0.92424100
v 0.37456800 3.10956600 -0.91975600
v 0.19095300 3.10956600 -0.97545500
v 0.19190000 3.10349200 -0.98021700
v 0.19266900 3.09467900 -0.98407900
v 0.19266900 3.09467900 0.95314300
v 0.19190000 3.10349200 0.94928000
v 0.19095300 3.10956600 0.94451800
v 0.37456800 3.10956600 0.88881900
v 0.37642600 3.10349200 0.89330500
v 0.37793300 3.09467900 0.89694300
v -0.69833000 3.09467900 -0.71379800
v -0.69554500 3.10349200 -0.71101300
v -0.69211200 3.10956700 -0.70758000
v -0.81383700 3.10956600 -0.55925700
v -0.81383700 3.10956600 -0.55925700
v -0.81787400 3.10349200 -0.56195400
v -0.81787400 3.10349200 -0.56195400
v -0.82114900 3.09467900 -0.56414200
v -0.82114900 3.09467900 -0.56414200
v -0.00000000 3.10956600 -0.99426200
v -0.00000000 3.10349200 -0.99911700
v -0.00000000 3.09467900 -1.00305500
v 0.54378900 3.10956600 0.79836900
v 0.54378900 3.10956600 0.79836900
v 0.54648600 3.10349200 0.80240600
v 0.54648600 3.10349200 0.80240600
v 0.54867400 3.09467900 0.80568000
v 0.54867400 3.09467900 0.80568000
v -0.90428700 3.10956600 -0.39003600
v -0.90877300 3.10349200 -0.39189400
v -0.91241200 3.09467900 -0.39340200
v 0.69211100 3.10956600 0.67664300
v 0.69211100 3.10956600 0.67664300
v 0.69554500 3.10349200 0.68007600
v 0.69554500 3.10349200 0.68007600
v 0.69832900 3.09467900 0.68286100
v 0.69832900 3.09467900 0.68286100
v -0.95998600 3.10956600 -0.20642200
v -0.96474800 3.10349200 -0.20736900
v -0.96861100 3.09467900 -0.20813700
v 0.81383700 3.10956600 0.52832000
v 0.81787400 3.10349200 0.53101800
v 0.82114900 3.09467900 0.53320600
v -0.97879400 3.10956600 -0.01546800
v -0.98364900 3.10349200 -0.01546800
v -0.98758700 3.09467900 -0.01546800
v 0.90428700 3.10956600 0.35910000
v 0.90877300 3.10349200 0.36095800
v 0.91241100 3.09467900 0.36246500
v -0.95998600 3.10956600 0.17548500
v -0.96474800 3.10349200 0.17643200
v -0.96861100 3.09467900 0.17720000
v 0.95998600 3.10956600 0.17548500
v 0.96474800 3.10349200 0.17643200
v 0.96861100 3.09467900 0.17720000
v -0.90428700 3.10956600 0.35910000
v -0.90877300 3.10349200 0.36095800
v -0.91241200 3.09467900 0.36246500
v 0.97879400 3.10956600 -0.01546800
v 0.98364900 3.10349200 -0.01546800
v 0.98758700 3.09467900 -0.01546800
v -0.81383700 3.10956600 0.52832000
v -0.81787400 3.10349200 0.53101800
v -0.82114900 3.09467900 0.53320600
v 0.95998600 3.10956600 -0.20642200
v 0.96474800 3.10349200 -0.20736900
v 0.96861100 3.09467900 -0.20813700
v -0.69211200 3.10956600 0.67664300
v -0.69211200 3.10956600 0.67664300
v -0.69554500 3.10349200 0.68007600
v -0.69554500 3.10349200 0.68007600
v -0.69832900 3.09467900 0.68286100
v -0.69832900 3.09467900 0.68286100
v 0.90428700 3.10956600 -0.39003600
v 0.90877300 3.10349200 -0.39189500
v 0.91241200 3.09467900 -0.39340200
v -0.54378800 3.10956600 0.79836900
v -0.54648600 3.10349200 0.80240600
v -0.54867400 3.09467900 0.80568000
v 0.81383700 3.10956600 -0.55925700
v 0.81383700 3.10956600 -0.55925700
v 0.81787400 3.10349200 -0.56195400
v 0.81787400 3.10349200 -0.56195400
v 0.82114900 3.09467900 -0.56414200
v 0.82114900 3.09467900 -0.56414200
v -0.37456800 3.10956600 0.88881900
v -0.37642600 3.10349200 0.89330500
v -0.37793300 3.09467900 0.89694300
v -0.19095300 3.10956600 -0.97545500
v -0.19190000 3.10349200 -0.98021700
v -0.19266900 3.09467900 -0.98407900
v 0.69211200 3.10956600 -0.70758000
v 0.69211200 3.10956600 -0.70758000
v 0.69554500 3.10349200 -0.71101300
v 0.69554500 3.10349200 -0.71101300
v 0.69833000 3.09467900 -0.71379800
v 0.69833000 3.09467900 -0.71379800
v -0.19095300 3.10956600 0.94451800
v -0.19190000 3.10349200 0.94928000
v -0.19266900 3.09467900 0.95314300
v -0.37456800 3.10956600 -0.91975600
v -0.37642600 3.10349200 -0.92424100
v -0.37793300 3.09467900 -0.92788000
v 0.54378900 3.10956600 -0.82930500
v 0.54648600 3.10349200 -0.83334200
v 0.54867400 3.09467900 -0.83661700
v 0.00000000 3.10956600 0.96332500
v 0.00000000 3.10349200 0.96818100
v 0.00000000 3.09467900 0.97211900
v -0.54378800 3.10956600 -0.82930500
v -0.54378800 3.10956600 -0.82930500
v -0.54648600 3.10349200 -0.83334200
v -0.54648600 3.10349200 -0.83334200
v -0.54867400 3.09467900 -0.83661700
v -0.54867400 3.09467900 -0.83661700
v -0.14499900 3.01598100 -0.99297400
v -0.09686100 3.01598100 -0.99890900
v -0.04848900 3.01598100 -1.00247900
v -0.33291500 3.01598100 -0.94590300
v -0.28685900 3.01598100 -0.96111600
v -0.24011300 3.01598100 -0.97405500
v -0.50803700 3.01598100 -0.86307700
v -0.46583400 3.01598100 -0.88698300
v -0.42251000 3.01598100 -0.90879200
v -0.66363600 3.01598100 -0.74767700
v -0.62690700 3.01598100 -0.77935700
v -0.58867100 3.01598100 -0.80919900
v -0.79373100 3.01598100 -0.60413900
v -0.76388900 3.01598100 -0.64237600
v -0.73220900 3.01598100 -0.67910400
v -0.89332300 3.01598100 -0.43797900
v -0.87151400 3.01598100 -0.48130200
v -0.84760800 3.01598100 -0.52350600
v -0.95858600 3.01598100 -0.25558100
v -0.94564800 3.01598100 -0.30232800
v -0.93043500 3.01598100 -0.34838400
v -0.98701100 3.01598100 -0.06395700
v -0.98344100 3.01598100 -0.11232900
v -0.97750600 3.01598100 -0.16046800
v -0.97750600 3.01598100 0.12953100
v -0.98344100 3.01598100 0.08139200
v -0.98701100 3.01598100 0.03302000
v -0.93043500 3.01598100 0.31744700
v -0.94564800 3.01598100 0.27139100
v -0.95858600 3.01598100 0.22464500
v -0.84760800 3.01598100 0.49256900
v -0.87151400 3.01598100 0.45036600
v -0.89332400 3.01598100 0.40704200
v -0.73220900 3.01598100 0.64816700
v -0.76388900 3.01598100 0.61143900
v -0.79373100 3.01598100 0.57320200
v -0.58867100 3.01598100 0.77826200
v -0.62690700 3.01598100 0.74842000
v -0.66363600 3.01598100 0.71674000
v -0.42251000 3.01598100 0.87785500
v -0.46583400 3.01598100 0.85604600
v -0.50803700 3.01598100 0.83214000
v -0.24011300 3.01598100 0.94311800
v -0.28685900 3.01598100 0.93018000
v -0.33291500 3.01598100 0.91496700
v -0.04848800 3.01598100 0.97154300
v -0.09686000 3.01598100 0.96797300
v -0.14499900 3.01598100 0.96203700
v 0.14499900 3.01598100 0.96203700
v 0.09686000 3.01598100 0.96797300
v 0.04848900 3.01598100 0.97154300
v 0.33291500 3.01598100 0.91496700
v 0.28685900 3.01598100 0.93018000
v 0.24011300 3.01598100 0.94311800
v 0.50803700 3.01598100 0.83214000
v 0.46583400 3.01598100 0.85604600
v 0.42251000 3.01598100 0.87785500
v 0.66363500 3.01598100 0.71674000
v 0.62690700 3.01598100 0.74842000
v 0.58867100 3.01598100 0.77826200
v 0.79373100 3.01598100 0.57320200
v 0.76388800 3.01598100 0.61143900
v 0.73220900 3.01598100 0.64816700
v 0.89332300 3.01598100 0.40704200
v 0.87151400 3.01598100 0.45036600
v 0.84760800 3.01598100 0.49256900
v 0.95858600 3.01598100 0.22464500
v 0.94564800 3.01598100 0.27139100
v 0.93043500 3.01598100 0.31744700
v 0.98701100 3.01598100 0.03302000
v 0.98344100 3.01598100 0.08139200
v 0.97750600 3.01598100 0.12953100
v 0.97750600 3.01598100 -0.16046800
v 0.98344100 3.01598100 -0.11232900
v 0.98701100 3.01598100 -0.06395700
v 0.93043500 3.01598100 -0.34838400
v 0.94564800 3.01598100 -0.30232800
v 0.95858600 3.01598100 -0.25558200
v 0.84760800 3.01598100 -0.52350600
v 0.87151400 3.01598100 -0.48130200
v 0.89332300 3.01598100 -0.43797900
v 0.73220900 3.01598100 -0.67910400
v 0.76388900 3.01598100 -0.64237500
v 0.79373100 3.01598100 -0.60413900
v 0.58867100 3.01598100 -0.80919900
v 0.62690700 3.01598100 -0.77935700
v 0.66363600 3.01598100 -0.74767700
v 0.42251000 3.01598100 -0.90879200
v 0.46583400 3.01598100 -0.88698300
v 0.50803700 3.01598100 -0.86307700
v 0.24011300 3.01598100 -0.97405500
v 0.28685900 3.01598100 -0.96111600
v 0.33291500 3.01598100 -0.94590300
v 0.04848800 3.01598100 -1.00247900
v 0.09686000 3.01598100 -0.99891000
v 0.14499900 3.01598100 -0.99297400
v -0.12959400 2.97372500 -0.88911500
v -0.08656900 2.97372500 -0.89442100
v -0.04333700 2.97372500 -0.89761100
v -0.29754400 2.97372500 -0.84704600
v -0.25638100 2.97372500 -0.86064300
v -0.21460100 2.97372500 -0.87220600
v -0.45405900 2.97372500 -0.77302000
v -0.41634000 2.97372500 -0.79438600
v -0.37761900 2.97372500 -0.81387800
v -0.59312500 2.97372500 -0.66988100
v -0.56029900 2.97372500 -0.69819500
v -0.52612500 2.97372500 -0.72486700
v -0.70939800 2.97372500 -0.54159400
v -0.68272700 2.97372500 -0.57576800
v -0.65441300 2.97372500 -0.60859400
v -0.79840900 2.97372500 -0.39308800
v -0.77891700 2.97372500 -0.43180800
v -0.75755100 2.97372500 -0.46952700
v -0.85673800 2.97372500 -0.23007000
v -0.84517400 2.97372500 -0.27184900
v -0.83157800 2.97372500 -0.31301200
v -0.88214300 2.97372500 -0.05880500
v -0.87895200 2.97372500 -0.10203800
v -0.87364700 2.97372500 -0.14506200
v -0.87364700 2.97372500 0.11412500
v -0.87895200 2.97372500 0.07110100
v -0.88214300 2.97372500 0.02786800
v -0.83157800 2.97372500 0.28207500
v -0.84517400 2.97372500 0.24091200
v -0.85673800 2.97372500 0.19913300
v -0.75755100 2.97372500 0.43859100
v -0.77891700 2.97372500 0.40087200
v -0.79840900 2.97372500 0.36215100
v -0.65441300 2.97372500 0.57765700
v -0.68272700 2.97372500 0.54483100
v -0.70939800 2.97372500 0.51065700
v -0.52612500 2.97372500 0.69393000
v -0.56029900 2.97372500 0.66725800
v -0.59312500 2.97372500 0.63894400
v -0.37761900 2.97372500 0.78294100
v -0.41634000 2.97372500 0.76344900
v -0.45405900 2.97372500 0.74208300
v -0.21460100 2.97372500 0.84127000
v -0.25638100 2.97372500 0.82970600
v -0.29754400 2.97372500 0.81610900
v -0.04333700 2.97372500 0.86667400
v -0.08656900 2.97372500 0.86348400
v -0.12959400 2.97372500 0.85817900
v 0.12959400 2.97372500 0.85817900
v 0.08656900 2.97372500 0.86348400
v 0.04333700 2.97372500 0.86667400
v 0.29754300 2.97372500 0.81610900
v 0.25638100 2.97372500 0.82970600
v 0.21460100 2.97372500 0.84127000
v 0.45405900 2.97372500 0.74208300
v 0.41634000 2.97372500 0.76344900
v 0.37761900 2.97372500 0.78294100
v 0.59312500 2.97372500 0.63894400
v 0.56029900 2.97372500 0.66725800
v 0.52612500 2.97372500 0.69393000
v 0.70939800 2.97372500 0.51065700
v 0.68272700 2.97372500 0.54483100
v 0.65441300 2.97372500 0.57765700
v 0.79840900 2.97372500 0.36215100
v 0.77891700 2.97372500 0.40087200
v 0.75755100 2.97372500 0.43859100
v 0.85673800 2.97372500 0.19913300
v 0.84517400 2.97372500 0.24091300
v 0.83157800 2.97372500 0.28207500
v 0.88214300 2.97372500 0.02786800
v 0.87895200 2.97372500 0.07110100
v 0.87364700 2.97372500 0.11412500
v 0.87364700 2.97372500 -0.14506200
v 0.87895200 2.97372500 -0.10203800
v 0.88214300 2.97372500 -0.05880500
v 0.83157800 2.97372500 -0.31301200
v 0.84517400 2.97372500 -0.27184900
v 0.85673800 2.97372500 -0.23007000
v 0.75755100 2.97372500 -0.46952700
v 0.77891700 2.97372500 -0.43180800
v 0.79840900 2.97372500 -0.39308800
v 0.65441300 2.97372500 -0.60859400
v 0.68272700 2.97372500 -0.57576800
v 0.70939800 2.97372500 -0.54159400
v 0.52612500 2.97372500 -0.72486700
v 0.56029900 2.97372500 -0.69819500
v 0.59312600 2.97372500 -0.66988100
v 0.37761900 2.97372500 -0.81387800
v 0.41634000 2.97372500 -0.79438600
v 0.45405900 2.97372500 -0.77302000
v 0.21460100 2.97372500 -0.87220600
v 0.25638100 2.97372500 -0.86064300
v 0.29754400 2.97372500 -0.84704600
v 0.04333700 2.97372500 -0.89761100
v 0.08656900 2.97372500 -0.89442100
v 0.12959300 2.97372500 -0.88911500
v -0.37580000 3.00369800 -0.92273100
v -0.37005200 2.99368700 -0.90885200
v -0.35831700 2.98426000 -0.88052100
v -0.18266800 2.98426000 -0.93380400
v -0.18865100 2.99368700 -0.96387900
v -0.19158100 3.00369800 -0.97861300
v 0.54557800 3.00369800 -0.83198300
v 0.53723200 2.99368700 -0.81949200
v 0.52019500 2.98426000 -0.79399500
v 0.66208300 2.98426000 -0.67755100
v 0.68376600 2.99368700 -0.69923400
v 0.69438900 3.00369800 -0.70985700
v 0.00000000 3.00369800 0.96654500
v 0.00000000 2.99368700 0.95152300
v 0.00000000 2.98426000 0.92085800
v -0.18266800 2.98426000 0.90286700
v -0.18865100 2.99368700 0.93294300
v -0.19158100 3.00369800 0.94767600
v -0.54557800 3.00369800 -0.83198300
v -0.53723200 2.99368700 -0.81949200
v -0.52019500 2.98426000 -0.79399500
v 0.37580000 3.00369800 -0.92273100
v 0.37005200 2.99368700 -0.90885200
v 0.35831700 2.98426000 -0.88052100
v 0.19158100 3.00369800 0.94767600
v 0.18865100 2.99368700 0.93294300
v 0.18266800 2.98426000 0.90286700
v -0.69438900 3.00369800 -0.70985700
v -0.68376600 2.99368700 -0.69923400
v -0.66208300 2.98426000 -0.67755100
v 0.19158100 3.00369800 -0.97861300
v 0.18865100 2.99368700 -0.96387900
v 0.18266800 2.98426000 -0.93380400
v 0.37580000 3.00369800 0.89179400
v 0.37005200 2.99368700 0.87791500
v 0.35831700 2.98426000 0.84958500
v -0.81651400 3.00369800 -0.56104600
v -0.80402400 2.99368700 -0.55270000
v -0.77852700 2.98426000 -0.53566300
v -0.00000000 3.00369800 -0.99748200
v -0.00000000 2.99368700 -0.98246000
v -0.00000000 2.98426000 -0.95179500
v 0.54557700 3.00369800 0.80104600
v 0.53723200 2.99368700 0.78855600
v 0.52019500 2.98426000 0.76305900
v -0.90726200 3.00369800 -0.39126900
v -0.89338400 2.99368700 -0.38552000
v -0.86505300 2.98426000 -0.37378500
v 0.69438900 3.00369800 0.67892000
v 0.68376600 2.99368700 0.66829800
v 0.66208300 2.98426000 0.64661500
v -0.96314400 3.00369800 -0.20705000
v -0.94841100 2.99368700 -0.20411900
v -0.91833500 2.98426000 -0.19813700
v 0.81651400 3.00369800 0.53010900
v 0.80402400 2.99368700 0.52176300
v 0.77852700 2.98426000 0.50472700
v -0.98201400 3.00369800 -0.01546800
v -0.96699100 2.99368700 -0.01546800
v -0.93632700 2.98426000 -0.01546800
v 0.90726200 3.00369800 0.36033200
v 0.89338400 2.99368700 0.35458300
v 0.86505300 2.98426000 0.34284800
v -0.96314400 3.00369800 0.17611300
v -0.94841100 2.99368700 0.17318200
v -0.91833500 2.98426000 0.16720000
v 0.96314400 3.00369800 0.17611300
v 0.94841100 2.99368700 0.17318200
v 0.91833500 2.98426000 0.16720000
v -0.90726200 3.00369800 0.36033200
v -0.89338400 2.99368700 0.35458300
v -0.86505300 2.98426000 0.34284800
v 0.98201400 3.00369800 -0.01546800
v 0.96699100 2.99368700 -0.01546800
v 0.93632700 2.98426000 -0.01546800
v -0.81651500 3.00369800 0.53010900
v -0.80402400 2.99368700 0.52176300
v -0.77852700 2.98426000 0.50472700
v 0.96314400 3.00369800 -0.20705000
v 0.94841100 2.99368700 -0.20411900
v 0.91833500 2.98426000 -0.19813700
v -0.69438900 3.00369800 0.67892000
v -0.68376600 2.99368700 0.66829800
v -0.66208300 2.98426000 0.64661400
v 0.90726200 3.00369800 -0.39126900
v 0.89338400 2.99368700 -0.38552000
v 0.86505300 2.98426000 -0.37378500
v -0.54557800 3.00369800 0.80104600
v -0.53723200 2.99368700 0.78855600
v -0.52019500 2.98426000 0.76305900
v 0.81651500 3.00369800 -0.56104600
v 0.80402400 2.99368700 -0.55270000
v 0.77852700 2.98426000 -0.53566300
v -0.37580000 3.00369800 0.89179400
v -0.37005200 2.99368700 0.87791500
v -0.35831700 2.98426000 0.84958500
v -0.11766000 3.11759900 -0.74716400
v -0.06895100 3.11759900 -0.71553500
v -0.02734800 3.11759900 -0.75605900
v -0.25814600 3.11759900 -0.71015000
v -0.20420200 3.11759900 -0.68863200
v -0.17130400 3.11759900 -0.73649300
v -0.38871100 3.11759900 -0.64644000
v -0.33160600 3.11759900 -0.63585900
v -0.30867800 3.11759900 -0.68921900
v -0.50433900 3.11759900 -0.55848300
v -0.44626600 3.11759900 -0.55924600
v -0.43418900 3.11759900 -0.61605300
v -0.60058500 3.11759900 -0.44965700
v -0.54377700 3.11759900 -0.46173500
v -0.54301400 3.11759900 -0.51980700
v -0.67375100 3.11759900 -0.32414600
v -0.62039100 3.11759900 -0.34707400
v -0.63097200 3.11759900 -0.40418000
v -0.72102500 3.11759900 -0.18677300
v -0.67316300 3.11759900 -0.21967000
v -0.69468200 3.11759900 -0.27361400
v -0.74059100 3.11759900 -0.04281600
v -0.70006700 3.11759900 -0.08441900
v -0.73169600 3.11759900 -0.13312800
v -0.73169600 3.11759900 0.10219200
v -0.70006700 3.11759900 0.05348200
v -0.74059100 3.11759900 0.01187900
v -0.69468200 3.11759900 0.24267700
v -0.67316300 3.11759900 0.18873400
v -0.72102500 3.11759900 0.15583600
v -0.63097200 3.11759900 0.37324300
v -0.62039100 3.11759900 0.31613800
v -0.67375100 3.11759900 0.29320900
v -0.54301400 3.11759900 0.48887100
v -0.54377700 3.11759900 0.43079800
v -0.60058500 3.11759900 0.41872000
v -0.43418900 3.11759900 0.58511700
v -0.44626600 3.11759900 0.52830900
v -0.50433900 3.11759900 0.52754600
v -0.30867800 3.11759900 0.65828300
v -0.33160600 3.11759900 0.60492300
v -0.38871100 3.11759900 0.61550400
v -0.17130400 3.11759900 0.70555700
v -0.20420200 3.11759900 0.65769500
v -0.25814600 3.11759900 0.67921400
v -0.02734800 3.11759900 0.72512200
v -0.06895100 3.11759900 0.68459800
v -0.11766000 3.11759900 0.71622700
v 0.11766000 3.11759900 0.71622700
v 0.06895100 3.11759900 0.68459800
v 0.02734800 3.11759900 0.72512200
v 0.25814600 3.11759900 0.67921400
v 0.20420200 3.11759900 0.65769500
v 0.17130400 3.11759900 0.70555700
v 0.38871100 3.11759900 0.61550400
v 0.33160600 3.11759900 0.60492300
v 0.30867800 3.11759900 0.65828300
v 0.50433900 3.11759900 0.52754600
v 0.44626600 3.11759900 0.52830900
v 0.43418900 3.11759900 0.58511700
v 0.60058500 3.11759900 0.41872100
v 0.54377700 3.11759900 0.43079800
v 0.54301400 3.11759900 0.48887100
v 0.67375100 3.11759900 0.29320900
v 0.62039100 3.11759900 0.31613800
v 0.63097200 3.11759900 0.37324300
v 0.72102500 3.11759900 0.15583600
v 0.67316400 3.11759900 0.18873400
v 0.69468200 3.11759900 0.24267800
v 0.74059100 3.11759900 0.01187900
v 0.70006700 3.11759900 0.05348200
v 0.73169600 3.11759900 0.10219200
v 0.73169600 3.11759900 -0.13312800
v 0.70006700 3.11759900 -0.08441900
v 0.74059100 3.11759900 -0.04281600
v 0.69468200 3.11759900 -0.27361400
v 0.67316300 3.11759900 -0.21967000
v 0.72102500 3.11759900 -0.18677300
v 0.63097200 3.11759900 -0.40418000
v 0.62039100 3.11759900 -0.34707400
v 0.67375100 3.11759900 -0.32414600
v 0.54301400 3.11759900 -0.51980700
v 0.54377700 3.11759900 -0.46173500
v 0.60058500 3.11759900 -0.44965700
v 0.43418900 3.11759900 -0.61605300
v 0.44626700 3.11759900 -0.55924600
v 0.50433900 3.11759900 -0.55848300
v 0.30867800 3.11759900 -0.68921900
v 0.33160600 3.11759900 -0.63585900
v 0.38871100 3.11759900 -0.64644000
v 0.17130400 3.11759900 -0.73649300
v 0.20420200 3.11759900 -0.68863200
v 0.25814600 3.11759900 -0.71015000
v 0.02734800 3.11759900 -0.75605900
v 0.06895100 3.11759900 -0.71553500
v 0.11766000 3.11759900 -0.74716400
v -0.00000000 3.11587200 -0.97929700
v -0.00000000 3.11708700 -0.95141900
v -0.00000000 3.11753500 -0.89037700
v -0.17068600 3.11753500 -0.87356600
v -0.18259500 3.11708700 -0.93343500
v -0.18803400 3.11587200 -0.96077800
v -0.33481300 3.11753500 -0.82377900
v -0.35817300 3.11708700 -0.88017400
v -0.36884100 3.11587200 -0.90593000
v -0.48607300 3.11753500 -0.74292900
v -0.51998700 3.11708700 -0.79368300
v -0.53547500 3.11587200 -0.81686300
v -0.61865400 3.11753500 -0.63412200
v -0.66181700 3.11708700 -0.67728600
v -0.68153000 3.11587200 -0.69699800
v -0.72746000 3.11753500 -0.50154200
v -0.77821500 3.11708700 -0.53545500
v -0.80139400 3.11587200 -0.55094300
v -0.80831000 3.11753500 -0.35028100
v -0.86470600 3.11708700 -0.37364100
v -0.89046200 3.11587200 -0.38431000
v -0.85809800 3.11753500 -0.18615500
v -0.91796700 3.11708700 -0.19806300
v -0.94530900 3.11587200 -0.20350200
v -0.87490900 3.11753500 -0.01546800
v -0.93595100 3.11708700 -0.01546800
v -0.96382900 3.11587200 -0.01546800
v -0.85809800 3.11753500 0.15521800
v -0.91796700 3.11708700 0.16712700
v -0.94530900 3.11587200 0.17256500
v -0.80831000 3.11753500 0.31934500
v -0.86470600 3.11708700 0.34270500
v -0.89046200 3.11587200 0.35337300
v -0.72746000 3.11753500 0.47060500
v -0.77821500 3.11708700 0.50451800
v -0.80139500 3.11587200 0.52000600
v -0.61865400 3.11753500 0.60318600
v -0.66181700 3.11708700 0.64634900
v -0.68153000 3.11587200 0.66606200
v -0.48607300 3.11753500 0.71199200
v -0.51998700 3.11708700 0.76274700
v -0.53547500 3.11587200 0.78592600
v -0.33481300 3.11753500 0.79284200
v -0.35817300 3.11708700 0.84923800
v -0.36884100 3.11587200 0.87499300
v -0.17068600 3.11753500 0.84262900
v -0.18259500 3.11708700 0.90249900
v -0.18803400 3.11587200 0.92984100
v 0.00000000 3.11753500 0.85944000
v 0.00000000 3.11708700 0.92048300
v 0.00000000 3.11587200 0.94836100
v 0.17068600 3.11753500 0.84262900
v 0.18259500 3.11708700 0.90249800
v 0.18803400 3.11587200 0.92984100
v 0.33481300 3.11753500 0.79284200
v 0.35817300 3.11708700 0.84923800
v 0.36884100 3.11587200 0.87499400
v 0.48607300 3.11753500 0.71199200
v 0.51998700 3.11708700 0.76274600
v 0.53547500 3.11587200 0.78592600
v 0.61865400 3.11753500 0.60318600
v 0.66181700 3.11708700 0.64634900
v 0.68153000 3.11587200 0.66606200
v 0.72746000 3.11753500 0.47060500
v 0.77821500 3.11708700 0.50451800
v 0.80139400 3.11587200 0.52000600
v 0.80831000 3.11753500 0.31934500
v 0.86470600 3.11708700 0.34270500
v 0.89046200 3.11587200 0.35337300
v 0.85809800 3.11753500 0.15521800
v 0.91796700 3.11708700 0.16712700
v 0.94530900 3.11587200 0.17256500
v 0.87490900 3.11753500 -0.01546800
v 0.93595100 3.11708700 -0.01546800
v 0.96382900 3.11587200 -0.01546800
v 0.85809800 3.11753500 -0.18615500
v 0.91796700 3.11708700 -0.19806300
v 0.94530900 3.11587200 -0.20350200
v 0.80831000 3.11753500 -0.35028200
v 0.86470600 3.11708700 -0.37364100
v 0.89046200 3.11587200 -0.38431000
v 0.72746000 3.11753500 -0.50154200
v 0.77821500 3.11708700 -0.53545500
v 0.80139500 3.11587200 -0.55094300
v 0.61865400 3.11753500 -0.63412200
v 0.66181700 3.11708700 -0.67728600
v 0.68153000 3.11587200 -0.69699800
v 0.48607300 3.11753500 -0.74292900
v 0.51998700 3.11708700 -0.79368300
v 0.53547500 3.11587200 -0.81686300
v 0.33481300 3.11753500 -0.82377900
v 0.35817300 3.11708700 -0.88017400
v 0.36884100 3.11587200 -0.90593000
v 0.17068600 3.11753500 -0.87356600
v 0.18259500 3.11708700 -0.93343500
v 0.18803400 3.11587200 -0.96077800
v -0.07390800 2.92694200 -0.47439800
v -0.04288700 2.92567800 -0.45091000
v -0.01704400 2.92694200 -0.47999800
v -0.16202100 2.92694200 -0.45116000
v -0.12701400 2.92567800 -0.43417700
v -0.10734200 2.92694200 -0.46774700
v -0.24390700 2.92694200 -0.41118000
v -0.20625900 2.92567800 -0.40135200
v -0.19351500 2.92694200 -0.43811500
v -0.31642000 2.92694200 -0.35599300
v -0.27757800 2.92567800 -0.35369800
v -0.27225100 2.92694200 -0.39224100
v -0.37677300 2.92694200 -0.28771900
v -0.33823000 2.92567800 -0.29304600
v -0.34052400 2.92694200 -0.33188800
v -0.42264700 2.92694200 -0.20898300
v -0.38588400 2.92567800 -0.22172700
v -0.39571200 2.92694200 -0.25937500
v -0.45227900 2.92694200 -0.12281000
v -0.41870800 2.92567800 -0.14248200
v -0.43569200 2.92694200 -0.17748900
v -0.46453000 2.92694200 -0.03251300
v -0.43544200 2.92567800 -0.05835600
v -0.45892900 2.92694200 -0.08937700
v -0.45892900 2.92694200 0.05844000
v -0.43544200 2.92567800 0.02741900
v -0.46453000 2.92694200 0.00157600
v -0.43569200 2.92694200 0.14655300
v -0.41870800 2.92567800 0.11154500
v -0.45227900 2.92694200 0.09187400
v -0.39571200 2.92694200 0.22843900
v -0.38588400 2.92567800 0.19079100
v -0.42264700 2.92694200 0.17804600
v -0.34052400 2.92694200 0.30095200
v -0.33823000 2.92567800 0.26211000
v -0.37677300 2.92694200 0.25678200
v -0.27225100 2.92694200 0.36130500
v -0.27757800 2.92567800 0.32276200
v -0.31642000 2.92694200 0.32505600
v -0.19351500 2.92694200 0.40717900
v -0.20625900 2.92567800 0.37041500
v -0.24390700 2.92694200 0.38024300
v -0.10734200 2.92694200 0.43681000
v -0.12701400 2.92567800 0.40324000
v -0.16202100 2.92694200 0.42022400
v -0.01704400 2.92694200 0.44906100
v -0.04288700 2.92567800 0.41997400
v -0.07390800 2.92694200 0.44346100
v 0.07390800 2.92694200 0.44346100
v 0.04288700 2.92567800 0.41997400
v 0.01704400 2.92694200 0.44906100
v 0.16202100 2.92694200 0.42022400
v 0.12701400 2.92567800 0.40324000
v 0.10734200 2.92694200 0.43681000
v 0.24390700 2.92694200 0.38024300
v 0.20625900 2.92567800 0.37041500
v 0.19351500 2.92694200 0.40717900
v 0.31642000 2.92694200 0.32505600
v 0.27757800 2.92567800 0.32276200
v 0.27225100 2.92694200 0.36130500
v 0.37677300 2.92694200 0.25678200
v 0.33823000 2.92567800 0.26211000
v 0.34052400 2.92694200 0.30095200
v 0.42264700 2.92694200 0.17804600
v 0.38588400 2.92567800 0.19079100
v 0.39571200 2.92694200 0.22843900
v 0.45227900 2.92694200 0.09187400
v 0.41870800 2.92567800 0.11154500
v 0.43569200 2.92694200 0.14655300
v 0.46453000 2.92694200 0.00157600
v 0.43544200 2.92567800 0.02741900
v 0.45892900 2.92694200 0.05844000
v 0.45892900 2.92694200 -0.08937700
v 0.43544200 2.92567800 -0.05835600
v 0.46453000 2.92694200 -0.03251300
v 0.43569200 2.92694200 -0.17748900
v 0.41870800 2.92567800 -0.14248200
v 0.45227900 2.92694200 -0.12281000
v 0.39571200 2.92694200 -0.25937500
v 0.38588400 2.92567800 -0.22172800
v 0.42264700 2.92694200 -0.20898300
v 0.34052400 2.92694200 -0.33188800
v 0.33823000 2.92567800 -0.29304600
v 0.37677300 2.92694200 -0.28771900
v 0.27225100 2.92694200 -0.39224100
v 0.27757800 2.92567800 -0.35369800
v 0.31642000 2.92694200 -0.35599300
v 0.19351500 2.92694200 -0.43811500
v 0.20625900 2.92567800 -0.40135200
v 0.24390700 2.92694200 -0.41118000
v 0.10734200 2.92694200 -0.46774700
v 0.12701400 2.92567800 -0.43417700
v 0.16202100 2.92694200 -0.45116000
v 0.01704400 2.92694200 -0.47999800
v 0.04288700 2.92567800 -0.45091000
v 0.07390800 2.92694200 -0.47439700
v -0.15678200 2.96106600 -0.80366500
v -0.13751300 2.94794800 -0.70679100
v -0.11666200 2.93662500 -0.60196900
v 0.00000000 2.93662500 -0.61345900
v 0.00000000 2.94794800 -0.72033500
v 0.00000000 2.96106600 -0.81910700
v -0.30753900 2.96106600 -0.75793400
v -0.26974100 2.94794800 -0.66668000
v -0.22884100 2.93662500 -0.56794000
v -0.44647800 2.96106600 -0.68367000
v -0.39160300 2.94794800 -0.60154300
v -0.33222600 2.93662500 -0.51268000
v -0.56825800 2.96106600 -0.58372700
v -0.49841600 2.94794800 -0.51388400
v -0.42284300 2.93662500 -0.43831200
v -0.66820100 2.96106600 -0.46194600
v -0.58607500 2.94794800 -0.40707100
v -0.49721100 2.93662500 -0.34769400
v -0.74246500 2.96106600 -0.32300800
v -0.65121200 2.94794800 -0.28520900
v -0.55247200 2.93662500 -0.24431000
v -0.78819700 2.96106600 -0.17225100
v -0.69132300 2.94794800 -0.15298100
v -0.58650100 2.93662500 -0.13213100
v -0.80363900 2.96106600 -0.01546800
v -0.70486600 2.94794800 -0.01546800
v -0.59799100 2.93662500 -0.01546800
v -0.78819700 2.96106600 0.14131400
v -0.69132300 2.94794800 0.12204400
v -0.58650100 2.93662500 0.10119400
v -0.74246500 2.96106600 0.29207100
v -0.65121200 2.94794800 0.25427200
v -0.55247200 2.93662500 0.21337300
v -0.66820100 2.96106600 0.43100900
v -0.58607500 2.94794800 0.37613400
v -0.49721100 2.93662500 0.31675800
v -0.56825800 2.96106600 0.55279000
v -0.49841600 2.94794800 0.48294700
v -0.42284400 2.93662500 0.40737500
v -0.44647800 2.96106600 0.65273300
v -0.39160300 2.94794800 0.57060700
v -0.33222600 2.93662500 0.48174300
v -0.30753900 2.96106600 0.72699700
v -0.26974100 2.94794800 0.63574300
v -0.22884100 2.93662500 0.53700300
v -0.15678200 2.96106600 0.77272900
v -0.13751300 2.94794800 0.67585400
v -0.11666200 2.93662500 0.57103200
v 0.00000000 2.96106600 0.78817000
v 0.00000000 2.94794800 0.68939800
v 0.00000000 2.93662500 0.58252300
v 0.15678200 2.96106600 0.77272900
v 0.13751300 2.94794800 0.67585400
v 0.11666200 2.93662500 0.57103200
v 0.30753900 2.96106600 0.72699700
v 0.26974100 2.94794800 0.63574300
v 0.22884100 2.93662500 0.53700300
v 0.44647800 2.96106600 0.65273300
v 0.39160300 2.94794800 0.57060700
v 0.33222600 2.93662500 0.48174300
v 0.56825800 2.96106600 0.55279000
v 0.49841600 2.94794800 0.48294800
v 0.42284300 2.93662500 0.40737500
v 0.66820100 2.96106600 0.43100900
v 0.58607500 2.94794800 0.37613500
v 0.49721100 2.93662500 0.31675800
v 0.74246500 2.96106600 0.29207100
v 0.65121200 2.94794800 0.25427200
v 0.55247200 2.93662500 0.21337300
v 0.78819700 2.96106600 0.14131400
v 0.69132300 2.94794800 0.12204400
v 0.58650100 2.93662500 0.10119400
v 0.80363900 2.96106600 -0.01546800
v 0.70486600 2.94794800 -0.01546800
v 0.59799100 2.93662500 -0.01546800
v 0.78819700 2.96106600 -0.17225100
v 0.69132300 2.94794800 -0.15298100
v 0.58650100 2.93662500 -0.13213100
v 0.74246500 2.96106600 -0.32300800
v 0.65121200 2.94794800 -0.28520900
v 0.55247200 2.93662500 -0.24431000
v 0.66820100 2.96106600 -0.46194600
v 0.58607500 2.94794800 -0.40707100
v 0.49721100 2.93662500 -0.34769400
v 0.56825800 2.96106600 -0.58372700
v 0.49841600 2.94794800 -0.51388400
v 0.42284400 2.93662500 -0.43831200
v 0.44647800 2.96106600 -0.68367000
v 0.39160300 2.94794800 -0.60154300
v 0.33222600 2.93662500 -0.51268000
v 0.30753900 2.96106600 -0.75793400
v 0.26974100 2.94794800 -0.66668000
v 0.22884100 2.93662500 -0.56794000
v 0.15678200 2.96106600 -0.80366500
v 0.13751300 2.94794800 -0.70679100
v 0.11666200 2.93662500 -0.60196900
v 0.23996300 3.09467900 -0.97345700
v 0.28668000 3.09467900 -0.96052700
v 0.33270800 3.09467900 -0.94532300
v 0.23900600 3.10349200 -0.96963600
v 0.28553700 3.10349200 -0.95675800
v 0.33138100 3.10349200 -0.94161500
v 0.23782700 3.10956700 -0.96492700
v 0.28412800 3.10956600 -0.95211200
v 0.32974500 3.10956700 -0.93704300
v 0.33270800 3.09467900 0.91438600
v 0.28668000 3.09467900 0.92959000
v 0.23996300 3.09467900 0.94252000
v 0.33138100 3.10349200 0.91067800
v 0.28553700 3.10349200 0.92582100
v 0.23900600 3.10349200 0.93870000
v 0.32974500 3.10956700 0.90610700
v 0.28412800 3.10956600 0.92117500
v 0.23782700 3.10956700 0.93399000
v -0.79323600 3.09467900 -0.60377200
v -0.76341200 3.09467900 -0.64198500
v -0.73175200 3.09467900 -0.67869000
v -0.79007300 3.10349200 -0.60142600
v -0.76036800 3.10349200 -0.63948600
v -0.72883400 3.10349200 -0.67604500
v -0.78617300 3.10956700 -0.59853400
v -0.75661500 3.10956700 -0.63640600
v -0.72523600 3.10956600 -0.67278500
v 0.04845800 3.09467900 -1.00186400
v 0.09680000 3.09467900 -0.99829600
v 0.14490900 3.09467900 -0.99236400
v 0.04826500 3.10349200 -0.99793000
v 0.09641400 3.10349200 -0.99437700
v 0.14433100 3.10349200 -0.98846800
v 0.04802700 3.10956700 -0.99308100
v 0.09593800 3.10956600 -0.98954500
v 0.14361900 3.10956700 -0.98366600
v 0.50772000 3.09467900 0.83161100
v 0.46554400 3.09467900 0.85550200
v 0.42224700 3.09467900 0.87729800
v 0.50569600 3.10349200 0.82823300
v 0.46368700 3.10349200 0.85202900
v 0.42056300 3.10349200 0.87373800
v 0.50320000 3.10956700 0.82406900
v 0.46139800 3.10956600 0.84774700
v 0.41848700 3.10956700 0.86934900
v -0.89276600 3.09467900 -0.43771500
v -0.87097100 3.09467900 -0.48101200
v -0.84708000 3.09467900 -0.52318900
v -0.88920600 3.10349200 -0.43603100
v -0.86749700 3.10349200 -0.47915500
v -0.84370200 3.10349200 -0.52116400
v -0.88481700 3.10956700 -0.43395500
v -0.86321500 3.10956600 -0.47686700
v -0.83953700 3.10956700 -0.51866800
v 0.66322200 3.09467900 0.71628400
v 0.62651600 3.09467900 0.74794400
v 0.58830300 3.09467900 0.77776700
v 0.66057700 3.10349200 0.71336600
v 0.62401800 3.10349200 0.74490000
v 0.58595700 3.10349200 0.77460400
v 0.65731600 3.10956700 0.70976800
v 0.62093800 3.10956600 0.74114600
v 0.58306500 3.10956700 0.77070400
v -0.95798800 3.09467900 -0.25543200
v -0.94505800 3.09467900 -0.30214900
v -0.92985500 3.09467900 -0.34817600
v -0.95416800 3.10349200 -0.25447500
v -0.94129000 3.10349200 -0.30100500
v -0.92614700 3.10349200 -0.34684900
v -0.94945800 3.10956700 -0.25329500
v -0.93664300 3.10956600 -0.29959600
v -0.92157500 3.10956700 -0.34521300
v 0.79323600 3.09467900 0.57283500
v 0.76341200 3.09467900 0.61104800
v 0.73175200 3.09467900 0.64775300
v 0.79007200 3.10349200 0.57048900
v 0.76036800 3.10349200 0.60855000
v 0.72883400 3.10349200 0.64510900
v 0.78617300 3.10956700 0.56759700
v 0.75661500 3.10956600 0.60546900
v 0.72523600 3.10956700 0.64184800
v -0.98639500 3.09467900 -0.06392700
v -0.98282800 3.09467900 -0.11226800
v -0.97689600 3.09467900 -0.16037700
v -0.98246200 3.10349200 -0.06373300
v -0.97890800 3.10349200 -0.11188200
v -0.97300000 3.10349200 -0.15980000
v -0.97761200 3.10956700 -0.06349500
v -0.97407700 3.10956600 -0.11140700
v -0.96819700 3.10956700 -0.15908700
v 0.89276600 3.09467900 0.40677900
v 0.87097000 3.09467900 0.45007500
v 0.84708000 3.09467900 0.49225200
v 0.88920600 3.10349200 0.40509500
v 0.86749700 3.10349200 0.44821900
v 0.84370200 3.10349200 0.49022700
v 0.88481700 3.10956700 0.40301900
v 0.86321500 3.10956600 0.44593000
v 0.83953700 3.10956700 0.48773100
v -0.97689600 3.09467900 0.12944100
v -0.98282800 3.09467900 0.08133200
v -0.98639500 3.09467900 0.03299000
v -0.97300000 3.10349200 0.12886300
v -0.97890800 3.10349200 0.08094600
v -0.98246200 3.10349200 0.03279700
v -0.96819700 3.10956700 0.12815000
v -0.97407700 3.10956600 0.08047000
v -0.97761200 3.10956700 0.03255800
v 0.95798800 3.09467900 0.22449500
v 0.94505800 3.09467900 0.27121200
v 0.92985500 3.09467900 0.31723900
v 0.95416800 3.10349200 0.22353800
v 0.94129000 3.10349200 0.27006900
v 0.92614700 3.10349200 0.31591300
v 0.94945800 3.10956700 0.22235800
v 0.93664300 3.10956600 0.26865900
v 0.92157500 3.10956700 0.31427700
v -0.92985500 3.09467900 0.31723900
v -0.94505800 3.09467900 0.27121200
v -0.95798800 3.09467900 0.22449500
v -0.92614700 3.10349200 0.31591200
v -0.94129000 3.10349200 0.27006900
v -0.95416800 3.10349200 0.22353800
v -0.92157500 3.10956700 0.31427700
v -0.93664300 3.10956600 0.26865900
v -0.94945800 3.10956700 0.22235800
v 0.98639500 3.09467900 0.03299000
v 0.98282800 3.09467900 0.08133200
v 0.97689600 3.09467900 0.12944100
v 0.98246200 3.10349200 0.03279700
v 0.97890800 3.10349200 0.08094600
v 0.97300000 3.10349200 0.12886300
v 0.97761200 3.10956700 0.03255800
v 0.97407700 3.10956600 0.08047000
v 0.96819700 3.10956700 0.12815000
v -0.84708000 3.09467900 0.49225200
v -0.87097100 3.09467900 0.45007500
v -0.89276600 3.09467900 0.40677800
v -0.84370200 3.10349200 0.49022700
v -0.86749700 3.10349200 0.44821900
v -0.88920600 3.10349200 0.40509500
v -0.83953700 3.10956700 0.48773100
v -0.86321500 3.10956600 0.44593000
v -0.88481700 3.10956700 0.40301900
v 0.97689600 3.09467900 -0.16037700
v 0.98282800 3.09467900 -0.11226900
v 0.98639500 3.09467900 -0.06392700
v 0.97300000 3.10349200 -0.15980000
v 0.97890800 3.10349200 -0.11188200
v 0.98246200 3.10349200 -0.06373300
v 0.96819700 3.10956700 -0.15908700
v 0.97407700 3.10956600 -0.11140700
v 0.97761200 3.10956700 -0.06349500
v -0.73175200 3.09467900 0.64775300
v -0.76341200 3.09467900 0.61104800
v -0.79323600 3.09467900 0.57283500
v -0.72883400 3.10349200 0.64510800
v -0.76036800 3.10349200 0.60854900
v -0.79007300 3.10349200 0.57048900
v -0.72523600 3.10956700 0.64184800
v -0.75661500 3.10956600 0.60546900
v -0.78617300 3.10956700 0.56759700
v 0.92985500 3.09467900 -0.34817600
v 0.94505800 3.09467900 -0.30214900
v 0.95798800 3.09467900 -0.25543200
v 0.92614700 3.10349200 -0.34684900
v 0.94129000 3.10349200 -0.30100600
v 0.95416800 3.10349200 -0.25447500
v 0.92157500 3.10956700 -0.34521400
v 0.93664300 3.10956600 -0.29959600
v 0.94945800 3.10956700 -0.25329500
v -0.58830300 3.09467900 0.77776700
v -0.62651600 3.09467900 0.74794400
v -0.66322200 3.09467900 0.71628400
v -0.58595700 3.10349200 0.77460400
v -0.62401800 3.10349200 0.74490000
v -0.66057700 3.10349200 0.71336600
v -0.58306500 3.10956700 0.77070400
v -0.62093800 3.10956600 0.74114600
v -0.65731600 3.10956700 0.70976800
v 0.84708000 3.09467900 -0.52318900
v 0.87097100 3.09467900 -0.48101200
v 0.89276600 3.09467900 -0.43771500
v 0.84370200 3.10349200 -0.52116400
v 0.86749700 3.10349200 -0.47915500
v 0.88920600 3.10349200 -0.43603100
v 0.83953700 3.10956700 -0.51866800
v 0.86321500 3.10956600 -0.47686700
v 0.88481700 3.10956700 -0.43395500
v -0.42224700 3.09467900 0.87729800
v -0.46554300 3.09467900 0.85550200
v -0.50772000 3.09467900 0.83161100
v -0.42056300 3.10349200 0.87373800
v -0.46368700 3.10349200 0.85202900
v -0.50569600 3.10349200 0.82823300
v -0.41848700 3.10956700 0.86934900
v -0.46139800 3.10956600 0.84774700
v -0.50319900 3.10956700 0.82406900
v -0.14490900 3.09467900 -0.99236400
v -0.09680000 3.09467900 -0.99829600
v -0.04845800 3.09467900 -1.00186400
v -0.14433100 3.10349200 -0.98846800
v -0.09641400 3.10349200 -0.99437700
v -0.04826500 3.10349200 -0.99793000
v -0.14361900 3.10956700 -0.98366600
v -0.09593800 3.10956600 -0.98954500
v -0.04802700 3.10956700 -0.99308100
v 0.73175200 3.09467900 -0.67869000
v 0.76341200 3.09467900 -0.64198400
v 0.79323600 3.09467900 -0.60377200
v 0.72883400 3.10349200 -0.67604500
v 0.76036800 3.10349200 -0.63948600
v 0.79007300 3.10349200 -0.60142600
v 0.72523600 3.10956700 -0.67278500
v 0.75661500 3.10956600 -0.63640600
v 0.78617300 3.10956700 -0.59853300
v -0.23996300 3.09467900 0.94252000
v -0.28668000 3.09467900 0.92959000
v -0.33270800 3.09467900 0.91438600
v -0.23900600 3.10349200 0.93870000
v -0.28553700 3.10349200 0.92582100
v -0.33138100 3.10349200 0.91067800
v -0.23782700 3.10956700 0.93399000
v -0.28412800 3.10956600 0.92117500
v -0.32974500 3.10956700 0.90610700
v -0.33270800 3.09467900 -0.94532300
v -0.28668000 3.09467900 -0.96052700
v -0.23996300 3.09467900 -0.97345700
v -0.33138100 3.10349200 -0.94161500
v -0.28553700 3.10349200 -0.95675800
v -0.23900600 3.10349200 -0.96963600
v -0.32974500 3.10956700 -0.93704300
v -0.28412800 3.10956600 -0.95211200
v -0.23782700 3.10956700 -0.96492700
v 0.58830400 3.09467900 -0.80870400
v 0.62651600 3.09467900 -0.77888100
v 0.66322200 3.09467900 -0.74722000
v 0.58595700 3.10349200 -0.80554100
v 0.62401800 3.10349200 -0.77583600
v 0.66057700 3.10349200 -0.74430200
v 0.58306500 3.10956700 -0.80164100
v 0.62093800 3.10956600 -0.77208300
v 0.65731600 3.10956700 -0.74070500
v -0.04845800 3.09467900 0.97092700
v -0.09680000 3.09467900 0.96735900
v -0.14490900 3.09467900 0.96142700
v -0.04826500 3.10349200 0.96699300
v -0.09641400 3.10349200 0.96344000
v -0.14433100 3.10349200 0.95753200
v -0.04802700 3.10956700 0.96214400
v -0.09593800 3.10956600 0.95860800
v -0.14361900 3.10956700 0.95272900
v -0.50772000 3.09467900 -0.86254800
v -0.46554400 3.09467900 -0.88643900
v -0.42224700 3.09467900 -0.90823500
v -0.50569600 3.10349200 -0.85917000
v -0.46368700 3.10349200 -0.88296600
v -0.42056300 3.10349200 -0.90467400
v -0.50320000 3.10956700 -0.85500600
v -0.46139800 3.10956600 -0.87868400
v -0.41848700 3.10956700 -0.90028500
v 0.42224700 3.09467900 -0.90823500
v 0.46554400 3.09467900 -0.88643900
v 0.50772000 3.09467900 -0.86254800
v 0.42056300 3.10349200 -0.90467400
v 0.46368700 3.10349200 -0.88296600
v 0.50569600 3.10349200 -0.85917000
v 0.41848700 3.10956700 -0.90028500
v 0.46139800 3.10956600 -0.87868400
v 0.50320000 3.10956700 -0.85500600
v 0.14490900 3.09467900 0.96142700
v 0.09680000 3.09467900 0.96735900
v 0.04845800 3.09467900 0.97092700
v 0.14433100 3.10349200 0.95753200
v 0.09641400 3.10349200 0.96344000
v 0.04826500 3.10349200 0.96699300
v 0.14361900 3.10956700 0.95272900
v 0.09593800 3.10956600 0.95860800
v 0.04802700 3.10956700 0.96214400
v -0.66322200 3.09467900 -0.74722000
v -0.62651600 3.09467900 -0.77888000
v -0.58830300 3.09467900 -0.80870400
v -0.66057700 3.10349200 -0.74430200
v -0.62401800 3.10349200 -0.77583600
v -0.58595700 3.10349200 -0.80554100
v -0.65731600 3.10956600 -0.74070500
v -0.62093800 3.10956600 -0.77208300
v -0.58306500 3.10956700 -0.80164100
v -0.00000000 3.11759900 -0.01546800
v -0.11337800 3.11759900 -0.58545600
v -0.04652100 3.11759900 -0.48780400
v -0.00000000 3.11759900 -0.59662300
v 0.04652100 3.11759900 -0.48780400
v 0.11337800 3.11759900 -0.58545600
v 0.13777500 3.11759900 -0.46965300
v 0.22239800 3.11759900 -0.55238500
v 0.22373500 3.11759900 -0.43404700
v 0.32287200 3.11759900 -0.49868100
v 0.30109700 3.11759900 -0.38235600
v 0.41093800 3.11759900 -0.42640700
v 0.36688700 3.11759900 -0.31656500
v 0.48321200 3.11759900 -0.33834000
v 0.41857900 3.11759900 -0.23920300
v 0.53691700 3.11759900 -0.23786700
v 0.45418400 3.11759900 -0.15324400
v 0.56998800 3.11759900 -0.12884600
v 0.47233600 3.11759900 -0.06198900
v 0.58115400 3.11759900 -0.01546800
v 0.47233600 3.11759900 0.03105300
v 0.56998800 3.11759900 0.09790900
v 0.45418500 3.11759900 0.12230700
v 0.53691700 3.11759900 0.20693000
v 0.41857900 3.11759900 0.20826700
v 0.48321200 3.11759900 0.30740400
v 0.36688700 3.11759900 0.28562800
v 0.41093800 3.11759900 0.39547000
v 0.30109700 3.11759900 0.35141900
v 0.32287200 3.11759900 0.46774400
v 0.22373500 3.11759900 0.40311000
v 0.22239800 3.11759900 0.52144800
v 0.13777500 3.11759900 0.43871600
v 0.11337800 3.11759900 0.55451900
v 0.04652100 3.11759900 0.45686800
v 0.00000000 3.11759900 0.56568600
v -0.04652100 3.11759900 0.45686800
v -0.11337800 3.11759900 0.55451900
v -0.13777500 3.11759900 0.43871600
v -0.22239800 3.11759900 0.52144800
v -0.22373500 3.11759900 0.40311000
v -0.32287200 3.11759900 0.46774400
v -0.30109700 3.11759900 0.35141900
v -0.41093800 3.11759900 0.39547000
v -0.36688700 3.11759900 0.28562800
v -0.48321200 3.11759900 0.30740400
v -0.41857900 3.11759900 0.20826700
v -0.53691700 3.11759900 0.20693000
v -0.45418400 3.11759900 0.12230700
v -0.56998800 3.11759900 0.09790900
v -0.47233600 3.11759900 0.03105300
v -0.58115400 3.11759900 -0.01546800
v -0.47233600 3.11759900 -0.06198900
v -0.56998800 3.11759900 -0.12884600
v -0.45418400 3.11759900 -0.15324400
v -0.53691700 3.11759900 -0.23786700
v -0.41857900 3.11759900 -0.23920300
v -0.48321200 3.11759900 -0.33834100
v -0.36688700 3.11759900 -0.31656500
v -0.41093800 3.11759900 -0.42640700
v -0.30109700 3.11759900 -0.38235600
v -0.32287200 3.11759900 -0.49868100
v -0.22373500 3.11759900 -0.43404700
v -0.22239800 3.11759900 -0.55238500
v -0.13777500 3.11759900 -0.46965300
v -0.23860900 3.00369800 -0.96805000
v -0.28506200 3.00369800 -0.95519300
v -0.33083000 3.00369800 -0.94007500
v -0.23495900 2.99368700 -0.95347800
v -0.28070200 2.99368700 -0.94081800
v -0.32576900 2.99368700 -0.92593100
v -0.22750800 2.98426000 -0.92373200
v -0.27180000 2.98426000 -0.91147400
v -0.31543800 2.98426000 -0.89705900
v -0.00000000 2.91356200 -0.01546800
v -0.06790400 2.92145900 -0.35684700
v -0.08150800 2.91933100 -0.28416500
v -0.13319900 2.92145900 -0.33704000
v -0.13236200 2.91933100 -0.26310100
v -0.19337500 2.92145900 -0.30487500
v -0.17813000 2.91933100 -0.23252000
v -0.24612000 2.92145900 -0.26158900
v -0.21705200 2.91933100 -0.19359800
v -0.28940700 2.92145900 -0.20884400
v -0.24763300 2.91933100 -0.14783100
v -0.32157200 2.92145900 -0.14866800
v -0.26869700 2.91933100 -0.09697700
v -0.34137900 2.92145900 -0.08337300
v -0.27943600 2.91933100 -0.04299000
v -0.34806700 2.92145900 -0.01546800
v -0.27943600 2.91933100 0.01205400
v -0.34137900 2.92145900 0.05243600
v -0.26869700 2.91933100 0.06604000
v -0.32157200 2.92145900 0.11773100
v -0.24763300 2.91933100 0.11689400
v -0.28940700 2.92145900 0.17790700
v -0.21705200 2.91933100 0.16266100
v -0.24612000 2.92145900 0.23065200
v -0.17813000 2.91933100 0.20158300
v -0.19337500 2.92145900 0.27393800
v -0.13236200 2.91933100 0.23216400
v -0.13319900 2.92145900 0.30610300
v -0.08150800 2.91933100 0.25322900
v -0.06790400 2.92145900 0.32591000
v -0.02752200 2.91933100 0.26396700
v 0.00000000 2.92145900 0.33259800
v 0.02752200 2.91933100 0.26396700
v 0.06790400 2.92145900 0.32591000
v 0.08150800 2.91933100 0.25322900
v 0.13319900 2.92145900 0.30610300
v 0.13236200 2.91933100 0.23216400
v 0.19337500 2.92145900 0.27393800
v 0.17813000 2.91933100 0.20158300
v 0.24612000 2.92145900 0.23065200
v 0.21705200 2.91933100 0.16266100
v 0.28940700 2.92145900 0.17790700
v 0.24763300 2.91933100 0.11689400
v 0.32157200 2.92145900 0.11773100
v 0.26869700 2.91933100 0.06604000
v 0.34137900 2.92145900 0.05243600
v 0.27943600 2.91933100 0.01205400
v 0.34806700 2.92145900 -0.01546800
v 0.27943600 2.91933100 -0.04299000
v 0.34137900 2.92145900 -0.08337300
v 0.26869700 2.91933100 -0.09697700
v 0.32157200 2.92145900 -0.14866800
v 0.24763300 2.91933100 -0.14783100
v 0.28940700 2.92145900 -0.20884400
v 0.21705200 2.91933100 -0.19359800
v 0.24612000 2.92145900 -0.26158900
v 0.17813000 2.91933100 -0.23252000
v 0.19337500 2.92145900 -0.30487500
v 0.13236200 2.91933100 -0.26310100
v 0.13319900 2.92145900 -0.33704000
v 0.08150800 2.91933100 -0.28416500
v 0.06790400 2.92145900 -0.35684700
v 0.02752200 2.91933100 -0.29490400
v 0.00000000 2.92145900 -0.36353500
v -0.02752200 2.91933100 -0.29490400
v 0.65947900 3.00369800 -0.74309100
v 0.62298100 3.00369800 -0.77457200
v 0.58498300 3.00369800 -0.80422700
v 0.64939100 2.99368700 -0.73196000
v 0.61345100 2.99368700 -0.76296000
v 0.57603500 2.99368700 -0.79216200
v 0.62879700 2.98426000 -0.70923900
v 0.59399700 2.98426000 -0.73925600
v 0.55776800 2.98426000 -0.76753100
v -0.14409100 3.00369800 0.95591400
v -0.09625400 3.00369800 0.96181300
v -0.04818500 3.00369800 0.96536000
v -0.14188700 2.99368700 0.94105500
v -0.09478100 2.99368700 0.94686300
v -0.04744800 2.99368700 0.95035600
v -0.13738800 2.98426000 0.91072200
v -0.09177600 2.98426000 0.91634600
v -0.04594300 2.98426000 0.91972800
v -0.41986400 3.00369800 -0.90319600
v -0.46291600 3.00369800 -0.88152400
v -0.50485500 3.00369800 -0.85776800
v -0.41344100 2.99368700 -0.88961600
v -0.45583500 2.99368700 -0.86827500
v -0.49713200 2.99368700 -0.84488300
v -0.40033000 2.98426000 -0.86189600
v -0.44138000 2.98426000 -0.84123100
v -0.48136700 2.98426000 -0.81858100
v 0.50485500 3.00369800 -0.85776800
v 0.46291600 3.00369800 -0.88152400
v 0.41986400 3.00369800 -0.90319600
v 0.49713200 2.99368700 -0.84488300
v 0.45583500 2.99368700 -0.86827500
v 0.41344100 2.99368700 -0.88961600
v 0.48136700 2.98426000 -0.81858100
v 0.44138000 2.98426000 -0.84123100
v 0.40033000 2.98426000 -0.86189600
v 0.04818500 3.00369800 0.96536000
v 0.09625400 3.00369800 0.96181300
v 0.14409100 3.00369800 0.95591400
v 0.04744800 2.99368700 0.95035600
v 0.09478100 2.99368700 0.94686300
v 0.14188700 2.99368700 0.94105500
v 0.04594300 2.98426000 0.91972800
v 0.09177600 2.98426000 0.91634600
v 0.13738800 2.98426000 0.91072200
v -0.58498300 3.00369800 -0.80422800
v -0.62298000 3.00369800 -0.77457200
v -0.65947900 3.00369800 -0.74309100
v -0.57603500 2.99368700 -0.79216200
v -0.61345000 2.99368700 -0.76296000
v -0.64939000 2.99368700 -0.73196000
v -0.55776800 2.98426000 -0.76753100
v -0.59399700 2.98426000 -0.73925600
v -0.62879700 2.98426000 -0.70923900
v 0.33083000 3.00369800 -0.94007500
v 0.28506200 3.00369800 -0.95519300
v 0.23860900 3.00369800 -0.96805000
v 0.32576900 2.99368700 -0.92593100
v 0.28070200 2.99368700 -0.94081800
v 0.23495900 2.99368700 -0.95347800
v 0.31543800 2.98426000 -0.89705900
v 0.27180000 2.98426000 -0.91147400
v 0.22750800 2.98426000 -0.92373300
v 0.23860900 3.00369800 0.93711400
v 0.28506200 3.00369800 0.92425600
v 0.33083000 3.00369800 0.90913900
v 0.23495900 2.99368700 0.92254200
v 0.28070200 2.99368700 0.90988100
v 0.32576900 2.99368700 0.89499500
v 0.22750800 2.98426000 0.89279600
v 0.27180000 2.98426000 0.88053700
v 0.31543800 2.98426000 0.86612200
v -0.72762200 3.00369800 -0.67494700
v -0.75910400 3.00369800 -0.63844900
v -0.78875900 3.00369800 -0.60045200
v -0.71649200 2.99368700 -0.66485900
v -0.74749200 2.99368700 -0.62891900
v -0.77669300 2.99368700 -0.59150300
v -0.69377100 2.98426000 -0.64426600
v -0.72378700 2.98426000 -0.60946500
v -0.75206300 2.98426000 -0.57323600
v 0.14409100 3.00369800 -0.98685100
v 0.09625400 3.00369800 -0.99275000
v 0.04818500 3.00369800 -0.99629700
v 0.14188700 2.99368700 -0.97199100
v 0.09478100 2.99368700 -0.97780000
v 0.04744800 2.99368700 -0.98129300
v 0.13738800 2.98426000 -0.94165900
v 0.09177600 2.98426000 -0.94728300
v 0.04594300 2.98426000 -0.95066500
v 0.41986400 3.00369800 0.87226000
v 0.46291600 3.00369800 0.85058700
v 0.50485500 3.00369800 0.82683100
v 0.41344100 2.99368700 0.85868000
v 0.45583500 2.99368700 0.83733900
v 0.49713200 2.99368700 0.81394600
v 0.40033000 2.98426000 0.83095900
v 0.44138000 2.98426000 0.81029500
v 0.48136700 2.98426000 0.78764400
v -0.84229900 3.00369800 -0.52032300
v -0.86605500 3.00369800 -0.47838500
v -0.88772800 3.00369800 -0.43533200
v -0.82941400 2.99368700 -0.51260000
v -0.85280700 2.99368700 -0.47130300
v -0.87414800 2.99368700 -0.42890900
v -0.80311200 2.98426000 -0.49683600
v -0.82576300 2.98426000 -0.45684800
v -0.84642700 2.98426000 -0.41579900
v 0.58498300 3.00369800 0.77329100
v 0.62298000 3.00369800 0.74363500
v 0.65947900 3.00369800 0.71215400
v 0.57603500 2.99368700 0.76122500
v 0.61345000 2.99368700 0.73202300
v 0.64939000 2.99368700 0.70102300
v 0.55776800 2.98426000 0.73659500
v 0.59399700 2.98426000 0.70831900
v 0.62879700 2.98426000 0.67830200
v -0.92460700 3.00369800 -0.34629800
v -0.93972500 3.00369800 -0.30053100
v -0.95258200 3.00369800 -0.25407700
v -0.91046300 2.99368700 -0.34123800
v -0.92535000 2.99368700 -0.29617000
v -0.93801000 2.99368700 -0.25042700
v -0.88159100 2.98426000 -0.33090700
v -0.89600500 2.98426000 -0.28726900
v -0.90826400 2.98426000 -0.24297600
v 0.72762200 3.00369800 0.64401000
v 0.75910400 3.00369800 0.60751200
v 0.78875900 3.00369800 0.56951500
v 0.71649200 2.99368700 0.63392200
v 0.74749100 2.99368700 0.59798200
v 0.77669300 2.99368700 0.56056600
v 0.69377100 2.98426000 0.61332900
v 0.72378700 2.98426000 0.57852900
v 0.75206300 2.98426000 0.54230000
v -0.97138300 3.00369800 -0.15956000
v -0.97728100 3.00369800 -0.11172200
v -0.98082900 3.00369800 -0.06365300
v -0.95652300 2.99368700 -0.15735500
v -0.96233100 2.99368700 -0.11025000
v -0.96582500 2.99368700 -0.06291600
v -0.92619000 2.98426000 -0.15285600
v -0.93181400 2.98426000 -0.10724400
v -0.93519700 2.98426000 -0.06141100
v 0.84229900 3.00369800 0.48938700
v 0.86605500 3.00369800 0.44744800
v 0.88772800 3.00369800 0.40439600
v 0.82941400 2.99368700 0.48166400
v 0.85280700 2.99368700 0.44036700
v 0.87414800 2.99368700 0.39797300
v 0.80311200 2.98426000 0.46589900
v 0.82576300 2.98426000 0.42591100
v 0.84642700 2.98426000 0.38486200
v -0.98082900 3.00369800 0.03271600
v -0.97728100 3.00369800 0.08078500
v -0.97138300 3.00369800 0.12862300
v -0.96582500 2.99368700 0.03197900
v -0.96233100 2.99368700 0.07931300
v -0.95652300 2.99368700 0.12641900
v -0.93519700 2.98426000 0.03047500
v -0.93181400 2.98426000 0.07630700
v -0.92619000 2.98426000 0.12191900
v 0.92460700 3.00369800 0.31536200
v 0.93972500 3.00369800 0.26959400
v 0.95258200 3.00369800 0.22314100
v 0.91046300 2.99368700 0.31030100
v 0.92535000 2.99368700 0.26523300
v 0.93801000 2.99368700 0.21949100
v 0.88159100 2.98426000 0.29997000
v 0.89600500 2.98426000 0.25633200
v 0.90826400 2.98426000 0.21204000
v -0.95258200 3.00369800 0.22314100
v -0.93972500 3.00369800 0.26959400
v -0.92460700 3.00369800 0.31536200
v -0.93801000 2.99368700 0.21949100
v -0.92535000 2.99368700 0.26523300
v -0.91046300 2.99368700 0.31030100
v -0.90826400 2.98426000 0.21204000
v -0.89600500 2.98426000 0.25633200
v -0.88159100 2.98426000 0.29997000
v 0.97138300 3.00369800 0.12862300
v 0.97728100 3.00369800 0.08078500
v 0.98082900 3.00369800 0.03271600
v 0.95652300 2.99368700 0.12641900
v 0.96233100 2.99368700 0.07931300
v 0.96582500 2.99368700 0.03197900
v 0.92619000 2.98426000 0.12191900
v 0.93181400 2.98426000 0.07630700
v 0.93519700 2.98426000 0.03047500
v -0.88772800 3.00369800 0.40439500
v -0.86605500 3.00369800 0.44744800
v -0.84229900 3.00369800 0.48938700
v -0.87414800 2.99368700 0.39797300
v -0.85280700 2.99368700 0.44036600
v -0.82941400 2.99368700 0.48166400
v -0.84642800 2.98426000 0.38486200
v -0.82576300 2.98426000 0.42591100
v -0.80311200 2.98426000 0.46589900
v 0.98082900 3.00369800 -0.06365300
v 0.97728100 3.00369800 -0.11172200
v 0.97138300 3.00369800 -0.15956000
v 0.96582500 2.99368700 -0.06291600
v 0.96233100 2.99368700 -0.11025000
v 0.95652300 2.99368700 -0.15735500
v 0.93519700 2.98426000 -0.06141100
v 0.93181400 2.98426000 -0.10724400
v 0.92619000 2.98426000 -0.15285600
v -0.78875900 3.00369800 0.56951500
v -0.75910400 3.00369800 0.60751200
v -0.72762200 3.00369800 0.64401000
v -0.77669300 2.99368700 0.56056600
v -0.74749200 2.99368700 0.59798200
v -0.71649200 2.99368700 0.63392200
v -0.75206300 2.98426000 0.54229900
v -0.72378700 2.98426000 0.57852900
v -0.69377100 2.98426000 0.61332900
v 0.95258200 3.00369800 -0.25407800
v 0.93972500 3.00369800 -0.30053100
v 0.92460700 3.00369800 -0.34629800
v 0.93801000 2.99368700 -0.25042800
v 0.92534900 2.99368700 -0.29617000
v 0.91046300 2.99368700 -0.34123800
v 0.90826400 2.98426000 -0.24297700
v 0.89600500 2.98426000 -0.28726900
v 0.88159100 2.98426000 -0.33090700
v -0.65947900 3.00369800 0.71215400
v -0.62298000 3.00369800 0.74363500
v -0.58498300 3.00369800 0.77329100
v -0.64939000 2.99368700 0.70102300
v -0.61345000 2.99368700 0.73202300
v -0.57603500 2.99368700 0.76122500
v -0.62879700 2.98426000 0.67830200
v -0.59399700 2.98426000 0.70831900
v -0.55776800 2.98426000 0.73659500
v 0.88772800 3.00369800 -0.43533200
v 0.86605500 3.00369800 -0.47838500
v 0.84229900 3.00369800 -0.52032300
v 0.87414800 2.99368700 -0.42890900
v 0.85280700 2.99368700 -0.47130300
v 0.82941400 2.99368700 -0.51260000
v 0.84642700 2.98426000 -0.41579900
v 0.82576300 2.98426000 -0.45684800
v 0.80311200 2.98426000 -0.49683600
v -0.50485500 3.00369800 0.82683100
v -0.46291600 3.00369800 0.85058700
v -0.41986400 3.00369800 0.87226000
v -0.49713200 2.99368700 0.81394600
v -0.45583500 2.99368700 0.83733900
v -0.41344100 2.99368700 0.85868000
v -0.48136700 2.98426000 0.78764400
v -0.44138000 2.98426000 0.81029500
v -0.40033000 2.98426000 0.83095900
v -0.04818500 3.00369800 -0.99629700
v -0.09625400 3.00369800 -0.99275000
v -0.14409100 3.00369800 -0.98685100
v -0.04744800 2.99368700 -0.98129300
v -0.09478100 2.99368700 -0.97780000
v -0.14188700 2.99368700 -0.97199100
v -0.04594300 2.98426000 -0.95066500
v -0.09177600 2.98426000 -0.94728300
v -0.13738800 2.98426000 -0.94165900
v 0.78875900 3.00369800 -0.60045200
v 0.75910400 3.00369800 -0.63844900
v 0.72762200 3.00369800 -0.67494700
v 0.77669300 2.99368700 -0.59150300
v 0.74749200 2.99368700 -0.62891900
v 0.71649200 2.99368700 -0.66485900
v 0.75206300 2.98426000 -0.57323600
v 0.72378800 2.98426000 -0.60946500
v 0.69377100 2.98426000 -0.64426600
v -0.33083000 3.00369800 0.90913900
v -0.28506200 3.00369800 0.92425600
v -0.23860900 3.00369800 0.93711400
v -0.32576900 2.99368700 0.89499500
v -0.28070200 2.99368700 0.90988100
v -0.23495900 2.99368700 0.92254200
v -0.31543800 2.98426000 0.86612200
v -0.27180000 2.98426000 0.88053700
v -0.22750800 2.98426000 0.89279600
v -0.04016400 3.11753500 -0.87572900
v -0.08310700 3.11753500 -0.85926700
v -0.12843600 3.11753500 -0.86703500
v -0.04529300 3.11708700 -0.94662200
v -0.09101500 3.11708700 -0.93955500
v -0.13723700 3.11708700 -0.93756600
v -0.04721400 3.11587200 -0.97767600
v -0.09438100 3.11587200 -0.97373300
v -0.14141100 3.11587200 -0.96839800
v -0.20722100 3.11753500 -0.85136300
v -0.24612700 3.11753500 -0.82684000
v -0.29210100 3.11753500 -0.82561500
v -0.22608100 3.11708700 -0.91989400
v -0.26954600 3.11708700 -0.90404300
v -0.31449200 3.11708700 -0.89307500
v -0.23402400 3.11587200 -0.94997600
v -0.27951600 3.11587200 -0.93690800
v -0.32460100 3.11587200 -0.92250000
v -0.36631400 3.11753500 -0.79487500
v -0.39968800 3.11753500 -0.76323300
v -0.44454000 3.11753500 -0.75306200
v -0.39818200 3.11708700 -0.85840900
v -0.43771900 3.11708700 -0.83438400
v -0.47966200 3.11708700 -0.81485700
v -0.41184000 3.11587200 -0.88636400
v -0.45390900 3.11587200 -0.86467200
v -0.49531700 3.11587200 -0.84174500
v -0.51133000 3.11753500 -0.70843500
v -0.53789000 3.11753500 -0.67088900
v -0.57989600 3.11753500 -0.65216400
v -0.55498100 3.11708700 -0.76453100
v -0.58907100 3.11708700 -0.73325300
v -0.62639800 3.11708700 -0.70592000
v -0.57383000 3.11587200 -0.78928400
v -0.61085800 3.11587200 -0.75980100
v -0.64699800 3.11587200 -0.72923700
v -0.63669600 3.11753500 -0.59536400
v -0.65542100 3.11753500 -0.55335800
v -0.69296600 3.11753500 -0.52679800
v -0.69045200 3.11708700 -0.64186700
v -0.71778500 3.11708700 -0.60453900
v -0.74906300 3.11708700 -0.57044900
v -0.71376800 3.11587200 -0.66246700
v -0.74433300 3.11587200 -0.62632700
v -0.77381600 3.11587200 -0.58929900
v -0.73759400 3.11753500 -0.46000800
v -0.74776400 3.11753500 -0.41515700
v -0.77940700 3.11753500 -0.38178200
v -0.79938900 3.11708700 -0.49513000
v -0.81891500 3.11708700 -0.45318800
v -0.84294100 3.11708700 -0.41365000
v -0.82627700 3.11587200 -0.51078600
v -0.84920300 3.11587200 -0.46937700
v -0.87089600 3.11587200 -0.42730900
v -0.81014700 3.11753500 -0.30756900
v -0.81137100 3.11753500 -0.26159500
v -0.83589500 3.11753500 -0.22268900
v -0.87760600 3.11708700 -0.32996000
v -0.88857500 3.11708700 -0.28501500
v -0.90442500 3.11708700 -0.24155000
v -0.90703100 3.11587200 -0.34007000
v -0.92143900 3.11587200 -0.29498400
v -0.93450800 3.11587200 -0.24949200
v -0.85156600 3.11753500 -0.14390500
v -0.84379800 3.11753500 -0.09857500
v -0.86026000 3.11753500 -0.05563200
v -0.92209800 3.11708700 -0.15270500
v -0.92408700 3.11708700 -0.10648300
v -0.93115400 3.11708700 -0.06076100
v -0.95293000 3.11587200 -0.15687900
v -0.95826500 3.11587200 -0.10984900
v -0.96220700 3.11587200 -0.06268200
v -0.86026000 3.11753500 0.02469500
v -0.84379800 3.11753500 0.06763900
v -0.85156600 3.11753500 0.11296800
v -0.93115400 3.11708700 0.02982400
v -0.92408700 3.11708700 0.07554600
v -0.92209800 3.11708700 0.12176800
v -0.96220700 3.11587200 0.03174500
v -0.95826500 3.11587200 0.07891300
v -0.95293000 3.11587200 0.12594300
v -0.83589500 3.11753500 0.19175200
v -0.81137100 3.11753500 0.23065900
v -0.81014700 3.11753500 0.27663200
v -0.90442600 3.11708700 0.21061300
v -0.88857500 3.11708700 0.25407800
v -0.87760600 3.11708700 0.29902400
v -0.93450800 3.11587200 0.21855500
v -0.92143900 3.11587200 0.26404700
v -0.90703100 3.11587200 0.30913300
v -0.77940700 3.11753500 0.35084500
v -0.74776400 3.11753500 0.38422000
v -0.73759400 3.11753500 0.42907200
v -0.84294100 3.11708700 0.38271400
v -0.81891500 3.11708700 0.42225100
v -0.79938900 3.11708700 0.46419300
v -0.87089600 3.11587200 0.39637200
v -0.84920300 3.11587200 0.43844000
v -0.82627700 3.11587200 0.47984900
v -0.69296600 3.11753500 0.49586200
v -0.65542100 3.11753500 0.52242200
v -0.63669600 3.11753500 0.56442700
v -0.74906300 3.11708700 0.53951200
v -0.71778500 3.11708700 0.57360300
v -0.69045200 3.11708700 0.61093000
v -0.77381600 3.11587200 0.55836200
v -0.74433300 3.11587200 0.59539000
v -0.71376800 3.11587200 0.63153000
v -0.57989600 3.11753500 0.62122800
v -0.53789000 3.11753500 0.63995300
v -0.51133000 3.11753500 0.67749800
v -0.62639800 3.11708700 0.67498300
v -0.58907100 3.11708700 0.70231700
v -0.55498100 3.11708700 0.73359400
v -0.64699800 3.11587200 0.69830000
v -0.61085800 3.11587200 0.72886500
v -0.57383000 3.11587200 0.75834700
v -0.44454000 3.11753500 0.72212600
v -0.39968800 3.11753500 0.73229600
v -0.36631400 3.11753500 0.76393900
v -0.47966200 3.11708700 0.78392100
v -0.43771900 3.11708700 0.80344700
v -0.39818200 3.11708700 0.82747300
v -0.49531700 3.11587200 0.81080800
v -0.45390900 3.11587200 0.83373500
v -0.41184000 3.11587200 0.85542700
v -0.29210100 3.11753500 0.79467800
v -0.24612700 3.11753500 0.79590300
v -0.20722000 3.11753500 0.82042700
v -0.31449200 3.11708700 0.86213800
v -0.26954600 3.11708700 0.87310600
v -0.22608100 3.11708700 0.88895700
v -0.32460100 3.11587200 0.89156300
v -0.27951600 3.11587200 0.90597100
v -0.23402400 3.11587200 0.91903900
v -0.12843600 3.11753500 0.83609800
v -0.08310700 3.11753500 0.82833000
v -0.04016400 3.11753500 0.84479200
v -0.13723700 3.11708700 0.90663000
v -0.09101500 3.11708700 0.90861900
v -0.04529300 3.11708700 0.91568500
v -0.14141100 3.11587200 0.93746100
v -0.09438100 3.11587200 0.94279600
v -0.04721300 3.11587200 0.94673900
v 0.04016400 3.11753500 0.84479200
v 0.08310700 3.11753500 0.82833000
v 0.12843600 3.11753500 0.83609800
v 0.04529300 3.11708700 0.91568500
v 0.09101500 3.11708700 0.90861900
v 0.13723700 3.11708700 0.90662900
v 0.04721400 3.11587200 0.94673900
v 0.09438100 3.11587200 0.94279600
v 0.14141100 3.11587200 0.93746100
v 0.20722000 3.11753500 0.82042700
v 0.24612700 3.11753500 0.79590300
v 0.29210100 3.11753500 0.79467900
v 0.22608100 3.11708700 0.88895700
v 0.26954600 3.11708700 0.87310600
v 0.31449200 3.11708700 0.86213800
v 0.23402400 3.11587200 0.91903900
v 0.27951500 3.11587200 0.90597100
v 0.32460100 3.11587200 0.89156300
v 0.36631400 3.11753500 0.76393800
v 0.39968800 3.11753500 0.73229600
v 0.44454000 3.11753500 0.72212600
v 0.39818200 3.11708700 0.82747300
v 0.43771900 3.11708700 0.80344700
v 0.47966200 3.11708700 0.78392100
v 0.41184000 3.11587200 0.85542800
v 0.45390900 3.11587200 0.83373500
v 0.49531700 3.11587200 0.81080800
v 0.51133000 3.11753500 0.67749800
v 0.53789000 3.11753500 0.63995200
v 0.57989600 3.11753500 0.62122800
v 0.55498100 3.11708700 0.73359400
v 0.58907100 3.11708700 0.70231700
v 0.62639800 3.11708700 0.67498300
v 0.57383000 3.11587200 0.75834700
v 0.61085800 3.11587200 0.72886500
v 0.64699800 3.11587200 0.69830000
v 0.63669600 3.11753500 0.56442700
v 0.65542100 3.11753500 0.52242200
v 0.69296600 3.11753500 0.49586200
v 0.69045200 3.11708700 0.61093000
v 0.71778500 3.11708700 0.57360300
v 0.74906300 3.11708700 0.53951200
v 0.71376800 3.11587200 0.63153000
v 0.74433300 3.11587200 0.59539000
v 0.77381600 3.11587200 0.55836200
v 0.73759400 3.11753500 0.42907200
v 0.74776400 3.11753500 0.38422000
v 0.77940700 3.11753500 0.35084600
v 0.79938900 3.11708700 0.46419400
v 0.81891500 3.11708700 0.42225100
v 0.84294100 3.11708700 0.38271400
v 0.82627600 3.11587200 0.47984900
v 0.84920300 3.11587200 0.43844000
v 0.87089600 3.11587200 0.39637200
v 0.81014700 3.11753500 0.27663300
v 0.81137100 3.11753500 0.23065900
v 0.83589500 3.11753500 0.19175200
v 0.87760600 3.11708700 0.29902400
v 0.88857500 3.11708700 0.25407800
v 0.90442500 3.11708700 0.21061300
v 0.90703100 3.11587200 0.30913300
v 0.92143900 3.11587200 0.26404700
v 0.93450800 3.11587200 0.21855500
v 0.85156600 3.11753500 0.11296800
v 0.84379800 3.11753500 0.06763900
v 0.86026000 3.11753500 0.02469500
v 0.92209800 3.11708700 0.12176800
v 0.92408700 3.11708700 0.07554600
v 0.93115400 3.11708700 0.02982400
v 0.95293000 3.11587200 0.12594300
v 0.95826500 3.11587200 0.07891300
v 0.96220700 3.11587200 0.03174500
v 0.86026000 3.11753500 -0.05563200
v 0.84379800 3.11753500 -0.09857500
v 0.85156600 3.11753500 -0.14390500
v 0.93115400 3.11708700 -0.06076100
v 0.92408700 3.11708700 -0.10648300
v 0.92209800 3.11708700 -0.15270500
v 0.96220700 3.11587200 -0.06268200
v 0.95826500 3.11587200 -0.10984900
v 0.95293000 3.11587200 -0.15687900
v 0.83589500 3.11753500 -0.22268900
v 0.81137100 3.11753500 -0.26159500
v 0.81014700 3.11753500 -0.30756900
v 0.90442600 3.11708700 -0.24155000
v 0.88857500 3.11708700 -0.28501500
v 0.87760600 3.11708700 -0.32996100
v 0.93450800 3.11587200 -0.24949200
v 0.92143900 3.11587200 -0.29498400
v 0.90703100 3.11587200 -0.34007000
v 0.77940700 3.11753500 -0.38178200
v 0.74776400 3.11753500 -0.41515700
v 0.73759400 3.11753500 -0.46000800
v 0.84294100 3.11708700 -0.41365000
v 0.81891500 3.11708700 -0.45318800
v 0.79938900 3.11708700 -0.49513000
v 0.87089600 3.11587200 -0.42730900
v 0.84920300 3.11587200 -0.46937700
v 0.82627700 3.11587200 -0.51078500
v 0.69296700 3.11753500 -0.52679800
v 0.65542100 3.11753500 -0.55335800
v 0.63669600 3.11753500 -0.59536400
v 0.74906300 3.11708700 -0.57044900
v 0.71778500 3.11708700 -0.60453900
v 0.69045200 3.11708700 -0.64186700
v 0.77381600 3.11587200 -0.58929900
v 0.74433300 3.11587200 -0.62632700
v 0.71376800 3.11587200 -0.66246700
v 0.57989600 3.11753500 -0.65216400
v 0.53789000 3.11753500 -0.67088900
v 0.51133000 3.11753500 -0.70843500
v 0.62639800 3.11708700 -0.70592000
v 0.58907100 3.11708700 -0.73325300
v 0.55498100 3.11708700 -0.76453100
v 0.64699800 3.11587200 -0.72923700
v 0.61085800 3.11587200 -0.75980100
v 0.57383000 3.11587200 -0.78928400
v 0.44454000 3.11753500 -0.75306200
v 0.39968800 3.11753500 -0.76323300
v 0.36631400 3.11753500 -0.79487500
v 0.47966200 3.11708700 -0.81485700
v 0.43771900 3.11708700 -0.83438400
v 0.39818200 3.11708700 -0.85840900
v 0.49531700 3.11587200 -0.84174500
v 0.45390900 3.11587200 -0.86467200
v 0.41184000 3.11587200 -0.88636400
v 0.29210100 3.11753500 -0.82561500
v 0.24612700 3.11753500 -0.82684000
v 0.20722000 3.11753500 -0.85136300
v 0.31449200 3.11708700 -0.89307500
v 0.26954600 3.11708700 -0.90404300
v 0.22608100 3.11708700 -0.91989400
v 0.32460100 3.11587200 -0.92250000
v 0.27951600 3.11587200 -0.93690800
v 0.23402400 3.11587200 -0.94997600
v 0.12843600 3.11753500 -0.86703400
v 0.08310700 3.11753500 -0.85926700
v 0.04016400 3.11753500 -0.87572900
v 0.13723700 3.11708700 -0.93756600
v 0.09101500 3.11708700 -0.93955500
v 0.04529300 3.11708700 -0.94662200
v 0.14141100 3.11587200 -0.96839800
v 0.09438100 3.11587200 -0.97373300
v 0.04721300 3.11587200 -0.97767600
v -0.08759000 2.93592900 -0.59526900
v -0.05641600 2.93532000 -0.58826900
v -0.02720700 2.93592900 -0.60121600
v -0.10334400 2.94776100 -0.70956000
v -0.06847700 2.94757500 -0.71072500
v -0.03405200 2.94776100 -0.71638500
v -0.11790800 2.96104300 -0.81001400
v -0.07869400 2.96102000 -0.81445800
v -0.03936600 2.96104300 -0.81775000
v -0.19902000 2.93592900 -0.56704000
v -0.16708000 2.93532000 -0.56625600
v -0.14095800 2.93592900 -0.58465300
v -0.23676900 2.94776100 -0.67606200
v -0.20279900 2.94757500 -0.68400600
v -0.17014000 2.94776100 -0.69627400
v -0.27065100 2.96104300 -0.77174400
v -0.23305700 2.96102000 -0.78375300
v -0.19512700 2.96104300 -0.79465400
v -0.30280200 2.93592900 -0.51761500
v -0.27132300 2.93532000 -0.52307700
v -0.24929200 2.93592900 -0.54621700
v -0.36109500 2.94776100 -0.61717700
v -0.32932700 2.94757500 -0.63159700
v -0.29968900 2.94776100 -0.65000000
v -0.41299200 2.96104300 -0.70441100
v -0.37846300 2.96102000 -0.72352300
v -0.34338900 2.96104300 -0.74161500
v -0.39494800 2.93592900 -0.44889200
v -0.36513900 2.93532000 -0.46039100
v -0.34804500 2.93592900 -0.48738400
v -0.47154500 2.94776100 -0.53517000
v -0.44320000 2.94757500 -0.55550900
v -0.41772200 2.94776100 -0.57934100
v -0.53946300 2.96104300 -0.61060300
v -0.50932600 2.96102000 -0.63608400
v -0.47845500 2.96104300 -0.66067100
v -0.47191600 2.93592900 -0.36351400
v -0.44492300 2.93532000 -0.38060700
v -0.43342400 2.93592900 -0.41041600
v -0.56387300 2.94776100 -0.43319000
v -0.54004100 2.94757500 -0.45866800
v -0.51970100 2.94776100 -0.48701300
v -0.64520200 2.96104300 -0.49392300
v -0.62061500 2.96102000 -0.52479400
v -0.59513400 2.96104300 -0.55493100
v -0.53074900 2.93592900 -0.26476000
v -0.50760900 2.93532000 -0.28679100
v -0.50214600 2.93592900 -0.31827100
v -0.63453100 2.94776100 -0.31515700
v -0.61612800 2.94757500 -0.34479600
v -0.60170900 2.94776100 -0.37656400
v -0.72614700 2.96104300 -0.35885700
v -0.70805500 2.96102000 -0.39393200
v -0.68894300 2.96104300 -0.42846100
v -0.56918500 2.93592900 -0.15642600
v -0.55078800 2.93532000 -0.18254800
v -0.55157200 2.93592900 -0.21448900
v -0.68080600 2.94776100 -0.18560800
v -0.66853800 2.94757500 -0.21826700
v -0.66059400 2.94776100 -0.25223800
v -0.77918600 2.96104300 -0.21059500
v -0.76828400 2.96102000 -0.24852500
v -0.75627600 2.96104300 -0.28611900
v -0.58574700 2.93592900 -0.04267500
v -0.57280000 2.93532000 -0.07188400
v -0.57980000 2.93592900 -0.10305800
v -0.70091700 2.94776100 -0.04952000
v -0.69525600 2.94757500 -0.08394500
v -0.69409200 2.94776100 -0.11881300
v -0.80228100 2.96104300 -0.05483400
v -0.79898900 2.96102000 -0.09416200
v -0.79454600 2.96104300 -0.13337600
v -0.57980000 2.93592900 0.07212100
v -0.57280000 2.93532000 0.04094800
v -0.58574700 2.93592900 0.01173800
v -0.69409200 2.94776100 0.08787600
v -0.69525600 2.94757500 0.05300800
v -0.70091700 2.94776100 0.01858400
v -0.79454600 2.96104300 0.10244000
v -0.79898900 2.96102000 0.06322500
v -0.80228100 2.96104300 0.02389700
v -0.55157200 2.93592900 0.18355200
v -0.55078800 2.93532000 0.15161100
v -0.56918500 2.93592900 0.12548900
v -0.66059400 2.94776100 0.22130100
v -0.66853800 2.94757500 0.18733000
v -0.68080600 2.94776100 0.15467100
v -0.75627600 2.96104300 0.25518200
v -0.76828400 2.96102000 0.21758800
v -0.77918600 2.96104300 0.17965800
v -0.50214700 2.93592900 0.28733400
v -0.50760900 2.93532000 0.25585400
v -0.53074900 2.93592900 0.23382300
v -0.60170900 2.94776100 0.34562700
v -0.61612800 2.94757500 0.31385900
v -0.63453100 2.94776100 0.28422100
v -0.68894300 2.96104300 0.39752400
v -0.70805500 2.96102000 0.36299500
v -0.72614700 2.96104300 0.32792100
v -0.43342400 2.93592900 0.37948000
v -0.44492300 2.93532000 0.34967000
v -0.47191600 2.93592900 0.33257700
v -0.51970100 2.94776100 0.45607600
v -0.54004100 2.94757500 0.42773200
v -0.56387300 2.94776100 0.40225300
v -0.59513400 2.96104300 0.52399500
v -0.62061500 2.96102000 0.49385700
v -0.64520200 2.96104300 0.46298700
v -0.34804500 2.93592900 0.45644800
v -0.36513900 2.93532000 0.42945500
v -0.39494800 2.93592900 0.41795600
v -0.41772200 2.94776100 0.54840400
v -0.44320000 2.94757500 0.52457300
v -0.47154500 2.94776100 0.50423300
v -0.47845500 2.96104300 0.62973400
v -0.50932600 2.96102000 0.60514700
v -0.53946300 2.96104300 0.57966600
v -0.24929200 2.93592900 0.51528000
v -0.27132300 2.93532000 0.49214100
v -0.30280200 2.93592900 0.48667800
v -0.29968900 2.94776100 0.61906300
v -0.32932700 2.94757500 0.60066000
v -0.36109500 2.94776100 0.58624100
v -0.34338900 2.96104300 0.71067900
v -0.37846300 2.96102000 0.69258700
v -0.41299200 2.96104300 0.67347500
v -0.14095800 2.93592900 0.55371600
v -0.16708000 2.93532000 0.53532000
v -0.19902000 2.93592900 0.53610300
v -0.17014000 2.94776100 0.66533700
v -0.20279900 2.94757500 0.65307000
v -0.23676900 2.94776100 0.64512500
v -0.19512700 2.96104300 0.76371800
v -0.23305700 2.96102000 0.75281600
v -0.27065100 2.96104300 0.74080800
v -0.02720700 2.93592900 0.57027900
v -0.05641600 2.93532000 0.55733200
v -0.08759000 2.93592900 0.56433200
v -0.03405200 2.94776100 0.68544800
v -0.06847700 2.94757500 0.67978800
v -0.10334400 2.94776100 0.67862400
v -0.03936600 2.96104300 0.78681300
v -0.07869400 2.96102000 0.78352100
v -0.11790800 2.96104300 0.77907700
v 0.08759000 2.93592900 0.56433200
v 0.05641600 2.93532000 0.55733200
v 0.02720700 2.93592900 0.57027900
v 0.10334400 2.94776100 0.67862400
v 0.06847700 2.94757500 0.67978800
v 0.03405200 2.94776100 0.68544800
v 0.11790800 2.96104300 0.77907700
v 0.07869400 2.96102000 0.78352100
v 0.03936600 2.96104300 0.78681300
v 0.19902000 2.93592900 0.53610300
v 0.16708000 2.93532000 0.53532000
v 0.14095800 2.93592900 0.55371600
v 0.23676900 2.94776100 0.64512500
v 0.20279900 2.94757500 0.65307000
v 0.17014000 2.94776100 0.66533700
v 0.27065100 2.96104300 0.74080800
v 0.23305700 2.96102000 0.75281600
v 0.19512700 2.96104300 0.76371800
v 0.30280200 2.93592900 0.48667800
v 0.27132300 2.93532000 0.49214100
v 0.24929200 2.93592900 0.51528000
v 0.36109500 2.94776100 0.58624100
v 0.32932700 2.94757500 0.60066000
v 0.29968900 2.94776100 0.61906300
v 0.41299200 2.96104300 0.67347500
v 0.37846300 2.96102000 0.69258700
v 0.34338900 2.96104300 0.71067900
v 0.39494800 2.93592900 0.41795600
v 0.36513900 2.93532000 0.42945500
v 0.34804500 2.93592900 0.45644800
v 0.47154500 2.94776100 0.50423300
v 0.44320000 2.94757500 0.52457200
v 0.41772200 2.94776100 0.54840400
v 0.53946300 2.96104300 0.57966600
v 0.50932600 2.96102000 0.60514700
v 0.47845500 2.96104300 0.62973400
v 0.47191600 2.93592900 0.33257700
v 0.44492300 2.93532000 0.34967100
v 0.43342400 2.93592900 0.37948000
v 0.56387300 2.94776100 0.40225300
v 0.54004100 2.94757500 0.42773200
v 0.51970100 2.94776100 0.45607600
v 0.64520200 2.96104300 0.46298700
v 0.62061500 2.96102000 0.49385800
v 0.59513400 2.96104300 0.52399500
v 0.53074900 2.93592900 0.23382300
v 0.50760900 2.93532000 0.25585400
v 0.50214600 2.93592900 0.28733400
v 0.63453100 2.94776100 0.28422100
v 0.61612800 2.94757500 0.31385900
v 0.60170900 2.94776100 0.34562700
v 0.72614700 2.96104300 0.32792100
v 0.70805500 2.96102000 0.36299500
v 0.68894300 2.96104300 0.39752400
v 0.56918500 2.93592900 0.12548900
v 0.55078800 2.93532000 0.15161100
v 0.55157200 2.93592900 0.18355200
v 0.68080600 2.94776100 0.15467100
v 0.66853800 2.94757500 0.18733100
v 0.66059400 2.94776100 0.22130100
v 0.77918600 2.96104300 0.17965800
v 0.76828400 2.96102000 0.21758800
v 0.75627600 2.96104300 0.25518200
v 0.58574700 2.93592900 0.01173800
v 0.57280000 2.93532000 0.04094800
v 0.57980000 2.93592900 0.07212100
v 0.70091700 2.94776100 0.01858400
v 0.69525600 2.94757500 0.05300800
v 0.69409200 2.94776100 0.08787600
v 0.80228100 2.96104300 0.02389700
v 0.79898900 2.96102000 0.06322500
v 0.79454600 2.96104300 0.10244000
v 0.57980000 2.93592900 -0.10305800
v 0.57280000 2.93532000 -0.07188400
v 0.58574700 2.93592900 -0.04267500
v 0.69409200 2.94776100 -0.11881300
v 0.69525600 2.94757500 -0.08394500
v 0.70091700 2.94776100 -0.04952000
v 0.79454600 2.96104300 -0.13337700
v 0.79898900 2.96102000 -0.09416200
v 0.80228100 2.96104300 -0.05483400
v 0.55157200 2.93592900 -0.21448900
v 0.55078800 2.93532000 -0.18254800
v 0.56918500 2.93592900 -0.15642600
v 0.66059400 2.94776100 -0.25223800
v 0.66853800 2.94757500 -0.21826700
v 0.68080600 2.94776100 -0.18560800
v 0.75627600 2.96104300 -0.28611900
v 0.76828400 2.96102000 -0.24852500
v 0.77918600 2.96104300 -0.21059500
v 0.50214700 2.93592900 -0.31827100
v 0.50760900 2.93532000 -0.28679100
v 0.53074900 2.93592900 -0.26476000
v 0.60170900 2.94776100 -0.37656400
v 0.61612800 2.94757500 -0.34479600
v 0.63453100 2.94776100 -0.31515800
v 0.68894300 2.96104300 -0.42846100
v 0.70805500 2.96102000 -0.39393200
v 0.72614700 2.96104300 -0.35885700
v 0.43342400 2.93592900 -0.41041600
v 0.44492300 2.93532000 -0.38060700
v 0.47191600 2.93592900 -0.36351400
v 0.51970100 2.94776100 -0.48701300
v 0.54004100 2.94757500 -0.45866800
v 0.56387300 2.94776100 -0.43319000
v 0.59513400 2.96104300 -0.55493100
v 0.62061500 2.96102000 -0.52479400
v 0.64520200 2.96104300 -0.49392300
v 0.34804500 2.93592900 -0.48738400
v 0.36513900 2.93532000 -0.46039100
v 0.39494800 2.93592900 -0.44889200
v 0.41772200 2.94776100 -0.57934100
v 0.44320000 2.94757500 -0.55550900
v 0.47154500 2.94776100 -0.53517000
v 0.47845500 2.96104300 -0.66067100
v 0.50932600 2.96102000 -0.63608400
v 0.53946300 2.96104300 -0.61060300
v 0.24929200 2.93592900 -0.54621700
v 0.27132300 2.93532000 -0.52307700
v 0.30280200 2.93592900 -0.51761500
v 0.29968900 2.94776100 -0.65000000
v 0.32932700 2.94757500 -0.63159700
v 0.36109500 2.94776100 -0.61717800
v 0.34338900 2.96104300 -0.74161500
v 0.37846300 2.96102000 -0.72352300
v 0.41299200 2.96104300 -0.70441100
v 0.14095800 2.93592900 -0.58465300
v 0.16708000 2.93532000 -0.56625600
v 0.19902000 2.93592900 -0.56704000
v 0.17014000 2.94776100 -0.69627400
v 0.20279900 2.94757500 -0.68400600
v 0.23676900 2.94776100 -0.67606200
v 0.19512700 2.96104300 -0.79465400
v 0.23305700 2.96102000 -0.78375300
v 0.27065100 2.96104300 -0.77174400
v 0.02720700 2.93592900 -0.60121600
v 0.05641600 2.93532000 -0.58826900
v 0.08759000 2.93592900 -0.59526900
v 0.03405200 2.94776100 -0.71638500
v 0.06847700 2.94757500 -0.71072500
v 0.10334400 2.94776100 -0.70956000
v 0.03936600 2.96104300 -0.81775000
v 0.07869400 2.96102000 -0.81445800
v 0.11790800 2.96104300 -0.81001400
vn 0.00000000 -0.17050000 0.98540000
vn 0.19220000 -0.17050000 0.96640000
vn 0.37710000 -0.17050000 0.91040000
vn 0.54740000 -0.17050000 0.81930000
vn 0.54740000 -0.17050000 0.81930000
vn 0.69680000 -0.17050000 0.69680000
vn 0.81930000 -0.17050000 0.54740000
vn 0.81930000 -0.17050000 0.54740000
vn 0.91040000 -0.17050000 0.37710000
vn 0.96640000 -0.17050000 0.19220000
vn 0.98540000 -0.17050000 -0.00000000
vn 0.96640000 -0.17050000 -0.19220000
vn 0.91040000 -0.17050000 -0.37710000
vn 0.81930000 -0.17050000 -0.54740000
vn 0.69680000 -0.17050000 -0.69680000
vn 0.69680000 -0.17050000 -0.69680000
vn 0.54740000 -0.17050000 -0.81930000
vn 0.37710000 -0.17050000 -0.91040000
vn 0.19220000 -0.17050000 -0.96640000
vn 0.00000000 -0.17050000 -0.98540000
vn -0.19220000 -0.17050000 -0.96640000
vn -0.37710000 -0.17050000 -0.91030000
vn -0.54740000 -0.17050000 -0.81930000
vn -0.54740000 -0.17050000 -0.81930000
vn -0.69680000 -0.17050000 -0.69680000
vn -0.69680000 -0.17050000 -0.69680000
vn -0.81930000 -0.17050000 -0.54740000
vn -0.91040000 -0.17050000 -0.37710000
vn -0.96640000 -0.17050000 -0.19220000
vn -0.98540000 -0.17050000 0.00000000
vn -0.96640000 -0.17050000 0.19220000
vn -0.91040000 -0.17050000 0.37710000
vn -0.81930000 -0.17050000 0.54740000
vn -0.81930000 -0.17050000 0.54740000
vn -0.69680000 -0.17050000 0.69680000
vn -0.69680000 -0.17050000 0.69680000
vn -0.54740000 -0.17050000 0.81930000
vn -0.37710000 -0.17050000 0.91040000
vn -0.19220000 -0.17050000 0.96640000
vn -0.00000000 -1.00000000 0.00050000
vn 0.00010000 -1.00000000 0.00050000
vn 0.00020000 -1.00000000 0.00050000
vn 0.00030000 -1.00000000 0.00040000
vn 0.00040000 -1.00000000 0.00040000
vn 0.00040000 -1.00000000 0.00030000
vn 0.00050000 -1.00000000 0.00020000
vn 0.00050000 -1.00000000 0.00010000
vn 0.00050000 -1.00000000 -0.00000000
vn 0.00050000 -1.00000000 -0.00010000
vn 0.00050000 -1.00000000 -0.00020000
vn 0.00040000 -1.00000000 -0.00030000
vn 0.00040000 -1.00000000 -0.00040000
vn 0.00030000 -1.00000000 -0.00040000
vn 0.00020000 -1.00000000 -0.00050000
vn 0.00010000 -1.00000000 -0.00050000
vn 0.00000000 -1.00000000 -0.00050000
vn -0.00010000 -1.00000000 -0.00050000
vn -0.00020000 -1.00000000 -0.00050000
vn -0.00030000 -1.00000000 -0.00040000
vn -0.00040000 -1.00000000 -0.00040000
vn -0.00040000 -1.00000000 -0.00030000
vn -0.00050000 -1.00000000 -0.00020000
vn -0.00050000 -1.00000000 -0.00010000
vn -0.00050000 -1.00000000 -0.00000000
vn -0.00050000 -1.00000000 0.00010000
vn -0.00050000 -1.00000000 0.00020000
vn -0.00040000 -1.00000000 0.00030000
vn -0.00040000 -1.00000000 0.00040000
vn -0.00030000 -1.00000000 0.00040000
vn -0.00020000 -1.00000000 0.00050000
vn -0.00010000 -1.00000000 0.00050000
vn -0.00000000 0.32370000 0.94620000
vn 0.18460000 0.32370000 0.92800000
vn 0.36210000 0.32370000 0.87410000
vn 0.52570000 0.32370000 0.78670000
vn 0.66900000 0.32370000 0.66900000
vn 0.78670000 0.32370000 0.52570000
vn 0.87410000 0.32370000 0.36210000
vn 0.92800000 0.32370000 0.18460000
vn 0.94620000 0.32370000 0.00000000
vn 0.92800000 0.32370000 -0.18460000
vn 0.87410000 0.32370000 -0.36210000
vn 0.78670000 0.32370000 -0.52570000
vn 0.66900000 0.32370000 -0.66900000
vn 0.52570000 0.32370000 -0.78670000
vn 0.36210000 0.32370000 -0.87410000
vn 0.18460000 0.32370000 -0.92800000
vn 0.00000000 0.32370000 -0.94620000
vn -0.18460000 0.32370000 -0.92800000
vn -0.36210000 0.32370000 -0.87410000
vn -0.52570000 0.32370000 -0.78670000
vn -0.66900000 0.32370000 -0.66900000
vn -0.78670000 0.32370000 -0.52570000
vn -0.87410000 0.32370000 -0.36210000
vn -0.92800000 0.32370000 -0.18460000
vn -0.94620000 0.32370000 -0.00000000
vn -0.92800000 0.32370000 0.18460000
vn -0.87410000 0.32370000 0.36210000
vn -0.78670000 0.32370000 0.52570000
vn -0.66900000 0.32370000 0.66900000
vn -0.52570000 0.32370000 0.78670000
vn -0.36210000 0.32370000 0.87410000
vn -0.18460000 0.32370000 0.92800000
vn 0.00000000 0.99740000 0.07230000
vn 0.01410000 0.99740000 0.07100000
vn 0.02770000 0.99740000 0.06680000
vn 0.04020000 0.99740000 0.06010000
vn 0.05120000 0.99740000 0.05120000
vn 0.06010000 0.99740000 0.04020000
vn 0.06680000 0.99740000 0.02770000
vn 0.07090000 0.99740000 0.01410000
vn 0.07230000 0.99740000 0.00000000
vn 0.07090000 0.99740000 -0.01410000
vn 0.06680000 0.99740000 -0.02770000
vn 0.06010000 0.99740000 -0.04020000
vn 0.05120000 0.99740000 -0.05120000
vn 0.04020000 0.99740000 -0.06010000
vn 0.02770000 0.99740000 -0.06680000
vn 0.01410000 0.99740000 -0.07090000
vn 0.00000000 0.99740000 -0.07230000
vn -0.01410000 0.99740000 -0.07100000
vn -0.02770000 0.99740000 -0.06680000
vn -0.04020000 0.99740000 -0.06010000
vn -0.05120000 0.99740000 -0.05120000
vn -0.06010000 0.99740000 -0.04020000
vn -0.06680000 0.99740000 -0.02770000
vn -0.07090000 0.99740000 -0.01410000
vn -0.07230000 0.99740000 0.00000000
vn -0.07090000 0.99740000 0.01410000
vn -0.06680000 0.99740000 0.02770000
vn -0.06010000 0.99740000 0.04020000
vn -0.05120000 0.99740000 0.05120000
vn -0.04020000 0.99740000 0.06010000
vn -0.02770000 0.99740000 0.06680000
vn -0.01410000 0.99740000 0.07100000
vn 0.08110000 -0.90960000 0.40760000
vn 0.08110000 -0.90960000 0.40760000
vn 0.00000000 -0.90960000 0.41560000
vn 0.00000000 -0.90960000 0.41560000
vn 0.15900000 -0.90960000 0.38390000
vn 0.15900000 -0.90960000 0.38390000
vn 0.23090000 -0.90960000 0.34550000
vn 0.23090000 -0.90960000 0.34550000
vn 0.29380000 -0.90960000 0.29380000
vn 0.34550000 -0.90960000 0.23090000
vn 0.34550000 -0.90960000 0.23090000
vn 0.38390000 -0.90960000 0.15900000
vn 0.38390000 -0.90960000 0.15900000
vn 0.40760000 -0.90960000 0.08110000
vn 0.40760000 -0.90960000 0.08110000
vn 0.41560000 -0.90960000 0.00000000
vn 0.41560000 -0.90960000 0.00000000
vn 0.40760000 -0.90960000 -0.08110000
vn 0.40760000 -0.90960000 -0.08110000
vn 0.38390000 -0.90960000 -0.15900000
vn 0.38390000 -0.90960000 -0.15900000
vn 0.34550000 -0.90960000 -0.23090000
vn 0.34550000 -0.90960000 -0.23090000
vn 0.29380000 -0.90960000 -0.29380000
vn 0.29380000 -0.90960000 -0.29380000
vn 0.29380000 -0.90960000 -0.29380000
vn 0.23090000 -0.90960000 -0.34550000
vn 0.23090000 -0.90960000 -0.34550000
vn 0.15900000 -0.90960000 -0.38390000
vn 0.15900000 -0.90960000 -0.38390000
vn 0.08110000 -0.90960000 -0.40760000
vn 0.08110000 -0.90960000 -0.40760000
vn -0.00000000 -0.90960000 -0.41560000
vn -0.00000000 -0.90960000 -0.41560000
vn -0.08110000 -0.90960000 -0.40760000
vn -0.08110000 -0.90960000 -0.40760000
vn -0.15900000 -0.90960000 -0.38390000
vn -0.15900000 -0.90960000 -0.38390000
vn -0.23090000 -0.90960000 -0.34550000
vn -0.23090000 -0.90960000 -0.34550000
vn -0.29380000 -0.90960000 -0.29380000
vn -0.29380000 -0.90960000 -0.29380000
vn -0.34550000 -0.90960000 -0.23090000
vn -0.34550000 -0.90960000 -0.23090000
vn -0.38390000 -0.90960000 -0.15900000
vn -0.38390000 -0.90960000 -0.15900000
vn -0.40760000 -0.90960000 -0.08110000
vn -0.40760000 -0.90960000 -0.08110000
vn -0.41560000 -0.90960000 -0.00000000
vn -0.41560000 -0.90960000 -0.00000000
vn -0.40760000 -0.90960000 0.08110000
vn -0.40760000 -0.90960000 0.08110000
vn -0.38390000 -0.90960000 0.15900000
vn -0.38390000 -0.90960000 0.15900000
vn -0.34550000 -0.90960000 0.23090000
vn -0.34550000 -0.90960000 0.23090000
vn -0.29380000 -0.90960000 0.29380000
vn -0.29380000 -0.90960000 0.29380000
vn -0.23090000 -0.90960000 0.34550000
vn -0.23090000 -0.90960000 0.34550000
vn -0.15900000 -0.90960000 0.38390000
vn -0.15900000 -0.90960000 0.38390000
vn -0.08110000 -0.90960000 0.40760000
vn -0.08110000 -0.90960000 0.40760000
vn 0.03430000 0.98440000 0.17260000
vn -0.00000000 0.98440000 0.17600000
vn 0.06740000 0.98440000 0.16260000
vn 0.09780000 0.98440000 0.14640000
vn 0.12450000 0.98440000 0.12450000
vn 0.14640000 0.98440000 0.09780000
vn 0.16260000 0.98440000 0.06740000
vn 0.17260000 0.98440000 0.03430000
vn 0.17600000 0.98440000 0.00000000
vn 0.17260000 0.98440000 -0.03430000
vn 0.16260000 0.98440000 -0.06740000
vn 0.14640000 0.98440000 -0.09780000
vn 0.12450000 0.98440000 -0.12450000
vn 0.09780000 0.98440000 -0.14640000
vn 0.06740000 0.98440000 -0.16260000
vn 0.03430000 0.98440000 -0.17260000
vn -0.00000000 0.98440000 -0.17600000
vn -0.03430000 0.98440000 -0.17260000
vn -0.06740000 0.98440000 -0.16260000
vn -0.09780000 0.98440000 -0.14640000
vn -0.12450000 0.98440000 -0.12450000
vn -0.14640000 0.98440000 -0.09780000
vn -0.16260000 0.98440000 -0.06740000
vn -0.17260000 0.98440000 -0.03430000
vn -0.17600000 0.98440000 -0.00000000
vn -0.17260000 0.98440000 0.03430000
vn -0.16260000 0.98440000 0.06740000
vn -0.14640000 0.98440000 0.09780000
vn -0.12450000 0.98440000 0.12450000
vn -0.09780000 0.98440000 0.14640000
vn -0.06740000 0.98440000 0.16260000
vn -0.03430000 0.98440000 0.17260000
vn 0.14450000 -0.17050000 0.97470000
vn 0.09660000 -0.17050000 0.98060000
vn 0.04840000 -0.17050000 0.98420000
vn 0.33190000 -0.17050000 0.92780000
vn 0.28600000 -0.17050000 0.94290000
vn 0.23950000 -0.17050000 0.95580000
vn 0.50650000 -0.17050000 0.84520000
vn 0.46450000 -0.17050000 0.86900000
vn 0.42130000 -0.17050000 0.89070000
vn 0.66170000 -0.17050000 0.73010000
vn 0.62510000 -0.17050000 0.76170000
vn 0.58700000 -0.17050000 0.79140000
vn 0.79140000 -0.17050000 0.58700000
vn 0.76170000 -0.17050000 0.62510000
vn 0.73010000 -0.17050000 0.66170000
vn 0.89070000 -0.17050000 0.42130000
vn 0.86900000 -0.17050000 0.46450000
vn 0.84520000 -0.17050000 0.50650000
vn 0.95580000 -0.17050000 0.23950000
vn 0.94290000 -0.17050000 0.28600000
vn 0.92780000 -0.17050000 0.33190000
vn 0.98420000 -0.17050000 0.04840000
vn 0.98060000 -0.17050000 0.09660000
vn 0.97470000 -0.17050000 0.14450000
vn 0.97470000 -0.17050000 -0.14450000
vn 0.98060000 -0.17050000 -0.09660000
vn 0.98420000 -0.17050000 -0.04840000
vn 0.92780000 -0.17050000 -0.33190000
vn 0.94290000 -0.17050000 -0.28600000
vn 0.95580000 -0.17050000 -0.23950000
vn 0.84520000 -0.17050000 -0.50650000
vn 0.86900000 -0.17050000 -0.46450000
vn 0.89070000 -0.17050000 -0.42130000
vn 0.73010000 -0.17050000 -0.66170000
vn 0.76170000 -0.17050000 -0.62510000
vn 0.79140000 -0.17050000 -0.58700000
vn 0.58700000 -0.17050000 -0.79140000
vn 0.62510000 -0.17050000 -0.76170000
vn 0.66170000 -0.17050000 -0.73010000
vn 0.42130000 -0.17050000 -0.89070000
vn 0.46450000 -0.17050000 -0.86900000
vn 0.50650000 -0.17050000 -0.84520000
vn 0.23950000 -0.17050000 -0.95580000
vn 0.28600000 -0.17050000 -0.94290000
vn 0.33190000 -0.17050000 -0.92780000
vn 0.04840000 -0.17050000 -0.98420000
vn 0.09660000 -0.17050000 -0.98060000
vn 0.14450000 -0.17050000 -0.97470000
vn -0.14450000 -0.17050000 -0.97470000
vn -0.09660000 -0.17050000 -0.98060000
vn -0.04840000 -0.17050000 -0.98420000
vn -0.33190000 -0.17050000 -0.92780000
vn -0.28600000 -0.17050000 -0.94290000
vn -0.23950000 -0.17050000 -0.95580000
vn -0.50650000 -0.17050000 -0.84520000
vn -0.46450000 -0.17050000 -0.86900000
vn -0.42130000 -0.17050000 -0.89070000
vn -0.66170000 -0.17050000 -0.73010000
vn -0.62510000 -0.17050000 -0.76170000
vn -0.58700000 -0.17050000 -0.79140000
vn -0.79140000 -0.17050000 -0.58700000
vn -0.76170000 -0.17050000 -0.62510000
vn -0.73010000 -0.17050000 -0.66170000
vn -0.89070000 -0.17050000 -0.42130000
vn -0.86900000 -0.17050000 -0.46450000
vn -0.84520000 -0.17050000 -0.50650000
vn -0.95580000 -0.17050000 -0.23950000
vn -0.94290000 -0.17050000 -0.28600000
vn -0.92780000 -0.17050000 -0.33190000
vn -0.98420000 -0.17050000 -0.04840000
vn -0.98060000 -0.17050000 -0.09660000
vn -0.97470000 -0.17050000 -0.14450000
vn -0.97470000 -0.17050000 0.14450000
vn -0.98060000 -0.17050000 0.09660000
vn -0.98420000 -0.17050000 0.04840000
vn -0.92780000 -0.17050000 0.33190000
vn -0.94290000 -0.17050000 0.28600000
vn -0.95580000 -0.17050000 0.23950000
vn -0.84520000 -0.17050000 0.50650000
vn -0.86900000 -0.17050000 0.46450000
vn -0.89070000 -0.17050000 0.42130000
vn -0.73010000 -0.17050000 0.66170000
vn -0.76170000 -0.17050000 0.62510000
vn -0.79140000 -0.17050000 0.58700000
vn -0.58700000 -0.17050000 0.79140000
vn -0.62510000 -0.17050000 0.76170000
vn -0.66170000 -0.17050000 0.73010000
vn -0.42130000 -0.17050000 0.89070000
vn -0.46450000 -0.17050000 0.86900000
vn -0.50650000 -0.17050000 0.84520000
vn -0.23950000 -0.17050000 0.95580000
vn -0.28600000 -0.17050000 0.94290000
vn -0.33190000 -0.17050000 0.92780000
vn -0.04840000 -0.17050000 0.98420000
vn -0.09660000 -0.17050000 0.98060000
vn -0.14450000 -0.17050000 0.97470000
vn 0.06010000 -0.91070000 0.40870000
vn 0.06010000 -0.91070000 0.40870000
vn 0.04030000 -0.91180000 0.40870000
vn 0.04030000 -0.91180000 0.40870000
vn 0.02080000 -0.91070000 0.41260000
vn 0.02080000 -0.91070000 0.41260000
vn 0.13870000 -0.91070000 0.38920000
vn 0.13870000 -0.91070000 0.38920000
vn 0.11920000 -0.91180000 0.39300000
vn 0.11920000 -0.91180000 0.39300000
vn 0.10090000 -0.91070000 0.40060000
vn 0.10090000 -0.91070000 0.40060000
vn 0.21190000 -0.91070000 0.35460000
vn 0.21190000 -0.91070000 0.35460000
vn 0.19360000 -0.91180000 0.36220000
vn 0.19360000 -0.91180000 0.36220000
vn 0.17710000 -0.91070000 0.37320000
vn 0.17710000 -0.91070000 0.37320000
vn 0.27710000 -0.91070000 0.30650000
vn 0.26060000 -0.91180000 0.31750000
vn 0.24650000 -0.91070000 0.33150000
vn 0.33150000 -0.91070000 0.24650000
vn 0.31750000 -0.91180000 0.26060000
vn 0.30650000 -0.91070000 0.27700000
vn 0.37320000 -0.91070000 0.17710000
vn 0.37320000 -0.91070000 0.17710000
vn 0.36220000 -0.91180000 0.19360000
vn 0.36220000 -0.91180000 0.19360000
vn 0.35460000 -0.91070000 0.21190000
vn 0.35460000 -0.91070000 0.21190000
vn 0.40060000 -0.91070000 0.10090000
vn 0.40060000 -0.91070000 0.10090000
vn 0.39300000 -0.91180000 0.11920000
vn 0.39300000 -0.91180000 0.11920000
vn 0.38920000 -0.91070000 0.13870000
vn 0.38920000 -0.91070000 0.13870000
vn 0.41260000 -0.91070000 0.02080000
vn 0.41260000 -0.91070000 0.02080000
vn 0.40870000 -0.91180000 0.04030000
vn 0.40870000 -0.91180000 0.04030000
vn 0.40870000 -0.91070000 0.06010000
vn 0.40870000 -0.91070000 0.06010000
vn 0.40870000 -0.91070000 -0.06010000
vn 0.40870000 -0.91070000 -0.06010000
vn 0.40870000 -0.91180000 -0.04030000
vn 0.40870000 -0.91180000 -0.04030000
vn 0.41260000 -0.91070000 -0.02080000
vn 0.41260000 -0.91070000 -0.02080000
vn 0.38920000 -0.91070000 -0.13870000
vn 0.38920000 -0.91070000 -0.13870000
vn 0.39300000 -0.91180000 -0.11920000
vn 0.39300000 -0.91180000 -0.11920000
vn 0.40060000 -0.91070000 -0.10090000
vn 0.40060000 -0.91070000 -0.10090000
vn 0.35460000 -0.91070000 -0.21190000
vn 0.35460000 -0.91070000 -0.21190000
vn 0.36220000 -0.91180000 -0.19360000
vn 0.36220000 -0.91180000 -0.19360000
vn 0.37320000 -0.91070000 -0.17710000
vn 0.37320000 -0.91070000 -0.17710000
vn 0.30650000 -0.91070000 -0.27700000
vn 0.30650000 -0.91070000 -0.27700000
vn 0.31750000 -0.91180000 -0.26060000
vn 0.31750000 -0.91180000 -0.26060000
vn 0.33150000 -0.91070000 -0.24650000
vn 0.33150000 -0.91070000 -0.24650000
vn 0.24650000 -0.91070000 -0.33150000
vn 0.24650000 -0.91070000 -0.33150000
vn 0.26060000 -0.91180000 -0.31750000
vn 0.26060000 -0.91180000 -0.31750000
vn 0.27700000 -0.91070000 -0.30650000
vn 0.27700000 -0.91070000 -0.30650000
vn 0.17710000 -0.91070000 -0.37320000
vn 0.17710000 -0.91070000 -0.37320000
vn 0.19360000 -0.91180000 -0.36220000
vn 0.19360000 -0.91180000 -0.36220000
vn 0.21190000 -0.91070000 -0.35460000
vn 0.21190000 -0.91070000 -0.35460000
vn 0.10090000 -0.91070000 -0.40060000
vn 0.10090000 -0.91070000 -0.40060000
vn 0.11920000 -0.91180000 -0.39300000
vn 0.11920000 -0.91180000 -0.39300000
vn 0.13870000 -0.91070000 -0.38920000
vn 0.13870000 -0.91070000 -0.38920000
vn 0.02080000 -0.91070000 -0.41260000
vn 0.02080000 -0.91070000 -0.41260000
vn 0.04030000 -0.91180000 -0.40870000
vn 0.04030000 -0.91180000 -0.40870000
vn 0.06010000 -0.91070000 -0.40870000
vn 0.06010000 -0.91070000 -0.40870000
vn -0.06010000 -0.91070000 -0.40870000
vn -0.06010000 -0.91070000 -0.40870000
vn -0.04030000 -0.91180000 -0.40870000
vn -0.04030000 -0.91180000 -0.40870000
vn -0.02080000 -0.91070000 -0.41260000
vn -0.02080000 -0.91070000 -0.41260000
vn -0.13870000 -0.91070000 -0.38920000
vn -0.13870000 -0.91070000 -0.38920000
vn -0.11920000 -0.91180000 -0.39300000
vn -0.11920000 -0.91180000 -0.39300000
vn -0.10090000 -0.91070000 -0.40060000
vn -0.10090000 -0.91070000 -0.40060000
vn -0.21190000 -0.91070000 -0.35460000
vn -0.21190000 -0.91070000 -0.35460000
vn -0.19360000 -0.91180000 -0.36220000
vn -0.19360000 -0.91180000 -0.36220000
vn -0.17710000 -0.91070000 -0.37320000
vn -0.17710000 -0.91070000 -0.37320000
vn -0.27700000 -0.91070000 -0.30650000
vn -0.26060000 -0.91180000 -0.31750000
vn -0.24650000 -0.91070000 -0.33150000
vn -0.33150000 -0.91070000 -0.24650000
vn -0.33150000 -0.91070000 -0.24650000
vn -0.31750000 -0.91180000 -0.26060000
vn -0.31750000 -0.91180000 -0.26060000
vn -0.30650000 -0.91070000 -0.27700000
vn -0.30650000 -0.91070000 -0.27700000
vn -0.37320000 -0.91070000 -0.17710000
vn -0.37320000 -0.91070000 -0.17710000
vn -0.36220000 -0.91180000 -0.19360000
vn -0.36220000 -0.91180000 -0.19360000
vn -0.35460000 -0.91070000 -0.21190000
vn -0.35460000 -0.91070000 -0.21190000
vn -0.40060000 -0.91070000 -0.10090000
vn -0.40060000 -0.91070000 -0.10090000
vn -0.39300000 -0.91180000 -0.11920000
vn -0.39300000 -0.91180000 -0.11920000
vn -0.38920000 -0.91070000 -0.13870000
vn -0.38920000 -0.91070000 -0.13870000
vn -0.41260000 -0.91070000 -0.02080000
vn -0.41260000 -0.91070000 -0.02080000
vn -0.40870000 -0.91180000 -0.04030000
vn -0.40870000 -0.91180000 -0.04030000
vn -0.40870000 -0.91070000 -0.06010000
vn -0.40870000 -0.91070000 -0.06010000
vn -0.40870000 -0.91070000 0.06010000
vn -0.40870000 -0.91070000 0.06010000
vn -0.40870000 -0.91180000 0.04030000
vn -0.40870000 -0.91180000 0.04030000
vn -0.41260000 -0.91070000 0.02080000
vn -0.41260000 -0.91070000 0.02080000
vn -0.38920000 -0.91070000 0.13870000
vn -0.38920000 -0.91070000 0.13870000
vn -0.39300000 -0.91180000 0.11920000
vn -0.39300000 -0.91180000 0.11920000
vn -0.40060000 -0.91070000 0.10090000
vn -0.40060000 -0.91070000 0.10090000
vn -0.35460000 -0.91070000 0.21190000
vn -0.35460000 -0.91070000 0.21190000
vn -0.36220000 -0.91180000 0.19360000
vn -0.36220000 -0.91180000 0.19360000
vn -0.37320000 -0.91070000 0.17710000
vn -0.37320000 -0.91070000 0.17710000
vn -0.30650000 -0.91070000 0.27700000
vn -0.31750000 -0.91180000 0.26060000
vn -0.33150000 -0.91070000 0.24650000
vn -0.24650000 -0.91070000 0.33150000
vn -0.24650000 -0.91070000 0.33150000
vn -0.26060000 -0.91180000 0.31750000
vn -0.26060000 -0.91180000 0.31750000
vn -0.27700000 -0.91070000 0.30650000
vn -0.27700000 -0.91070000 0.30650000
vn -0.17710000 -0.91070000 0.37320000
vn -0.17710000 -0.91070000 0.37320000
vn -0.19360000 -0.91180000 0.36220000
vn -0.19360000 -0.91180000 0.36220000
vn -0.21190000 -0.91070000 0.35460000
vn -0.21190000 -0.91070000 0.35460000
vn -0.10090000 -0.91070000 0.40060000
vn -0.10090000 -0.91070000 0.40060000
vn -0.11920000 -0.91180000 0.39300000
vn -0.11920000 -0.91180000 0.39300000
vn -0.13870000 -0.91070000 0.38920000
vn -0.13870000 -0.91070000 0.38920000
vn -0.02080000 -0.91070000 0.41260000
vn -0.02080000 -0.91070000 0.41260000
vn -0.04030000 -0.91180000 0.40870000
vn -0.04030000 -0.91180000 0.40870000
vn -0.06010000 -0.91070000 0.40870000
vn -0.06010000 -0.91070000 0.40870000
vn -0.36240000 -0.32090000 0.87500000
vn -0.32700000 -0.51950000 0.78940000
vn -0.26210000 -0.72870000 0.63270000
vn -0.13360000 -0.72870000 0.67170000
vn -0.16670000 -0.51950000 0.83810000
vn -0.18480000 -0.32090000 0.92890000
vn -0.18480000 -0.32090000 -0.92890000
vn -0.16670000 -0.51950000 -0.83810000
vn -0.13360000 -0.72870000 -0.67170000
vn -0.26210000 -0.72870000 -0.63270000
vn -0.32700000 -0.51950000 -0.78950000
vn -0.36250000 -0.32090000 -0.87500000
vn 0.66970000 -0.32090000 0.66970000
vn 0.60420000 -0.51950000 0.60420000
vn 0.48430000 -0.72870000 0.48430000
vn 0.56940000 -0.72870000 0.38050000
vn 0.56940000 -0.72870000 0.38050000
vn 0.71050000 -0.51950000 0.47470000
vn 0.71050000 -0.51950000 0.47470000
vn 0.78750000 -0.32090000 0.52620000
vn 0.78750000 -0.32090000 0.52620000
vn 0.00000000 -0.72870000 0.68480000
vn 0.00000000 -0.51950000 0.85450000
vn 0.00000000 -0.32090000 0.94710000
vn -0.38050000 -0.72870000 -0.56940000
vn -0.38050000 -0.72870000 -0.56940000
vn -0.47470000 -0.51950000 -0.71050000
vn -0.47470000 -0.51950000 -0.71050000
vn -0.52620000 -0.32090000 -0.78750000
vn -0.52620000 -0.32090000 -0.78750000
vn 0.63270000 -0.72870000 0.26210000
vn 0.78940000 -0.51950000 0.32700000
vn 0.87500000 -0.32090000 0.36240000
vn -0.48430000 -0.72870000 -0.48430000
vn -0.48430000 -0.72870000 -0.48430000
vn -0.60420000 -0.51950000 -0.60420000
vn -0.60420000 -0.51950000 -0.60420000
vn -0.66970000 -0.32090000 -0.66970000
vn -0.66970000 -0.32090000 -0.66970000
vn 0.67170000 -0.72870000 0.13360000
vn 0.83810000 -0.51950000 0.16670000
vn 0.92890000 -0.32090000 0.18480000
vn -0.56940000 -0.72870000 -0.38050000
vn -0.71050000 -0.51950000 -0.47470000
vn -0.78750000 -0.32090000 -0.52620000
vn 0.68480000 -0.72870000 0.00000000
vn 0.85450000 -0.51950000 -0.00000000
vn 0.94710000 -0.32090000 0.00000000
vn -0.63270000 -0.72870000 -0.26210000
vn -0.78940000 -0.51950000 -0.32700000
vn -0.87500000 -0.32090000 -0.36240000
vn 0.67170000 -0.72870000 -0.13360000
vn 0.83810000 -0.51950000 -0.16670000
vn 0.92890000 -0.32090000 -0.18480000
vn -0.67170000 -0.72870000 -0.13360000
vn -0.83810000 -0.51950000 -0.16670000
vn -0.92890000 -0.32090000 -0.18480000
vn 0.63270000 -0.72870000 -0.26210000
vn 0.78940000 -0.51950000 -0.32700000
vn 0.87500000 -0.32090000 -0.36240000
vn -0.68480000 -0.72870000 -0.00000000
vn -0.85450000 -0.51950000 0.00000000
vn -0.94710000 -0.32090000 -0.00000000
vn 0.56940000 -0.72870000 -0.38050000
vn 0.71050000 -0.51950000 -0.47470000
vn 0.78750000 -0.32090000 -0.52620000
vn -0.67170000 -0.72870000 0.13360000
vn -0.83810000 -0.51950000 0.16670000
vn -0.92890000 -0.32090000 0.18480000
vn 0.48430000 -0.72870000 -0.48430000
vn 0.48430000 -0.72870000 -0.48430000
vn 0.60420000 -0.51950000 -0.60420000
vn 0.60420000 -0.51950000 -0.60420000
vn 0.66970000 -0.32090000 -0.66970000
vn 0.66970000 -0.32090000 -0.66970000
vn -0.63270000 -0.72870000 0.26210000
vn -0.78940000 -0.51950000 0.32700000
vn -0.87500000 -0.32090000 0.36240000
vn 0.38050000 -0.72870000 -0.56940000
vn 0.47470000 -0.51950000 -0.71050000
vn 0.52620000 -0.32090000 -0.78750000
vn -0.56940000 -0.72870000 0.38050000
vn -0.56940000 -0.72870000 0.38050000
vn -0.71050000 -0.51950000 0.47470000
vn -0.71050000 -0.51950000 0.47470000
vn -0.78750000 -0.32090000 0.52620000
vn -0.78750000 -0.32090000 0.52620000
vn 0.26210000 -0.72870000 -0.63270000
vn 0.32700000 -0.51950000 -0.78940000
vn 0.36240000 -0.32090000 -0.87500000
vn 0.13360000 -0.72870000 0.67170000
vn 0.16670000 -0.51950000 0.83810000
vn 0.18480000 -0.32090000 0.92890000
vn -0.48430000 -0.72870000 0.48430000
vn -0.48430000 -0.72870000 0.48430000
vn -0.60420000 -0.51950000 0.60420000
vn -0.60420000 -0.51950000 0.60420000
vn -0.66970000 -0.32090000 0.66970000
vn -0.66970000 -0.32090000 0.66970000
vn 0.13360000 -0.72870000 -0.67170000
vn 0.16670000 -0.51950000 -0.83810000
vn 0.18480000 -0.32090000 -0.92890000
vn 0.26210000 -0.72870000 0.63270000
vn 0.32700000 -0.51950000 0.78940000
vn 0.36240000 -0.32090000 0.87500000
vn -0.38050000 -0.72870000 0.56940000
vn -0.47470000 -0.51950000 0.71050000
vn -0.52620000 -0.32090000 0.78750000
vn -0.00000000 -0.72870000 -0.68480000
vn -0.00000000 -0.51950000 -0.85450000
vn 0.00000000 -0.32090000 -0.94710000
vn 0.38050000 -0.72870000 0.56940000
vn 0.38050000 -0.72870000 0.56940000
vn 0.47470000 -0.51950000 0.71050000
vn 0.47470000 -0.51950000 0.71050000
vn 0.52620000 -0.32090000 0.78750000
vn 0.52620000 -0.32090000 0.78750000
vn 0.13880000 0.32370000 0.93590000
vn 0.09270000 0.32370000 0.94160000
vn 0.04650000 0.32370000 0.94500000
vn 0.31870000 0.32370000 0.89090000
vn 0.27470000 0.32370000 0.90540000
vn 0.22990000 0.32370000 0.91780000
vn 0.48640000 0.32370000 0.81160000
vn 0.44600000 0.32370000 0.83440000
vn 0.40460000 0.32370000 0.85530000
vn 0.63540000 0.32370000 0.70110000
vn 0.60020000 0.32370000 0.73140000
vn 0.56370000 0.32370000 0.75990000
vn 0.75990000 0.32370000 0.56370000
vn 0.73140000 0.32370000 0.60020000
vn 0.70110000 0.32370000 0.63540000
vn 0.85530000 0.32370000 0.40460000
vn 0.83440000 0.32370000 0.44600000
vn 0.81160000 0.32370000 0.48640000
vn 0.91780000 0.32370000 0.22990000
vn 0.90540000 0.32370000 0.27470000
vn 0.89090000 0.32370000 0.31870000
vn 0.94500000 0.32370000 0.04650000
vn 0.94160000 0.32370000 0.09270000
vn 0.93590000 0.32370000 0.13880000
vn 0.93590000 0.32370000 -0.13880000
vn 0.94160000 0.32370000 -0.09270000
vn 0.94500000 0.32370000 -0.04650000
vn 0.89090000 0.32370000 -0.31870000
vn 0.90540000 0.32370000 -0.27470000
vn 0.91780000 0.32370000 -0.22990000
vn 0.81160000 0.32370000 -0.48640000
vn 0.83440000 0.32370000 -0.44600000
vn 0.85530000 0.32370000 -0.40460000
vn 0.70110000 0.32370000 -0.63540000
vn 0.73140000 0.32370000 -0.60020000
vn 0.75990000 0.32370000 -0.56370000
vn 0.56370000 0.32370000 -0.75990000
vn 0.60020000 0.32370000 -0.73140000
vn 0.63540000 0.32370000 -0.70110000
vn 0.40460000 0.32370000 -0.85530000
vn 0.44600000 0.32370000 -0.83440000
vn 0.48640000 0.32370000 -0.81160000
vn 0.22990000 0.32370000 -0.91780000
vn 0.27470000 0.32370000 -0.90540000
vn 0.31870000 0.32370000 -0.89090000
vn 0.04650000 0.32370000 -0.94500000
vn 0.09270000 0.32370000 -0.94160000
vn 0.13880000 0.32370000 -0.93590000
vn -0.13880000 0.32370000 -0.93590000
vn -0.09270000 0.32370000 -0.94160000
vn -0.04650000 0.32370000 -0.94500000
vn -0.31870000 0.32370000 -0.89090000
vn -0.27470000 0.32370000 -0.90540000
vn -0.22990000 0.32370000 -0.91780000
vn -0.48640000 0.32370000 -0.81160000
vn -0.44600000 0.32370000 -0.83440000
vn -0.40460000 0.32370000 -0.85530000
vn -0.63540000 0.32370000 -0.70110000
vn -0.60020000 0.32370000 -0.73140000
vn -0.56370000 0.32370000 -0.75990000
vn -0.75990000 0.32370000 -0.56370000
vn -0.73140000 0.32370000 -0.60020000
vn -0.70110000 0.32370000 -0.63540000
vn -0.85530000 0.32370000 -0.40460000
vn -0.83440000 0.32370000 -0.44600000
vn -0.81160000 0.32370000 -0.48640000
vn -0.91780000 0.32370000 -0.22990000
vn -0.90540000 0.32370000 -0.27470000
vn -0.89090000 0.32370000 -0.31870000
vn -0.94500000 0.32370000 -0.04650000
vn -0.94160000 0.32370000 -0.09270000
vn -0.93590000 0.32370000 -0.13880000
vn -0.93590000 0.32370000 0.13880000
vn -0.94160000 0.32370000 0.09270000
vn -0.94500000 0.32370000 0.04650000
vn -0.89090000 0.32370000 0.31870000
vn -0.90540000 0.32370000 0.27470000
vn -0.91780000 0.32370000 0.22990000
vn -0.81160000 0.32370000 0.48640000
vn -0.83440000 0.32370000 0.44600000
vn -0.85530000 0.32370000 0.40460000
vn -0.70110000 0.32370000 0.63540000
vn -0.73140000 0.32370000 0.60020000
vn -0.75990000 0.32370000 0.56370000
vn -0.56370000 0.32370000 0.75990000
vn -0.60020000 0.32370000 0.73140000
vn -0.63540000 0.32370000 0.70110000
vn -0.40460000 0.32370000 0.85530000
vn -0.44600000 0.32370000 0.83440000
vn -0.48640000 0.32370000 0.81160000
vn -0.22990000 0.32370000 0.91780000
vn -0.27470000 0.32370000 0.90540000
vn -0.31870000 0.32370000 0.89090000
vn -0.04650000 0.32370000 0.94500000
vn -0.09270000 0.32370000 0.94160000
vn -0.13880000 0.32370000 0.93590000
vn 0.02560000 0.98440000 0.17400000
vn 0.01720000 0.98440000 0.17500000
vn 0.00890000 0.98440000 0.17570000
vn 0.05900000 0.98440000 0.16570000
vn 0.05100000 0.98440000 0.16820000
vn 0.04300000 0.98440000 0.17060000
vn 0.09020000 0.98440000 0.15100000
vn 0.08290000 0.98440000 0.15500000
vn 0.07540000 0.98440000 0.15890000
vn 0.11800000 0.98440000 0.13050000
vn 0.11150000 0.98440000 0.13590000
vn 0.10500000 0.98440000 0.14120000
vn 0.14120000 0.98440000 0.10500000
vn 0.13590000 0.98440000 0.11150000
vn 0.13050000 0.98440000 0.11800000
vn 0.15890000 0.98440000 0.07540000
vn 0.15500000 0.98440000 0.08290000
vn 0.15100000 0.98440000 0.09020000
vn 0.17060000 0.98440000 0.04300000
vn 0.16820000 0.98440000 0.05100000
vn 0.16570000 0.98440000 0.05900000
vn 0.17570000 0.98440000 0.00890000
vn 0.17500000 0.98440000 0.01720000
vn 0.17400000 0.98440000 0.02560000
vn 0.17400000 0.98440000 -0.02560000
vn 0.17500000 0.98440000 -0.01720000
vn 0.17570000 0.98440000 -0.00890000
vn 0.16570000 0.98440000 -0.05900000
vn 0.16820000 0.98440000 -0.05100000
vn 0.17060000 0.98440000 -0.04300000
vn 0.15100000 0.98440000 -0.09020000
vn 0.15500000 0.98440000 -0.08290000
vn 0.15890000 0.98440000 -0.07540000
vn 0.13050000 0.98440000 -0.11800000
vn 0.13590000 0.98440000 -0.11150000
vn 0.14120000 0.98440000 -0.10500000
vn 0.10500000 0.98440000 -0.14120000
vn 0.11150000 0.98440000 -0.13590000
vn 0.11800000 0.98440000 -0.13050000
vn 0.07540000 0.98440000 -0.15890000
vn 0.08290000 0.98440000 -0.15500000
vn 0.09020000 0.98440000 -0.15100000
vn 0.04300000 0.98440000 -0.17060000
vn 0.05100000 0.98440000 -0.16820000
vn 0.05900000 0.98440000 -0.16570000
vn 0.00890000 0.98440000 -0.17570000
vn 0.01720000 0.98440000 -0.17500000
vn 0.02560000 0.98440000 -0.17400000
vn -0.02560000 0.98440000 -0.17400000
vn -0.01720000 0.98440000 -0.17500000
vn -0.00890000 0.98440000 -0.17570000
vn -0.05900000 0.98440000 -0.16570000
vn -0.05100000 0.98440000 -0.16820000
vn -0.04300000 0.98440000 -0.17060000
vn -0.09020000 0.98440000 -0.15100000
vn -0.08290000 0.98440000 -0.15500000
vn -0.07540000 0.98440000 -0.15890000
vn -0.11800000 0.98440000 -0.13050000
vn -0.11150000 0.98440000 -0.13590000
vn -0.10500000 0.98440000 -0.14120000
vn -0.14120000 0.98440000 -0.10500000
vn -0.13590000 0.98440000 -0.11150000
vn -0.13050000 0.98440000 -0.11800000
vn -0.15890000 0.98440000 -0.07540000
vn -0.15500000 0.98440000 -0.08290000
vn -0.15100000 0.98440000 -0.09020000
vn -0.17060000 0.98440000 -0.04300000
vn -0.16820000 0.98440000 -0.05100000
vn -0.16570000 0.98440000 -0.05900000
vn -0.17570000 0.98440000 -0.00890000
vn -0.17500000 0.98440000 -0.01720000
vn -0.17400000 0.98440000 -0.02560000
vn -0.17400000 0.98440000 0.02560000
vn -0.17500000 0.98440000 0.01720000
vn -0.17570000 0.98440000 0.00890000
vn -0.16570000 0.98440000 0.05900000
vn -0.16820000 0.98440000 0.05100000
vn -0.17060000 0.98440000 0.04300000
vn -0.15100000 0.98440000 0.09020000
vn -0.15500000 0.98440000 0.08290000
vn -0.15890000 0.98440000 0.07540000
vn -0.13050000 0.98440000 0.11800000
vn -0.13590000 0.98440000 0.11150000
vn -0.14120000 0.98440000 0.10500000
vn -0.10500000 0.98440000 0.14120000
vn -0.11150000 0.98440000 0.13590000
vn -0.11800000 0.98440000 0.13050000
vn -0.07540000 0.98440000 0.15890000
vn -0.08290000 0.98440000 0.15500000
vn -0.09020000 0.98440000 0.15100000
vn -0.04300000 0.98440000 0.17060000
vn -0.05100000 0.98440000 0.16820000
vn -0.05900000 0.98440000 0.16570000
vn -0.00890000 0.98440000 0.17570000
vn -0.01720000 0.98440000 0.17500000
vn -0.02560000 0.98440000 0.17400000
vn 0.28710000 0.66110000 0.69320000
vn 0.16480000 0.90260000 0.39780000
vn 0.09390000 0.96950000 0.22660000
vn 0.04790000 0.96950000 0.24060000
vn 0.08400000 0.90260000 0.42230000
vn 0.14640000 0.66110000 0.73590000
vn -0.41690000 0.66110000 0.62390000
vn -0.23920000 0.90260000 0.35800000
vn -0.13630000 0.96950000 0.20390000
vn -0.17340000 0.96950000 0.17340000
vn -0.30440000 0.90260000 0.30440000
vn -0.53060000 0.66110000 0.53060000
vn -0.00000000 0.66110000 -0.75030000
vn -0.00000000 0.90260000 -0.43050000
vn 0.00000000 0.96950000 -0.24530000
vn 0.04790000 0.96950000 -0.24060000
vn 0.08400000 0.90260000 -0.42230000
vn 0.14640000 0.66110000 -0.73590000
vn 0.41690000 0.66110000 0.62390000
vn 0.23920000 0.90260000 0.35800000
vn 0.13630000 0.96950000 0.20390000
vn -0.28710000 0.66110000 0.69320000
vn -0.16480000 0.90260000 0.39780000
vn -0.09390000 0.96950000 0.22660000
vn -0.14640000 0.66110000 -0.73590000
vn -0.08400000 0.90260000 -0.42230000
vn -0.04790000 0.96950000 -0.24060000
vn 0.53060000 0.66110000 0.53060000
vn 0.30440000 0.90260000 0.30440000
vn 0.17340000 0.96950000 0.17340000
vn -0.14640000 0.66110000 0.73590000
vn -0.08400000 0.90260000 0.42230000
vn -0.04790000 0.96950000 0.24060000
vn -0.28710000 0.66110000 -0.69320000
vn -0.16480000 0.90260000 -0.39780000
vn -0.09390000 0.96950000 -0.22660000
vn 0.62390000 0.66110000 0.41690000
vn 0.35800000 0.90260000 0.23920000
vn 0.20390000 0.96950000 0.13630000
vn -0.00000000 0.66110000 0.75030000
vn -0.00000000 0.90260000 0.43050000
vn -0.00000000 0.96950000 0.24530000
vn -0.41690000 0.66110000 -0.62390000
vn -0.23920000 0.90260000 -0.35800000
vn -0.13630000 0.96950000 -0.20390000
vn 0.69320000 0.66110000 0.28710000
vn 0.39780000 0.90260000 0.16480000
vn 0.22660000 0.96950000 0.09390000
vn -0.53060000 0.66110000 -0.53060000
vn -0.30440000 0.90260000 -0.30440000
vn -0.17340000 0.96950000 -0.17340000
vn 0.73590000 0.66110000 0.14640000
vn 0.42230000 0.90260000 0.08400000
vn 0.24060000 0.96950000 0.04790000
vn -0.62390000 0.66110000 -0.41690000
vn -0.35800000 0.90260000 -0.23920000
vn -0.20390000 0.96950000 -0.13630000
vn 0.75030000 0.66110000 -0.00000000
vn 0.43050000 0.90260000 -0.00000000
vn 0.24530000 0.96950000 0.00000000
vn -0.69320000 0.66110000 -0.28710000
vn -0.39780000 0.90260000 -0.16480000
vn -0.22660000 0.96950000 -0.09390000
vn 0.73590000 0.66110000 -0.14640000
vn 0.42230000 0.90260000 -0.08400000
vn 0.24060000 0.96950000 -0.04790000
vn -0.73590000 0.66110000 -0.14640000
vn -0.42230000 0.90260000 -0.08400000
vn -0.24060000 0.96950000 -0.04790000
vn 0.69320000 0.66110000 -0.28710000
vn 0.39780000 0.90260000 -0.16480000
vn 0.22660000 0.96950000 -0.09390000
vn -0.75030000 0.66110000 0.00000000
vn -0.43050000 0.90260000 0.00000000
vn -0.24530000 0.96950000 -0.00000000
vn 0.62390000 0.66110000 -0.41690000
vn 0.35800000 0.90260000 -0.23920000
vn 0.20390000 0.96950000 -0.13630000
vn -0.73590000 0.66110000 0.14640000
vn -0.42230000 0.90260000 0.08400000
vn -0.24060000 0.96950000 0.04790000
vn 0.53060000 0.66110000 -0.53060000
vn 0.30440000 0.90260000 -0.30440000
vn 0.17340000 0.96950000 -0.17340000
vn -0.69320000 0.66110000 0.28710000
vn -0.39780000 0.90260000 0.16480000
vn -0.22660000 0.96950000 0.09390000
vn 0.41690000 0.66110000 -0.62390000
vn 0.23920000 0.90260000 -0.35800000
vn 0.13630000 0.96950000 -0.20390000
vn -0.62390000 0.66110000 0.41690000
vn -0.35800000 0.90260000 0.23920000
vn -0.20390000 0.96950000 0.13630000
vn 0.28710000 0.66110000 -0.69320000
vn 0.16480000 0.90260000 -0.39780000
vn 0.09390000 0.96950000 -0.22660000
vn -0.00010000 -1.00000000 0.00020000
vn 0.00000000 -1.00000000 0.00010000
vn 0.00020000 -1.00000000 0.00020000
vn -0.00010000 -1.00000000 0.00030000
vn 0.00000000 -1.00000000 0.00010000
vn 0.00020000 -1.00000000 0.00020000
vn 0.00000000 -1.00000000 0.00030000
vn 0.00010000 -1.00000000 0.00010000
vn 0.00020000 -1.00000000 0.00010000
vn 0.00000000 -1.00000000 0.00030000
vn 0.00010000 -1.00000000 0.00010000
vn 0.00030000 -1.00000000 0.00010000
vn 0.00010000 -1.00000000 0.00030000
vn 0.00010000 -1.00000000 0.00010000
vn 0.00030000 -1.00000000 -0.00000000
vn 0.00010000 -1.00000000 0.00020000
vn 0.00010000 -1.00000000 0.00010000
vn 0.00030000 -1.00000000 -0.00000000
vn 0.00020000 -1.00000000 0.00020000
vn 0.00010000 -1.00000000 -0.00000000
vn 0.00030000 -1.00000000 -0.00010000
vn 0.00020000 -1.00000000 0.00020000
vn 0.00010000 -1.00000000 -0.00000000
vn 0.00020000 -1.00000000 -0.00010000
vn 0.00020000 -1.00000000 0.00010000
vn 0.00010000 -1.00000000 -0.00000000
vn 0.00020000 -1.00000000 -0.00020000
vn 0.00030000 -1.00000000 0.00010000
vn 0.00010000 -1.00000000 -0.00000000
vn 0.00020000 -1.00000000 -0.00020000
vn 0.00030000 -1.00000000 -0.00000000
vn 0.00010000 -1.00000000 -0.00010000
vn 0.00010000 -1.00000000 -0.00020000
vn 0.00030000 -1.00000000 -0.00000000
vn 0.00010000 -1.00000000 -0.00010000
vn 0.00010000 -1.00000000 -0.00030000
vn 0.00030000 -1.00000000 -0.00010000
vn 0.00010000 -1.00000000 -0.00010000
vn -0.00000000 -1.00000000 -0.00030000
vn 0.00020000 -1.00000000 -0.00010000
vn 0.00010000 -1.00000000 -0.00010000
vn -0.00000000 -1.00000000 -0.00030000
vn 0.00020000 -1.00000000 -0.00020000
vn -0.00000000 -1.00000000 -0.00010000
vn -0.00010000 -1.00000000 -0.00030000
vn 0.00020000 -1.00000000 -0.00020000
vn -0.00000000 -1.00000000 -0.00010000
vn -0.00010000 -1.00000000 -0.00020000
vn 0.00010000 -1.00000000 -0.00020000
vn -0.00000000 -1.00000000 -0.00010000
vn -0.00020000 -1.00000000 -0.00020000
vn 0.00010000 -1.00000000 -0.00030000
vn -0.00000000 -1.00000000 -0.00010000
vn -0.00020000 -1.00000000 -0.00020000
vn -0.00000000 -1.00000000 -0.00030000
vn -0.00010000 -1.00000000 -0.00010000
vn -0.00020000 -1.00000000 -0.00010000
vn -0.00000000 -1.00000000 -0.00030000
vn -0.00010000 -1.00000000 -0.00010000
vn -0.00030000 -1.00000000 -0.00010000
vn -0.00010000 -1.00000000 -0.00030000
vn -0.00010000 -1.00000000 -0.00010000
vn -0.00030000 -1.00000000 0.00000000
vn -0.00010000 -1.00000000 -0.00020000
vn -0.00010000 -1.00000000 -0.00010000
vn -0.00030000 -1.00000000 0.00000000
vn -0.00020000 -1.00000000 -0.00020000
vn -0.00010000 -1.00000000 0.00000000
vn -0.00030000 -1.00000000 0.00010000
vn -0.00020000 -1.00000000 -0.00020000
vn -0.00010000 -1.00000000 0.00000000
vn -0.00020000 -1.00000000 0.00010000
vn -0.00020000 -1.00000000 -0.00010000
vn -0.00010000 -1.00000000 0.00000000
vn -0.00020000 -1.00000000 0.00020000
vn -0.00030000 -1.00000000 -0.00010000
vn -0.00010000 -1.00000000 0.00000000
vn -0.00020000 -1.00000000 0.00020000
vn -0.00030000 -1.00000000 0.00000000
vn -0.00010000 -1.00000000 0.00010000
vn -0.00010000 -1.00000000 0.00020000
vn -0.00030000 -1.00000000 0.00000000
vn -0.00010000 -1.00000000 0.00010000
vn -0.00010000 -1.00000000 0.00030000
vn -0.00030000 -1.00000000 0.00010000
vn -0.00010000 -1.00000000 0.00010000
vn 0.00000000 -1.00000000 0.00030000
vn -0.00020000 -1.00000000 0.00010000
vn -0.00010000 -1.00000000 0.00010000
vn 0.00000000 -1.00000000 0.00030000
vn -0.00020000 -1.00000000 0.00020000
vn 0.00000000 -1.00000000 0.00010000
vn 0.00010000 -1.00000000 0.00030000
vn -0.00020000 -1.00000000 0.00020000
vn 0.00000000 -1.00000000 0.00010000
vn 0.00010000 -1.00000000 0.00020000
vn 0.00000000 -0.98960000 0.14370000
vn -0.00000000 -0.99970000 0.02510000
vn 0.00000000 -1.00000000 0.00430000
vn 0.00080000 -1.00000000 0.00430000
vn 0.00490000 -0.99970000 0.02460000
vn 0.02800000 -0.98960000 0.14100000
vn 0.00170000 -1.00000000 0.00400000
vn 0.00960000 -0.99970000 0.02320000
vn 0.05500000 -0.98960000 0.13280000
vn 0.00240000 -1.00000000 0.00360000
vn 0.01390000 -0.99970000 0.02090000
vn 0.07980000 -0.98960000 0.11950000
vn 0.00310000 -1.00000000 0.00310000
vn 0.01770000 -0.99970000 0.01770000
vn 0.10160000 -0.98960000 0.10160000
vn 0.00360000 -1.00000000 0.00240000
vn 0.02090000 -0.99970000 0.01390000
vn 0.11950000 -0.98960000 0.07980000
vn 0.00400000 -1.00000000 0.00170000
vn 0.02320000 -0.99970000 0.00960000
vn 0.13280000 -0.98960000 0.05500000
vn 0.00430000 -1.00000000 0.00080000
vn 0.02460000 -0.99970000 0.00490000
vn 0.14100000 -0.98960000 0.02800000
vn 0.00430000 -1.00000000 0.00000000
vn 0.02510000 -0.99970000 0.00000000
vn 0.14370000 -0.98960000 -0.00000000
vn 0.00430000 -1.00000000 -0.00090000
vn 0.02460000 -0.99970000 -0.00490000
vn 0.14100000 -0.98960000 -0.02800000
vn 0.00400000 -1.00000000 -0.00170000
vn 0.02320000 -0.99970000 -0.00960000
vn 0.13280000 -0.98960000 -0.05500000
vn 0.00360000 -1.00000000 -0.00240000
vn 0.02090000 -0.99970000 -0.01390000
vn 0.11950000 -0.98960000 -0.07980000
vn 0.00310000 -1.00000000 -0.00310000
vn 0.01770000 -0.99970000 -0.01770000
vn 0.10160000 -0.98960000 -0.10160000
vn 0.00240000 -1.00000000 -0.00360000
vn 0.01390000 -0.99970000 -0.02090000
vn 0.07980000 -0.98960000 -0.11950000
vn 0.00170000 -1.00000000 -0.00400000
vn 0.00960000 -0.99970000 -0.02320000
vn 0.05500000 -0.98960000 -0.13280000
vn 0.00080000 -1.00000000 -0.00430000
vn 0.00490000 -0.99970000 -0.02460000
vn 0.02800000 -0.98960000 -0.14100000
vn 0.00000000 -1.00000000 -0.00430000
vn -0.00000000 -0.99970000 -0.02510000
vn 0.00000000 -0.98960000 -0.14370000
vn -0.00080000 -1.00000000 -0.00430000
vn -0.00490000 -0.99970000 -0.02460000
vn -0.02800000 -0.98960000 -0.14100000
vn -0.00170000 -1.00000000 -0.00400000
vn -0.00960000 -0.99970000 -0.02320000
vn -0.05500000 -0.98960000 -0.13280000
vn -0.00240000 -1.00000000 -0.00360000
vn -0.01390000 -0.99970000 -0.02090000
vn -0.07980000 -0.98960000 -0.11950000
vn -0.00310000 -1.00000000 -0.00310000
vn -0.01770000 -0.99970000 -0.01770000
vn -0.10160000 -0.98960000 -0.10160000
vn -0.00360000 -1.00000000 -0.00240000
vn -0.02090000 -0.99970000 -0.01390000
vn -0.11950000 -0.98960000 -0.07980000
vn -0.00400000 -1.00000000 -0.00170000
vn -0.02320000 -0.99970000 -0.00960000
vn -0.13280000 -0.98960000 -0.05500000
vn -0.00430000 -1.00000000 -0.00080000
vn -0.02460000 -0.99970000 -0.00490000
vn -0.14100000 -0.98960000 -0.02800000
vn -0.00430000 -1.00000000 -0.00000000
vn -0.02510000 -0.99970000 -0.00000000
vn -0.14370000 -0.98960000 0.00000000
vn -0.00430000 -1.00000000 0.00080000
vn -0.02460000 -0.99970000 0.00490000
vn -0.14100000 -0.98960000 0.02800000
vn -0.00400000 -1.00000000 0.00170000
vn -0.02320000 -0.99970000 0.00960000
vn -0.13280000 -0.98960000 0.05500000
vn -0.00360000 -1.00000000 0.00240000
vn -0.02090000 -0.99970000 0.01390000
vn -0.11950000 -0.98960000 0.07990000
vn -0.00310000 -1.00000000 0.00310000
vn -0.01770000 -0.99970000 0.01770000
vn -0.10160000 -0.98960000 0.10160000
vn -0.00240000 -1.00000000 0.00360000
vn -0.01390000 -0.99970000 0.02090000
vn -0.07980000 -0.98960000 0.11950000
vn -0.00170000 -1.00000000 0.00400000
vn -0.00960000 -0.99970000 0.02320000
vn -0.05500000 -0.98960000 0.13280000
vn -0.00080000 -1.00000000 0.00430000
vn -0.00490000 -0.99970000 0.02460000
vn -0.02800000 -0.98960000 0.14100000
vn 0.00080000 0.99830000 0.05900000
vn 0.00490000 0.99870000 0.05020000
vn 0.01080000 0.99830000 0.05800000
vn 0.01230000 0.99830000 0.05780000
vn 0.01460000 0.99870000 0.04830000
vn 0.02190000 0.99830000 0.05480000
vn 0.02330000 0.99830000 0.05420000
vn 0.02380000 0.99870000 0.04450000
vn 0.03220000 0.99830000 0.04950000
vn 0.03340000 0.99830000 0.04870000
vn 0.03200000 0.99870000 0.03900000
vn 0.04120000 0.99830000 0.04230000
vn 0.04230000 0.99830000 0.04120000
vn 0.03900000 0.99870000 0.03200000
vn 0.04870000 0.99830000 0.03340000
vn 0.04950000 0.99830000 0.03220000
vn 0.04450000 0.99870000 0.02380000
vn 0.05420000 0.99830000 0.02330000
vn 0.05480000 0.99830000 0.02190000
vn 0.04830000 0.99870000 0.01460000
vn 0.05780000 0.99830000 0.01230000
vn 0.05800000 0.99830000 0.01080000
vn 0.05020000 0.99870000 0.00490000
vn 0.05900000 0.99830000 0.00080000
vn 0.05900000 0.99830000 -0.00080000
vn 0.05020000 0.99870000 -0.00490000
vn 0.05800000 0.99830000 -0.01080000
vn 0.05780000 0.99830000 -0.01230000
vn 0.04830000 0.99870000 -0.01460000
vn 0.05480000 0.99830000 -0.02190000
vn 0.05420000 0.99830000 -0.02330000
vn 0.04450000 0.99870000 -0.02380000
vn 0.04950000 0.99830000 -0.03220000
vn 0.04870000 0.99830000 -0.03340000
vn 0.03900000 0.99870000 -0.03200000
vn 0.04230000 0.99830000 -0.04120000
vn 0.04120000 0.99830000 -0.04230000
vn 0.03200000 0.99870000 -0.03900000
vn 0.03340000 0.99830000 -0.04870000
vn 0.03220000 0.99830000 -0.04950000
vn 0.02380000 0.99870000 -0.04450000
vn 0.02330000 0.99830000 -0.05420000
vn 0.02190000 0.99830000 -0.05480000
vn 0.01460000 0.99870000 -0.04830000
vn 0.01230000 0.99830000 -0.05770000
vn 0.01080000 0.99830000 -0.05800000
vn 0.00490000 0.99870000 -0.05020000
vn 0.00080000 0.99830000 -0.05900000
vn -0.00080000 0.99830000 -0.05900000
vn -0.00490000 0.99870000 -0.05020000
vn -0.01080000 0.99830000 -0.05800000
vn -0.01230000 0.99830000 -0.05780000
vn -0.01460000 0.99870000 -0.04830000
vn -0.02190000 0.99830000 -0.05480000
vn -0.02330000 0.99830000 -0.05420000
vn -0.02380000 0.99870000 -0.04450000
vn -0.03220000 0.99830000 -0.04950000
vn -0.03340000 0.99830000 -0.04870000
vn -0.03200000 0.99870000 -0.03900000
vn -0.04120000 0.99830000 -0.04230000
vn -0.04230000 0.99830000 -0.04120000
vn -0.03900000 0.99870000 -0.03200000
vn -0.04870000 0.99830000 -0.03340000
vn -0.04950000 0.99830000 -0.03220000
vn -0.04450000 0.99870000 -0.02380000
vn -0.05420000 0.99830000 -0.02330000
vn -0.05480000 0.99830000 -0.02190000
vn -0.04830000 0.99870000 -0.01460000
vn -0.05780000 0.99830000 -0.01230000
vn -0.05800000 0.99830000 -0.01080000
vn -0.05020000 0.99870000 -0.00490000
vn -0.05900000 0.99830000 -0.00080000
vn -0.05900000 0.99830000 0.00080000
vn -0.05020000 0.99870000 0.00490000
vn -0.05800000 0.99830000 0.01080000
vn -0.05770000 0.99830000 0.01230000
vn -0.04830000 0.99870000 0.01460000
vn -0.05480000 0.99830000 0.02190000
vn -0.05420000 0.99830000 0.02330000
vn -0.04450000 0.99870000 0.02380000
vn -0.04950000 0.99830000 0.03220000
vn -0.04870000 0.99830000 0.03340000
vn -0.03900000 0.99870000 0.03200000
vn -0.04230000 0.99830000 0.04120000
vn -0.04120000 0.99830000 0.04230000
vn -0.03200000 0.99870000 0.03900000
vn -0.03340000 0.99830000 0.04870000
vn -0.03220000 0.99830000 0.04950000
vn -0.02380000 0.99870000 0.04450000
vn -0.02330000 0.99830000 0.05420000
vn -0.02190000 0.99830000 0.05480000
vn -0.01460000 0.99870000 0.04830000
vn -0.01230000 0.99830000 0.05770000
vn -0.01080000 0.99830000 0.05800000
vn -0.00490000 0.99870000 0.05020000
vn -0.00080000 0.99830000 0.05900000
vn 0.02810000 0.98960000 0.14130000
vn 0.02300000 0.99300000 0.11570000
vn 0.01820000 0.99570000 0.09130000
vn -0.00000000 0.99570000 0.09310000
vn -0.00000000 0.99300000 0.11800000
vn -0.00000000 0.98960000 0.14400000
vn 0.05510000 0.98960000 0.13310000
vn 0.04510000 0.99300000 0.10900000
vn 0.03560000 0.99570000 0.08600000
vn 0.08000000 0.98960000 0.11980000
vn 0.06550000 0.99300000 0.09810000
vn 0.05170000 0.99570000 0.07740000
vn 0.10190000 0.98960000 0.10190000
vn 0.08340000 0.99300000 0.08340000
vn 0.06580000 0.99570000 0.06580000
vn 0.11980000 0.98960000 0.08000000
vn 0.09810000 0.99300000 0.06550000
vn 0.07740000 0.99570000 0.05170000
vn 0.13310000 0.98960000 0.05510000
vn 0.10900000 0.99300000 0.04510000
vn 0.08600000 0.99570000 0.03560000
vn 0.14130000 0.98960000 0.02810000
vn 0.11570000 0.99300000 0.02300000
vn 0.09130000 0.99570000 0.01820000
vn 0.14400000 0.98960000 -0.00000000
vn 0.11800000 0.99300000 -0.00000000
vn 0.09310000 0.99570000 -0.00000000
vn 0.14130000 0.98960000 -0.02810000
vn 0.11570000 0.99300000 -0.02300000
vn 0.09130000 0.99570000 -0.01820000
vn 0.13310000 0.98960000 -0.05510000
vn 0.10900000 0.99300000 -0.04510000
vn 0.08600000 0.99570000 -0.03560000
vn 0.11980000 0.98960000 -0.08000000
vn 0.09810000 0.99300000 -0.06550000
vn 0.07740000 0.99570000 -0.05170000
vn 0.10190000 0.98960000 -0.10190000
vn 0.08340000 0.99300000 -0.08340000
vn 0.06580000 0.99570000 -0.06580000
vn 0.08000000 0.98960000 -0.11980000
vn 0.06550000 0.99300000 -0.09810000
vn 0.05170000 0.99570000 -0.07740000
vn 0.05510000 0.98960000 -0.13310000
vn 0.04510000 0.99300000 -0.10900000
vn 0.03560000 0.99570000 -0.08600000
vn 0.02810000 0.98960000 -0.14130000
vn 0.02300000 0.99300000 -0.11570000
vn 0.01820000 0.99570000 -0.09130000
vn 0.00000000 0.98960000 -0.14400000
vn 0.00000000 0.99300000 -0.11800000
vn 0.00000000 0.99570000 -0.09310000
vn -0.02810000 0.98960000 -0.14130000
vn -0.02300000 0.99300000 -0.11570000
vn -0.01820000 0.99570000 -0.09130000
vn -0.05510000 0.98960000 -0.13310000
vn -0.04510000 0.99300000 -0.10900000
vn -0.03560000 0.99570000 -0.08600000
vn -0.08000000 0.98960000 -0.11980000
vn -0.06550000 0.99300000 -0.09810000
vn -0.05170000 0.99570000 -0.07740000
vn -0.10190000 0.98960000 -0.10190000
vn -0.08340000 0.99300000 -0.08340000
vn -0.06580000 0.99570000 -0.06580000
vn -0.11980000 0.98960000 -0.08000000
vn -0.09810000 0.99300000 -0.06550000
vn -0.07740000 0.99570000 -0.05170000
vn -0.13310000 0.98960000 -0.05510000
vn -0.10900000 0.99300000 -0.04510000
vn -0.08600000 0.99570000 -0.03560000
vn -0.14130000 0.98960000 -0.02810000
vn -0.11570000 0.99300000 -0.02300000
vn -0.09130000 0.99570000 -0.01820000
vn -0.14400000 0.98960000 0.00000000
vn -0.11800000 0.99300000 0.00000000
vn -0.09310000 0.99570000 0.00000000
vn -0.14130000 0.98960000 0.02810000
vn -0.11570000 0.99300000 0.02300000
vn -0.09130000 0.99570000 0.01820000
vn -0.13310000 0.98960000 0.05510000
vn -0.10900000 0.99300000 0.04510000
vn -0.08600000 0.99570000 0.03560000
vn -0.11980000 0.98960000 0.08000000
vn -0.09810000 0.99300000 0.06550000
vn -0.07740000 0.99570000 0.05170000
vn -0.10190000 0.98960000 0.10190000
vn -0.08340000 0.99300000 0.08340000
vn -0.06580000 0.99570000 0.06580000
vn -0.08000000 0.98960000 0.11980000
vn -0.06550000 0.99300000 0.09810000
vn -0.05170000 0.99570000 0.07740000
vn -0.05510000 0.98960000 0.13310000
vn -0.04510000 0.99300000 0.10900000
vn -0.03560000 0.99570000 0.08600000
vn -0.02810000 0.98960000 0.14130000
vn -0.02300000 0.99300000 0.11570000
vn -0.01820000 0.99570000 0.09130000
vn -0.23020000 -0.32090000 0.91870000
vn -0.27490000 -0.32090000 0.90630000
vn -0.31900000 -0.32090000 0.89180000
vn -0.20770000 -0.51950000 0.82890000
vn -0.24800000 -0.51950000 0.81770000
vn -0.28780000 -0.51950000 0.80460000
vn -0.16640000 -0.72870000 0.66430000
vn -0.19880000 -0.72870000 0.65530000
vn -0.23070000 -0.72870000 0.64480000
vn -0.31900000 -0.32090000 -0.89180000
vn -0.27490000 -0.32090000 -0.90630000
vn -0.23020000 -0.32090000 -0.91870000
vn -0.28780000 -0.51950000 -0.80450000
vn -0.24800000 -0.51950000 -0.81770000
vn -0.20770000 -0.51950000 -0.82890000
vn -0.23070000 -0.72870000 -0.64480000
vn -0.19880000 -0.72870000 -0.65530000
vn -0.16640000 -0.72870000 -0.66430000
vn 0.76070000 -0.32090000 0.56420000
vn 0.73210000 -0.32090000 0.60080000
vn 0.70180000 -0.32090000 0.63600000
vn 0.68630000 -0.51950000 0.50900000
vn 0.66050000 -0.51950000 0.54210000
vn 0.63320000 -0.51950000 0.57380000
vn 0.55000000 -0.72870000 0.40800000
vn 0.52940000 -0.72870000 0.43450000
vn 0.50750000 -0.72870000 0.45990000
vn -0.04650000 -0.32090000 0.94600000
vn -0.09280000 -0.32090000 0.94260000
vn -0.13890000 -0.32090000 0.93690000
vn -0.04200000 -0.51950000 0.85350000
vn -0.08380000 -0.51950000 0.85040000
vn -0.12530000 -0.51950000 0.84520000
vn -0.03360000 -0.72870000 0.68400000
vn -0.06710000 -0.72870000 0.68150000
vn -0.10050000 -0.72870000 0.67740000
vn -0.48690000 -0.32090000 -0.81240000
vn -0.44650000 -0.32090000 -0.83530000
vn -0.40500000 -0.32090000 -0.85620000
vn -0.43930000 -0.51950000 -0.73290000
vn -0.40280000 -0.51950000 -0.75360000
vn -0.36540000 -0.51950000 -0.77240000
vn -0.35210000 -0.72870000 -0.58740000
vn -0.32280000 -0.72870000 -0.60400000
vn -0.29280000 -0.72870000 -0.61910000
vn 0.85620000 -0.32090000 0.40500000
vn 0.83530000 -0.32090000 0.44650000
vn 0.81240000 -0.32090000 0.48690000
vn 0.77240000 -0.51950000 0.36540000
vn 0.75360000 -0.51950000 0.40280000
vn 0.73290000 -0.51950000 0.43930000
vn 0.61910000 -0.72870000 0.29280000
vn 0.60400000 -0.72870000 0.32280000
vn 0.58740000 -0.72870000 0.35210000
vn -0.63600000 -0.32090000 -0.70180000
vn -0.60080000 -0.32090000 -0.73210000
vn -0.56420000 -0.32090000 -0.76070000
vn -0.57380000 -0.51950000 -0.63320000
vn -0.54210000 -0.51950000 -0.66050000
vn -0.50900000 -0.51950000 -0.68630000
vn -0.45990000 -0.72870000 -0.50740000
vn -0.43450000 -0.72870000 -0.52940000
vn -0.40800000 -0.72870000 -0.55010000
vn 0.91870000 -0.32090000 0.23020000
vn 0.90630000 -0.32090000 0.27490000
vn 0.89180000 -0.32090000 0.31900000
vn 0.82890000 -0.51950000 0.20770000
vn 0.81770000 -0.51950000 0.24800000
vn 0.80450000 -0.51950000 0.28780000
vn 0.66430000 -0.72870000 0.16640000
vn 0.65530000 -0.72870000 0.19880000
vn 0.64480000 -0.72870000 0.23070000
vn -0.76070000 -0.32090000 -0.56420000
vn -0.73210000 -0.32090000 -0.60090000
vn -0.70180000 -0.32090000 -0.63600000
vn -0.68630000 -0.51950000 -0.50910000
vn -0.66050000 -0.51950000 -0.54210000
vn -0.63320000 -0.51950000 -0.57380000
vn -0.55000000 -0.72870000 -0.40800000
vn -0.52940000 -0.72870000 -0.43450000
vn -0.50750000 -0.72870000 -0.45990000
vn 0.94600000 -0.32090000 0.04650000
vn 0.94260000 -0.32090000 0.09280000
vn 0.93690000 -0.32090000 0.13890000
vn 0.85350000 -0.51950000 0.04200000
vn 0.85040000 -0.51950000 0.08380000
vn 0.84520000 -0.51950000 0.12530000
vn 0.68400000 -0.72870000 0.03360000
vn 0.68150000 -0.72870000 0.06710000
vn 0.67740000 -0.72870000 0.10050000
vn -0.85620000 -0.32090000 -0.40500000
vn -0.83530000 -0.32090000 -0.44650000
vn -0.81240000 -0.32090000 -0.48690000
vn -0.77240000 -0.51950000 -0.36540000
vn -0.75360000 -0.51950000 -0.40280000
vn -0.73290000 -0.51950000 -0.43930000
vn -0.61910000 -0.72870000 -0.29280000
vn -0.60400000 -0.72870000 -0.32280000
vn -0.58740000 -0.72870000 -0.35210000
vn 0.93690000 -0.32090000 -0.13890000
vn 0.94260000 -0.32090000 -0.09280000
vn 0.94600000 -0.32090000 -0.04650000
vn 0.84520000 -0.51950000 -0.12530000
vn 0.85040000 -0.51950000 -0.08380000
vn 0.85350000 -0.51950000 -0.04200000
vn 0.67740000 -0.72870000 -0.10050000
vn 0.68150000 -0.72870000 -0.06710000
vn 0.68400000 -0.72870000 -0.03360000
vn -0.91870000 -0.32090000 -0.23020000
vn -0.90630000 -0.32090000 -0.27490000
vn -0.89180000 -0.32090000 -0.31900000
vn -0.82890000 -0.51950000 -0.20770000
vn -0.81770000 -0.51950000 -0.24800000
vn -0.80460000 -0.51950000 -0.28780000
vn -0.66430000 -0.72870000 -0.16640000
vn -0.65530000 -0.72870000 -0.19880000
vn -0.64480000 -0.72870000 -0.23070000
vn 0.89180000 -0.32090000 -0.31900000
vn 0.90630000 -0.32090000 -0.27490000
vn 0.91870000 -0.32090000 -0.23020000
vn 0.80450000 -0.51950000 -0.28780000
vn 0.81770000 -0.51950000 -0.24800000
vn 0.82890000 -0.51950000 -0.20770000
vn 0.64480000 -0.72870000 -0.23070000
vn 0.65530000 -0.72870000 -0.19880000
vn 0.66430000 -0.72870000 -0.16640000
vn -0.94600000 -0.32090000 -0.04650000
vn -0.94260000 -0.32090000 -0.09280000
vn -0.93690000 -0.32090000 -0.13890000
vn -0.85350000 -0.51950000 -0.04200000
vn -0.85040000 -0.51950000 -0.08380000
vn -0.84520000 -0.51950000 -0.12530000
vn -0.68400000 -0.72870000 -0.03360000
vn -0.68150000 -0.72870000 -0.06710000
vn -0.67740000 -0.72870000 -0.10050000
vn 0.81240000 -0.32090000 -0.48690000
vn 0.83530000 -0.32090000 -0.44650000
vn 0.85620000 -0.32090000 -0.40500000
vn 0.73290000 -0.51950000 -0.43930000
vn 0.75360000 -0.51950000 -0.40280000
vn 0.77240000 -0.51950000 -0.36540000
vn 0.58740000 -0.72870000 -0.35210000
vn 0.60400000 -0.72870000 -0.32280000
vn 0.61910000 -0.72870000 -0.29280000
vn -0.93690000 -0.32090000 0.13890000
vn -0.94260000 -0.32090000 0.09280000
vn -0.94600000 -0.32090000 0.04650000
vn -0.84520000 -0.51950000 0.12530000
vn -0.85040000 -0.51950000 0.08380000
vn -0.85350000 -0.51950000 0.04200000
vn -0.67740000 -0.72870000 0.10050000
vn -0.68150000 -0.72870000 0.06710000
vn -0.68400000 -0.72870000 0.03360000
vn 0.70180000 -0.32090000 -0.63600000
vn 0.73210000 -0.32090000 -0.60090000
vn 0.76070000 -0.32090000 -0.56420000
vn 0.63320000 -0.51950000 -0.57380000
vn 0.66050000 -0.51950000 -0.54210000
vn 0.68630000 -0.51950000 -0.50900000
vn 0.50740000 -0.72870000 -0.45990000
vn 0.52940000 -0.72870000 -0.43450000
vn 0.55010000 -0.72870000 -0.40800000
vn -0.89180000 -0.32090000 0.31900000
vn -0.90630000 -0.32090000 0.27490000
vn -0.91870000 -0.32090000 0.23020000
vn -0.80450000 -0.51950000 0.28780000
vn -0.81770000 -0.51950000 0.24810000
vn -0.82890000 -0.51950000 0.20770000
vn -0.64480000 -0.72870000 0.23070000
vn -0.65530000 -0.72870000 0.19880000
vn -0.66430000 -0.72870000 0.16640000
vn 0.56420000 -0.32090000 -0.76070000
vn 0.60080000 -0.32090000 -0.73210000
vn 0.63600000 -0.32090000 -0.70180000
vn 0.50900000 -0.51950000 -0.68630000
vn 0.54210000 -0.51950000 -0.66050000
vn 0.57380000 -0.51950000 -0.63320000
vn 0.40800000 -0.72870000 -0.55010000
vn 0.43450000 -0.72870000 -0.52940000
vn 0.45990000 -0.72870000 -0.50740000
vn -0.81240000 -0.32090000 0.48690000
vn -0.83530000 -0.32090000 0.44650000
vn -0.85620000 -0.32090000 0.40500000
vn -0.73290000 -0.51950000 0.43930000
vn -0.75360000 -0.51950000 0.40280000
vn -0.77240000 -0.51950000 0.36540000
vn -0.58740000 -0.72870000 0.35210000
vn -0.60400000 -0.72870000 0.32280000
vn -0.61910000 -0.72870000 0.29280000
vn 0.40500000 -0.32090000 -0.85620000
vn 0.44650000 -0.32090000 -0.83530000
vn 0.48690000 -0.32090000 -0.81240000
vn 0.36540000 -0.51950000 -0.77240000
vn 0.40280000 -0.51950000 -0.75360000
vn 0.43930000 -0.51950000 -0.73290000
vn 0.29280000 -0.72870000 -0.61910000
vn 0.32280000 -0.72870000 -0.60400000
vn 0.35210000 -0.72870000 -0.58740000
vn 0.13890000 -0.32090000 0.93690000
vn 0.09280000 -0.32090000 0.94260000
vn 0.04650000 -0.32090000 0.94600000
vn 0.12530000 -0.51950000 0.84530000
vn 0.08380000 -0.51950000 0.85040000
vn 0.04200000 -0.51950000 0.85350000
vn 0.10050000 -0.72870000 0.67740000
vn 0.06710000 -0.72870000 0.68150000
vn 0.03360000 -0.72870000 0.68400000
vn -0.70180000 -0.32090000 0.63600000
vn -0.73210000 -0.32090000 0.60080000
vn -0.76070000 -0.32090000 0.56420000
vn -0.63320000 -0.51950000 0.57380000
vn -0.66050000 -0.51950000 0.54210000
vn -0.68630000 -0.51950000 0.50900000
vn -0.50740000 -0.72870000 0.45990000
vn -0.52940000 -0.72870000 0.43450000
vn -0.55010000 -0.72870000 0.40800000
vn 0.23020000 -0.32090000 -0.91870000
vn 0.27490000 -0.32090000 -0.90630000
vn 0.31900000 -0.32090000 -0.89180000
vn 0.20770000 -0.51950000 -0.82890000
vn 0.24800000 -0.51950000 -0.81770000
vn 0.28780000 -0.51950000 -0.80460000
vn 0.16640000 -0.72870000 -0.66430000
vn 0.19880000 -0.72870000 -0.65530000
vn 0.23070000 -0.72870000 -0.64480000
vn 0.31900000 -0.32090000 0.89180000
vn 0.27490000 -0.32090000 0.90630000
vn 0.23020000 -0.32090000 0.91870000
vn 0.28780000 -0.51950000 0.80460000
vn 0.24800000 -0.51950000 0.81770000
vn 0.20770000 -0.51950000 0.82890000
vn 0.23070000 -0.72870000 0.64480000
vn 0.19880000 -0.72870000 0.65530000
vn 0.16640000 -0.72870000 0.66430000
vn -0.56420000 -0.32090000 0.76070000
vn -0.60080000 -0.32090000 0.73210000
vn -0.63600000 -0.32090000 0.70180000
vn -0.50900000 -0.51950000 0.68630000
vn -0.54210000 -0.51950000 0.66050000
vn -0.57380000 -0.51950000 0.63320000
vn -0.40800000 -0.72870000 0.55010000
vn -0.43450000 -0.72870000 0.52940000
vn -0.45990000 -0.72870000 0.50740000
vn 0.04650000 -0.32090000 -0.94600000
vn 0.09280000 -0.32090000 -0.94260000
vn 0.13890000 -0.32090000 -0.93690000
vn 0.04200000 -0.51950000 -0.85350000
vn 0.08380000 -0.51950000 -0.85040000
vn 0.12530000 -0.51950000 -0.84520000
vn 0.03360000 -0.72870000 -0.68400000
vn 0.06710000 -0.72870000 -0.68150000
vn 0.10050000 -0.72870000 -0.67740000
vn 0.48690000 -0.32090000 0.81240000
vn 0.44650000 -0.32090000 0.83530000
vn 0.40500000 -0.32090000 0.85620000
vn 0.43930000 -0.51950000 0.73290000
vn 0.40280000 -0.51950000 0.75360000
vn 0.36540000 -0.51950000 0.77240000
vn 0.35210000 -0.72870000 0.58740000
vn 0.32280000 -0.72870000 0.60400000
vn 0.29280000 -0.72870000 0.61910000
vn -0.40500000 -0.32090000 0.85620000
vn -0.44650000 -0.32090000 0.83530000
vn -0.48690000 -0.32090000 0.81240000
vn -0.36540000 -0.51950000 0.77240000
vn -0.40280000 -0.51950000 0.75360000
vn -0.43930000 -0.51950000 0.73290000
vn -0.29280000 -0.72870000 0.61910000
vn -0.32280000 -0.72870000 0.60400000
vn -0.35210000 -0.72870000 0.58740000
vn -0.13890000 -0.32090000 -0.93690000
vn -0.09280000 -0.32090000 -0.94260000
vn -0.04650000 -0.32090000 -0.94600000
vn -0.12530000 -0.51950000 -0.84520000
vn -0.08380000 -0.51950000 -0.85040000
vn -0.04200000 -0.51950000 -0.85350000
vn -0.10050000 -0.72870000 -0.67740000
vn -0.06710000 -0.72870000 -0.68150000
vn -0.03360000 -0.72870000 -0.68400000
vn 0.63600000 -0.32090000 0.70180000
vn 0.60090000 -0.32090000 0.73210000
vn 0.56420000 -0.32090000 0.76070000
vn 0.57380000 -0.51950000 0.63320000
vn 0.54210000 -0.51950000 0.66050000
vn 0.50900000 -0.51950000 0.68630000
vn 0.45990000 -0.72870000 0.50750000
vn 0.43450000 -0.72870000 0.52940000
vn 0.40800000 -0.72870000 0.55010000
vn -0.00000000 -1.00000000 0.00000000
vn -0.00000000 -1.00000000 0.00000000
vn -0.00000000 -1.00000000 0.00000000
vn -0.00000000 -1.00000000 0.00000000
vn -0.00000000 -1.00000000 0.00000000
vn -0.00000000 -1.00000000 0.00000000
vn -0.00000000 -1.00000000 0.00000000
vn -0.00000000 -1.00000000 0.00000000
vn -0.00000000 -1.00000000 0.00000000
vn -0.00000000 -1.00000000 0.00000000
vn -0.00000000 -1.00000000 0.00000000
vn -0.00000000 -1.00000000 0.00000000
vn -0.00000000 -1.00000000 0.00000000
vn -0.00000000 -1.00000000 0.00000000
vn -0.00000000 -1.00000000 0.00000000
vn -0.00000000 -1.00000000 0.00000000
vn -0.00000000 -1.00000000 0.00000000
vn -0.00000000 -1.00000000 0.00000000
vn -0.00000000 -1.00000000 0.00000000
vn -0.00000000 -1.00000000 0.00000000
vn -0.00000000 -1.00000000 0.00000000
vn -0.00000000 -1.00000000 0.00000000
vn -0.00000000 -1.00000000 0.00000000
vn -0.00000000 -1.00000000 0.00000000
vn -0.00000000 -1.00000000 0.00000000
vn -0.00000000 -1.00000000 0.00000000
vn -0.00000000 -1.00000000 0.00000000
vn -0.00000000 -1.00000000 0.00000000
vn -0.00000000 -1.00000000 0.00000000
vn -0.00000000 -1.00000000 0.00000000
vn -0.00000000 -1.00000000 0.00000000
vn -0.00000000 -1.00000000 0.00000000
vn -0.00000000 -1.00000000 0.00000000
vn -0.00000000 -1.00000000 0.00000000
vn -0.00000000 -1.00000000 0.00000000
vn -0.00000000 -1.00000000 0.00000000
vn -0.00000000 -1.00000000 0.00000000
vn -0.00000000 -1.00000000 0.00000000
vn -0.00000000 -1.00000000 0.00000000
vn -0.00000000 -1.00000000 0.00000000
vn -0.00000000 -1.00000000 0.00000000
vn -0.00000000 -1.00000000 0.00000000
vn -0.00000000 -1.00000000 0.00000000
vn -0.00000000 -1.00000000 0.00000000
vn -0.00000000 -1.00000000 0.00000000
vn -0.00000000 -1.00000000 0.00000000
vn -0.00000000 -1.00000000 0.00000000
vn -0.00000000 -1.00000000 0.00000000
vn -0.00000000 -1.00000000 0.00000000
vn -0.00000000 -1.00000000 0.00000000
vn -0.00000000 -1.00000000 0.00000000
vn -0.00000000 -1.00000000 0.00000000
vn -0.00000000 -1.00000000 0.00000000
vn -0.00000000 -1.00000000 0.00000000
vn -0.00000000 -1.00000000 0.00000000
vn -0.00000000 -1.00000000 0.00000000
vn -0.00000000 -1.00000000 0.00000000
vn -0.00000000 -1.00000000 0.00000000
vn -0.00000000 -1.00000000 0.00000000
vn -0.00000000 -1.00000000 0.00000000
vn -0.00000000 -1.00000000 0.00000000
vn -0.00000000 -1.00000000 0.00000000
vn -0.00000000 -1.00000000 0.00000000
vn -0.00000000 -1.00000000 0.00000000
vn -0.00000000 -1.00000000 0.00000000
vn 0.18230000 0.66110000 0.72780000
vn 0.21780000 0.66110000 0.71800000
vn 0.25270000 0.66110000 0.70650000
vn 0.10460000 0.90260000 0.41760000
vn 0.12500000 0.90260000 0.41200000
vn 0.14500000 0.90260000 0.40540000
vn 0.05960000 0.96950000 0.23790000
vn 0.07120000 0.96950000 0.23470000
vn 0.08260000 0.96950000 0.23090000
vn -0.00000000 1.00000000 0.00000000
vn 0.00780000 0.99920000 0.03910000
vn 0.00750000 0.99970000 0.02460000
vn 0.01530000 0.99920000 0.03680000
vn 0.01210000 0.99970000 0.02260000
vn 0.02210000 0.99920000 0.03310000
vn 0.01630000 0.99970000 0.01980000
vn 0.02820000 0.99920000 0.02820000
vn 0.01980000 0.99970000 0.01630000
vn 0.03310000 0.99920000 0.02210000
vn 0.02260000 0.99970000 0.01210000
vn 0.03680000 0.99920000 0.01530000
vn 0.02460000 0.99970000 0.00740000
vn 0.03910000 0.99920000 0.00780000
vn 0.02560000 0.99970000 0.00250000
vn 0.03990000 0.99920000 0.00000000
vn 0.02560000 0.99970000 -0.00250000
vn 0.03910000 0.99920000 -0.00780000
vn 0.02460000 0.99970000 -0.00750000
vn 0.03680000 0.99920000 -0.01530000
vn 0.02260000 0.99970000 -0.01210000
vn 0.03310000 0.99920000 -0.02220000
vn 0.01980000 0.99970000 -0.01630000
vn 0.02820000 0.99920000 -0.02820000
vn 0.01630000 0.99970000 -0.01980000
vn 0.02210000 0.99920000 -0.03310000
vn 0.01210000 0.99970000 -0.02260000
vn 0.01530000 0.99920000 -0.03680000
vn 0.00750000 0.99970000 -0.02460000
vn 0.00780000 0.99920000 -0.03910000
vn 0.00250000 0.99970000 -0.02560000
vn 0.00000000 0.99920000 -0.03990000
vn -0.00250000 0.99970000 -0.02560000
vn -0.00780000 0.99920000 -0.03910000
vn -0.00750000 0.99970000 -0.02460000
vn -0.01530000 0.99920000 -0.03680000
vn -0.01210000 0.99970000 -0.02260000
vn -0.02210000 0.99920000 -0.03320000
vn -0.01630000 0.99970000 -0.01980000
vn -0.02820000 0.99920000 -0.02820000
vn -0.01980000 0.99970000 -0.01630000
vn -0.03310000 0.99920000 -0.02220000
vn -0.02260000 0.99970000 -0.01210000
vn -0.03680000 0.99920000 -0.01530000
vn -0.02460000 0.99970000 -0.00750000
vn -0.03910000 0.99920000 -0.00780000
vn -0.02560000 0.99970000 -0.00250000
vn -0.03990000 0.99920000 0.00000000
vn -0.02560000 0.99970000 0.00250000
vn -0.03910000 0.99920000 0.00780000
vn -0.02460000 0.99970000 0.00750000
vn -0.03680000 0.99920000 0.01530000
vn -0.02260000 0.99970000 0.01210000
vn -0.03310000 0.99920000 0.02220000
vn -0.01980000 0.99970000 0.01630000
vn -0.02820000 0.99920000 0.02820000
vn -0.01630000 0.99970000 0.01980000
vn -0.02210000 0.99920000 0.03310000
vn -0.01210000 0.99970000 0.02260000
vn -0.01530000 0.99920000 0.03680000
vn -0.00750000 0.99970000 0.02460000
vn -0.00780000 0.99920000 0.03910000
vn -0.00250000 0.99970000 0.02560000
vn -0.00000000 0.99920000 0.03990000
vn 0.00250000 0.99970000 0.02560000
vn -0.50390000 0.66110000 0.55600000
vn -0.47600000 0.66110000 0.58000000
vn -0.44700000 0.66110000 0.60260000
vn -0.28910000 0.90260000 0.31900000
vn -0.27310000 0.90260000 0.33280000
vn -0.25650000 0.90260000 0.34580000
vn -0.16470000 0.96950000 0.18170000
vn -0.15560000 0.96950000 0.18960000
vn -0.14610000 0.96950000 0.19700000
vn 0.11010000 0.66110000 -0.74220000
vn 0.07350000 0.66110000 -0.74670000
vn 0.03680000 0.66110000 -0.74940000
vn 0.06320000 0.90260000 -0.42590000
vn 0.04220000 0.90260000 -0.42850000
vn 0.02110000 0.90260000 -0.43000000
vn 0.03600000 0.96950000 -0.24260000
vn 0.02400000 0.96950000 -0.24410000
vn 0.01200000 0.96950000 -0.24500000
vn 0.32080000 0.66110000 0.67830000
vn 0.35370000 0.66110000 0.66170000
vn 0.38570000 0.66110000 0.64360000
vn 0.18410000 0.90260000 0.38920000
vn 0.20300000 0.90260000 0.37970000
vn 0.22130000 0.90260000 0.36930000
vn 0.10490000 0.96950000 0.22170000
vn 0.11560000 0.96950000 0.21630000
vn 0.12610000 0.96950000 0.21040000
vn -0.38570000 0.66110000 0.64360000
vn -0.35370000 0.66110000 0.66170000
vn -0.32080000 0.66110000 0.67830000
vn -0.22130000 0.90260000 0.36930000
vn -0.20300000 0.90260000 0.37970000
vn -0.18410000 0.90260000 0.38920000
vn -0.12610000 0.96950000 0.21040000
vn -0.11560000 0.96950000 0.21630000
vn -0.10490000 0.96950000 0.22170000
vn -0.03680000 0.66110000 -0.74940000
vn -0.07350000 0.66110000 -0.74670000
vn -0.11010000 0.66110000 -0.74220000
vn -0.02110000 0.90260000 -0.43000000
vn -0.04220000 0.90260000 -0.42850000
vn -0.06320000 0.90260000 -0.42590000
vn -0.01200000 0.96950000 -0.24500000
vn -0.02400000 0.96950000 -0.24410000
vn -0.03600000 0.96950000 -0.24260000
vn 0.44700000 0.66110000 0.60260000
vn 0.47600000 0.66110000 0.58000000
vn 0.50390000 0.66110000 0.55600000
vn 0.25650000 0.90260000 0.34580000
vn 0.27310000 0.90260000 0.33280000
vn 0.28910000 0.90260000 0.31900000
vn 0.14610000 0.96950000 0.19700000
vn 0.15560000 0.96950000 0.18960000
vn 0.16470000 0.96950000 0.18170000
vn -0.25270000 0.66110000 0.70650000
vn -0.21780000 0.66110000 0.71800000
vn -0.18230000 0.66110000 0.72780000
vn -0.14500000 0.90260000 0.40540000
vn -0.12500000 0.90260000 0.41200000
vn -0.10460000 0.90260000 0.41760000
vn -0.08260000 0.96950000 0.23090000
vn -0.07120000 0.96950000 0.23470000
vn -0.05960000 0.96950000 0.23790000
vn -0.18230000 0.66110000 -0.72780000
vn -0.21780000 0.66110000 -0.71800000
vn -0.25270000 0.66110000 -0.70650000
vn -0.10460000 0.90260000 -0.41760000
vn -0.12500000 0.90260000 -0.41200000
vn -0.14500000 0.90260000 -0.40540000
vn -0.05960000 0.96950000 -0.23790000
vn -0.07120000 0.96950000 -0.23470000
vn -0.08260000 0.96950000 -0.23090000
vn 0.55600000 0.66110000 0.50390000
vn 0.58000000 0.66110000 0.47600000
vn 0.60260000 0.66110000 0.44700000
vn 0.31900000 0.90260000 0.28910000
vn 0.33280000 0.90260000 0.27310000
vn 0.34580000 0.90260000 0.25650000
vn 0.18170000 0.96950000 0.16470000
vn 0.18960000 0.96950000 0.15560000
vn 0.19700000 0.96950000 0.14610000
vn -0.11010000 0.66110000 0.74220000
vn -0.07350000 0.66110000 0.74670000
vn -0.03680000 0.66110000 0.74940000
vn -0.06320000 0.90260000 0.42590000
vn -0.04220000 0.90260000 0.42850000
vn -0.02110000 0.90260000 0.43000000
vn -0.03600000 0.96950000 0.24260000
vn -0.02400000 0.96950000 0.24410000
vn -0.01200000 0.96950000 0.24500000
vn -0.32080000 0.66110000 -0.67830000
vn -0.35370000 0.66110000 -0.66170000
vn -0.38570000 0.66110000 -0.64360000
vn -0.18410000 0.90260000 -0.38920000
vn -0.20300000 0.90260000 -0.37970000
vn -0.22130000 0.90260000 -0.36930000
vn -0.10490000 0.96950000 -0.22170000
vn -0.11560000 0.96950000 -0.21630000
vn -0.12610000 0.96950000 -0.21040000
vn 0.64360000 0.66110000 0.38570000
vn 0.66170000 0.66110000 0.35370000
vn 0.67830000 0.66110000 0.32080000
vn 0.36930000 0.90260000 0.22130000
vn 0.37970000 0.90260000 0.20300000
vn 0.38920000 0.90260000 0.18410000
vn 0.21040000 0.96950000 0.12610000
vn 0.21630000 0.96950000 0.11560000
vn 0.22170000 0.96950000 0.10490000
vn -0.44700000 0.66110000 -0.60260000
vn -0.47600000 0.66110000 -0.58000000
vn -0.50390000 0.66110000 -0.55600000
vn -0.25650000 0.90260000 -0.34580000
vn -0.27310000 0.90260000 -0.33280000
vn -0.28910000 0.90260000 -0.31900000
vn -0.14610000 0.96950000 -0.19700000
vn -0.15560000 0.96950000 -0.18960000
vn -0.16470000 0.96950000 -0.18170000
vn 0.70650000 0.66110000 0.25280000
vn 0.71800000 0.66110000 0.21780000
vn 0.72780000 0.66110000 0.18230000
vn 0.40540000 0.90260000 0.14500000
vn 0.41200000 0.90260000 0.12500000
vn 0.41760000 0.90260000 0.10460000
vn 0.23090000 0.96950000 0.08260000
vn 0.23470000 0.96950000 0.07120000
vn 0.23790000 0.96950000 0.05960000
vn -0.55600000 0.66110000 -0.50390000
vn -0.58000000 0.66110000 -0.47600000
vn -0.60260000 0.66110000 -0.44700000
vn -0.31900000 0.90260000 -0.28910000
vn -0.33280000 0.90260000 -0.27310000
vn -0.34580000 0.90260000 -0.25650000
vn -0.18170000 0.96950000 -0.16470000
vn -0.18960000 0.96950000 -0.15560000
vn -0.19700000 0.96950000 -0.14610000
vn 0.74220000 0.66110000 0.11010000
vn 0.74670000 0.66110000 0.07350000
vn 0.74940000 0.66110000 0.03680000
vn 0.42590000 0.90260000 0.06320000
vn 0.42850000 0.90260000 0.04220000
vn 0.43000000 0.90260000 0.02110000
vn 0.24260000 0.96950000 0.03600000
vn 0.24410000 0.96950000 0.02400000
vn 0.24500000 0.96950000 0.01200000
vn -0.64360000 0.66110000 -0.38570000
vn -0.66170000 0.66110000 -0.35370000
vn -0.67830000 0.66110000 -0.32080000
vn -0.36930000 0.90260000 -0.22130000
vn -0.37970000 0.90260000 -0.20300000
vn -0.38920000 0.90260000 -0.18410000
vn -0.21040000 0.96950000 -0.12610000
vn -0.21630000 0.96950000 -0.11560000
vn -0.22170000 0.96950000 -0.10490000
vn 0.74940000 0.66110000 -0.03680000
vn 0.74670000 0.66110000 -0.07350000
vn 0.74220000 0.66110000 -0.11010000
vn 0.43000000 0.90260000 -0.02110000
vn 0.42850000 0.90260000 -0.04220000
vn 0.42590000 0.90260000 -0.06320000
vn 0.24500000 0.96950000 -0.01200000
vn 0.24410000 0.96950000 -0.02400000
vn 0.24260000 0.96950000 -0.03600000
vn -0.70650000 0.66110000 -0.25280000
vn -0.71800000 0.66110000 -0.21780000
vn -0.72780000 0.66110000 -0.18230000
vn -0.40540000 0.90260000 -0.14500000
vn -0.41200000 0.90260000 -0.12500000
vn -0.41760000 0.90260000 -0.10460000
vn -0.23090000 0.96950000 -0.08260000
vn -0.23470000 0.96950000 -0.07120000
vn -0.23790000 0.96950000 -0.05960000
vn 0.72780000 0.66110000 -0.18230000
vn 0.71800000 0.66110000 -0.21780000
vn 0.70650000 0.66110000 -0.25270000
vn 0.41760000 0.90260000 -0.10460000
vn 0.41200000 0.90260000 -0.12500000
vn 0.40540000 0.90260000 -0.14500000
vn 0.23790000 0.96950000 -0.05960000
vn 0.23470000 0.96950000 -0.07120000
vn 0.23090000 0.96950000 -0.08260000
vn -0.74220000 0.66110000 -0.11010000
vn -0.74670000 0.66110000 -0.07350000
vn -0.74940000 0.66110000 -0.03680000
vn -0.42590000 0.90260000 -0.06320000
vn -0.42850000 0.90260000 -0.04220000
vn -0.43000000 0.90260000 -0.02110000
vn -0.24260000 0.96950000 -0.03600000
vn -0.24410000 0.96950000 -0.02400000
vn -0.24500000 0.96950000 -0.01200000
vn 0.67830000 0.66110000 -0.32080000
vn 0.66170000 0.66110000 -0.35370000
vn 0.64360000 0.66110000 -0.38570000
vn 0.38920000 0.90260000 -0.18410000
vn 0.37970000 0.90260000 -0.20300000
vn 0.36930000 0.90260000 -0.22130000
vn 0.22170000 0.96950000 -0.10490000
vn 0.21630000 0.96950000 -0.11560000
vn 0.21040000 0.96950000 -0.12610000
vn -0.74940000 0.66110000 0.03680000
vn -0.74670000 0.66110000 0.07350000
vn -0.74220000 0.66110000 0.11010000
vn -0.43000000 0.90260000 0.02110000
vn -0.42850000 0.90260000 0.04220000
vn -0.42590000 0.90260000 0.06320000
vn -0.24500000 0.96950000 0.01200000
vn -0.24410000 0.96950000 0.02400000
vn -0.24260000 0.96950000 0.03600000
vn 0.60260000 0.66110000 -0.44700000
vn 0.58000000 0.66110000 -0.47600000
vn 0.55600000 0.66110000 -0.50390000
vn 0.34580000 0.90260000 -0.25650000
vn 0.33280000 0.90260000 -0.27310000
vn 0.31900000 0.90260000 -0.28910000
vn 0.19700000 0.96950000 -0.14610000
vn 0.18960000 0.96950000 -0.15560000
vn 0.18170000 0.96950000 -0.16470000
vn -0.72780000 0.66110000 0.18230000
vn -0.71800000 0.66110000 0.21780000
vn -0.70650000 0.66110000 0.25280000
vn -0.41760000 0.90260000 0.10460000
vn -0.41200000 0.90260000 0.12500000
vn -0.40540000 0.90260000 0.14500000
vn -0.23790000 0.96950000 0.05960000
vn -0.23470000 0.96950000 0.07120000
vn -0.23090000 0.96950000 0.08260000
vn 0.50390000 0.66110000 -0.55600000
vn 0.47600000 0.66110000 -0.58000000
vn 0.44700000 0.66110000 -0.60260000
vn 0.28910000 0.90260000 -0.31900000
vn 0.27310000 0.90260000 -0.33280000
vn 0.25650000 0.90260000 -0.34580000
vn 0.16470000 0.96950000 -0.18170000
vn 0.15560000 0.96950000 -0.18960000
vn 0.14610000 0.96950000 -0.19700000
vn -0.67830000 0.66110000 0.32080000
vn -0.66170000 0.66110000 0.35370000
vn -0.64360000 0.66110000 0.38570000
vn -0.38920000 0.90260000 0.18410000
vn -0.37970000 0.90260000 0.20300000
vn -0.36930000 0.90260000 0.22130000
vn -0.22170000 0.96950000 0.10490000
vn -0.21630000 0.96950000 0.11560000
vn -0.21040000 0.96950000 0.12610000
vn 0.38570000 0.66110000 -0.64360000
vn 0.35370000 0.66110000 -0.66170000
vn 0.32080000 0.66110000 -0.67830000
vn 0.22130000 0.90260000 -0.36930000
vn 0.20300000 0.90260000 -0.37970000
vn 0.18410000 0.90260000 -0.38920000
vn 0.12610000 0.96950000 -0.21040000
vn 0.11560000 0.96950000 -0.21630000
vn 0.10490000 0.96950000 -0.22170000
vn 0.03680000 0.66110000 0.74940000
vn 0.07350000 0.66110000 0.74670000
vn 0.11010000 0.66110000 0.74220000
vn 0.02110000 0.90260000 0.43000000
vn 0.04220000 0.90260000 0.42850000
vn 0.06320000 0.90260000 0.42590000
vn 0.01200000 0.96950000 0.24500000
vn 0.02400000 0.96950000 0.24410000
vn 0.03600000 0.96950000 0.24260000
vn -0.60260000 0.66110000 0.44700000
vn -0.58000000 0.66110000 0.47600000
vn -0.55600000 0.66110000 0.50390000
vn -0.34580000 0.90260000 0.25650000
vn -0.33280000 0.90260000 0.27310000
vn -0.31900000 0.90260000 0.28910000
vn -0.19700000 0.96950000 0.14610000
vn -0.18960000 0.96950000 0.15560000
vn -0.18170000 0.96950000 0.16470000
vn 0.25270000 0.66110000 -0.70650000
vn 0.21780000 0.66110000 -0.71800000
vn 0.18230000 0.66110000 -0.72780000
vn 0.14500000 0.90260000 -0.40540000
vn 0.12500000 0.90260000 -0.41200000
vn 0.10460000 0.90260000 -0.41760000
vn 0.08260000 0.96950000 -0.23090000
vn 0.07120000 0.96950000 -0.23470000
vn 0.05960000 0.96950000 -0.23790000
vn 0.00100000 -1.00000000 0.00340000
vn 0.00030000 -1.00000000 0.00270000
vn -0.00030000 -1.00000000 0.00350000
vn 0.00260000 -0.99970000 0.02280000
vn 0.00210000 -0.99980000 0.02090000
vn 0.00190000 -0.99970000 0.02290000
vn 0.00820000 -0.99020000 0.13920000
vn 0.01320000 -0.99080000 0.13450000
vn 0.01910000 -0.99020000 0.13810000
vn 0.00160000 -1.00000000 0.00310000
vn 0.00080000 -1.00000000 0.00260000
vn 0.00040000 -1.00000000 0.00350000
vn 0.00700000 -0.99970000 0.02190000
vn 0.00610000 -0.99980000 0.02010000
vn 0.00630000 -0.99970000 0.02210000
vn 0.03520000 -0.99020000 0.13490000
vn 0.03920000 -0.99080000 0.12930000
vn 0.04570000 -0.99020000 0.13170000
vn 0.00220000 -1.00000000 0.00270000
vn 0.00130000 -1.00000000 0.00240000
vn 0.00100000 -1.00000000 0.00340000
vn 0.01110000 -0.99970000 0.02010000
vn 0.00990000 -0.99980000 0.01850000
vn 0.01050000 -0.99970000 0.02040000
vn 0.06080000 -0.99020000 0.12540000
vn 0.06370000 -0.99080000 0.11920000
vn 0.07050000 -0.99020000 0.12030000
vn 0.00270000 -1.00000000 0.00220000
vn 0.00170000 -1.00000000 0.00210000
vn 0.00170000 -1.00000000 0.00310000
vn 0.01490000 -0.99970000 0.01750000
vn 0.01330000 -0.99980000 0.01620000
vn 0.01430000 -0.99970000 0.01800000
vn 0.08420000 -0.99020000 0.11120000
vn 0.08570000 -0.99080000 0.10450000
vn 0.09260000 -0.99020000 0.10420000
vn 0.00310000 -1.00000000 0.00170000
vn 0.00210000 -1.00000000 0.00170000
vn 0.00220000 -1.00000000 0.00270000
vn 0.01800000 -0.99970000 0.01430000
vn 0.01620000 -0.99980000 0.01330000
vn 0.01750000 -0.99970000 0.01490000
vn 0.10420000 -0.99020000 0.09260000
vn 0.10450000 -0.99080000 0.08570000
vn 0.11120000 -0.99020000 0.08420000
vn 0.00340000 -1.00000000 0.00100000
vn 0.00240000 -1.00000000 0.00130000
vn 0.00270000 -1.00000000 0.00220000
vn 0.02040000 -0.99970000 0.01050000
vn 0.01850000 -0.99980000 0.00990000
vn 0.02010000 -0.99970000 0.01110000
vn 0.12030000 -0.99020000 0.07050000
vn 0.11920000 -0.99080000 0.06370000
vn 0.12550000 -0.99020000 0.06080000
vn 0.00350000 -1.00000000 0.00040000
vn 0.00260000 -1.00000000 0.00080000
vn 0.00310000 -1.00000000 0.00160000
vn 0.02210000 -0.99970000 0.00630000
vn 0.02010000 -0.99980000 0.00610000
vn 0.02190000 -0.99970000 0.00700000
vn 0.13170000 -0.99020000 0.04570000
vn 0.12930000 -0.99080000 0.03920000
vn 0.13490000 -0.99020000 0.03520000
vn 0.00350000 -1.00000000 -0.00030000
vn 0.00270000 -1.00000000 0.00030000
vn 0.00340000 -1.00000000 0.00100000
vn 0.02290000 -0.99970000 0.00190000
vn 0.02090000 -0.99980000 0.00210000
vn 0.02280000 -0.99970000 0.00260000
vn 0.13810000 -0.99020000 0.01910000
vn 0.13450000 -0.99080000 0.01320000
vn 0.13920000 -0.99020000 0.00820000
vn 0.00340000 -1.00000000 -0.00100000
vn 0.00270000 -1.00000000 -0.00030000
vn 0.00350000 -1.00000000 0.00030000
vn 0.02280000 -0.99970000 -0.00260000
vn 0.02090000 -0.99980000 -0.00210000
vn 0.02290000 -0.99970000 -0.00190000
vn 0.13920000 -0.99020000 -0.00820000
vn 0.13450000 -0.99080000 -0.01320000
vn 0.13810000 -0.99020000 -0.01910000
vn 0.00310000 -1.00000000 -0.00160000
vn 0.00260000 -1.00000000 -0.00080000
vn 0.00350000 -1.00000000 -0.00040000
vn 0.02190000 -0.99970000 -0.00700000
vn 0.02010000 -0.99980000 -0.00610000
vn 0.02210000 -0.99970000 -0.00630000
vn 0.13490000 -0.99020000 -0.03520000
vn 0.12930000 -0.99080000 -0.03920000
vn 0.13170000 -0.99020000 -0.04570000
vn 0.00270000 -1.00000000 -0.00220000
vn 0.00240000 -1.00000000 -0.00130000
vn 0.00340000 -1.00000000 -0.00100000
vn 0.02010000 -0.99970000 -0.01110000
vn 0.01850000 -0.99980000 -0.00990000
vn 0.02040000 -0.99970000 -0.01050000
vn 0.12550000 -0.99020000 -0.06080000
vn 0.11920000 -0.99080000 -0.06370000
vn 0.12030000 -0.99020000 -0.07050000
vn 0.00220000 -1.00000000 -0.00270000
vn 0.00210000 -1.00000000 -0.00170000
vn 0.00310000 -1.00000000 -0.00170000
vn 0.01750000 -0.99970000 -0.01490000
vn 0.01620000 -0.99980000 -0.01330000
vn 0.01800000 -0.99970000 -0.01430000
vn 0.11120000 -0.99020000 -0.08420000
vn 0.10450000 -0.99080000 -0.08570000
vn 0.10420000 -0.99020000 -0.09260000
vn 0.00170000 -1.00000000 -0.00310000
vn 0.00170000 -1.00000000 -0.00210000
vn 0.00270000 -1.00000000 -0.00220000
vn 0.01430000 -0.99970000 -0.01800000
vn 0.01330000 -0.99980000 -0.01620000
vn 0.01490000 -0.99970000 -0.01750000
vn 0.09260000 -0.99020000 -0.10420000
vn 0.08570000 -0.99080000 -0.10450000
vn 0.08420000 -0.99020000 -0.11120000
vn 0.00100000 -1.00000000 -0.00340000
vn 0.00130000 -1.00000000 -0.00240000
vn 0.00220000 -1.00000000 -0.00270000
vn 0.01050000 -0.99970000 -0.02040000
vn 0.00990000 -0.99980000 -0.01850000
vn 0.01110000 -0.99970000 -0.02010000
vn 0.07050000 -0.99020000 -0.12030000
vn 0.06370000 -0.99080000 -0.11920000
vn 0.06080000 -0.99020000 -0.12550000
vn 0.00040000 -1.00000000 -0.00350000
vn 0.00080000 -1.00000000 -0.00260000
vn 0.00160000 -1.00000000 -0.00310000
vn 0.00630000 -0.99970000 -0.02210000
vn 0.00610000 -0.99980000 -0.02010000
vn 0.00700000 -0.99970000 -0.02190000
vn 0.04570000 -0.99020000 -0.13170000
vn 0.03920000 -0.99080000 -0.12930000
vn 0.03520000 -0.99020000 -0.13490000
vn -0.00030000 -1.00000000 -0.00350000
vn 0.00030000 -1.00000000 -0.00270000
vn 0.00100000 -1.00000000 -0.00340000
vn 0.00190000 -0.99970000 -0.02290000
vn 0.00210000 -0.99980000 -0.02090000
vn 0.00260000 -0.99970000 -0.02280000
vn 0.01910000 -0.99020000 -0.13810000
vn 0.01320000 -0.99080000 -0.13450000
vn 0.00820000 -0.99020000 -0.13920000
vn -0.00100000 -1.00000000 -0.00340000
vn -0.00030000 -1.00000000 -0.00270000
vn 0.00030000 -1.00000000 -0.00350000
vn -0.00260000 -0.99970000 -0.02280000
vn -0.00210000 -0.99980000 -0.02090000
vn -0.00190000 -0.99970000 -0.02290000
vn -0.00820000 -0.99020000 -0.13920000
vn -0.01320000 -0.99080000 -0.13450000
vn -0.01910000 -0.99020000 -0.13810000
vn -0.00160000 -1.00000000 -0.00310000
vn -0.00080000 -1.00000000 -0.00260000
vn -0.00040000 -1.00000000 -0.00350000
vn -0.00700000 -0.99970000 -0.02190000
vn -0.00610000 -0.99980000 -0.02010000
vn -0.00630000 -0.99970000 -0.02210000
vn -0.03520000 -0.99020000 -0.13490000
vn -0.03920000 -0.99080000 -0.12930000
vn -0.04570000 -0.99020000 -0.13170000
vn -0.00220000 -1.00000000 -0.00270000
vn -0.00130000 -1.00000000 -0.00240000
vn -0.00100000 -1.00000000 -0.00340000
vn -0.01110000 -0.99970000 -0.02010000
vn -0.00990000 -0.99980000 -0.01850000
vn -0.01050000 -0.99970000 -0.02040000
vn -0.06080000 -0.99020000 -0.12540000
vn -0.06370000 -0.99080000 -0.11920000
vn -0.07050000 -0.99020000 -0.12030000
vn -0.00270000 -1.00000000 -0.00220000
vn -0.00170000 -1.00000000 -0.00210000
vn -0.00170000 -1.00000000 -0.00310000
vn -0.01490000 -0.99970000 -0.01750000
vn -0.01330000 -0.99980000 -0.01620000
vn -0.01430000 -0.99970000 -0.01800000
vn -0.08420000 -0.99020000 -0.11120000
vn -0.08570000 -0.99080000 -0.10450000
vn -0.09260000 -0.99020000 -0.10420000
vn -0.00310000 -1.00000000 -0.00170000
vn -0.00210000 -1.00000000 -0.00170000
vn -0.00220000 -1.00000000 -0.00270000
vn -0.01800000 -0.99970000 -0.01430000
vn -0.01620000 -0.99980000 -0.01330000
vn -0.01750000 -0.99970000 -0.01490000
vn -0.10420000 -0.99020000 -0.09260000
vn -0.10450000 -0.99080000 -0.08570000
vn -0.11120000 -0.99020000 -0.08420000
vn -0.00340000 -1.00000000 -0.00100000
vn -0.00240000 -1.00000000 -0.00130000
vn -0.00270000 -1.00000000 -0.00220000
vn -0.02040000 -0.99970000 -0.01050000
vn -0.01850000 -0.99980000 -0.00990000
vn -0.02010000 -0.99970000 -0.01110000
vn -0.12030000 -0.99020000 -0.07050000
vn -0.11920000 -0.99080000 -0.06370000
vn -0.12550000 -0.99020000 -0.06090000
vn -0.00350000 -1.00000000 -0.00040000
vn -0.00260000 -1.00000000 -0.00080000
vn -0.00310000 -1.00000000 -0.00160000
vn -0.02210000 -0.99970000 -0.00630000
vn -0.02010000 -0.99980000 -0.00610000
vn -0.02190000 -0.99970000 -0.00700000
vn -0.13170000 -0.99020000 -0.04570000
vn -0.12930000 -0.99080000 -0.03920000
vn -0.13490000 -0.99020000 -0.03520000
vn -0.00350000 -1.00000000 0.00030000
vn -0.00270000 -1.00000000 -0.00030000
vn -0.00340000 -1.00000000 -0.00100000
vn -0.02290000 -0.99970000 -0.00190000
vn -0.02090000 -0.99980000 -0.00210000
vn -0.02280000 -0.99970000 -0.00260000
vn -0.13810000 -0.99020000 -0.01910000
vn -0.13450000 -0.99080000 -0.01320000
vn -0.13920000 -0.99020000 -0.00820000
vn -0.00340000 -1.00000000 0.00100000
vn -0.00270000 -1.00000000 0.00030000
vn -0.00350000 -1.00000000 -0.00030000
vn -0.02280000 -0.99970000 0.00260000
vn -0.02090000 -0.99980000 0.00210000
vn -0.02290000 -0.99970000 0.00190000
vn -0.13920000 -0.99020000 0.00820000
vn -0.13450000 -0.99080000 0.01320000
vn -0.13810000 -0.99020000 0.01910000
vn -0.00310000 -1.00000000 0.00160000
vn -0.00260000 -1.00000000 0.00080000
vn -0.00350000 -1.00000000 0.00040000
vn -0.02190000 -0.99970000 0.00700000
vn -0.02010000 -0.99980000 0.00610000
vn -0.02210000 -0.99970000 0.00630000
vn -0.13490000 -0.99020000 0.03520000
vn -0.12930000 -0.99080000 0.03920000
vn -0.13170000 -0.99020000 0.04570000
vn -0.00270000 -1.00000000 0.00220000
vn -0.00240000 -1.00000000 0.00130000
vn -0.00340000 -1.00000000 0.00100000
vn -0.02010000 -0.99970000 0.01110000
vn -0.01850000 -0.99980000 0.00990000
vn -0.02040000 -0.99970000 0.01050000
vn -0.12550000 -0.99020000 0.06090000
vn -0.11920000 -0.99080000 0.06370000
vn -0.12030000 -0.99020000 0.07050000
vn -0.00220000 -1.00000000 0.00270000
vn -0.00210000 -1.00000000 0.00170000
vn -0.00310000 -1.00000000 0.00170000
vn -0.01750000 -0.99970000 0.01490000
vn -0.01620000 -0.99980000 0.01330000
vn -0.01800000 -0.99970000 0.01430000
vn -0.11120000 -0.99020000 0.08410000
vn -0.10450000 -0.99080000 0.08570000
vn -0.10420000 -0.99020000 0.09260000
vn -0.00170000 -1.00000000 0.00310000
vn -0.00170000 -1.00000000 0.00210000
vn -0.00270000 -1.00000000 0.00220000
vn -0.01430000 -0.99970000 0.01800000
vn -0.01330000 -0.99980000 0.01620000
vn -0.01490000 -0.99970000 0.01750000
vn -0.09260000 -0.99020000 0.10420000
vn -0.08570000 -0.99080000 0.10450000
vn -0.08420000 -0.99020000 0.11120000
vn -0.00100000 -1.00000000 0.00340000
vn -0.00130000 -1.00000000 0.00240000
vn -0.00220000 -1.00000000 0.00270000
vn -0.01050000 -0.99970000 0.02040000
vn -0.00990000 -0.99980000 0.01850000
vn -0.01110000 -0.99970000 0.02010000
vn -0.07050000 -0.99020000 0.12030000
vn -0.06370000 -0.99080000 0.11920000
vn -0.06080000 -0.99020000 0.12550000
vn -0.00040000 -1.00000000 0.00350000
vn -0.00080000 -1.00000000 0.00260000
vn -0.00160000 -1.00000000 0.00310000
vn -0.00630000 -0.99970000 0.02210000
vn -0.00610000 -0.99980000 0.02010000
vn -0.00700000 -0.99970000 0.02190000
vn -0.04570000 -0.99020000 0.13170000
vn -0.03920000 -0.99080000 0.12930000
vn -0.03520000 -0.99020000 0.13490000
vn 0.00030000 -1.00000000 0.00350000
vn -0.00030000 -1.00000000 0.00270000
vn -0.00100000 -1.00000000 0.00340000
vn -0.00190000 -0.99970000 0.02290000
vn -0.00210000 -0.99980000 0.02090000
vn -0.00260000 -0.99970000 0.02280000
vn -0.01910000 -0.99020000 0.13810000
vn -0.01320000 -0.99080000 0.13450000
vn -0.00820000 -0.99020000 0.13920000
vn -0.00120000 0.99600000 0.08910000
vn 0.00820000 0.99650000 0.08280000
vn 0.01860000 0.99600000 0.08710000
vn 0.01050000 0.99320000 0.11580000
vn 0.01120000 0.99350000 0.11370000
vn 0.01230000 0.99320000 0.11570000
vn 0.01920000 0.98970000 0.14210000
vn 0.01400000 0.98980000 0.14210000
vn 0.00890000 0.98970000 0.14320000
vn 0.01620000 0.99600000 0.08760000
vn 0.02420000 0.99650000 0.07960000
vn 0.03520000 0.99600000 0.08180000
vn 0.03290000 0.99320000 0.11160000
vn 0.03320000 0.99350000 0.10930000
vn 0.03460000 0.99320000 0.11110000
vn 0.04660000 0.98970000 0.13570000
vn 0.04150000 0.98980000 0.13670000
vn 0.03670000 0.98970000 0.13870000
vn 0.03290000 0.99600000 0.08280000
vn 0.03920000 0.99650000 0.07340000
vn 0.05050000 0.99600000 0.07340000
vn 0.05410000 0.99320000 0.10300000
vn 0.05380000 0.99350000 0.10070000
vn 0.05560000 0.99320000 0.10220000
vn 0.07210000 0.98970000 0.12400000
vn 0.06730000 0.98980000 0.12590000
vn 0.06300000 0.98970000 0.12890000
vn 0.04840000 0.99600000 0.07470000
vn 0.05280000 0.99650000 0.06430000
vn 0.06380000 0.99600000 0.06210000
vn 0.07310000 0.99320000 0.09050000
vn 0.07250000 0.99350000 0.08830000
vn 0.07450000 0.99320000 0.08940000
vn 0.09490000 0.98970000 0.10750000
vn 0.09060000 0.98980000 0.11040000
vn 0.08690000 0.98970000 0.11410000
vn 0.06210000 0.99600000 0.06390000
vn 0.06430000 0.99650000 0.05280000
vn 0.07470000 0.99600000 0.04840000
vn 0.08940000 0.99320000 0.07440000
vn 0.08830000 0.99350000 0.07250000
vn 0.09050000 0.99320000 0.07310000
vn 0.11410000 0.98970000 0.08690000
vn 0.11040000 0.98980000 0.09060000
vn 0.10750000 0.98970000 0.09490000
vn 0.07340000 0.99600000 0.05050000
vn 0.07340000 0.99650000 0.03920000
vn 0.08280000 0.99600000 0.03290000
vn 0.10220000 0.99320000 0.05560000
vn 0.10070000 0.99350000 0.05380000
vn 0.10300000 0.99320000 0.05410000
vn 0.12890000 0.98970000 0.06300000
vn 0.12590000 0.98980000 0.06730000
vn 0.12400000 0.98970000 0.07210000
vn 0.08180000 0.99600000 0.03520000
vn 0.07960000 0.99650000 0.02420000
vn 0.08760000 0.99600000 0.01620000
vn 0.11110000 0.99320000 0.03460000
vn 0.10930000 0.99350000 0.03320000
vn 0.11160000 0.99320000 0.03290000
vn 0.13870000 0.98970000 0.03670000
vn 0.13670000 0.98980000 0.04140000
vn 0.13570000 0.98970000 0.04660000
vn 0.08710000 0.99600000 0.01860000
vn 0.08280000 0.99650000 0.00820000
vn 0.08910000 0.99600000 -0.00120000
vn 0.11570000 0.99320000 0.01230000
vn 0.11370000 0.99350000 0.01120000
vn 0.11580000 0.99320000 0.01050000
vn 0.14320000 0.98970000 0.00890000
vn 0.14210000 0.98980000 0.01400000
vn 0.14210000 0.98970000 0.01920000
vn 0.08910000 0.99600000 0.00120000
vn 0.08280000 0.99650000 -0.00820000
vn 0.08710000 0.99600000 -0.01860000
vn 0.11580000 0.99320000 -0.01050000
vn 0.11370000 0.99350000 -0.01120000
vn 0.11570000 0.99320000 -0.01230000
vn 0.14210000 0.98970000 -0.01920000
vn 0.14210000 0.98980000 -0.01400000
vn 0.14320000 0.98970000 -0.00890000
vn 0.08760000 0.99600000 -0.01620000
vn 0.07960000 0.99650000 -0.02420000
vn 0.08180000 0.99600000 -0.03520000
vn 0.11160000 0.99320000 -0.03290000
vn 0.10930000 0.99350000 -0.03320000
vn 0.11110000 0.99320000 -0.03460000
vn 0.13570000 0.98970000 -0.04660000
vn 0.13670000 0.98980000 -0.04150000
vn 0.13870000 0.98970000 -0.03670000
vn 0.08280000 0.99600000 -0.03290000
vn 0.07340000 0.99650000 -0.03920000
vn 0.07340000 0.99600000 -0.05050000
vn 0.10300000 0.99320000 -0.05410000
vn 0.10070000 0.99350000 -0.05380000
vn 0.10220000 0.99320000 -0.05560000
vn 0.12400000 0.98970000 -0.07210000
vn 0.12590000 0.98980000 -0.06730000
vn 0.12890000 0.98970000 -0.06300000
vn 0.07470000 0.99600000 -0.04840000
vn 0.06430000 0.99650000 -0.05280000
vn 0.06210000 0.99600000 -0.06380000
vn 0.09050000 0.99320000 -0.07310000
vn 0.08830000 0.99350000 -0.07250000
vn 0.08940000 0.99320000 -0.07450000
vn 0.10750000 0.98970000 -0.09490000
vn 0.11040000 0.98980000 -0.09060000
vn 0.11410000 0.98970000 -0.08690000
vn 0.06380000 0.99600000 -0.06210000
vn 0.05280000 0.99650000 -0.06430000
vn 0.04840000 0.99600000 -0.07470000
vn 0.07450000 0.99320000 -0.08940000
vn 0.07250000 0.99350000 -0.08830000
vn 0.07310000 0.99320000 -0.09050000
vn 0.08690000 0.98970000 -0.11410000
vn 0.09060000 0.98980000 -0.11040000
vn 0.09490000 0.98970000 -0.10750000
vn 0.05050000 0.99600000 -0.07340000
vn 0.03920000 0.99650000 -0.07340000
vn 0.03290000 0.99600000 -0.08280000
vn 0.05560000 0.99320000 -0.10220000
vn 0.05380000 0.99350000 -0.10070000
vn 0.05410000 0.99320000 -0.10300000
vn 0.06300000 0.98970000 -0.12890000
vn 0.06730000 0.98980000 -0.12590000
vn 0.07210000 0.98970000 -0.12400000
vn 0.03520000 0.99600000 -0.08180000
vn 0.02420000 0.99650000 -0.07960000
vn 0.01620000 0.99600000 -0.08760000
vn 0.03460000 0.99320000 -0.11110000
vn 0.03320000 0.99350000 -0.10930000
vn 0.03290000 0.99320000 -0.11160000
vn 0.03670000 0.98970000 -0.13870000
vn 0.04150000 0.98980000 -0.13670000
vn 0.04660000 0.98970000 -0.13570000
vn 0.01860000 0.99600000 -0.08710000
vn 0.00820000 0.99650000 -0.08280000
vn -0.00120000 0.99600000 -0.08910000
vn 0.01230000 0.99320000 -0.11570000
vn 0.01120000 0.99350000 -0.11370000
vn 0.01050000 0.99320000 -0.11580000
vn 0.00890000 0.98970000 -0.14320000
vn 0.01400000 0.98980000 -0.14210000
vn 0.01920000 0.98970000 -0.14210000
vn 0.00120000 0.99600000 -0.08910000
vn -0.00820000 0.99650000 -0.08280000
vn -0.01860000 0.99600000 -0.08710000
vn -0.01050000 0.99320000 -0.11580000
vn -0.01120000 0.99350000 -0.11370000
vn -0.01230000 0.99320000 -0.11570000
vn -0.01920000 0.98970000 -0.14210000
vn -0.01400000 0.98980000 -0.14210000
vn -0.00890000 0.98970000 -0.14320000
vn -0.01620000 0.99600000 -0.08760000
vn -0.02420000 0.99650000 -0.07960000
vn -0.03520000 0.99600000 -0.08180000
vn -0.03290000 0.99320000 -0.11160000
vn -0.03320000 0.99350000 -0.10930000
vn -0.03460000 0.99320000 -0.11100000
vn -0.04660000 0.98970000 -0.13570000
vn -0.04150000 0.98980000 -0.13670000
vn -0.03670000 0.98970000 -0.13870000
vn -0.03290000 0.99600000 -0.08270000
vn -0.03920000 0.99650000 -0.07340000
vn -0.05050000 0.99600000 -0.07340000
vn -0.05410000 0.99320000 -0.10300000
vn -0.05380000 0.99350000 -0.10070000
vn -0.05560000 0.99320000 -0.10220000
vn -0.07210000 0.98970000 -0.12400000
vn -0.06730000 0.98980000 -0.12590000
vn -0.06300000 0.98970000 -0.12890000
vn -0.04840000 0.99600000 -0.07470000
vn -0.05280000 0.99650000 -0.06430000
vn -0.06380000 0.99600000 -0.06210000
vn -0.07310000 0.99320000 -0.09050000
vn -0.07250000 0.99350000 -0.08830000
vn -0.07450000 0.99320000 -0.08940000
vn -0.09490000 0.98970000 -0.10750000
vn -0.09060000 0.98980000 -0.11040000
vn -0.08690000 0.98970000 -0.11410000
vn -0.06210000 0.99600000 -0.06390000
vn -0.06430000 0.99650000 -0.05280000
vn -0.07470000 0.99600000 -0.04840000
vn -0.08940000 0.99320000 -0.07450000
vn -0.08830000 0.99350000 -0.07250000
vn -0.09050000 0.99320000 -0.07310000
vn -0.11410000 0.98970000 -0.08690000
vn -0.11040000 0.98980000 -0.09060000
vn -0.10750000 0.98970000 -0.09490000
vn -0.07340000 0.99600000 -0.05050000
vn -0.07340000 0.99650000 -0.03920000
vn -0.08280000 0.99600000 -0.03290000
vn -0.10220000 0.99320000 -0.05560000
vn -0.10070000 0.99350000 -0.05380000
vn -0.10300000 0.99320000 -0.05410000
vn -0.12890000 0.98970000 -0.06300000
vn -0.12590000 0.98980000 -0.06730000
vn -0.12400000 0.98970000 -0.07210000
vn -0.08180000 0.99600000 -0.03520000
vn -0.07960000 0.99650000 -0.02420000
vn -0.08760000 0.99600000 -0.01620000
vn -0.11110000 0.99320000 -0.03460000
vn -0.10930000 0.99350000 -0.03320000
vn -0.11160000 0.99320000 -0.03290000
vn -0.13870000 0.98970000 -0.03670000
vn -0.13670000 0.98980000 -0.04140000
vn -0.13570000 0.98970000 -0.04660000
vn -0.08710000 0.99600000 -0.01860000
vn -0.08280000 0.99650000 -0.00820000
vn -0.08910000 0.99600000 0.00120000
vn -0.11570000 0.99320000 -0.01230000
vn -0.11370000 0.99350000 -0.01120000
vn -0.11580000 0.99320000 -0.01050000
vn -0.14320000 0.98970000 -0.00890000
vn -0.14210000 0.98980000 -0.01400000
vn -0.14210000 0.98970000 -0.01920000
vn -0.08910000 0.99600000 -0.00120000
vn -0.08280000 0.99650000 0.00820000
vn -0.08710000 0.99600000 0.01860000
vn -0.11580000 0.99320000 0.01050000
vn -0.11370000 0.99350000 0.01120000
vn -0.11570000 0.99320000 0.01230000
vn -0.14210000 0.98970000 0.01920000
vn -0.14210000 0.98980000 0.01400000
vn -0.14320000 0.98970000 0.00890000
vn -0.08760000 0.99600000 0.01620000
vn -0.07960000 0.99650000 0.02420000
vn -0.08180000 0.99600000 0.03520000
vn -0.11160000 0.99320000 0.03290000
vn -0.10930000 0.99350000 0.03320000
vn -0.11110000 0.99320000 0.03460000
vn -0.13570000 0.98970000 0.04660000
vn -0.13670000 0.98980000 0.04150000
vn -0.13870000 0.98970000 0.03670000
vn -0.08280000 0.99600000 0.03290000
vn -0.07340000 0.99650000 0.03920000
vn -0.07340000 0.99600000 0.05050000
vn -0.10300000 0.99320000 0.05410000
vn -0.10070000 0.99350000 0.05380000
vn -0.10220000 0.99320000 0.05560000
vn -0.12400000 0.98970000 0.07210000
vn -0.12590000 0.98980000 0.06730000
vn -0.12890000 0.98970000 0.06300000
vn -0.07470000 0.99600000 0.04840000
vn -0.06430000 0.99650000 0.05280000
vn -0.06210000 0.99600000 0.06380000
vn -0.09050000 0.99320000 0.07310000
vn -0.08830000 0.99350000 0.07250000
vn -0.08940000 0.99320000 0.07440000
vn -0.10750000 0.98970000 0.09490000
vn -0.11040000 0.98980000 0.09060000
vn -0.11410000 0.98970000 0.08690000
vn -0.06380000 0.99600000 0.06210000
vn -0.05280000 0.99650000 0.06430000
vn -0.04840000 0.99600000 0.07470000
vn -0.07450000 0.99320000 0.08940000
vn -0.07250000 0.99350000 0.08830000
vn -0.07310000 0.99320000 0.09050000
vn -0.08690000 0.98970000 0.11410000
vn -0.09060000 0.98980000 0.11040000
vn -0.09490000 0.98970000 0.10750000
vn -0.05050000 0.99600000 0.07340000
vn -0.03920000 0.99650000 0.07340000
vn -0.03290000 0.99600000 0.08270000
vn -0.05560000 0.99320000 0.10220000
vn -0.05380000 0.99350000 0.10070000
vn -0.05410000 0.99320000 0.10300000
vn -0.06300000 0.98970000 0.12890000
vn -0.06730000 0.98980000 0.12590000
vn -0.07210000 0.98970000 0.12400000
vn -0.03520000 0.99600000 0.08180000
vn -0.02420000 0.99650000 0.07960000
vn -0.01620000 0.99600000 0.08760000
vn -0.03460000 0.99320000 0.11100000
vn -0.03320000 0.99350000 0.10930000
vn -0.03290000 0.99320000 0.11160000
vn -0.03670000 0.98970000 0.13870000
vn -0.04150000 0.98980000 0.13670000
vn -0.04660000 0.98970000 0.13570000
vn -0.01860000 0.99600000 0.08710000
vn -0.00820000 0.99650000 0.08280000
vn 0.00120000 0.99600000 0.08910000
vn -0.01230000 0.99320000 0.11570000
vn -0.01120000 0.99350000 0.11370000
vn -0.01050000 0.99320000 0.11580000
vn -0.00890000 0.98970000 0.14320000
vn -0.01400000 0.98980000 0.14210000
vn -0.01920000 0.98970000 0.14210000
vt 0.40960200 0.36593200
vt 0.40960200 0.46120100
vt 0.40960200 0.55094300
vt 0.37264400 0.76393100
vt 0.40979100 0.63472800
vt 0.37461100 0.84036600
vt 0.37711400 0.90336000
vt 0.41382400 0.06934500
vt 0.41363500 0.15313100
vt 0.41363500 0.24287200
vt 0.41363500 0.33814200
vt 0.41363500 0.43527700
vt 0.41363500 0.53054600
vt 0.41363500 0.62028800
vt 0.40777400 0.00000000
vt 0.41382400 0.70407400
vt 0.40758500 0.08378600
vt 0.40758500 0.17352700
vt 0.40758500 0.26879600
vt 0.40758500 0.36593200
vt 0.40758500 0.46120100
vt 0.40758500 0.55094300
vt 0.40777400 0.63472800
vt 0.40449100 0.21727900
vt 0.41180700 0.00000000
vt 0.40252500 0.14084300
vt 0.41161900 0.08378500
vt 0.41161900 0.17352700
vt 0.41161900 0.26879600
vt 0.41161900 0.36593200
vt 0.41161900 0.46120100
vt 0.41161900 0.55094300
vt 0.38005700 0.07189000
vt 0.41180700 0.63472800
vt 0.40979100 0.00000000
vt 0.37711400 0.13325900
vt 0.40960200 0.08378600
vt 0.40960200 0.17352700
vt 0.40960200 0.26879700
vt 0.37429500 0.48634500
vt 0.37429500 0.56390700
vt 0.37484400 0.63865300
vt 0.37592000 0.70770900
vt 0.37748200 0.76842200
vt 0.37947000 0.81845800
vt 0.38180700 0.85589600
vt 0.38440500 0.87929500
vt 0.38716200 0.88775700
vt 0.38997400 0.88095700
vt 0.39273100 0.85915600
vt 0.39532800 0.82319100
vt 0.39766600 0.77444600
vt 0.39965400 0.71479300
vt 0.40121600 0.64652400
vt 0.40229200 0.57226300
vt 0.40284000 0.49486400
vt 0.40284000 0.41730200
vt 0.40229200 0.34255700
vt 0.40121600 0.27350100
vt 0.39965400 0.21278800
vt 0.39766600 0.16275100
vt 0.39532900 0.12531400
vt 0.39273100 0.10191400
vt 0.38997400 0.09345200
vt 0.38716200 0.10025200
vt 0.38440500 0.12205400
vt 0.38180700 0.15801800
vt 0.37947000 0.20676300
vt 0.37748200 0.26641700
vt 0.37592000 0.33468600
vt 0.37484400 0.40894600
vt 0.37093700 0.50536300
vt 0.37024600 0.60280500
vt 0.36889200 0.69629600
vt 0.36692600 0.78224400
vt 0.36442300 0.85734600
vt 0.36148000 0.91871400
vt 0.35821000 0.96399200
vt 0.35473800 0.99143900
vt 0.35119900 1.00000000
vt 0.34772700 0.98934700
vt 0.34445700 0.95988800
vt 0.34151400 0.91275500
vt 0.33901100 0.84976100
vt 0.33704500 0.77332600
vt 0.33569000 0.68638700
vt 0.33500000 0.59228500
vt 0.33500000 0.49463700
vt 0.33569000 0.39719500
vt 0.33704500 0.30370400
vt 0.33901100 0.21775600
vt 0.34151400 0.14265400
vt 0.34445700 0.08128600
vt 0.34772700 0.03600800
vt 0.35119900 0.00856100
vt 0.35473800 0.00000000
vt 0.35821000 0.01065400
vt 0.36148000 0.04011200
vt 0.36442300 0.08724500
vt 0.36692600 0.15023900
vt 0.36889200 0.22667400
vt 0.37024600 0.31361300
vt 0.37093700 0.40771500
vt 0.36210600 0.50272700
vt 0.36175500 0.55228100
vt 0.36106600 0.59982500
vt 0.36006600 0.64353400
vt 0.35879400 0.68172600
vt 0.35729700 0.71293500
vt 0.35563400 0.73596000
vt 0.35386900 0.74991800
vt 0.35206900 0.75427200
vt 0.35030300 0.74885400
vt 0.34864000 0.73387300
vt 0.34714400 0.70990400
vt 0.34587100 0.67786900
vt 0.34487100 0.63899800
vt 0.34418200 0.59478600
vt 0.34383100 0.54693100
vt 0.34383100 0.49727300
vt 0.34418200 0.44771900
vt 0.34487100 0.40017500
vt 0.34587100 0.35646700
vt 0.34714400 0.31827400
vt 0.34864000 0.28706500
vt 0.35030300 0.26404000
vt 0.35206900 0.25008200
vt 0.35386900 0.24572800
vt 0.35563400 0.25114600
vt 0.35729700 0.26612700
vt 0.35879400 0.29009600
vt 0.36006600 0.32213100
vt 0.36106600 0.36100200
vt 0.36175500 0.40521400
vt 0.36210600 0.45306900
vt 0.41023200 0.45985400
vt 0.37093700 0.58115600
vt 0.37093700 0.48534300
vt 0.41023200 0.36547700
vt 0.37161500 0.67349000
vt 0.41023200 0.54875600
vt 0.41023200 0.62876500
vt 0.37294400 0.75879500
vt 0.37498600 0.83097400
vt 0.41426600 0.07530900
vt 0.37732900 0.89560400
vt 0.41426600 0.15531800
vt 0.38021700 0.94185100
vt 0.38342500 0.97075600
vt 0.41426600 0.24421900
vt 0.41426600 0.33859600
vt 0.38683100 0.98120900
vt 0.39030400 0.97280900
vt 0.41426600 0.43482200
vt 0.39371100 0.94587800
vt 0.41426600 0.52920000
vt 0.39691900 0.90145100
vt 0.41426600 0.61810100
vt 0.40821600 0.00596300
vt 0.39980700 0.84123500
vt 0.41426600 0.69811000
vt 0.40226300 0.76754500
vt 0.40821600 0.08597300
vt 0.40821600 0.17487400
vt 0.40419200 0.68321300
vt 0.40552100 0.59147800
vt 0.40821600 0.26925100
vt 0.40619900 0.49586700
vt 0.40821600 0.36547700
vt 0.40821600 0.45985400
vt 0.40619900 0.40005400
vt 0.40552100 0.30772000
vt 0.40821600 0.54875600
vt 0.40821600 0.62876500
vt 0.40419200 0.22241400
vt 0.41224900 0.00596300
vt 0.40226300 0.14741600
vt 0.39980700 0.08560500
vt 0.41224900 0.08597300
vt 0.41224900 0.17487400
vt 0.39691900 0.03935900
vt 0.39371100 0.01045300
vt 0.41224900 0.26925100
vt 0.41224900 0.36547700
vt 0.39030400 0.00000000
vt 0.38683100 0.00840000
vt 0.41224900 0.45985400
vt 0.41224900 0.54875600
vt 0.38342500 0.03533100
vt 0.41224900 0.62876500
vt 0.38021700 0.07975800
vt 0.41023200 0.00596300
vt 0.37732900 0.13997400
vt 0.41023200 0.08597300
vt 0.37487300 0.21366400
vt 0.41023200 0.17487400
vt 0.37294400 0.29799700
vt 0.41023200 0.26925100
vt 0.37161500 0.38973200
vt 0.36822900 0.59079800
vt 0.36883800 0.50473700
vt 0.36703200 0.67337100
vt 0.36529500 0.74928000
vt 0.36308500 0.81561100
vt 0.36048600 0.86981200
vt 0.35759800 0.90980200
vt 0.35453200 0.93404300
vt 0.35140500 0.94160400
vt 0.34833900 0.93219500
vt 0.34545100 0.90617700
vt 0.34285200 0.86454900
vt 0.34064200 0.80891200
vt 0.33890500 0.74140400
vt 0.33770800 0.66461900
vt 0.33709900 0.58150700
vt 0.33709900 0.49526400
vt 0.33770800 0.40920200
vt 0.33890500 0.32662900
vt 0.34064200 0.25072000
vt 0.34285200 0.18438900
vt 0.34545100 0.13018800
vt 0.34833900 0.09019800
vt 0.35140500 0.06595700
vt 0.35453200 0.05839600
vt 0.35759800 0.06780500
vt 0.36048600 0.09382400
vt 0.36308500 0.13545100
vt 0.36529500 0.19108800
vt 0.36703200 0.25859600
vt 0.36822900 0.33538100
vt 0.36883800 0.41849300
vt 0.40960200 0.43776200
vt 0.40960200 0.41403200
vt 0.40960200 0.39006900
vt 0.40960200 0.52921900
vt 0.40960200 0.50698400
vt 0.40960200 0.48429400
vt 0.40965900 0.61356200
vt 0.40961800 0.59294400
vt 0.40960400 0.57214000
vt 0.37411900 0.82125700
vt 0.37362800 0.80214800
vt 0.37313600 0.78304000
vt 0.37648800 0.88761200
vt 0.37586200 0.87186300
vt 0.37523700 0.85611500
vt 0.41363700 0.13193400
vt 0.41365100 0.11113000
vt 0.41369200 0.09051200
vt 0.41363500 0.21978000
vt 0.41363500 0.19708900
vt 0.41363500 0.17485500
vt 0.41363500 0.31400400
vt 0.41363500 0.29004200
vt 0.41363500 0.26631200
vt 0.41363500 0.41102300
vt 0.41363500 0.38670900
vt 0.41363500 0.36239600
vt 0.41363500 0.50710700
vt 0.41363500 0.48337700
vt 0.41363500 0.45941500
vt 0.41363500 0.59856400
vt 0.41363500 0.57633000
vt 0.41363500 0.55363900
vt 0.41369200 0.68303500
vt 0.41365100 0.66233100
vt 0.41363700 0.64149000
vt 0.40758700 0.06258300
vt 0.40760100 0.04174200
vt 0.40764200 0.02103900
vt 0.40758500 0.15043500
vt 0.40758500 0.12774400
vt 0.40758500 0.10551000
vt 0.40758500 0.24465900
vt 0.40758500 0.22069700
vt 0.40758500 0.19696700
vt 0.40758500 0.34167700
vt 0.40758500 0.31736400
vt 0.40758500 0.29305100
vt 0.40758500 0.43776200
vt 0.40758500 0.41403200
vt 0.40758500 0.39006900
vt 0.40758500 0.52921900
vt 0.40758500 0.50698400
vt 0.40758500 0.48429400
vt 0.40764200 0.61356200
vt 0.40760100 0.59294400
vt 0.40758700 0.57214000
vt 0.40301700 0.15995200
vt 0.40350800 0.17906100
vt 0.40400000 0.19817000
vt 0.41162100 0.06258300
vt 0.41163400 0.04174200
vt 0.41167600 0.02103900
vt 0.41161900 0.15043500
vt 0.41161900 0.12774400
vt 0.41161900 0.10551000
vt 0.41161900 0.24465900
vt 0.41161900 0.22069700
vt 0.41161900 0.19696700
vt 0.41161900 0.34167700
vt 0.41161900 0.31736400
vt 0.41161900 0.29305100
vt 0.41161900 0.43776200
vt 0.41161900 0.41403200
vt 0.41161900 0.39006900
vt 0.41161900 0.52921900
vt 0.41161900 0.50698400
vt 0.41161900 0.48429400
vt 0.41167500 0.61356200
vt 0.41163400 0.59294400
vt 0.41162100 0.57214000
vt 0.37784900 0.11791700
vt 0.37858500 0.10257500
vt 0.37932100 0.08723300
vt 0.40960400 0.06258300
vt 0.40961800 0.04174200
vt 0.40965900 0.02103900
vt 0.40960200 0.15043500
vt 0.40960200 0.12774400
vt 0.40960200 0.10551000
vt 0.40960200 0.24465900
vt 0.40960200 0.22069700
vt 0.40960200 0.19696700
vt 0.40960200 0.34167800
vt 0.40960200 0.31736400
vt 0.40960200 0.29305100
vt 0.37093700 0.55720300
vt 0.41023200 0.43626000
vt 0.41023200 0.41266600
vt 0.37093700 0.53324900
vt 0.41023200 0.38907200
vt 0.37093700 0.50929600
vt 0.37144500 0.65040600
vt 0.41023200 0.52653100
vt 0.37127600 0.62732300
vt 0.41023200 0.50430500
vt 0.41023200 0.48208000
vt 0.37110600 0.60423900
vt 0.37261100 0.73746900
vt 0.41023200 0.60876300
vt 0.41023200 0.58876000
vt 0.37227900 0.71614200
vt 0.41023200 0.56875800
vt 0.37194700 0.69481600
vt 0.37445300 0.81352700
vt 0.37394600 0.79546800
vt 0.37345300 0.77702800
vt 0.37673600 0.87946900
vt 0.37613400 0.86375100
vt 0.37554800 0.84766800
vt 0.41426600 0.13531500
vt 0.37949500 0.93028900
vt 0.37877300 0.91872800
vt 0.41426600 0.11531300
vt 0.41426600 0.09531100
vt 0.37805100 0.90716600
vt 0.41426600 0.22199400
vt 0.38262300 0.96353000
vt 0.41426600 0.19976800
vt 0.38182100 0.95630300
vt 0.41426600 0.17754300
vt 0.38101900 0.94907700
vt 0.38598000 0.97859600
vt 0.41426600 0.31500200
vt 0.38512800 0.97598300
vt 0.41426600 0.29140800
vt 0.41426600 0.26781300
vt 0.38427700 0.97336900
vt 0.41426600 0.41076600
vt 0.38943600 0.97490900
vt 0.41426600 0.38670900
vt 0.38856800 0.97700900
vt 0.38770000 0.97910900
vt 0.41426600 0.36265300
vt 0.39285900 0.95261100
vt 0.41426600 0.50560500
vt 0.41426600 0.48201100
vt 0.39200800 0.95934400
vt 0.39115600 0.96607600
vt 0.41426600 0.45841700
vt 0.39611700 0.91255800
vt 0.41426600 0.59587600
vt 0.39531500 0.92366500
vt 0.41426600 0.57365000
vt 0.39451300 0.93477100
vt 0.41426600 0.55142500
vt 0.39908500 0.85628900
vt 0.41426600 0.67810800
vt 0.41426600 0.65810600
vt 0.39836300 0.87134300
vt 0.39764100 0.88639700
vt 0.41426600 0.63810300
vt 0.40164900 0.78596800
vt 0.40821600 0.06597000
vt 0.40103500 0.80439100
vt 0.40821600 0.04596800
vt 0.40042100 0.82281300
vt 0.40821600 0.02596600
vt 0.40821600 0.15264900
vt 0.40371000 0.70429600
vt 0.40821600 0.13042300
vt 0.40322700 0.72537900
vt 0.40821600 0.10819800
vt 0.40274500 0.74646200
vt 0.40518900 0.61441200
vt 0.40821600 0.24565700
vt 0.40485700 0.63734500
vt 0.40821600 0.22206200
vt 0.40452400 0.66027900
vt 0.40821600 0.19846800
vt 0.40821600 0.34142100
vt 0.40602900 0.51977000
vt 0.40586000 0.54367200
vt 0.40821600 0.31736400
vt 0.40821600 0.29330800
vt 0.40569100 0.56757500
vt 0.40821600 0.43626000
vt 0.40619900 0.42400700
vt 0.40619900 0.44796000
vt 0.40821600 0.41266600
vt 0.40619900 0.47191400
vt 0.40821600 0.38907200
vt 0.40569100 0.33080300
vt 0.40821600 0.52653000
vt 0.40586000 0.35388700
vt 0.40821600 0.50430500
vt 0.40821600 0.48208000
vt 0.40602900 0.37697000
vt 0.40452400 0.24374100
vt 0.40821600 0.60876300
vt 0.40485700 0.26506700
vt 0.40821600 0.58876000
vt 0.40518900 0.28639400
vt 0.40821600 0.56875800
vt 0.40272100 0.16670400
vt 0.40320100 0.18546000
vt 0.40368500 0.20414600
vt 0.41224900 0.06597000
vt 0.40042100 0.10105800
vt 0.41224900 0.04596800
vt 0.40103500 0.11651100
vt 0.41224900 0.02596600
vt 0.40164900 0.13196300
vt 0.39764100 0.05092000
vt 0.41224900 0.15264900
vt 0.39836300 0.06248200
vt 0.41224900 0.13042300
vt 0.39908500 0.07404400
vt 0.41224900 0.10819800
vt 0.39451300 0.01768000
vt 0.41224900 0.24565700
vt 0.41224900 0.22206200
vt 0.39531500 0.02490600
vt 0.39611700 0.03213300
vt 0.41224900 0.19846800
vt 0.41224900 0.34142100
vt 0.39115600 0.00261300
vt 0.39200800 0.00522700
vt 0.41224900 0.31736400
vt 0.41224900 0.29330800
vt 0.39285900 0.00784000
vt 0.41224900 0.43626000
vt 0.38770000 0.00630000
vt 0.41224900 0.41266600
vt 0.38856800 0.00420000
vt 0.38943600 0.00210000
vt 0.41224900 0.38907200
vt 0.41224900 0.52653100
vt 0.38427700 0.02859800
vt 0.41224900 0.50430500
vt 0.38512800 0.02186600
vt 0.38598000 0.01513300
vt 0.41224900 0.48208000
vt 0.41224900 0.60876300
vt 0.38101900 0.06865100
vt 0.38182100 0.05754500
vt 0.41224900 0.58876000
vt 0.41224900 0.56875800
vt 0.38262300 0.04643800
vt 0.37806800 0.12553200
vt 0.37879000 0.11054500
vt 0.37951000 0.09547000
vt 0.37548700 0.19524200
vt 0.41023200 0.06597000
vt 0.41023200 0.04596800
vt 0.37610100 0.17681900
vt 0.41023200 0.02596600
vt 0.37671500 0.15839600
vt 0.41023200 0.15264900
vt 0.37342600 0.27691400
vt 0.37390800 0.25583000
vt 0.41023200 0.13042300
vt 0.37439100 0.23474700
vt 0.41023200 0.10819800
vt 0.41023200 0.24565700
vt 0.37194700 0.36679800
vt 0.41023200 0.22206300
vt 0.37227900 0.34386400
vt 0.37261100 0.32093100
vt 0.41023200 0.19846800
vt 0.41023200 0.34142100
vt 0.37110600 0.46144000
vt 0.37127600 0.43753700
vt 0.41023200 0.31736400
vt 0.37144500 0.41363400
vt 0.41023200 0.29330800
vt 0.40982100 0.17393400
vt 0.40998800 0.17441100
vt 0.41011900 0.17484000
vt 0.41011900 0.26924000
vt 0.40998800 0.26909500
vt 0.40982100 0.26893400
vt 0.40780500 0.46079400
vt 0.40797100 0.46031700
vt 0.40810200 0.45988800
vt 0.40810200 0.54881100
vt 0.40797100 0.54950700
vt 0.40780500 0.55028200
vt 0.37473900 0.83716000
vt 0.37482600 0.83497000
vt 0.37490500 0.83298900
vt 0.37727500 0.89754300
vt 0.41415600 0.07381800
vt 0.37722100 0.89948200
vt 0.41404500 0.07232700
vt 0.37716700 0.90142100
vt 0.41393500 0.07083600
vt 0.41011900 0.36548900
vt 0.40998800 0.36563400
vt 0.40982100 0.36579500
vt 0.40810500 0.63025600
vt 0.40426700 0.22113100
vt 0.40434200 0.21984700
vt 0.40799500 0.63174700
vt 0.40788400 0.63323800
vt 0.40441700 0.21856300
vt 0.41415300 0.15526300
vt 0.41402100 0.15456700
vt 0.41385500 0.15379200
vt 0.41213900 0.00447300
vt 0.40232800 0.14577300
vt 0.40239400 0.14413000
vt 0.41202800 0.00298200
vt 0.41191800 0.00149100
vt 0.40245900 0.14248600
vt 0.41415300 0.24418500
vt 0.41402100 0.24375700
vt 0.41385500 0.24327900
vt 0.41213600 0.08591800
vt 0.41200500 0.08522100
vt 0.41183800 0.08444700
vt 0.41415300 0.33858500
vt 0.41402100 0.33844000
vt 0.41385500 0.33827900
vt 0.41213600 0.17484000
vt 0.41200500 0.17441100
vt 0.41183800 0.17393400
vt 0.41415300 0.43483400
vt 0.41402100 0.43497900
vt 0.41385500 0.43514000
vt 0.41213600 0.26924000
vt 0.41200500 0.26909500
vt 0.41183800 0.26893400
vt 0.41415300 0.52923300
vt 0.41402100 0.52966200
vt 0.41385500 0.53013900
vt 0.41213600 0.36548900
vt 0.41200500 0.36563400
vt 0.41183800 0.36579500
vt 0.41415300 0.61815600
vt 0.41402100 0.61885200
vt 0.41385500 0.61962700
vt 0.41213600 0.45988800
vt 0.41200500 0.46031700
vt 0.41183800 0.46079400
vt 0.41415600 0.69960100
vt 0.40810500 0.00447300
vt 0.41404500 0.70109200
vt 0.40799500 0.00298200
vt 0.40788400 0.00149100
vt 0.41393500 0.70258300
vt 0.41213600 0.54881100
vt 0.41200500 0.54950700
vt 0.41183800 0.55028200
vt 0.40810200 0.08591800
vt 0.40797100 0.08522100
vt 0.40780500 0.08444700
vt 0.38017700 0.07779100
vt 0.41213900 0.63025600
vt 0.41202800 0.63174700
vt 0.38013700 0.07582400
vt 0.41191800 0.63323800
vt 0.38009700 0.07385700
vt 0.40810200 0.17484000
vt 0.40797100 0.17441100
vt 0.40780500 0.17393400
vt 0.41011900 0.45988800
vt 0.40998800 0.46031700
vt 0.40982100 0.46079400
vt 0.37727500 0.13829500
vt 0.41012200 0.00447300
vt 0.37722100 0.13661600
vt 0.41001200 0.00298200
vt 0.37716700 0.13493800
vt 0.40990100 0.00149100
vt 0.40810200 0.26924000
vt 0.40797100 0.26909500
vt 0.40780500 0.26893400
vt 0.41011900 0.54881100
vt 0.40998800 0.54950700
vt 0.40982100 0.55028200
vt 0.41011900 0.08591800
vt 0.40998800 0.08522100
vt 0.40982100 0.08444700
vt 0.40810200 0.36548900
vt 0.40797100 0.36563400
vt 0.40780500 0.36579500
vt 0.37286900 0.76007900
vt 0.41012200 0.63025600
vt 0.37279400 0.76136300
vt 0.41001200 0.63174700
vt 0.37271900 0.76264700
vt 0.40990100 0.63323800
vt 0.37041900 0.57844500
vt 0.37059200 0.55408400
vt 0.37076400 0.52972400
vt 0.36923100 0.67292400
vt 0.36956900 0.64955100
vt 0.36990800 0.62617800
vt 0.36741700 0.76075700
vt 0.36790900 0.73927000
vt 0.36840000 0.71778300
vt 0.36504800 0.83857000
vt 0.36567400 0.81979500
vt 0.36630000 0.80102000
vt 0.36221600 0.90337200
vt 0.36295100 0.88803000
vt 0.36368700 0.87268800
vt 0.35902700 0.95267300
vt 0.35984500 0.94135300
vt 0.36066200 0.93003400
vt 0.35560600 0.98457700
vt 0.35647400 0.97771600
vt 0.35734200 0.97085400
vt 0.35208400 0.99786000
vt 0.35296900 0.99572000
vt 0.35385300 0.99357900
vt 0.34859500 0.99201000
vt 0.34946300 0.99467300
vt 0.35033100 0.99733700
vt 0.34527500 0.96725200
vt 0.34609200 0.97461700
vt 0.34691000 0.98198200
vt 0.34225000 0.92453900
vt 0.34298600 0.93632200
vt 0.34372200 0.94810500
vt 0.33963700 0.86551000
vt 0.34026300 0.88125800
vt 0.34088900 0.89700700
vt 0.33753700 0.79243500
vt 0.33802800 0.81154400
vt 0.33852000 0.83065300
vt 0.33602900 0.70812200
vt 0.33636800 0.72985700
vt 0.33670600 0.75159100
vt 0.33517300 0.61581100
vt 0.33534500 0.63933600
vt 0.33551800 0.66286200
vt 0.33500000 0.51904900
vt 0.33500000 0.54346100
vt 0.33500000 0.56787300
vt 0.33551800 0.42155600
vt 0.33534500 0.44591600
vt 0.33517300 0.47027700
vt 0.33670600 0.32707700
vt 0.33636800 0.35044900
vt 0.33602900 0.37382200
vt 0.33852000 0.23924300
vt 0.33802800 0.26073000
vt 0.33753700 0.28221700
vt 0.34088900 0.16143000
vt 0.34026300 0.18020500
vt 0.33963700 0.19898000
vt 0.34372100 0.09662800
vt 0.34298600 0.11197000
vt 0.34225000 0.12731200
vt 0.34691000 0.04732700
vt 0.34609200 0.05864700
vt 0.34527500 0.06996600
vt 0.35033100 0.01542300
vt 0.34946300 0.02228500
vt 0.34859500 0.02914600
vt 0.35385300 0.00214000
vt 0.35296900 0.00428100
vt 0.35208400 0.00642100
vt 0.35734200 0.00799000
vt 0.35647400 0.00532700
vt 0.35560600 0.00266300
vt 0.36066200 0.03274800
vt 0.35984500 0.02538300
vt 0.35902700 0.01801800
vt 0.36368700 0.07546200
vt 0.36295100 0.06367900
vt 0.36221600 0.05189600
vt 0.36630000 0.13449000
vt 0.36567400 0.11874200
vt 0.36504800 0.10299300
vt 0.36840000 0.20756500
vt 0.36790900 0.18845600
vt 0.36741700 0.16934800
vt 0.36990800 0.29187800
vt 0.36956900 0.27014300
vt 0.36923100 0.24840900
vt 0.37076400 0.38418900
vt 0.37059200 0.36066400
vt 0.37041900 0.33713800
vt 0.37093700 0.48095100
vt 0.37093700 0.45653900
vt 0.37093700 0.43212700
vt 0.36843700 0.56948200
vt 0.36860900 0.54799800
vt 0.36874300 0.52639900
vt 0.36738400 0.65323200
vt 0.36770100 0.63272300
vt 0.36798300 0.61189500
vt 0.36577700 0.73109200
vt 0.36622800 0.71234700
vt 0.36664600 0.69309200
vt 0.36367800 0.80007200
vt 0.36424400 0.78381100
vt 0.36478400 0.76686700
vt 0.36116700 0.85752100
vt 0.36182800 0.84436800
vt 0.36246800 0.83038700
vt 0.35834100 0.90123000
vt 0.35907100 0.89169100
vt 0.35978700 0.88121100
vt 0.35530800 0.92952000
vt 0.35608000 0.92396200
vt 0.35684300 0.91738500
vt 0.35218600 0.94130400
vt 0.35296800 0.93994000
vt 0.35375100 0.93751900
vt 0.34909400 0.93612900
vt 0.34985700 0.93901200
vt 0.35062900 0.94083900
vt 0.34615000 0.91419300
vt 0.34686600 0.92121200
vt 0.34759600 0.92721800
vt 0.34346900 0.87634100
vt 0.34410900 0.88722600
vt 0.34477000 0.89718000
vt 0.34115300 0.82402600
vt 0.34169300 0.83835900
vt 0.34225900 0.85187800
vt 0.33929100 0.75925800
vt 0.33970900 0.77648800
vt 0.34016000 0.79305300
vt 0.33795400 0.68452800
vt 0.33823600 0.70399300
vt 0.33855300 0.72296700
vt 0.33719400 0.60270600
vt 0.33732800 0.62365800
vt 0.33750000 0.64431200
vt 0.33704100 0.51693800
vt 0.33702200 0.53857100
vt 0.33704100 0.56011200
vt 0.33750000 0.43051800
vt 0.33732800 0.45200200
vt 0.33719400 0.47360100
vt 0.33855300 0.34676900
vt 0.33823600 0.36727700
vt 0.33795400 0.38810500
vt 0.34016000 0.26890800
vt 0.33970900 0.28765300
vt 0.33929100 0.30690900
vt 0.34225900 0.19992800
vt 0.34169300 0.21618900
vt 0.34115300 0.23313300
vt 0.34477000 0.14247900
vt 0.34410900 0.15563200
vt 0.34346900 0.16961300
vt 0.34759600 0.09877000
vt 0.34686600 0.10830900
vt 0.34615000 0.11878900
vt 0.35062900 0.07048000
vt 0.34985700 0.07603800
vt 0.34909400 0.08261500
vt 0.35375100 0.05869600
vt 0.35296900 0.06006000
vt 0.35218600 0.06248200
vt 0.35684300 0.06387200
vt 0.35608000 0.06098800
vt 0.35530800 0.05916100
vt 0.35978700 0.08580700
vt 0.35907100 0.07878800
vt 0.35834100 0.07278200
vt 0.36246800 0.12365900
vt 0.36182800 0.11277400
vt 0.36116700 0.10282000
vt 0.36478400 0.17597500
vt 0.36424400 0.16164100
vt 0.36367800 0.14812200
vt 0.36664600 0.24074200
vt 0.36622800 0.22351200
vt 0.36577700 0.20694700
vt 0.36798300 0.31547200
vt 0.36770100 0.29600700
vt 0.36738400 0.27703300
vt 0.36874300 0.39729400
vt 0.36860900 0.37634200
vt 0.36843700 0.35568800
vt 0.36889600 0.48306300
vt 0.36891500 0.46142900
vt 0.36889600 0.43988900
vt 0.36867300 0.69359200
vt 0.36838600 0.69005400
vt 0.36788100 0.68382700
vt 0.36914900 0.59627500
vt 0.36969700 0.59953600
vt 0.37000800 0.60138900
vt 0.36867300 0.23043900
vt 0.36838600 0.23536600
vt 0.36788000 0.24403600
vt 0.36603900 0.17245600
vt 0.36648200 0.16136100
vt 0.36673300 0.15505700
vt 0.33524800 0.49471100
vt 0.33557100 0.49480800
vt 0.33614100 0.49497800
vt 0.33614100 0.58642300
vt 0.33557100 0.58935100
vt 0.33524800 0.59101400
vt 0.36673300 0.77835600
vt 0.36648200 0.77326900
vt 0.36603900 0.76431500
vt 0.37000800 0.31618100
vt 0.36969700 0.31954000
vt 0.36914900 0.32545300
vt 0.33592900 0.39861100
vt 0.33624000 0.40046400
vt 0.33678800 0.40372600
vt 0.36426500 0.85242300
vt 0.36405800 0.84598200
vt 0.36369500 0.83464600
vt 0.37068900 0.40898600
vt 0.37036600 0.41064900
vt 0.36979600 0.41357700
vt 0.33726400 0.30640800
vt 0.33755100 0.30994600
vt 0.33805700 0.31617300
vt 0.36136300 0.91294600
vt 0.36120900 0.90539900
vt 0.36093900 0.89211700
vt 0.37068900 0.50528900
vt 0.37036600 0.50519200
vt 0.36979600 0.50502200
vt 0.33920400 0.22164400
vt 0.33945500 0.22673100
vt 0.33989800 0.23568500
vt 0.35813800 0.95760000
vt 0.35804300 0.94923700
vt 0.35787700 0.93451800
vt 0.34167200 0.14757800
vt 0.34187900 0.15401800
vt 0.34224200 0.16535400
vt 0.35471400 0.98466800
vt 0.35468200 0.97581100
vt 0.35462600 0.96022100
vt 0.34457500 0.08705400
vt 0.34472800 0.09460100
vt 0.34499800 0.10788400
vt 0.35122300 0.99311200
vt 0.35125500 0.98410000
vt 0.35131100 0.96823900
vt 0.34780000 0.04240000
vt 0.34789400 0.05076300
vt 0.34806000 0.06548200
vt 0.34780000 0.98260500
vt 0.34789400 0.97378500
vt 0.34806000 0.95826200
vt 0.35122300 0.01533200
vt 0.35125500 0.02418900
vt 0.35131100 0.03977900
vt 0.34457500 0.95355200
vt 0.34472800 0.94526300
vt 0.34499800 0.93067400
vt 0.35471400 0.00688900
vt 0.35468200 0.01590000
vt 0.35462600 0.03176100
vt 0.34167200 0.90706900
vt 0.34187900 0.89962900
vt 0.34224200 0.88653600
vt 0.35813800 0.01739500
vt 0.35804300 0.02621500
vt 0.35787700 0.04173800
vt 0.33920400 0.84494300
vt 0.33945500 0.83863900
vt 0.33989800 0.82754400
vt 0.36136300 0.04644800
vt 0.36120900 0.05473700
vt 0.36093900 0.06932600
vt 0.33726400 0.76956100
vt 0.33755100 0.76463400
vt 0.33805700 0.75596400
vt 0.36426500 0.09293100
vt 0.36405900 0.10037100
vt 0.36369500 0.11346400
vt 0.33592900 0.68381900
vt 0.33624000 0.68046000
vt 0.33678800 0.67454700
vt 0.37521200 0.54551100
vt 0.37586700 0.52132600
vt 0.37521200 0.50030700
vt 0.37562900 0.61595200
vt 0.37611100 0.58909600
vt 0.37530900 0.57239000
vt 0.37654200 0.68157700
vt 0.37683400 0.65308100
vt 0.37591500 0.64133000
vt 0.37791800 0.73986200
vt 0.37800700 0.71082200
vt 0.37700800 0.70447800
vt 0.37970300 0.78856900
vt 0.37958700 0.76010000
vt 0.37854500 0.75940700
vt 0.38182900 0.82582500
vt 0.38151200 0.79902200
vt 0.38046700 0.80400600
vt 0.38421400 0.85019900
vt 0.38370700 0.82609100
vt 0.38270000 0.83656100
vt 0.38676600 0.86075300
vt 0.38609000 0.84026800
vt 0.38515900 0.85582200
vt 0.38938700 0.85708400
vt 0.38856800 0.84100800
vt 0.38774900 0.86104700
vt 0.39197700 0.83933000
vt 0.39104600 0.82828200
vt 0.39037000 0.85203600
vt 0.39443600 0.80817500
vt 0.39342800 0.80257900
vt 0.39292200 0.82913600
vt 0.39666900 0.76481700
vt 0.39562400 0.76488700
vt 0.39530700 0.79322600
vt 0.39859100 0.71092000
vt 0.39754900 0.71665400
vt 0.39743200 0.74568600
vt 0.40012800 0.64855700
vt 0.39912900 0.65973500
vt 0.39921800 0.68834400
vt 0.40122000 0.58012400
vt 0.40030200 0.59631600
vt 0.40059300 0.62340300
vt 0.40182700 0.50825000
vt 0.40102500 0.52883400
vt 0.40150700 0.55335900
vt 0.40192400 0.43569900
vt 0.40126900 0.45988400
vt 0.40192400 0.48090300
vt 0.40150700 0.36525700
vt 0.40102500 0.39211400
vt 0.40182700 0.40881900
vt 0.40059300 0.29963300
vt 0.40030200 0.32812900
vt 0.40122000 0.33987900
vt 0.39921800 0.24134700
vt 0.39912900 0.27038800
vt 0.40012800 0.27673100
vt 0.39743200 0.19264100
vt 0.39754900 0.22110900
vt 0.39859100 0.22180200
vt 0.39530700 0.15538500
vt 0.39562400 0.18218800
vt 0.39666900 0.17720300
vt 0.39292200 0.13101100
vt 0.39342800 0.15511800
vt 0.39443600 0.14464800
vt 0.39037000 0.12045600
vt 0.39104600 0.14094100
vt 0.39197700 0.12538800
vt 0.38774900 0.12412600
vt 0.38856800 0.14020200
vt 0.38938700 0.12016300
vt 0.38515900 0.14187900
vt 0.38609000 0.15292800
vt 0.38676600 0.12917300
vt 0.38270000 0.17303400
vt 0.38370700 0.17863100
vt 0.38421400 0.15207400
vt 0.38046700 0.21639300
vt 0.38151200 0.21632300
vt 0.38182900 0.18798400
vt 0.37854500 0.27029000
vt 0.37958700 0.26455500
vt 0.37970300 0.23552300
vt 0.37700800 0.33265300
vt 0.37800700 0.32147500
vt 0.37791800 0.29286500
vt 0.37591500 0.40108600
vt 0.37683400 0.38489400
vt 0.37654200 0.35780600
vt 0.37530900 0.47295900
vt 0.37611100 0.45237500
vt 0.37562900 0.42785100
vt 0.37120200 0.48542200
vt 0.37173700 0.48558100
vt 0.37284600 0.48591200
vt 0.37284500 0.57135500
vt 0.37173700 0.57704800
vt 0.37120200 0.57979700
vt 0.37345000 0.65369400
vt 0.37238400 0.66519300
vt 0.37186900 0.67074400
vt 0.37463500 0.72976400
vt 0.37365300 0.74661700
vt 0.37318000 0.75473200
vt 0.37635700 0.79661400
vt 0.37550500 0.81796400
vt 0.37511600 0.82771500
vt 0.37854500 0.85176500
vt 0.37783900 0.87721700
vt 0.37749900 0.88947700
vt 0.38112100 0.89300700
vt 0.38059500 0.92138000
vt 0.38034200 0.93507600
vt 0.38398200 0.91878400
vt 0.38365800 0.94897400
vt 0.38350200 0.96354700
vt 0.38701900 0.92810600
vt 0.38691000 0.95895300
vt 0.38685700 0.97384400
vt 0.39011700 0.92061500
vt 0.39022600 0.95093400
vt 0.39027800 0.96556900
vt 0.39315400 0.89659900
vt 0.39347700 0.92522500
vt 0.39363300 0.93904300
vt 0.39601500 0.85698100
vt 0.39654000 0.88281300
vt 0.39679400 0.89528300
vt 0.39859000 0.80328300
vt 0.39929700 0.82532900
vt 0.39963800 0.83597100
vt 0.40078000 0.73756900
vt 0.40164100 0.75498200
vt 0.40205700 0.76338800
vt 0.40250100 0.66236400
vt 0.40348300 0.67447500
vt 0.40395800 0.68032100
vt 0.40368600 0.58055900
vt 0.40475200 0.58690200
vt 0.40526700 0.58996300
vt 0.40429000 0.49529700
vt 0.40539900 0.49562800
vt 0.40593400 0.49578800
vt 0.40429000 0.40985500
vt 0.40539900 0.40416100
vt 0.40593400 0.40141300
vt 0.40368600 0.32751600
vt 0.40475200 0.31601600
vt 0.40526700 0.31046600
vt 0.40250100 0.25144500
vt 0.40348300 0.23459300
vt 0.40395600 0.22647800
vt 0.40078000 0.18456400
vt 0.40164100 0.16299600
vt 0.40205500 0.15260600
vt 0.39859000 0.12944300
vt 0.39929700 0.10397800
vt 0.39963800 0.09168600
vt 0.39601500 0.08820200
vt 0.39654000 0.05983000
vt 0.39679400 0.04613400
vt 0.39315400 0.06242600
vt 0.39347700 0.03223600
vt 0.39363300 0.01766200
vt 0.39011600 0.05310400
vt 0.39022600 0.02225600
vt 0.39027800 0.00736600
vt 0.38701900 0.06059500
vt 0.38691000 0.03027500
vt 0.38685700 0.01564000
vt 0.38398200 0.08461100
vt 0.38365800 0.05598500
vt 0.38350200 0.04216700
vt 0.38112100 0.12423100
vt 0.38059600 0.09841100
vt 0.38034300 0.08597400
vt 0.37854500 0.17792800
vt 0.37783900 0.15589500
vt 0.37749900 0.14528400
vt 0.37635500 0.24364000
vt 0.37549400 0.22622700
vt 0.37507900 0.21782200
vt 0.37463500 0.31884500
vt 0.37365200 0.30673400
vt 0.37317800 0.30088900
vt 0.37345000 0.40065000
vt 0.37238400 0.39430800
vt 0.37186900 0.39124600
vt 0.36108400 0.53941500
vt 0.36071700 0.52377900
vt 0.36128500 0.51101300
vt 0.36051100 0.58334700
vt 0.36026700 0.56575200
vt 0.36090500 0.55609700
vt 0.35964700 0.62407600
vt 0.35953700 0.60519900
vt 0.36022000 0.59902400
vt 0.35852700 0.66003600
vt 0.35855500 0.64060300
vt 0.35925700 0.63814600
vt 0.35719400 0.68984700
vt 0.35735800 0.67060400
vt 0.35805100 0.67195900
vt 0.35569800 0.71236100
vt 0.35599200 0.69404800
vt 0.35665100 0.69916400
vt 0.35409700 0.72671500
vt 0.35451000 0.71003500
vt 0.35510900 0.71871500
vt 0.35245300 0.73235600
vt 0.35296900 0.71795100
vt 0.35348400 0.72986100
vt 0.35082800 0.72906800
vt 0.35142700 0.71749100
vt 0.35184000 0.73217400
vt 0.34928600 0.71697700
vt 0.34994500 0.70867300
vt 0.35023900 0.72556400
vt 0.34788600 0.69654800
vt 0.34857900 0.69183600
vt 0.34874300 0.71028600
vt 0.34668000 0.66856500
vt 0.34738200 0.66762600
vt 0.34741000 0.68692700
vt 0.34571700 0.63410500
vt 0.34640000 0.63697500
vt 0.34629000 0.65638400
vt 0.34503200 0.59449100
vt 0.34567000 0.60106000
vt 0.34542600 0.61983100
vt 0.34465200 0.55124600
vt 0.34522000 0.56126100
vt 0.34485300 0.57867400
vt 0.34459100 0.50603100
vt 0.34506800 0.51910900
vt 0.34459100 0.53449300
vt 0.34485300 0.46058500
vt 0.34522000 0.47622100
vt 0.34465200 0.48898700
vt 0.34542600 0.41665300
vt 0.34567000 0.43424800
vt 0.34503200 0.44390400
vt 0.34629000 0.37592400
vt 0.34640000 0.39480100
vt 0.34571700 0.40097600
vt 0.34741000 0.33996400
vt 0.34738200 0.35939700
vt 0.34668000 0.36185400
vt 0.34874300 0.31015300
vt 0.34857900 0.32939700
vt 0.34788600 0.32804100
vt 0.35023900 0.28763900
vt 0.34994500 0.30595200
vt 0.34928600 0.30083600
vt 0.35184000 0.27328500
vt 0.35142700 0.28996500
vt 0.35082800 0.28128500
vt 0.35348400 0.26764400
vt 0.35296800 0.28204900
vt 0.35245300 0.27013900
vt 0.35510900 0.27093200
vt 0.35451000 0.28250900
vt 0.35409700 0.26782700
vt 0.35665100 0.28302300
vt 0.35599200 0.29132700
vt 0.35569800 0.27443600
vt 0.35805100 0.30345200
vt 0.35735800 0.30816400
vt 0.35719400 0.28971400
vt 0.35925700 0.33143500
vt 0.35855500 0.33237400
vt 0.35852700 0.31307400
vt 0.36022000 0.36589500
vt 0.35953700 0.36302500
vt 0.35964700 0.34361600
vt 0.36090500 0.40550900
vt 0.36026700 0.39894000
vt 0.36051000 0.38016900
vt 0.36128500 0.44875500
vt 0.36071700 0.43873900
vt 0.36108400 0.42132600
vt 0.36134600 0.49396900
vt 0.36086900 0.48089200
vt 0.36134600 0.46550700
vt 0.36685400 0.58261800
vt 0.36514700 0.57246400
vt 0.36330100 0.56147600
vt 0.36371400 0.50320700
vt 0.36563400 0.50378000
vt 0.36740900 0.50431000
vt 0.36576500 0.65775100
vt 0.36419200 0.63836300
vt 0.36249100 0.61738300
vt 0.36418500 0.72682200
vt 0.36280600 0.69894500
vt 0.36131500 0.66877900
vt 0.36217400 0.78717700
vt 0.36104200 0.75188100
vt 0.35981800 0.71369000
vt 0.35980900 0.83649500
vt 0.35896800 0.79513800
vt 0.35805800 0.75038700
vt 0.35718100 0.87288200
vt 0.35666300 0.82705200
vt 0.35610300 0.77746300
vt 0.35439100 0.89493900
vt 0.35421600 0.84639900
vt 0.35402700 0.79387600
vt 0.35154600 0.90181900
vt 0.35172100 0.85243300
vt 0.35191000 0.79899600
vt 0.34875600 0.89325800
vt 0.34927400 0.84492400
vt 0.34983400 0.79262500
vt 0.34612900 0.86958300
vt 0.34696900 0.82415900
vt 0.34787900 0.77500900
vt 0.34376300 0.83170600
vt 0.34489500 0.79093700
vt 0.34611900 0.74682400
vt 0.34175200 0.78108200
vt 0.34313100 0.74653500
vt 0.34462200 0.70915400
vt 0.34017200 0.71965500
vt 0.34174500 0.69265800
vt 0.34344600 0.66344700
vt 0.33908300 0.64978800
vt 0.34079000 0.63137800
vt 0.34263600 0.61145800
vt 0.33852800 0.57416400
vt 0.34030300 0.56504900
vt 0.34222300 0.55518600
vt 0.33852800 0.49569000
vt 0.34030300 0.49622000
vt 0.34222400 0.49679300
vt 0.33908300 0.41738200
vt 0.34079000 0.42753600
vt 0.34263600 0.43852400
vt 0.34017200 0.34224900
vt 0.34174500 0.36163700
vt 0.34344600 0.38261700
vt 0.34175200 0.27317800
vt 0.34313100 0.30105600
vt 0.34462200 0.33122100
vt 0.34376400 0.21282300
vt 0.34489500 0.24811900
vt 0.34611900 0.28631100
vt 0.34612900 0.16350500
vt 0.34696900 0.20486200
vt 0.34787900 0.24961300
vt 0.34875600 0.12711800
vt 0.34927400 0.17294800
vt 0.34983400 0.22253700
vt 0.35154600 0.10506100
vt 0.35172100 0.15360100
vt 0.35191000 0.20612400
vt 0.35439100 0.09818100
vt 0.35421600 0.14756700
vt 0.35402700 0.20100500
vt 0.35718100 0.10674200
vt 0.35666300 0.15507600
vt 0.35610300 0.20737500
vt 0.35980900 0.13041700
vt 0.35896800 0.17584100
vt 0.35805800 0.22499100
vt 0.36217400 0.16829400
vt 0.36104200 0.20906300
vt 0.35981800 0.25317600
vt 0.36418500 0.21891800
vt 0.36280600 0.25346500
vt 0.36131500 0.29084600
vt 0.36576500 0.28034500
vt 0.36419200 0.30734200
vt 0.36249100 0.33655400
vt 0.36685400 0.35021200
vt 0.36514700 0.36862200
vt 0.36330100 0.38854200
vt 0.36740900 0.42583600
vt 0.36563400 0.43495100
vt 0.36371400 0.44481400
vt 0.40982100 0.24486700
vt 0.40982100 0.22097400
vt 0.40982100 0.19730900
vt 0.40998800 0.24512400
vt 0.40998800 0.22131700
vt 0.40998800 0.19771500
vt 0.41011900 0.24539400
vt 0.41011900 0.22168500
vt 0.41011900 0.19811400
vt 0.40780500 0.52861700
vt 0.40780500 0.50644100
vt 0.40780500 0.48381800
vt 0.40797100 0.52789600
vt 0.40797100 0.50576800
vt 0.40797100 0.48323800
vt 0.40810200 0.52717900
vt 0.40810200 0.50504600
vt 0.40810200 0.48264200
vt 0.37654600 0.88572500
vt 0.37592800 0.86993100
vt 0.37531900 0.85389000
vt 0.37660400 0.88381200
vt 0.37599300 0.86798100
vt 0.37539700 0.85179900
vt 0.37666500 0.88181500
vt 0.37606100 0.86597000
vt 0.37547100 0.84977800
vt 0.40982100 0.34160900
vt 0.40982100 0.31736400
vt 0.40982100 0.29311900
vt 0.40998800 0.34153300
vt 0.40998800 0.31736400
vt 0.40998800 0.29319600
vt 0.41011900 0.34146700
vt 0.41011900 0.31736400
vt 0.41011900 0.29326100
vt 0.40784200 0.61271800
vt 0.40781600 0.59216300
vt 0.40780600 0.57141500
vt 0.40798300 0.61148200
vt 0.40797500 0.59111500
vt 0.40797200 0.57052500
vt 0.40810400 0.61014000
vt 0.40810300 0.58995900
vt 0.40810200 0.56961400
vt 0.41385600 0.13265900
vt 0.41386600 0.11191000
vt 0.41389200 0.09135600
vt 0.41402200 0.13354800
vt 0.41402500 0.11295800
vt 0.41403400 0.09259200
vt 0.41415300 0.13445900
vt 0.41415300 0.11411400
vt 0.41415400 0.09393300
vt 0.40294800 0.16151000
vt 0.40343800 0.18053000
vt 0.40392700 0.19954800
vt 0.40287900 0.16309100
vt 0.40336600 0.18203500
vt 0.40385300 0.20094900
vt 0.40280700 0.16474700
vt 0.40328900 0.18363000
vt 0.40377600 0.20242100
vt 0.41385500 0.22025600
vt 0.41385500 0.19763200
vt 0.41385500 0.17545700
vt 0.41402100 0.22083600
vt 0.41402100 0.19830500
vt 0.41402200 0.17617800
vt 0.41415300 0.22143100
vt 0.41415300 0.19902800
vt 0.41415300 0.17689400
vt 0.41184000 0.06331300
vt 0.41185000 0.04256000
vt 0.41187600 0.02199900
vt 0.41200500 0.06420300
vt 0.41200900 0.04361300
vt 0.41201700 0.02324700
vt 0.41213600 0.06511400
vt 0.41213600 0.04476900
vt 0.41213700 0.02458800
vt 0.41385500 0.31421200
vt 0.41385500 0.29031900
vt 0.41385500 0.26665400
vt 0.41402100 0.31446900
vt 0.41402100 0.29066200
vt 0.41402200 0.26706000
vt 0.41415300 0.31473900
vt 0.41415300 0.29103000
vt 0.41415300 0.26745900
vt 0.41183800 0.15091100
vt 0.41183800 0.12828700
vt 0.41183800 0.10611200
vt 0.41200500 0.15149000
vt 0.41200500 0.12896000
vt 0.41200500 0.10683300
vt 0.41213600 0.15208600
vt 0.41213600 0.12968200
vt 0.41213600 0.10754900
vt 0.41385500 0.41095400
vt 0.41385500 0.38670900
vt 0.41385500 0.36246400
vt 0.41402100 0.41087800
vt 0.41402100 0.38670900
vt 0.41402200 0.36254100
vt 0.41415300 0.41081300
vt 0.41415300 0.38670900
vt 0.41415300 0.36260600
vt 0.41183800 0.24486700
vt 0.41183800 0.22097300
vt 0.41183800 0.19730900
vt 0.41200500 0.24512400
vt 0.41200500 0.22131700
vt 0.41200500 0.19771500
vt 0.41213600 0.24539400
vt 0.41213600 0.22168500
vt 0.41213600 0.19811400
vt 0.41385500 0.50676500
vt 0.41385500 0.48310000
vt 0.41385500 0.45920700
vt 0.41402100 0.50635800
vt 0.41402100 0.48275700
vt 0.41402200 0.45895000
vt 0.41415300 0.50596000
vt 0.41415300 0.48238900
vt 0.41415300 0.45868000
vt 0.41183800 0.34160900
vt 0.41183800 0.31736400
vt 0.41183800 0.29311900
vt 0.41200500 0.34153300
vt 0.41200500 0.31736400
vt 0.41200500 0.29319600
vt 0.41213600 0.34146700
vt 0.41213600 0.31736400
vt 0.41213600 0.29326100
vt 0.41385500 0.59796200
vt 0.41385500 0.57578700
vt 0.41385500 0.55316300
vt 0.41402100 0.59724100
vt 0.41402100 0.57511400
vt 0.41402200 0.55258300
vt 0.41415300 0.59652400
vt 0.41415300 0.57439100
vt 0.41415300 0.55198800
vt 0.41183800 0.43742000
vt 0.41183800 0.41375500
vt 0.41183800 0.38986100
vt 0.41200500 0.43701300
vt 0.41200500 0.41341200
vt 0.41200500 0.38960500
vt 0.41213600 0.43661500
vt 0.41213600 0.41304400
vt 0.41213600 0.38933500
vt 0.41389200 0.68207400
vt 0.41386600 0.66151400
vt 0.41385600 0.64076100
vt 0.41403400 0.68082700
vt 0.41402500 0.66046100
vt 0.41402200 0.63987000
vt 0.41415400 0.67948500
vt 0.41415300 0.65930400
vt 0.41415300 0.63895900
vt 0.41183800 0.52861700
vt 0.41183800 0.50644200
vt 0.41183800 0.48381800
vt 0.41200500 0.52789600
vt 0.41200500 0.50576800
vt 0.41200500 0.48323800
vt 0.41213600 0.52717900
vt 0.41213600 0.50504600
vt 0.41213600 0.48264300
vt 0.40780600 0.06331300
vt 0.40781600 0.04256000
vt 0.40784200 0.02199900
vt 0.40797200 0.06420300
vt 0.40797500 0.04361300
vt 0.40798300 0.02324700
vt 0.40810200 0.06511400
vt 0.40810300 0.04476900
vt 0.40810400 0.02458800
vt 0.41187600 0.61271800
vt 0.41185000 0.59216300
vt 0.41184000 0.57141500
vt 0.41201700 0.61148200
vt 0.41200900 0.59111500
vt 0.41200500 0.57052500
vt 0.41213700 0.61014000
vt 0.41213600 0.58995900
vt 0.41213600 0.56961400
vt 0.40780500 0.15091100
vt 0.40780500 0.12828700
vt 0.40780500 0.10611200
vt 0.40797100 0.15149000
vt 0.40797100 0.12896000
vt 0.40797100 0.10683300
vt 0.40810200 0.15208600
vt 0.40810200 0.12968200
vt 0.40810200 0.10754900
vt 0.40982100 0.43742000
vt 0.40982100 0.41375500
vt 0.40982100 0.38986100
vt 0.40998800 0.43701300
vt 0.40998800 0.41341200
vt 0.40998800 0.38960500
vt 0.41011900 0.43661500
vt 0.41011900 0.41304400
vt 0.41011900 0.38933500
vt 0.37790000 0.11967300
vt 0.37863200 0.10440500
vt 0.37936400 0.08913200
vt 0.37795100 0.12145800
vt 0.37868000 0.10627800
vt 0.37940900 0.09106200
vt 0.37800500 0.12333200
vt 0.37873200 0.10826600
vt 0.37945500 0.09308400
vt 0.40780500 0.24486700
vt 0.40780500 0.22097300
vt 0.40780500 0.19730900
vt 0.40797100 0.24512400
vt 0.40797100 0.22131700
vt 0.40797100 0.19771500
vt 0.40810200 0.24539400
vt 0.40810200 0.22168500
vt 0.40810200 0.19811400
vt 0.40982100 0.52861700
vt 0.40982100 0.50644200
vt 0.40982100 0.48381800
vt 0.40998800 0.52789600
vt 0.40998800 0.50576800
vt 0.40998800 0.48323800
vt 0.41011900 0.52717900
vt 0.41011900 0.50504600
vt 0.41011900 0.48264300
vt 0.40982300 0.06331300
vt 0.40983300 0.04256000
vt 0.40985900 0.02199900
vt 0.40998800 0.06420300
vt 0.40999200 0.04361300
vt 0.41000000 0.02324700
vt 0.41011900 0.06511400
vt 0.41011900 0.04476900
vt 0.41012000 0.02458800
vt 0.40780500 0.34160900
vt 0.40780500 0.31736400
vt 0.40780500 0.29311900
vt 0.40797100 0.34153300
vt 0.40797100 0.31736400
vt 0.40797100 0.29319600
vt 0.40810200 0.34146700
vt 0.40810200 0.31736400
vt 0.40810200 0.29326100
vt 0.40985900 0.61271800
vt 0.40983300 0.59216300
vt 0.40982300 0.57141500
vt 0.41000000 0.61148200
vt 0.40999200 0.59111500
vt 0.40998800 0.57052500
vt 0.41012100 0.61014000
vt 0.41011900 0.58995900
vt 0.41011900 0.56961400
vt 0.40982100 0.15091100
vt 0.40982100 0.12828700
vt 0.40982100 0.10611200
vt 0.40998800 0.15149100
vt 0.40998800 0.12896000
vt 0.40998800 0.10683300
vt 0.41011900 0.15208600
vt 0.41011900 0.12968200
vt 0.41011900 0.10754900
vt 0.40780500 0.43742000
vt 0.40780500 0.41375500
vt 0.40780500 0.38986100
vt 0.40797100 0.43701300
vt 0.40797100 0.41341200
vt 0.40797100 0.38960500
vt 0.40810200 0.43661500
vt 0.40810200 0.41304400
vt 0.40810200 0.38933500
vt 0.37420700 0.81919700
vt 0.37370300 0.80054500
vt 0.37320900 0.78164500
vt 0.37429000 0.81727600
vt 0.37378000 0.79893100
vt 0.37328400 0.78023000
vt 0.37437000 0.81543700
vt 0.37385900 0.79727700
vt 0.37336100 0.77875100
vt 0.38856800 0.49060500
vt 0.37812500 0.54423700
vt 0.37999800 0.51133200
vt 0.37812500 0.48748800
vt 0.38016300 0.46481100
vt 0.37852700 0.43085900
vt 0.38065100 0.41928100
vt 0.37931400 0.37652600
vt 0.38144300 0.37649200
vt 0.38045700 0.32657700
vt 0.38250800 0.33808900
vt 0.38191100 0.28293200
vt 0.38380700 0.30554600
vt 0.38362100 0.24726700
vt 0.38528900 0.28011600
vt 0.38552200 0.22095400
vt 0.38689600 0.26277400
vt 0.38753900 0.20500300
vt 0.38856800 0.25418700
vt 0.38959600 0.20002800
vt 0.39024000 0.25468600
vt 0.39161400 0.20621900
vt 0.39184700 0.26425100
vt 0.39351400 0.22333900
vt 0.39332900 0.28251500
vt 0.39522500 0.25073000
vt 0.39462700 0.30877600
vt 0.39667900 0.28733900
vt 0.39569300 0.34202400
vt 0.39782200 0.33176000
vt 0.39648500 0.38098200
vt 0.39860900 0.38228500
vt 0.39697300 0.42415300
vt 0.39901000 0.43697300
vt 0.39713700 0.46987700
vt 0.39901000 0.49372100
vt 0.39697300 0.51639800
vt 0.39860900 0.55035000
vt 0.39648500 0.56192800
vt 0.39782200 0.60468300
vt 0.39569300 0.60471700
vt 0.39667900 0.65463200
vt 0.39462700 0.64312100
vt 0.39522500 0.69827800
vt 0.39332900 0.67566300
vt 0.39351400 0.73394200
vt 0.39184700 0.70109400
vt 0.39161400 0.76025600
vt 0.39024000 0.71843600
vt 0.38959600 0.77620700
vt 0.38856800 0.72702200
vt 0.38753900 0.78118200
vt 0.38689600 0.72652300
vt 0.38552200 0.77499100
vt 0.38528900 0.71695800
vt 0.38362100 0.75787000
vt 0.38380700 0.69869400
vt 0.38191100 0.73047900
vt 0.38250800 0.67243400
vt 0.38045700 0.69387000
vt 0.38144300 0.63918500
vt 0.37931400 0.64944900
vt 0.38065100 0.60022700
vt 0.37852700 0.59892500
vt 0.38016300 0.55705700
vt 0.36972400 0.62484200
vt 0.36940100 0.64803700
vt 0.36905500 0.67102200
vt 0.36942600 0.62263800
vt 0.36911500 0.64545500
vt 0.36876900 0.66796100
vt 0.36888800 0.61864100
vt 0.36858900 0.64072300
vt 0.36825300 0.66247100
vt 0.35296800 0.50000000
vt 0.35898200 0.53578300
vt 0.35765200 0.54219500
vt 0.35851100 0.56832400
vt 0.35718400 0.56750900
vt 0.35782700 0.59824000
vt 0.35655300 0.59022900
vt 0.35695500 0.62438000
vt 0.35578500 0.60948100
vt 0.35593100 0.64574100
vt 0.35490900 0.62452600
vt 0.35479300 0.66150000
vt 0.35395800 0.63478600
vt 0.35358400 0.67105300
vt 0.35296900 0.63986600
vt 0.35235300 0.67403300
vt 0.35198000 0.63957000
vt 0.35114400 0.67032500
vt 0.35102800 0.63391100
vt 0.35000600 0.66007100
vt 0.35015200 0.62310700
vt 0.34898200 0.64366700
vt 0.34938400 0.60757100
vt 0.34811100 0.62174000
vt 0.34875300 0.58790100
vt 0.34742600 0.59513600
vt 0.34828500 0.56485300
vt 0.34695500 0.56487500
vt 0.34799600 0.53931300
vt 0.34671400 0.53212100
vt 0.34789900 0.51226300
vt 0.34671400 0.49813300
vt 0.34799600 0.48474000
vt 0.34695500 0.46421700
vt 0.34828500 0.45780500
vt 0.34742600 0.43167600
vt 0.34875300 0.43249100
vt 0.34811100 0.40176000
vt 0.34938400 0.40977100
vt 0.34898200 0.37562000
vt 0.35015200 0.39051900
vt 0.35000600 0.35426000
vt 0.35102800 0.37547400
vt 0.35114400 0.33850000
vt 0.35197900 0.36521400
vt 0.35235300 0.32894700
vt 0.35296900 0.36013500
vt 0.35358500 0.32596700
vt 0.35395800 0.36043000
vt 0.35479300 0.32967500
vt 0.35490900 0.36608900
vt 0.35593100 0.33992900
vt 0.35578500 0.37689400
vt 0.35695500 0.35633400
vt 0.35655300 0.39242900
vt 0.35782700 0.37826000
vt 0.35718400 0.41209900
vt 0.35851100 0.40486400
vt 0.35765200 0.43514700
vt 0.35898200 0.43512500
vt 0.35794100 0.46068700
vt 0.35922300 0.46787900
vt 0.35803800 0.48773800
vt 0.35922300 0.50186700
vt 0.35794100 0.51526000
vt 0.36726100 0.17295100
vt 0.36775800 0.19160900
vt 0.36823300 0.21070600
vt 0.36700700 0.17878500
vt 0.36750000 0.19698900
vt 0.36796100 0.21583900
vt 0.36654900 0.18927700
vt 0.36702700 0.20684600
vt 0.36747100 0.22511100
vt 0.33519400 0.56710800
vt 0.33518200 0.54302100
vt 0.33519400 0.51887400
vt 0.33551100 0.56589500
vt 0.33549200 0.54227100
vt 0.33551100 0.51855700
vt 0.33608100 0.56373700
vt 0.33606100 0.54089600
vt 0.33608100 0.51795800
vt 0.36823300 0.71545300
vt 0.36775800 0.73684900
vt 0.36726100 0.75790700
vt 0.36796100 0.71163600
vt 0.36750000 0.73271700
vt 0.36700700 0.75330200
vt 0.36747100 0.70473300
vt 0.36702700 0.72514700
vt 0.36654900 0.74502700
vt 0.36905500 0.25116000
vt 0.36940100 0.27246900
vt 0.36972400 0.29410400
vt 0.36876900 0.25560400
vt 0.36911500 0.27643900
vt 0.36942600 0.29775100
vt 0.36825300 0.26358900
vt 0.36858900 0.28371200
vt 0.36888800 0.30434700
vt 0.33536600 0.47056700
vt 0.33552400 0.44646300
vt 0.33570700 0.42243600
vt 0.33567900 0.47107300
vt 0.33582800 0.44739700
vt 0.33601400 0.42383400
vt 0.33624300 0.47201000
vt 0.33638600 0.44910900
vt 0.33656700 0.42632800
vt 0.36615500 0.79778500
vt 0.36554600 0.81655900
vt 0.36491800 0.83488100
vt 0.36592000 0.79250100
vt 0.36532600 0.81103600
vt 0.36470600 0.82890900
vt 0.36549700 0.78295700
vt 0.36492400 0.80091800
vt 0.36432300 0.81816600
vt 0.37023000 0.33893100
vt 0.37041300 0.36207400
vt 0.37057200 0.38541300
vt 0.36992300 0.34181500
vt 0.37010900 0.36448000
vt 0.37025800 0.38743400
vt 0.36937000 0.34698600
vt 0.36955100 0.36888900
vt 0.36969400 0.39110200
vt 0.33621300 0.37515800
vt 0.33653600 0.35196300
vt 0.33688200 0.32897800
vt 0.33651100 0.37736200
vt 0.33682200 0.35454600
vt 0.33716800 0.33203900
vt 0.33704900 0.38135900
vt 0.33734800 0.35927700
vt 0.33768400 0.33752900
vt 0.36357000 0.86867300
vt 0.36285000 0.88410300
vt 0.36211600 0.89898600
vt 0.36338100 0.86212500
vt 0.36267800 0.87740200
vt 0.36195400 0.89187500
vt 0.36304100 0.85030700
vt 0.36236200 0.86512500
vt 0.36166100 0.87907800
vt 0.37074200 0.43289300
vt 0.37075500 0.45697900
vt 0.37074300 0.48112600
vt 0.37042600 0.43410500
vt 0.37044500 0.45772900
vt 0.37042600 0.48144400
vt 0.36985600 0.43626300
vt 0.36987600 0.45910400
vt 0.36985600 0.48204200
vt 0.33770400 0.28454700
vt 0.33817900 0.26315100
vt 0.33867600 0.24209300
vt 0.33797600 0.28836400
vt 0.33843700 0.26728300
vt 0.33893000 0.24669800
vt 0.33846600 0.29526700
vt 0.33891000 0.27485400
vt 0.33938800 0.25497400
vt 0.36057800 0.92539300
vt 0.35977500 0.93688700
vt 0.35896300 0.94775800
vt 0.36044200 0.91783200
vt 0.35965600 0.92926500
vt 0.35885700 0.93978300
vt 0.36019800 0.90419500
vt 0.35943900 0.91530100
vt 0.35866500 0.92542200
vt 0.33978200 0.20221500
vt 0.34039100 0.18344100
vt 0.34101900 0.16511900
vt 0.34001700 0.20750000
vt 0.34061100 0.18896400
vt 0.34123100 0.17109200
vt 0.34044000 0.21704300
vt 0.34101300 0.19908200
vt 0.34161400 0.18183400
vt 0.35729300 0.96576500
vt 0.35643900 0.97288100
vt 0.35557900 0.97932300
vt 0.35721600 0.95748300
vt 0.35637800 0.96463100
vt 0.35553300 0.97078900
vt 0.35707700 0.94255000
vt 0.35626700 0.94951700
vt 0.35544900 0.95541800
vt 0.34236700 0.13132700
vt 0.34308700 0.11589700
vt 0.34382100 0.10101400
vt 0.34255600 0.13787500
vt 0.34325900 0.12259800
vt 0.34398300 0.10812500
vt 0.34289600 0.14969300
vt 0.34357500 0.13487500
vt 0.34427600 0.12092200
vt 0.35384300 0.98823900
vt 0.35296900 0.99070300
vt 0.35209400 0.99246800
vt 0.35382600 0.97955300
vt 0.35296800 0.98214200
vt 0.35211100 0.98370300
vt 0.35379800 0.96389800
vt 0.35296900 0.96645800
vt 0.35213900 0.96791200
vt 0.34535900 0.07460700
vt 0.34616200 0.06311300
vt 0.34697400 0.05224200
vt 0.34549500 0.08216800
vt 0.34628100 0.07073500
vt 0.34708000 0.06021800
vt 0.34573900 0.09580500
vt 0.34649800 0.08469900
vt 0.34727200 0.07457800
vt 0.35035800 0.99195000
vt 0.34949900 0.98966800
vt 0.34864400 0.98668700
vt 0.35040400 0.98319400
vt 0.34955900 0.98112500
vt 0.34872100 0.97803000
vt 0.35048800 0.96741900
vt 0.34967000 0.96547300
vt 0.34886000 0.96242500
vt 0.34864400 0.03423500
vt 0.34949900 0.02711900
vt 0.35035800 0.02067700
vt 0.34872100 0.04251700
vt 0.34955900 0.03536900
vt 0.35040400 0.02921100
vt 0.34886000 0.05745000
vt 0.34967000 0.05048300
vt 0.35048800 0.04458200
vt 0.34697400 0.97675500
vt 0.34616200 0.96981400
vt 0.34535900 0.96220400
vt 0.34708000 0.96826600
vt 0.34628100 0.96161800
vt 0.34549500 0.95398500
vt 0.34727200 0.95297700
vt 0.34649800 0.94660100
vt 0.34573900 0.93916600
vt 0.35209400 0.01176100
vt 0.35296900 0.00929700
vt 0.35384300 0.00753200
vt 0.35211100 0.02044700
vt 0.35296900 0.01785800
vt 0.35382600 0.01629700
vt 0.35213900 0.03610200
vt 0.35296900 0.03354200
vt 0.35379800 0.03208800
vt 0.34382100 0.94323900
vt 0.34308700 0.93190600
vt 0.34236700 0.91995800
vt 0.34398300 0.93534300
vt 0.34325900 0.92437100
vt 0.34255600 0.91249400
vt 0.34427600 0.92112800
vt 0.34357500 0.91056600
vt 0.34289600 0.89903100
vt 0.35557900 0.00805100
vt 0.35643800 0.01033300
vt 0.35729300 0.01331300
vt 0.35553300 0.01680600
vt 0.35637800 0.01887600
vt 0.35721600 0.02197100
vt 0.35544900 0.03258100
vt 0.35626700 0.03452700
vt 0.35707700 0.03757600
vt 0.34101900 0.89268900
vt 0.34039100 0.87740000
vt 0.33978200 0.86157300
vt 0.34123100 0.88569000
vt 0.34061100 0.87081600
vt 0.34001700 0.85515200
vt 0.34161400 0.87309400
vt 0.34101300 0.85875300
vt 0.34044000 0.84356200
vt 0.35896300 0.02324500
vt 0.35977500 0.03018600
vt 0.36057800 0.03779700
vt 0.35885700 0.03173400
vt 0.35965600 0.03838300
vt 0.36044200 0.04601500
vt 0.35866500 0.04702300
vt 0.35943900 0.05339900
vt 0.36019800 0.06083400
vt 0.33867600 0.82704900
vt 0.33817900 0.80839100
vt 0.33770400 0.78929400
vt 0.33893000 0.82121500
vt 0.33843700 0.80301100
vt 0.33797600 0.78416100
vt 0.33938800 0.81072300
vt 0.33891000 0.79315400
vt 0.33846600 0.77488900
vt 0.36211600 0.05676100
vt 0.36285000 0.06809400
vt 0.36357000 0.08004200
vt 0.36195400 0.06465700
vt 0.36267800 0.07562900
vt 0.36338100 0.08750600
vt 0.36166100 0.07887200
vt 0.36236200 0.08943400
vt 0.36304100 0.10096900
vt 0.33688200 0.74884000
vt 0.33653600 0.72753100
vt 0.33621300 0.70589700
vt 0.33716800 0.74439600
vt 0.33682200 0.72356100
vt 0.33651100 0.70225000
vt 0.33768400 0.73641100
vt 0.33734800 0.71628900
vt 0.33704900 0.69565300
vt 0.37057200 0.52943300
vt 0.37041300 0.55353700
vt 0.37023000 0.57756400
vt 0.37025800 0.52892700
vt 0.37010900 0.55260300
vt 0.36992300 0.57616600
vt 0.36969400 0.52799000
vt 0.36955200 0.55089200
vt 0.36937000 0.57367200
vt 0.36491800 0.10731100
vt 0.36554600 0.12260000
vt 0.36615500 0.13842700
vt 0.36470600 0.11431000
vt 0.36532600 0.12918400
vt 0.36592000 0.14484800
vt 0.36432300 0.12690600
vt 0.36492400 0.14124700
vt 0.36549700 0.15643800
vt 0.33570700 0.66106900
vt 0.33552400 0.63792600
vt 0.33536600 0.61458700
vt 0.33601400 0.65818500
vt 0.33582800 0.63552000
vt 0.33567900 0.61256600
vt 0.33656700 0.65301400
vt 0.33638600 0.63111100
vt 0.33624300 0.60889800
vt 0.37303800 0.50607400
vt 0.37325800 0.52763600
vt 0.37303800 0.55026200
vt 0.37174500 0.50826100
vt 0.37179400 0.53117700
vt 0.37174500 0.55432800
vt 0.37115800 0.50906400
vt 0.37115400 0.53272400
vt 0.37115800 0.55636500
vt 0.37318000 0.58974000
vt 0.37355200 0.60932500
vt 0.37349300 0.63232400
vt 0.37190600 0.59885900
vt 0.37211600 0.62068000
vt 0.37223100 0.64325200
vt 0.37132500 0.60281600
vt 0.37148900 0.62564000
vt 0.37166000 0.64840000
vt 0.37391400 0.66959700
vt 0.37442300 0.68645300
vt 0.37452700 0.70893900
vt 0.37270600 0.68529600
vt 0.37307100 0.70518400
vt 0.37334500 0.72630900
vt 0.37215500 0.69225700
vt 0.37248000 0.71336600
vt 0.37281200 0.73436700
vt 0.37521000 0.74257000
vt 0.37583900 0.75604100
vt 0.37610100 0.77713900
vt 0.37411800 0.76421100
vt 0.37462500 0.78133700
vt 0.37505300 0.80010700
vt 0.37362300 0.77379300
vt 0.37410400 0.79217900
vt 0.37459700 0.81029300
vt 0.37702100 0.80584400
vt 0.37774300 0.81543900
vt 0.37815300 0.83437100
vt 0.37609000 0.83248000
vt 0.37671100 0.84640800
vt 0.37726400 0.86236100
vt 0.37567800 0.84404500
vt 0.37626900 0.85970100
vt 0.37687000 0.87507500
vt 0.37927400 0.85705000
vt 0.38006200 0.86237000
vt 0.38060600 0.87837900
vt 0.37852800 0.88798300
vt 0.37924900 0.89792700
vt 0.37991600 0.91022000
vt 0.37818300 0.90193900
vt 0.37889300 0.91345800
vt 0.37960800 0.92477400
vt 0.38188500 0.89414700
vt 0.38270900 0.89499900
vt 0.38336500 0.90747800
vt 0.38135900 0.92800700
vt 0.38214900 0.93367700
vt 0.38290100 0.94190400
vt 0.38111300 0.94332800
vt 0.38190400 0.95057200
vt 0.38269700 0.95759800
vt 0.38475300 0.91573700
vt 0.38558100 0.91208800
vt 0.38632400 0.92055800
vt 0.38446700 0.95122000
vt 0.38529500 0.95240000
vt 0.38610500 0.95624600
vt 0.38433100 0.96731500
vt 0.38517100 0.97000900
vt 0.38601200 0.97247600
vt 0.38776700 0.92098900
vt 0.38856800 0.91297900
vt 0.38936900 0.91711400
vt 0.38773300 0.95673200
vt 0.38856800 0.95337700
vt 0.38940300 0.95269300
vt 0.38771100 0.97298300
vt 0.38856800 0.97102300
vt 0.38942500 0.96883500
vt 0.39081200 0.90970100
vt 0.39155500 0.89763900
vt 0.39238300 0.89728100
vt 0.39103100 0.94433100
vt 0.39184000 0.93656900
vt 0.39266900 0.93138200
vt 0.39112400 0.96011300
vt 0.39196500 0.95357400
vt 0.39280500 0.94681700
vt 0.39377100 0.88230800
vt 0.39442700 0.86665700
vt 0.39525100 0.86181800
vt 0.39423400 0.91449300
vt 0.39498700 0.90262400
vt 0.39577700 0.89313300
vt 0.39443800 0.92920000
vt 0.39523200 0.91833500
vt 0.39602200 0.90726700
vt 0.39653000 0.83986200
vt 0.39707400 0.82122300
vt 0.39786200 0.81209100
vt 0.39722000 0.86836600
vt 0.39788700 0.85284500
vt 0.39860800 0.83941400
vt 0.39752700 0.88143200
vt 0.39824200 0.86665700
vt 0.39895300 0.85170400
vt 0.39898300 0.78399400
vt 0.39939400 0.76308400
vt 0.40011600 0.75000900
vt 0.39987300 0.80772100
vt 0.40042900 0.78914500
vt 0.40105400 0.77229100
vt 0.40027200 0.81864500
vt 0.40088100 0.80052800
vt 0.40148500 0.78226500
vt 0.40103600 0.71685100
vt 0.40129800 0.69447400
vt 0.40192600 0.67795700
vt 0.40209200 0.73489000
vt 0.40251500 0.71397200
vt 0.40301900 0.69434300
vt 0.40256700 0.74325100
vt 0.40304700 0.72248900
vt 0.40352000 0.70161800
vt 0.40260900 0.64101400
vt 0.40271200 0.61802800
vt 0.40322200 0.59870700
vt 0.40379100 0.65267100
vt 0.40406500 0.63021600
vt 0.40443000 0.60856600
vt 0.40432400 0.65814900
vt 0.40465600 0.63553900
vt 0.40498000 0.61286100
vt 0.40364300 0.55939700
vt 0.40358400 0.53668700
vt 0.40395600 0.51530100
vt 0.40490400 0.56422400
vt 0.40502000 0.54109400
vt 0.40523000 0.51825500
vt 0.40547600 0.56660800
vt 0.40564700 0.54301900
vt 0.40581000 0.51940600
vt 0.40409800 0.47513600
vt 0.40387800 0.45357400
vt 0.40409800 0.43094700
vt 0.40539100 0.47294800
vt 0.40534200 0.45003200
vt 0.40539100 0.42688200
vt 0.40597800 0.47214600
vt 0.40598200 0.44848500
vt 0.40597800 0.42484400
vt 0.40395600 0.39146900
vt 0.40358400 0.37188400
vt 0.40364300 0.34888600
vt 0.40523000 0.38235100
vt 0.40502000 0.36052900
vt 0.40490400 0.33795700
vt 0.40581000 0.37839300
vt 0.40564700 0.35556900
vt 0.40547600 0.33281000
vt 0.40322200 0.31161300
vt 0.40271200 0.29475700
vt 0.40260900 0.27227000
vt 0.40443000 0.29591300
vt 0.40406500 0.27602500
vt 0.40379000 0.25490000
vt 0.40498000 0.28895300
vt 0.40465600 0.26784300
vt 0.40432400 0.24684200
vt 0.40192500 0.23863800
vt 0.40129700 0.22516200
vt 0.40103600 0.20404900
vt 0.40301800 0.21699100
vt 0.40251300 0.19981400
vt 0.40209000 0.18093200
vt 0.40351300 0.20739400
vt 0.40303800 0.18885600
vt 0.40256100 0.17037400
vt 0.40011600 0.17533900
vt 0.39939400 0.16575600
vt 0.39898300 0.14683300
vt 0.40105400 0.14852000
vt 0.40042900 0.13468600
vt 0.39987300 0.11880000
vt 0.40148400 0.13646300
vt 0.40088100 0.12111500
vt 0.40027200 0.10594500
vt 0.39786200 0.12416000
vt 0.39707400 0.11884000
vt 0.39653000 0.10283100
vt 0.39860800 0.09322500
vt 0.39788700 0.08328300
vt 0.39722000 0.07099000
vt 0.39895300 0.07926700
vt 0.39824300 0.06775100
vt 0.39752700 0.05643600
vt 0.39525100 0.08706200
vt 0.39442700 0.08621000
vt 0.39377100 0.07373100
vt 0.39577700 0.05320300
vt 0.39498700 0.04753300
vt 0.39423400 0.03930500
vt 0.39602200 0.03788200
vt 0.39523200 0.03063800
vt 0.39443800 0.02361200
vt 0.39238300 0.06547300
vt 0.39155500 0.06912100
vt 0.39081200 0.06065200
vt 0.39266900 0.02999000
vt 0.39184000 0.02880900
vt 0.39103100 0.02496400
vt 0.39280500 0.01389500
vt 0.39196500 0.01120100
vt 0.39112400 0.00873400
vt 0.38936900 0.06022100
vt 0.38856800 0.06823000
vt 0.38776700 0.06409500
vt 0.38940300 0.02447800
vt 0.38856800 0.02783300
vt 0.38773300 0.02851600
vt 0.38942500 0.00822700
vt 0.38856800 0.01018700
vt 0.38771100 0.01237400
vt 0.38632400 0.07150800
vt 0.38558100 0.08357000
vt 0.38475300 0.08392900
vt 0.38610500 0.03687900
vt 0.38529500 0.04464000
vt 0.38446700 0.04982700
vt 0.38601200 0.02109700
vt 0.38517100 0.02763500
vt 0.38433100 0.03439200
vt 0.38336500 0.09890200
vt 0.38270900 0.11455200
vt 0.38188500 0.11939100
vt 0.38290100 0.06671600
vt 0.38214900 0.07858600
vt 0.38135900 0.08807800
vt 0.38269700 0.05201000
vt 0.38190400 0.06287500
vt 0.38111400 0.07394600
vt 0.38060600 0.14135300
vt 0.38006200 0.15999300
vt 0.37927400 0.16912400
vt 0.37991700 0.11288500
vt 0.37925000 0.12842300
vt 0.37852900 0.14183700
vt 0.37961300 0.09994800
vt 0.37889900 0.11477500
vt 0.37818700 0.12967100
vt 0.37815300 0.19721600
vt 0.37774200 0.21812500
vt 0.37702000 0.23120100
vt 0.37726300 0.17349000
vt 0.37670700 0.19206500
vt 0.37608200 0.20891800
vt 0.37686400 0.16256800
vt 0.37625400 0.18068100
vt 0.37565100 0.19894400
vt 0.37610000 0.26435800
vt 0.37583800 0.28673600
vt 0.37521000 0.30325200
vt 0.37504400 0.24631900
vt 0.37462100 0.26723700
vt 0.37411700 0.28686600
vt 0.37456900 0.23795800
vt 0.37408900 0.25872000
vt 0.37361600 0.27959200
vt 0.37452600 0.34019500
vt 0.37442300 0.36318100
vt 0.37391400 0.38250300
vt 0.37334500 0.32853800
vt 0.37307000 0.35099400
vt 0.37270600 0.37264400
vt 0.37281100 0.32306100
vt 0.37248000 0.34567000
vt 0.37215500 0.36834900
vt 0.37349300 0.42181300
vt 0.37355200 0.44452300
vt 0.37318000 0.46590800
vt 0.37223100 0.41698500
vt 0.37211600 0.44011500
vt 0.37190600 0.46295400
vt 0.37166000 0.41460200
vt 0.37148900 0.43819000
vt 0.37132500 0.46180300
vt 0.36323200 0.54690400
vt 0.36316100 0.53128000
vt 0.36344500 0.51674500
vt 0.36525700 0.55539500
vt 0.36534000 0.53796700
vt 0.36550300 0.52078500
vt 0.36703700 0.56321500
vt 0.36718600 0.54363200
vt 0.36731500 0.52398500
vt 0.36252700 0.60246800
vt 0.36257000 0.58649400
vt 0.36294600 0.57353100
vt 0.36441900 0.62192700
vt 0.36462200 0.60498500
vt 0.36490000 0.58872100
vt 0.36607900 0.63938100
vt 0.36636100 0.62064900
vt 0.36662400 0.60174200
vt 0.36145500 0.65409400
vt 0.36160900 0.63838400
vt 0.36206400 0.62749200
vt 0.36314100 0.68377500
vt 0.36345700 0.66796800
vt 0.36384000 0.65324700
vt 0.36461700 0.71019100
vt 0.36502100 0.69302900
vt 0.36540900 0.67558900
vt 0.36005800 0.69979800
vt 0.36031700 0.68495600
vt 0.36083200 0.67655400
vt 0.36147200 0.73855900
vt 0.36188800 0.72449600
vt 0.36236100 0.71188500
vt 0.36270700 0.77292300
vt 0.36321900 0.75799100
vt 0.36371500 0.74268800
vt 0.35838700 0.73782500
vt 0.35874200 0.72442000
vt 0.35929800 0.71883000
vt 0.35947600 0.78417700
vt 0.35997600 0.77239700
vt 0.36052200 0.76238000
vt 0.36042400 0.82516700
vt 0.36102200 0.81303900
vt 0.36160900 0.80046000
vt 0.35650900 0.76671100
vt 0.35694500 0.75526000
vt 0.35752100 0.75269700
vt 0.35723100 0.81887300
vt 0.35779600 0.80983000
vt 0.35839200 0.80279100
vt 0.35785400 0.86491500
vt 0.35851600 0.85605700
vt 0.35917000 0.84668600
vt 0.35449400 0.78534800
vt 0.35499600 0.77629000
vt 0.35556800 0.77685300
vt 0.35482100 0.84131500
vt 0.35542900 0.83535700
vt 0.35605400 0.83156700
vt 0.35509600 0.89063900
vt 0.35579700 0.88539200
vt 0.35649300 0.87958900
vt 0.35242100 0.79302000
vt 0.35296800 0.78670300
vt 0.35351600 0.79037000
vt 0.35234000 0.85064100
vt 0.35296900 0.84799500
vt 0.35359700 0.84760000
vt 0.35225600 0.90135200
vt 0.35296900 0.89991700
vt 0.35368100 0.89790500
vt 0.35036900 0.78943000
vt 0.35094100 0.78609800
vt 0.35144300 0.79272800
vt 0.34988300 0.84649200
vt 0.35050800 0.84726100
vt 0.35111600 0.85027600
vt 0.34944400 0.89664100
vt 0.35014100 0.89907300
vt 0.35084100 0.90093000
vt 0.34841600 0.77471900
vt 0.34899200 0.77449800
vt 0.34942800 0.78383600
vt 0.34754500 0.82902700
vt 0.34814100 0.83318100
vt 0.34870700 0.83949000
vt 0.34676700 0.87668700
vt 0.34742100 0.88289200
vt 0.34808300 0.88854700
vt 0.34663900 0.74944900
vt 0.34719500 0.75235000
vt 0.34755000 0.76403700
vt 0.34541500 0.79891800
vt 0.34596100 0.80629800
vt 0.34646100 0.81565900
vt 0.34432800 0.84225700
vt 0.34491500 0.85199800
vt 0.34551300 0.86123200
vt 0.34510500 0.71459400
vt 0.34562000 0.72050300
vt 0.34588000 0.73409100
vt 0.34357600 0.75732200
vt 0.34404900 0.76764400
vt 0.34446500 0.77969600
vt 0.34222200 0.79467400
vt 0.34271800 0.80757600
vt 0.34323000 0.82003500
vt 0.34387300 0.67149200
vt 0.34432800 0.68018300
vt 0.34448200 0.69515000
vt 0.34209700 0.70583700
vt 0.34248000 0.71870400
vt 0.34279600 0.73298500
vt 0.34052800 0.73576700
vt 0.34091600 0.75133500
vt 0.34132000 0.76654000
vt 0.34299100 0.62180000
vt 0.34336700 0.63293900
vt 0.34341000 0.64870800
vt 0.34103700 0.64644200
vt 0.34131500 0.66136000
vt 0.34151800 0.67732100
vt 0.33931300 0.66780000
vt 0.33957600 0.68543500
vt 0.33985800 0.70280200
vt 0.34249200 0.56742600
vt 0.34277600 0.58058600
vt 0.34270500 0.59655200
vt 0.34043400 0.58141900
vt 0.34059700 0.59781400
vt 0.34068000 0.61484200
vt 0.33862200 0.59338500
vt 0.33875100 0.61240800
vt 0.33890000 0.63127000
vt 0.34239500 0.51046200
vt 0.34257600 0.52513600
vt 0.34239500 0.54068600
vt 0.34031400 0.51326700
vt 0.34035500 0.53051000
vt 0.34031400 0.54795000
vt 0.33848300 0.51538000
vt 0.33847300 0.53506200
vt 0.33848300 0.55469300
vt 0.34270500 0.45309600
vt 0.34277600 0.46872000
vt 0.34249200 0.48325500
vt 0.34068000 0.44460500
vt 0.34059700 0.46203300
vt 0.34043400 0.47921500
vt 0.33890000 0.43678500
vt 0.33875100 0.45636800
vt 0.33862200 0.47601500
vt 0.34341000 0.39753200
vt 0.34336700 0.41350600
vt 0.34299100 0.42646900
vt 0.34151800 0.37807300
vt 0.34131500 0.39501500
vt 0.34103700 0.41127900
vt 0.33985800 0.36061900
vt 0.33957600 0.37935200
vt 0.33931300 0.39825800
vt 0.34448200 0.34590600
vt 0.34432800 0.36161600
vt 0.34387300 0.37250800
vt 0.34279600 0.31622600
vt 0.34248000 0.33203200
vt 0.34209700 0.34675300
vt 0.34132000 0.28980900
vt 0.34091600 0.30697100
vt 0.34052800 0.32441100
vt 0.34587900 0.30020200
vt 0.34562000 0.31504500
vt 0.34510500 0.32344600
vt 0.34446500 0.26144100
vt 0.34404900 0.27550400
vt 0.34357600 0.28811500
vt 0.34323000 0.22707700
vt 0.34271800 0.24200900
vt 0.34222200 0.25731200
vt 0.34755000 0.26217600
vt 0.34719500 0.27558000
vt 0.34663900 0.28117000
vt 0.34646100 0.21582400
vt 0.34596100 0.22760300
vt 0.34541500 0.23762100
vt 0.34551300 0.17483300
vt 0.34491500 0.18696100
vt 0.34432800 0.19954000
vt 0.34942800 0.23328900
vt 0.34899200 0.24474000
vt 0.34841600 0.24730300
vt 0.34870700 0.18112700
vt 0.34814100 0.19017000
vt 0.34754500 0.19720900
vt 0.34808300 0.13508500
vt 0.34742100 0.14394300
vt 0.34676700 0.15331400
vt 0.35144300 0.21465200
vt 0.35094100 0.22371000
vt 0.35036900 0.22314700
vt 0.35111600 0.15868500
vt 0.35050800 0.16464300
vt 0.34988300 0.16843300
vt 0.35084100 0.10936100
vt 0.35014100 0.11460800
vt 0.34944400 0.12041100
vt 0.35351600 0.20698000
vt 0.35296800 0.21329700
vt 0.35242100 0.20963000
vt 0.35359700 0.14935900
vt 0.35296900 0.15200500
vt 0.35234000 0.15240000
vt 0.35368100 0.09864800
vt 0.35296900 0.10008300
vt 0.35225600 0.10209500
vt 0.35556800 0.21057000
vt 0.35499600 0.21390200
vt 0.35449400 0.20727200
vt 0.35605400 0.15350800
vt 0.35542900 0.15273900
vt 0.35482100 0.14972400
vt 0.35649300 0.10336000
vt 0.35579700 0.10092800
vt 0.35509600 0.09907000
vt 0.35752100 0.22528200
vt 0.35694500 0.22550200
vt 0.35650900 0.21616400
vt 0.35839200 0.17097300
vt 0.35779600 0.16681900
vt 0.35723100 0.16051000
vt 0.35917000 0.12331300
vt 0.35851600 0.11710800
vt 0.35785400 0.11145400
vt 0.35929800 0.25055100
vt 0.35874200 0.24765100
vt 0.35838700 0.23596300
vt 0.36052200 0.20108200
vt 0.35997600 0.19370200
vt 0.35947600 0.18434100
vt 0.36160900 0.15774300
vt 0.36102200 0.14800200
vt 0.36042400 0.13876800
vt 0.36083200 0.28540600
vt 0.36031700 0.27949700
vt 0.36005800 0.26590800
vt 0.36236100 0.24267800
vt 0.36188800 0.23235600
vt 0.36147200 0.22030400
vt 0.36371500 0.20532600
vt 0.36321900 0.19242400
vt 0.36270700 0.17996500
vt 0.36206400 0.32850800
vt 0.36160900 0.31981700
vt 0.36145500 0.30485000
vt 0.36384000 0.29416300
vt 0.36345700 0.28129600
vt 0.36314100 0.26701500
vt 0.36540900 0.26423300
vt 0.36502100 0.24866500
vt 0.36461700 0.23346000
vt 0.36294600 0.37820100
vt 0.36257000 0.36706100
vt 0.36252700 0.35129200
vt 0.36490000 0.35355800
vt 0.36462200 0.33864100
vt 0.36441900 0.32267900
vt 0.36662400 0.33220000
vt 0.36636100 0.31456600
vt 0.36607900 0.29719800
vt 0.36344500 0.43257400
vt 0.36316100 0.41941400
vt 0.36323200 0.40344800
vt 0.36550300 0.41858100
vt 0.36534000 0.40218600
vt 0.36525700 0.38515800
vt 0.36731500 0.40661500
vt 0.36718600 0.38759200
vt 0.36703700 0.36873000
vt 0.36354200 0.48953800
vt 0.36336100 0.47486400
vt 0.36354200 0.45931500
vt 0.36562300 0.48673300
vt 0.36558200 0.46949000
vt 0.36562300 0.45205000
vt 0.36745400 0.48462000
vt 0.36746400 0.46493800
vt 0.36745400 0.44530700
f 1297/1297/1297 1298/1298/1298 1301/1301/1301
f 1298/1298/1298 1299/1299/1299 1302/1302/1302
f 1300/1300/1300 1301/1301/1301 1304/1304/1304
f 1301/1301/1301 1302/1302/1302 1305/1305/1305
f 39/39/39 322/322/322 1297/1297/1297
f 322/322/322 323/323/323 1298/1298/1298
f 323/323/323 324/324/324 1299/1299/1299
f 324/324/324 38/38/38 508/508/508
f 1299/1299/1299 508/508/508 509/509/509
f 1302/1302/1302 509/509/509 510/510/510
f 1305/1305/1305 510/510/510 196/196/196
f 1304/1304/1304 1305/1305/1305 501/501/501
f 1303/1303/1303 1304/1304/1304 498/498/498
f 511/511/511 1303/1303/1303 496/496/496
f 512/512/512 1300/1300/1300 1303/1303/1303
f 513/513/513 1297/1297/1297 1300/1300/1300
f 1306/1306/1306 1307/1307/1307 1310/1310/1310
f 1307/1307/1307 1308/1308/1308 1311/1311/1311
f 1309/1309/1309 1310/1310/1310 1313/1313/1313
f 1310/1310/1310 1311/1311/1311 1314/1314/1314
f 22/22/22 283/283/283 1306/1306/1306
f 283/283/283 284/284/284 1307/1307/1307
f 284/284/284 285/285/285 1308/1308/1308
f 285/285/285 21/21/21 514/514/514
f 1308/1308/1308 514/514/514 515/515/515
f 1311/1311/1311 515/515/515 516/516/516
f 1314/1314/1314 516/516/516 170/170/170
f 1313/1313/1313 1314/1314/1314 428/428/428
f 1312/1312/1312 1313/1313/1313 427/427/427
f 517/517/517 1312/1312/1312 425/425/425
f 518/518/518 1309/1309/1309 1312/1312/1312
f 519/519/519 1306/1306/1306 1309/1309/1309
f 1315/1315/1315 1316/1316/1316 1319/1319/1319
f 1316/1316/1316 1317/1317/1317 1320/1320/1320
f 1318/1318/1318 1319/1319/1319 1322/1322/1322
f 1319/1319/1319 1320/1320/1320 1323/1323/1323
f 7/7/7 244/244/244 1315/1315/1315
f 244/244/244 245/245/245 1316/1316/1316
f 245/245/245 246/246/246 1317/1317/1317
f 246/246/246 6/6/6 520/520/520
f 1317/1317/1317 520/520/520 521/521/521
f 1320/1320/1320 521/521/521 522/522/522
f 1323/1323/1323 522/522/522 144/144/144
f 1322/1322/1322 1323/1323/1323 351/351/351
f 1321/1321/1321 1322/1322/1322 350/350/350
f 523/523/523 1321/1321/1321 349/349/349
f 525/525/525 1318/1318/1318 1321/1321/1321
f 527/527/527 1315/1315/1315 1318/1318/1318
f 1324/1324/1324 1325/1325/1325 1328/1328/1328
f 1325/1325/1325 1326/1326/1326 1329/1329/1329
f 1327/1327/1327 1328/1328/1328 1331/1331/1331
f 1328/1328/1328 1329/1329/1329 1332/1332/1332
f 1/1/1 325/325/325 1324/1324/1324
f 325/325/325 326/326/326 1325/1325/1325
f 326/326/326 327/327/327 1326/1326/1326
f 327/327/327 39/39/39 513/513/513
f 1326/1326/1326 513/513/513 512/512/512
f 1329/1329/1329 512/512/512 511/511/511
f 1332/1332/1332 511/511/511 198/198/198
f 1331/1331/1331 1332/1332/1332 507/507/507
f 1330/1330/1330 1331/1331/1331 505/505/505
f 529/529/529 1330/1330/1330 502/502/502
f 530/530/530 1327/1327/1327 1330/1330/1330
f 531/531/531 1324/1324/1324 1327/1327/1327
f 1333/1333/1333 1334/1334/1334 1337/1337/1337
f 1334/1334/1334 1335/1335/1335 1338/1338/1338
f 1336/1336/1336 1337/1337/1337 1340/1340/1340
f 1337/1337/1337 1338/1338/1338 1341/1341/1341
f 23/23/23 286/286/286 1333/1333/1333
f 286/286/286 287/287/287 1334/1334/1334
f 287/287/287 288/288/288 1335/1335/1335
f 288/288/288 22/22/22 519/519/519
f 1335/1335/1335 519/519/519 518/518/518
f 1338/1338/1338 518/518/518 517/517/517
f 1341/1341/1341 517/517/517 173/173/173
f 1340/1340/1340 1341/1341/1341 435/435/435
f 1339/1339/1339 1340/1340/1340 433/433/433
f 532/532/532 1339/1339/1339 431/431/431
f 535/535/535 1336/1336/1336 1339/1339/1339
f 536/536/536 1333/1333/1333 1336/1336/1336
f 1342/1342/1342 1343/1343/1343 1346/1346/1346
f 1343/1343/1343 1344/1344/1344 1347/1347/1347
f 1345/1345/1345 1346/1346/1346 1349/1349/1349
f 1346/1346/1346 1347/1347/1347 1350/1350/1350
f 9/9/9 247/247/247 1342/1342/1342
f 247/247/247 248/248/248 1343/1343/1343
f 248/248/248 249/249/249 1344/1344/1344
f 249/249/249 8/8/8 528/528/528
f 1344/1344/1344 528/528/528 526/526/526
f 1347/1347/1347 526/526/526 524/524/524
f 1350/1350/1350 524/524/524 145/145/145
f 1349/1349/1349 1350/1350/1350 356/356/356
f 1348/1348/1348 1349/1349/1349 355/355/355
f 538/538/538 1348/1348/1348 352/352/352
f 539/539/539 1345/1345/1345 1348/1348/1348
f 540/540/540 1342/1342/1342 1345/1345/1345
f 1351/1351/1351 1352/1352/1352 1355/1355/1355
f 1352/1352/1352 1353/1353/1353 1356/1356/1356
f 1354/1354/1354 1355/1355/1355 1358/1358/1358
f 1355/1355/1355 1356/1356/1356 1359/1359/1359
f 26/26/26 289/289/289 1351/1351/1351
f 289/289/289 290/290/290 1352/1352/1352
f 290/290/290 291/291/291 1353/1353/1353
f 291/291/291 24/24/24 537/537/537
f 1353/1353/1353 537/537/537 534/534/534
f 1356/1356/1356 534/534/534 533/533/533
f 1359/1359/1359 533/533/533 175/175/175
f 1358/1358/1358 1359/1359/1359 438/438/438
f 1357/1357/1357 1358/1358/1358 437/437/437
f 542/542/542 1357/1357/1357 436/436/436
f 543/543/543 1354/1354/1354 1357/1357/1357
f 546/546/546 1351/1351/1351 1354/1354/1354
f 1360/1360/1360 1361/1361/1361 1364/1364/1364
f 1361/1361/1361 1362/1362/1362 1365/1365/1365
f 1363/1363/1363 1364/1364/1364 1367/1367/1367
f 1364/1364/1364 1365/1365/1365 1368/1368/1368
f 10/10/10 250/250/250 1360/1360/1360
f 250/250/250 251/251/251 1361/1361/1361
f 251/251/251 252/252/252 1362/1362/1362
f 252/252/252 9/9/9 540/540/540
f 1362/1362/1362 540/540/540 539/539/539
f 1365/1365/1365 539/539/539 538/538/538
f 1368/1368/1368 538/538/538 147/147/147
f 1367/1367/1367 1368/1368/1368 362/362/362
f 1366/1366/1366 1367/1367/1367 360/360/360
f 547/547/547 1366/1366/1366 358/358/358
f 548/548/548 1363/1363/1363 1366/1366/1366
f 549/549/549 1360/1360/1360 1363/1363/1363
f 1369/1369/1369 1370/1370/1370 1373/1373/1373
f 1370/1370/1370 1371/1371/1371 1374/1374/1374
f 1372/1372/1372 1373/1373/1373 1376/1376/1376
f 1373/1373/1373 1374/1374/1374 1377/1377/1377
f 27/27/27 292/292/292 1369/1369/1369
f 292/292/292 293/293/293 1370/1370/1370
f 293/293/293 294/294/294 1371/1371/1371
f 294/294/294 25/25/25 545/545/545
f 1371/1371/1371 545/545/545 544/544/544
f 1374/1374/1374 544/544/544 541/541/541
f 1377/1377/1377 541/541/541 176/176/176
f 1376/1376/1376 1377/1377/1377 443/443/443
f 1375/1375/1375 1376/1376/1376 441/441/441
f 550/550/550 1375/1375/1375 439/439/439
f 551/551/551 1372/1372/1372 1375/1375/1375
f 552/552/552 1369/1369/1369 1372/1372/1372
f 1378/1378/1378 1379/1379/1379 1382/1382/1382
f 1379/1379/1379 1380/1380/1380 1383/1383/1383
f 1381/1381/1381 1382/1382/1382 1385/1385/1385
f 1382/1382/1382 1383/1383/1383 1386/1386/1386
f 11/11/11 253/253/253 1378/1378/1378
f 253/253/253 254/254/254 1379/1379/1379
f 254/254/254 255/255/255 1380/1380/1380
f 255/255/255 10/10/10 549/549/549
f 1380/1380/1380 549/549/549 548/548/548
f 1383/1383/1383 548/548/548 547/547/547
f 1386/1386/1386 547/547/547 150/150/150
f 1385/1385/1385 1386/1386/1386 368/368/368
f 1384/1384/1384 1385/1385/1385 367/367/367
f 553/553/553 1384/1384/1384 365/365/365
f 554/554/554 1381/1381/1381 1384/1384/1384
f 555/555/555 1378/1378/1378 1381/1381/1381
f 1387/1387/1387 1388/1388/1388 1391/1391/1391
f 1388/1388/1388 1389/1389/1389 1392/1392/1392
f 1390/1390/1390 1391/1391/1391 1394/1394/1394
f 1391/1391/1391 1392/1392/1392 1395/1395/1395
f 28/28/28 295/295/295 1387/1387/1387
f 295/295/295 296/296/296 1388/1388/1388
f 296/296/296 297/297/297 1389/1389/1389
f 297/297/297 27/27/27 552/552/552
f 1389/1389/1389 552/552/552 551/551/551
f 1392/1392/1392 551/551/551 550/550/550
f 1395/1395/1395 550/550/550 179/179/179
f 1394/1394/1394 1395/1395/1395 450/450/450
f 1393/1393/1393 1394/1394/1394 448/448/448
f 556/556/556 1393/1393/1393 446/446/446
f 557/557/557 1390/1390/1390 1393/1393/1393
f 558/558/558 1387/1387/1387 1390/1390/1390
f 1396/1396/1396 1397/1397/1397 1400/1400/1400
f 1397/1397/1397 1398/1398/1398 1401/1401/1401
f 1399/1399/1399 1400/1400/1400 1403/1403/1403
f 1400/1400/1400 1401/1401/1401 1404/1404/1404
f 12/12/12 256/256/256 1396/1396/1396
f 256/256/256 257/257/257 1397/1397/1397
f 257/257/257 258/258/258 1398/1398/1398
f 258/258/258 11/11/11 555/555/555
f 1398/1398/1398 555/555/555 554/554/554
f 1401/1401/1401 554/554/554 553/553/553
f 1404/1404/1404 553/553/553 151/151/151
f 1403/1403/1403 1404/1404/1404 375/375/375
f 1402/1402/1402 1403/1403/1403 372/372/372
f 559/559/559 1402/1402/1402 370/370/370
f 560/560/560 1399/1399/1399 1402/1402/1402
f 561/561/561 1396/1396/1396 1399/1399/1399
f 1405/1405/1405 1406/1406/1406 1409/1409/1409
f 1406/1406/1406 1407/1407/1407 1410/1410/1410
f 1408/1408/1408 1409/1409/1409 1412/1412/1412
f 1409/1409/1409 1410/1410/1410 1413/1413/1413
f 29/29/29 298/298/298 1405/1405/1405
f 298/298/298 299/299/299 1406/1406/1406
f 299/299/299 300/300/300 1407/1407/1407
f 300/300/300 28/28/28 558/558/558
f 1407/1407/1407 558/558/558 557/557/557
f 1410/1410/1410 557/557/557 556/556/556
f 1413/1413/1413 556/556/556 180/180/180
f 1412/1412/1412 1413/1413/1413 456/456/456
f 1411/1411/1411 1412/1412/1412 453/453/453
f 562/562/562 1411/1411/1411 452/452/452
f 563/563/563 1408/1408/1408 1411/1411/1411
f 564/564/564 1405/1405/1405 1408/1408/1408
f 1414/1414/1414 1415/1415/1415 1418/1418/1418
f 1415/1415/1415 1416/1416/1416 1419/1419/1419
f 1417/1417/1417 1418/1418/1418 1421/1421/1421
f 1418/1418/1418 1419/1419/1419 1422/1422/1422
f 13/13/13 259/259/259 1414/1414/1414
f 259/259/259 260/260/260 1415/1415/1415
f 260/260/260 261/261/261 1416/1416/1416
f 261/261/261 12/12/12 561/561/561
f 1416/1416/1416 561/561/561 560/560/560
f 1419/1419/1419 560/560/560 559/559/559
f 1422/1422/1422 559/559/559 154/154/154
f 1421/1421/1421 1422/1422/1422 381/381/381
f 1420/1420/1420 1421/1421/1421 378/378/378
f 565/565/565 1420/1420/1420 377/377/377
f 566/566/566 1417/1417/1417 1420/1420/1420
f 567/567/567 1414/1414/1414 1417/1417/1417
f 1423/1423/1423 1424/1424/1424 1427/1427/1427
f 1424/1424/1424 1425/1425/1425 1428/1428/1428
f 1426/1426/1426 1427/1427/1427 1430/1430/1430
f 1427/1427/1427 1428/1428/1428 1431/1431/1431
f 30/30/30 301/301/301 1423/1423/1423
f 301/301/301 302/302/302 1424/1424/1424
f 302/302/302 303/303/303 1425/1425/1425
f 303/303/303 29/29/29 564/564/564
f 1425/1425/1425 564/564/564 563/563/563
f 1428/1428/1428 563/563/563 562/562/562
f 1431/1431/1431 562/562/562 183/183/183
f 1430/1430/1430 1431/1431/1431 461/461/461
f 1429/1429/1429 1430/1430/1430 460/460/460
f 568/568/568 1429/1429/1429 457/457/457
f 569/569/569 1426/1426/1426 1429/1429/1429
f 570/570/570 1423/1423/1423 1426/1426/1426
f 1432/1432/1432 1433/1433/1433 1436/1436/1436
f 1433/1433/1433 1434/1434/1434 1437/1437/1437
f 1435/1435/1435 1436/1436/1436 1439/1439/1439
f 1436/1436/1436 1437/1437/1437 1440/1440/1440
f 14/14/14 262/262/262 1432/1432/1432
f 262/262/262 263/263/263 1433/1433/1433
f 263/263/263 264/264/264 1434/1434/1434
f 264/264/264 13/13/13 567/567/567
f 1434/1434/1434 567/567/567 566/566/566
f 1437/1437/1437 566/566/566 565/565/565
f 1440/1440/1440 565/565/565 156/156/156
f 1439/1439/1439 1440/1440/1440 387/387/387
f 1438/1438/1438 1439/1439/1439 385/385/385
f 571/571/571 1438/1438/1438 383/383/383
f 572/572/572 1435/1435/1435 1438/1438/1438
f 573/573/573 1432/1432/1432 1435/1435/1435
f 1441/1441/1441 1442/1442/1442 1445/1445/1445
f 1442/1442/1442 1443/1443/1443 1446/1446/1446
f 1444/1444/1444 1445/1445/1445 1448/1448/1448
f 1445/1445/1445 1446/1446/1446 1449/1449/1449
f 31/31/31 304/304/304 1441/1441/1441
f 304/304/304 305/305/305 1442/1442/1442
f 305/305/305 306/306/306 1443/1443/1443
f 306/306/306 30/30/30 570/570/570
f 1443/1443/1443 570/570/570 569/569/569
f 1446/1446/1446 569/569/569 568/568/568
f 1449/1449/1449 568/568/568 184/184/184
f 1448/1448/1448 1449/1449/1449 468/468/468
f 1447/1447/1447 1448/1448/1448 465/465/465
f 574/574/574 1447/1447/1447 463/463/463
f 575/575/575 1444/1444/1444 1447/1447/1447
f 576/576/576 1441/1441/1441 1444/1444/1444
f 1450/1450/1450 1451/1451/1451 1454/1454/1454
f 1451/1451/1451 1452/1452/1452 1455/1455/1455
f 1453/1453/1453 1454/1454/1454 1457/1457/1457
f 1454/1454/1454 1455/1455/1455 1458/1458/1458
f 16/16/16 265/265/265 1450/1450/1450
f 265/265/265 266/266/266 1451/1451/1451
f 266/266/266 267/267/267 1452/1452/1452
f 267/267/267 14/14/14 573/573/573
f 1452/1452/1452 573/573/573 572/572/572
f 1455/1455/1455 572/572/572 571/571/571
f 1458/1458/1458 571/571/571 158/158/158
f 1457/1457/1457 1458/1458/1458 393/393/393
f 1456/1456/1456 1457/1457/1457 390/390/390
f 577/577/577 1456/1456/1456 389/389/389
f 579/579/579 1453/1453/1453 1456/1456/1456
f 582/582/582 1450/1450/1450 1453/1453/1453
f 1459/1459/1459 1460/1460/1460 1463/1463/1463
f 1460/1460/1460 1461/1461/1461 1464/1464/1464
f 1462/1462/1462 1463/1463/1463 1466/1466/1466
f 1463/1463/1463 1464/1464/1464 1467/1467/1467
f 32/32/32 307/307/307 1459/1459/1459
f 307/307/307 308/308/308 1460/1460/1460
f 308/308/308 309/309/309 1461/1461/1461
f 309/309/309 31/31/31 576/576/576
f 1461/1461/1461 576/576/576 575/575/575
f 1464/1464/1464 575/575/575 574/574/574
f 1467/1467/1467 574/574/574 187/187/187
f 1466/1466/1466 1467/1467/1467 474/474/474
f 1465/1465/1465 1466/1466/1466 471/471/471
f 583/583/583 1465/1465/1465 469/469/469
f 584/584/584 1462/1462/1462 1465/1465/1465
f 585/585/585 1459/1459/1459 1462/1462/1462
f 1468/1468/1468 1469/1469/1469 1472/1472/1472
f 1469/1469/1469 1470/1470/1470 1473/1473/1473
f 1471/1471/1471 1472/1472/1472 1475/1475/1475
f 1472/1472/1472 1473/1473/1473 1476/1476/1476
f 17/17/17 268/268/268 1468/1468/1468
f 268/268/268 269/269/269 1469/1469/1469
f 269/269/269 270/270/270 1470/1470/1470
f 270/270/270 15/15/15 581/581/581
f 1470/1470/1470 581/581/581 580/580/580
f 1473/1473/1473 580/580/580 578/578/578
f 1476/1476/1476 578/578/578 159/159/159
f 1475/1475/1475 1476/1476/1476 399/399/399
f 1474/1474/1474 1475/1475/1475 397/397/397
f 586/586/586 1474/1474/1474 395/395/395
f 587/587/587 1471/1471/1471 1474/1474/1474
f 588/588/588 1468/1468/1468 1471/1471/1471
f 1477/1477/1477 1478/1478/1478 1481/1481/1481
f 1478/1478/1478 1479/1479/1479 1482/1482/1482
f 1480/1480/1480 1481/1481/1481 1484/1484/1484
f 1481/1481/1481 1482/1482/1482 1485/1485/1485
f 34/34/34 310/310/310 1477/1477/1477
f 310/310/310 311/311/311 1478/1478/1478
f 311/311/311 312/312/312 1479/1479/1479
f 312/312/312 32/32/32 585/585/585
f 1479/1479/1479 585/585/585 584/584/584
f 1482/1482/1482 584/584/584 583/583/583
f 1485/1485/1485 583/583/583 188/188/188
f 1484/1484/1484 1485/1485/1485 479/479/479
f 1483/1483/1483 1484/1484/1484 478/478/478
f 590/590/590 1483/1483/1483 475/475/475
f 591/591/591 1480/1480/1480 1483/1483/1483
f 593/593/593 1477/1477/1477 1480/1480/1480
f 1486/1486/1486 1487/1487/1487 1490/1490/1490
f 1487/1487/1487 1488/1488/1488 1491/1491/1491
f 1489/1489/1489 1490/1490/1490 1493/1493/1493
f 1490/1490/1490 1491/1491/1491 1494/1494/1494
f 18/18/18 271/271/271 1486/1486/1486
f 271/271/271 272/272/272 1487/1487/1487
f 272/272/272 273/273/273 1488/1488/1488
f 273/273/273 17/17/17 588/588/588
f 1488/1488/1488 588/588/588 587/587/587
f 1491/1491/1491 587/587/587 586/586/586
f 1494/1494/1494 586/586/586 163/163/163
f 1493/1493/1493 1494/1494/1494 404/404/404
f 1492/1492/1492 1493/1493/1493 402/402/402
f 595/595/595 1492/1492/1492 400/400/400
f 596/596/596 1489/1489/1489 1492/1492/1492
f 597/597/597 1486/1486/1486 1489/1489/1489
f 1495/1495/1495 1496/1496/1496 1499/1499/1499
f 1496/1496/1496 1497/1497/1497 1500/1500/1500
f 1498/1498/1498 1499/1499/1499 1502/1502/1502
f 1499/1499/1499 1500/1500/1500 1503/1503/1503
f 2/2/2 232/232/232 1495/1495/1495
f 232/232/232 233/233/233 1496/1496/1496
f 233/233/233 234/234/234 1497/1497/1497
f 234/234/234 1/1/1 531/531/531
f 1497/1497/1497 531/531/531 530/530/530
f 1500/1500/1500 530/530/530 529/529/529
f 1503/1503/1503 529/529/529 139/139/139
f 1502/1502/1502 1503/1503/1503 332/332/332
f 1501/1501/1501 1502/1502/1502 330/330/330
f 598/598/598 1501/1501/1501 329/329/329
f 599/599/599 1498/1498/1498 1501/1501/1501
f 600/600/600 1495/1495/1495 1498/1498/1498
f 1504/1504/1504 1505/1505/1505 1508/1508/1508
f 1505/1505/1505 1506/1506/1506 1509/1509/1509
f 1507/1507/1507 1508/1508/1508 1511/1511/1511
f 1508/1508/1508 1509/1509/1509 1512/1512/1512
f 36/36/36 313/313/313 1504/1504/1504
f 313/313/313 314/314/314 1505/1505/1505
f 314/314/314 315/315/315 1506/1506/1506
f 315/315/315 33/33/33 594/594/594
f 1506/1506/1506 594/594/594 592/592/592
f 1509/1509/1509 592/592/592 589/589/589
f 1512/1512/1512 589/589/589 191/191/191
f 1511/1511/1511 1512/1512/1512 483/483/483
f 1510/1510/1510 1511/1511/1511 482/482/482
f 601/601/601 1510/1510/1510 481/481/481
f 603/603/603 1507/1507/1507 1510/1510/1510
f 605/605/605 1504/1504/1504 1507/1507/1507
f 1513/1513/1513 1514/1514/1514 1517/1517/1517
f 1514/1514/1514 1515/1515/1515 1518/1518/1518
f 1516/1516/1516 1517/1517/1517 1520/1520/1520
f 1517/1517/1517 1518/1518/1518 1521/1521/1521
f 19/19/19 274/274/274 1513/1513/1513
f 274/274/274 275/275/275 1514/1514/1514
f 275/275/275 276/276/276 1515/1515/1515
f 276/276/276 18/18/18 597/597/597
f 1515/1515/1515 597/597/597 596/596/596
f 1518/1518/1518 596/596/596 595/595/595
f 1521/1521/1521 595/595/595 164/164/164
f 1520/1520/1520 1521/1521/1521 411/411/411
f 1519/1519/1519 1520/1520/1520 409/409/409
f 607/607/607 1519/1519/1519 407/407/407
f 608/608/608 1516/1516/1516 1519/1519/1519
f 609/609/609 1513/1513/1513 1516/1516/1516
f 1522/1522/1522 1523/1523/1523 1526/1526/1526
f 1523/1523/1523 1524/1524/1524 1527/1527/1527
f 1525/1525/1525 1526/1526/1526 1529/1529/1529
f 1526/1526/1526 1527/1527/1527 1530/1530/1530
f 3/3/3 235/235/235 1522/1522/1522
f 235/235/235 236/236/236 1523/1523/1523
f 236/236/236 237/237/237 1524/1524/1524
f 237/237/237 2/2/2 600/600/600
f 1524/1524/1524 600/600/600 599/599/599
f 1527/1527/1527 599/599/599 598/598/598
f 1530/1530/1530 598/598/598 136/136/136
f 1529/1529/1529 1530/1530/1530 338/338/338
f 1528/1528/1528 1529/1529/1529 337/337/337
f 610/610/610 1528/1528/1528 335/335/335
f 611/611/611 1525/1525/1525 1528/1528/1528
f 612/612/612 1522/1522/1522 1525/1525/1525
f 1531/1531/1531 1532/1532/1532 1535/1535/1535
f 1532/1532/1532 1533/1533/1533 1536/1536/1536
f 1534/1534/1534 1535/1535/1535 1538/1538/1538
f 1535/1535/1535 1536/1536/1536 1539/1539/1539
f 37/37/37 316/316/316 1531/1531/1531
f 316/316/316 317/317/317 1532/1532/1532
f 317/317/317 318/318/318 1533/1533/1533
f 318/318/318 35/35/35 606/606/606
f 1533/1533/1533 606/606/606 604/604/604
f 1536/1536/1536 604/604/604 602/602/602
f 1539/1539/1539 602/602/602 192/192/192
f 1538/1538/1538 1539/1539/1539 488/488/488
f 1537/1537/1537 1538/1538/1538 486/486/486
f 613/613/613 1537/1537/1537 485/485/485
f 614/614/614 1534/1534/1534 1537/1537/1537
f 615/615/615 1531/1531/1531 1534/1534/1534
f 1540/1540/1540 1541/1541/1541 1544/1544/1544
f 1541/1541/1541 1542/1542/1542 1545/1545/1545
f 1543/1543/1543 1544/1544/1544 1547/1547/1547
f 1544/1544/1544 1545/1545/1545 1548/1548/1548
f 20/20/20 277/277/277 1540/1540/1540
f 277/277/277 278/278/278 1541/1541/1541
f 278/278/278 279/279/279 1542/1542/1542
f 279/279/279 19/19/19 609/609/609
f 1542/1542/1542 609/609/609 608/608/608
f 1545/1545/1545 608/608/608 607/607/607
f 1548/1548/1548 607/607/607 167/167/167
f 1547/1547/1547 1548/1548/1548 416/416/416
f 1546/1546/1546 1547/1547/1547 415/415/415
f 616/616/616 1546/1546/1546 412/412/412
f 617/617/617 1543/1543/1543 1546/1546/1546
f 618/618/618 1540/1540/1540 1543/1543/1543
f 1549/1549/1549 1550/1550/1550 1553/1553/1553
f 1550/1550/1550 1551/1551/1551 1554/1554/1554
f 1552/1552/1552 1553/1553/1553 1556/1556/1556
f 1553/1553/1553 1554/1554/1554 1557/1557/1557
f 5/5/5 238/238/238 1549/1549/1549
f 238/238/238 239/239/239 1550/1550/1550
f 239/239/239 240/240/240 1551/1551/1551
f 240/240/240 3/3/3 612/612/612
f 1551/1551/1551 612/612/612 611/611/611
f 1554/1554/1554 611/611/611 610/610/610
f 1557/1557/1557 610/610/610 141/141/141
f 1556/1556/1556 1557/1557/1557 344/344/344
f 1555/1555/1555 1556/1556/1556 342/342/342
f 620/620/620 1555/1555/1555 341/341/341
f 622/622/622 1552/1552/1552 1555/1555/1555
f 624/624/624 1549/1549/1549 1552/1552/1552
f 1558/1558/1558 1559/1559/1559 1562/1562/1562
f 1559/1559/1559 1560/1560/1560 1563/1563/1563
f 1561/1561/1561 1562/1562/1562 1565/1565/1565
f 1562/1562/1562 1563/1563/1563 1566/1566/1566
f 38/38/38 319/319/319 1558/1558/1558
f 319/319/319 320/320/320 1559/1559/1559
f 320/320/320 321/321/321 1560/1560/1560
f 321/321/321 37/37/37 615/615/615
f 1560/1560/1560 615/615/615 614/614/614
f 1563/1563/1563 614/614/614 613/613/613
f 1566/1566/1566 613/613/613 194/194/194
f 1565/1565/1565 1566/1566/1566 495/495/495
f 1564/1564/1564 1565/1565/1565 493/493/493
f 510/510/510 1564/1564/1564 490/490/490
f 509/509/509 1561/1561/1561 1564/1564/1564
f 508/508/508 1558/1558/1558 1561/1561/1561
f 1567/1567/1567 1568/1568/1568 1571/1571/1571
f 1568/1568/1568 1569/1569/1569 1572/1572/1572
f 1570/1570/1570 1571/1571/1571 1574/1574/1574
f 1571/1571/1571 1572/1572/1572 1575/1575/1575
f 21/21/21 280/280/280 1567/1567/1567
f 280/280/280 281/281/281 1568/1568/1568
f 281/281/281 282/282/282 1569/1569/1569
f 282/282/282 20/20/20 618/618/618
f 1569/1569/1569 618/618/618 617/617/617
f 1572/1572/1572 617/617/617 616/616/616
f 1575/1575/1575 616/616/616 169/169/169
f 1574/1574/1574 1575/1575/1575 423/423/423
f 1573/1573/1573 1574/1574/1574 421/421/421
f 516/516/516 1573/1573/1573 418/418/418
f 515/515/515 1570/1570/1570 1573/1573/1573
f 514/514/514 1567/1567/1567 1570/1570/1570
f 1576/1576/1576 1577/1577/1577 1580/1580/1580
f 1577/1577/1577 1578/1578/1578 1581/1581/1581
f 1579/1579/1579 1580/1580/1580 1583/1583/1583
f 1580/1580/1580 1581/1581/1581 1584/1584/1584
f 6/6/6 241/241/241 1576/1576/1576
f 241/241/241 242/242/242 1577/1577/1577
f 242/242/242 243/243/243 1578/1578/1578
f 243/243/243 4/4/4 623/623/623
f 1578/1578/1578 623/623/623 621/621/621
f 1581/1581/1581 621/621/621 619/619/619
f 1584/1584/1584 619/619/619 143/143/143
f 1583/1583/1583 1584/1584/1584 348/348/348
f 1582/1582/1582 1583/1583/1583 347/347/347
f 522/522/522 1582/1582/1582 346/346/346
f 521/521/521 1579/1579/1579 1582/1582/1582
f 520/520/520 1576/1576/1576 1579/1579/1579
f 1586/1586/1586 1587/1587/1587 1585/1585/1585
f 1588/1588/1588 1589/1589/1589 1585/1585/1585
f 1590/1590/1590 1591/1591/1591 1585/1585/1585
f 1592/1592/1592 1593/1593/1593 1585/1585/1585
f 1594/1594/1594 1595/1595/1595 1585/1585/1585
f 1596/1596/1596 1597/1597/1597 1585/1585/1585
f 1598/1598/1598 1599/1599/1599 1585/1585/1585
f 1600/1600/1600 1601/1601/1601 1585/1585/1585
f 1602/1602/1602 1603/1603/1603 1585/1585/1585
f 1604/1604/1604 1605/1605/1605 1585/1585/1585
f 1606/1606/1606 1607/1607/1607 1585/1585/1585
f 1608/1608/1608 1609/1609/1609 1585/1585/1585
f 1610/1610/1610 1611/1611/1611 1585/1585/1585
f 1612/1612/1612 1613/1613/1613 1585/1585/1585
f 1614/1614/1614 1615/1615/1615 1585/1585/1585
f 1616/1616/1616 1617/1617/1617 1585/1585/1585
f 1618/1618/1618 1619/1619/1619 1585/1585/1585
f 1620/1620/1620 1621/1621/1621 1585/1585/1585
f 1622/1622/1622 1623/1623/1623 1585/1585/1585
f 1624/1624/1624 1625/1625/1625 1585/1585/1585
f 1626/1626/1626 1627/1627/1627 1585/1585/1585
f 1628/1628/1628 1629/1629/1629 1585/1585/1585
f 1630/1630/1630 1631/1631/1631 1585/1585/1585
f 1632/1632/1632 1633/1633/1633 1585/1585/1585
f 1634/1634/1634 1635/1635/1635 1585/1585/1585
f 1636/1636/1636 1637/1637/1637 1585/1585/1585
f 1638/1638/1638 1639/1639/1639 1585/1585/1585
f 1640/1640/1640 1641/1641/1641 1585/1585/1585
f 1642/1642/1642 1643/1643/1643 1585/1585/1585
f 1644/1644/1644 1645/1645/1645 1585/1585/1585
f 1646/1646/1646 1647/1647/1647 1585/1585/1585
f 1648/1648/1648 1649/1649/1649 1585/1585/1585
f 41/41/41 913/913/913 1586/1586/1586
f 913/913/913 914/914/914 1587/1587/1587
f 918/918/918 1586/1586/1586 1649/1649/1649
f 40/40/40 1006/1006/1006 1588/1588/1588
f 1006/1006/1006 1007/1007/1007 1589/1589/1589
f 915/915/915 1588/1588/1588 1587/1587/1587
f 71/71/71 1003/1003/1003 1590/1590/1590
f 1003/1003/1003 1004/1004/1004 1591/1591/1591
f 1008/1008/1008 1590/1590/1590 1589/1589/1589
f 70/70/70 1000/1000/1000 1592/1592/1592
f 1000/1000/1000 1001/1001/1001 1593/1593/1593
f 1005/1005/1005 1592/1592/1592 1591/1591/1591
f 69/69/69 997/997/997 1594/1594/1594
f 997/997/997 998/998/998 1595/1595/1595
f 1002/1002/1002 1594/1594/1594 1593/1593/1593
f 68/68/68 994/994/994 1596/1596/1596
f 994/994/994 995/995/995 1597/1597/1597
f 999/999/999 1596/1596/1596 1595/1595/1595
f 67/67/67 991/991/991 1598/1598/1598
f 991/991/991 992/992/992 1599/1599/1599
f 996/996/996 1598/1598/1598 1597/1597/1597
f 66/66/66 988/988/988 1600/1600/1600
f 988/988/988 989/989/989 1601/1601/1601
f 993/993/993 1600/1600/1600 1599/1599/1599
f 65/65/65 985/985/985 1602/1602/1602
f 985/985/985 986/986/986 1603/1603/1603
f 990/990/990 1602/1602/1602 1601/1601/1601
f 64/64/64 982/982/982 1604/1604/1604
f 982/982/982 983/983/983 1605/1605/1605
f 987/987/987 1604/1604/1604 1603/1603/1603
f 63/63/63 979/979/979 1606/1606/1606
f 979/979/979 980/980/980 1607/1607/1607
f 984/984/984 1606/1606/1606 1605/1605/1605
f 62/62/62 976/976/976 1608/1608/1608
f 976/976/976 977/977/977 1609/1609/1609
f 981/981/981 1608/1608/1608 1607/1607/1607
f 61/61/61 973/973/973 1610/1610/1610
f 973/973/973 974/974/974 1611/1611/1611
f 978/978/978 1610/1610/1610 1609/1609/1609
f 60/60/60 970/970/970 1612/1612/1612
f 970/970/970 971/971/971 1613/1613/1613
f 975/975/975 1612/1612/1612 1611/1611/1611
f 59/59/59 967/967/967 1614/1614/1614
f 967/967/967 968/968/968 1615/1615/1615
f 972/972/972 1614/1614/1614 1613/1613/1613
f 58/58/58 964/964/964 1616/1616/1616
f 964/964/964 965/965/965 1617/1617/1617
f 969/969/969 1616/1616/1616 1615/1615/1615
f 57/57/57 961/961/961 1618/1618/1618
f 961/961/961 962/962/962 1619/1619/1619
f 966/966/966 1618/1618/1618 1617/1617/1617
f 56/56/56 958/958/958 1620/1620/1620
f 958/958/958 959/959/959 1621/1621/1621
f 963/963/963 1620/1620/1620 1619/1619/1619
f 55/55/55 955/955/955 1622/1622/1622
f 955/955/955 956/956/956 1623/1623/1623
f 960/960/960 1622/1622/1622 1621/1621/1621
f 54/54/54 952/952/952 1624/1624/1624
f 952/952/952 953/953/953 1625/1625/1625
f 957/957/957 1624/1624/1624 1623/1623/1623
f 53/53/53 949/949/949 1626/1626/1626
f 949/949/949 950/950/950 1627/1627/1627
f 954/954/954 1626/1626/1626 1625/1625/1625
f 52/52/52 946/946/946 1628/1628/1628
f 946/946/946 947/947/947 1629/1629/1629
f 951/951/951 1628/1628/1628 1627/1627/1627
f 51/51/51 943/943/943 1630/1630/1630
f 943/943/943 944/944/944 1631/1631/1631
f 948/948/948 1630/1630/1630 1629/1629/1629
f 50/50/50 940/940/940 1632/1632/1632
f 940/940/940 941/941/941 1633/1633/1633
f 945/945/945 1632/1632/1632 1631/1631/1631
f 49/49/49 937/937/937 1634/1634/1634
f 937/937/937 938/938/938 1635/1635/1635
f 942/942/942 1634/1634/1634 1633/1633/1633
f 48/48/48 934/934/934 1636/1636/1636
f 934/934/934 935/935/935 1637/1637/1637
f 939/939/939 1636/1636/1636 1635/1635/1635
f 47/47/47 931/931/931 1638/1638/1638
f 931/931/931 932/932/932 1639/1639/1639
f 936/936/936 1638/1638/1638 1637/1637/1637
f 46/46/46 928/928/928 1640/1640/1640
f 928/928/928 929/929/929 1641/1641/1641
f 933/933/933 1640/1640/1640 1639/1639/1639
f 45/45/45 925/925/925 1642/1642/1642
f 925/925/925 926/926/926 1643/1643/1643
f 930/930/930 1642/1642/1642 1641/1641/1641
f 44/44/44 922/922/922 1644/1644/1644
f 922/922/922 923/923/923 1645/1645/1645
f 927/927/927 1644/1644/1644 1643/1643/1643
f 43/43/43 919/919/919 1646/1646/1646
f 919/919/919 920/920/920 1647/1647/1647
f 924/924/924 1646/1646/1646 1645/1645/1645
f 42/42/42 916/916/916 1648/1648/1648
f 916/916/916 917/917/917 1649/1649/1649
f 921/921/921 1648/1648/1648 1647/1647/1647
f 1650/1650/1650 1651/1651/1651 1654/1654/1654
f 1651/1651/1651 1652/1652/1652 1655/1655/1655
f 1653/1653/1653 1654/1654/1654 1657/1657/1657
f 1654/1654/1654 1655/1655/1655 1658/1658/1658
f 73/73/73 630/630/630 1650/1650/1650
f 630/630/630 629/629/629 1651/1651/1651
f 629/629/629 628/628/628 1652/1652/1652
f 628/628/628 74/74/74 817/817/817
f 1652/1652/1652 817/817/817 818/818/818
f 1655/1655/1655 818/818/818 819/819/819
f 1658/1658/1658 819/819/819 202/202/202
f 1657/1657/1657 1658/1658/1658 724/724/724
f 1656/1656/1656 1657/1657/1657 725/725/725
f 820/820/820 1656/1656/1656 726/726/726
f 821/821/821 1653/1653/1653 1656/1656/1656
f 822/822/822 1650/1650/1650 1653/1653/1653
f 1660/1660/1660 1661/1661/1661 1659/1659/1659
f 1662/1662/1662 1663/1663/1663 1659/1659/1659
f 1664/1664/1664 1665/1665/1665 1659/1659/1659
f 1666/1666/1666 1667/1667/1667 1659/1659/1659
f 1668/1668/1668 1669/1669/1669 1659/1659/1659
f 1670/1670/1670 1671/1671/1671 1659/1659/1659
f 1672/1672/1672 1673/1673/1673 1659/1659/1659
f 1674/1674/1674 1675/1675/1675 1659/1659/1659
f 1676/1676/1676 1677/1677/1677 1659/1659/1659
f 1678/1678/1678 1679/1679/1679 1659/1659/1659
f 1680/1680/1680 1681/1681/1681 1659/1659/1659
f 1682/1682/1682 1683/1683/1683 1659/1659/1659
f 1684/1684/1684 1685/1685/1685 1659/1659/1659
f 1686/1686/1686 1687/1687/1687 1659/1659/1659
f 1688/1688/1688 1689/1689/1689 1659/1659/1659
f 1690/1690/1690 1691/1691/1691 1659/1659/1659
f 1692/1692/1692 1693/1693/1693 1659/1659/1659
f 1694/1694/1694 1695/1695/1695 1659/1659/1659
f 1696/1696/1696 1697/1697/1697 1659/1659/1659
f 1698/1698/1698 1699/1699/1699 1659/1659/1659
f 1700/1700/1700 1701/1701/1701 1659/1659/1659
f 1702/1702/1702 1703/1703/1703 1659/1659/1659
f 1704/1704/1704 1705/1705/1705 1659/1659/1659
f 1706/1706/1706 1707/1707/1707 1659/1659/1659
f 1708/1708/1708 1709/1709/1709 1659/1659/1659
f 1710/1710/1710 1711/1711/1711 1659/1659/1659
f 1712/1712/1712 1713/1713/1713 1659/1659/1659
f 1714/1714/1714 1715/1715/1715 1659/1659/1659
f 1716/1716/1716 1717/1717/1717 1659/1659/1659
f 1718/1718/1718 1719/1719/1719 1659/1659/1659
f 1720/1720/1720 1721/1721/1721 1659/1659/1659
f 1722/1722/1722 1723/1723/1723 1659/1659/1659
f 105/105/105 1110/1110/1110 1660/1660/1660
f 1110/1110/1110 1109/1109/1109 1661/1661/1661
f 1105/1105/1105 1660/1660/1660 1723/1723/1723
f 106/106/106 1113/1113/1113 1662/1662/1662
f 1113/1113/1113 1112/1112/1112 1663/1663/1663
f 1108/1108/1108 1662/1662/1662 1661/1661/1661
f 107/107/107 1116/1116/1116 1664/1664/1664
f 1116/1116/1116 1115/1115/1115 1665/1665/1665
f 1111/1111/1111 1664/1664/1664 1663/1663/1663
f 108/108/108 1119/1119/1119 1666/1666/1666
f 1119/1119/1119 1118/1118/1118 1667/1667/1667
f 1114/1114/1114 1666/1666/1666 1665/1665/1665
f 109/109/109 1122/1122/1122 1668/1668/1668
f 1122/1122/1122 1121/1121/1121 1669/1669/1669
f 1117/1117/1117 1668/1668/1668 1667/1667/1667
f 110/110/110 1125/1125/1125 1670/1670/1670
f 1125/1125/1125 1124/1124/1124 1671/1671/1671
f 1120/1120/1120 1670/1670/1670 1669/1669/1669
f 111/111/111 1128/1128/1128 1672/1672/1672
f 1128/1128/1128 1127/1127/1127 1673/1673/1673
f 1123/1123/1123 1672/1672/1672 1671/1671/1671
f 112/112/112 1131/1131/1131 1674/1674/1674
f 1131/1131/1131 1130/1130/1130 1675/1675/1675
f 1126/1126/1126 1674/1674/1674 1673/1673/1673
f 113/113/113 1134/1134/1134 1676/1676/1676
f 1134/1134/1134 1133/1133/1133 1677/1677/1677
f 1129/1129/1129 1676/1676/1676 1675/1675/1675
f 114/114/114 1137/1137/1137 1678/1678/1678
f 1137/1137/1137 1136/1136/1136 1679/1679/1679
f 1132/1132/1132 1678/1678/1678 1677/1677/1677
f 115/115/115 1140/1140/1140 1680/1680/1680
f 1140/1140/1140 1139/1139/1139 1681/1681/1681
f 1135/1135/1135 1680/1680/1680 1679/1679/1679
f 116/116/116 1143/1143/1143 1682/1682/1682
f 1143/1143/1143 1142/1142/1142 1683/1683/1683
f 1138/1138/1138 1682/1682/1682 1681/1681/1681
f 117/117/117 1146/1146/1146 1684/1684/1684
f 1146/1146/1146 1145/1145/1145 1685/1685/1685
f 1141/1141/1141 1684/1684/1684 1683/1683/1683
f 118/118/118 1149/1149/1149 1686/1686/1686
f 1149/1149/1149 1148/1148/1148 1687/1687/1687
f 1144/1144/1144 1686/1686/1686 1685/1685/1685
f 119/119/119 1152/1152/1152 1688/1688/1688
f 1152/1152/1152 1151/1151/1151 1689/1689/1689
f 1147/1147/1147 1688/1688/1688 1687/1687/1687
f 120/120/120 1155/1155/1155 1690/1690/1690
f 1155/1155/1155 1154/1154/1154 1691/1691/1691
f 1150/1150/1150 1690/1690/1690 1689/1689/1689
f 121/121/121 1158/1158/1158 1692/1692/1692
f 1158/1158/1158 1157/1157/1157 1693/1693/1693
f 1153/1153/1153 1692/1692/1692 1691/1691/1691
f 122/122/122 1161/1161/1161 1694/1694/1694
f 1161/1161/1161 1160/1160/1160 1695/1695/1695
f 1156/1156/1156 1694/1694/1694 1693/1693/1693
f 123/123/123 1164/1164/1164 1696/1696/1696
f 1164/1164/1164 1163/1163/1163 1697/1697/1697
f 1159/1159/1159 1696/1696/1696 1695/1695/1695
f 124/124/124 1167/1167/1167 1698/1698/1698
f 1167/1167/1167 1166/1166/1166 1699/1699/1699
f 1162/1162/1162 1698/1698/1698 1697/1697/1697
f 125/125/125 1170/1170/1170 1700/1700/1700
f 1170/1170/1170 1169/1169/1169 1701/1701/1701
f 1165/1165/1165 1700/1700/1700 1699/1699/1699
f 126/126/126 1173/1173/1173 1702/1702/1702
f 1173/1173/1173 1172/1172/1172 1703/1703/1703
f 1168/1168/1168 1702/1702/1702 1701/1701/1701
f 127/127/127 1176/1176/1176 1704/1704/1704
f 1176/1176/1176 1175/1175/1175 1705/1705/1705
f 1171/1171/1171 1704/1704/1704 1703/1703/1703
f 128/128/128 1179/1179/1179 1706/1706/1706
f 1179/1179/1179 1178/1178/1178 1707/1707/1707
f 1174/1174/1174 1706/1706/1706 1705/1705/1705
f 129/129/129 1182/1182/1182 1708/1708/1708
f 1182/1182/1182 1181/1181/1181 1709/1709/1709
f 1177/1177/1177 1708/1708/1708 1707/1707/1707
f 130/130/130 1185/1185/1185 1710/1710/1710
f 1185/1185/1185 1184/1184/1184 1711/1711/1711
f 1180/1180/1180 1710/1710/1710 1709/1709/1709
f 131/131/131 1188/1188/1188 1712/1712/1712
f 1188/1188/1188 1187/1187/1187 1713/1713/1713
f 1183/1183/1183 1712/1712/1712 1711/1711/1711
f 132/132/132 1191/1191/1191 1714/1714/1714
f 1191/1191/1191 1190/1190/1190 1715/1715/1715
f 1186/1186/1186 1714/1714/1714 1713/1713/1713
f 133/133/133 1194/1194/1194 1716/1716/1716
f 1194/1194/1194 1193/1193/1193 1717/1717/1717
f 1189/1189/1189 1716/1716/1716 1715/1715/1715
f 134/134/134 1197/1197/1197 1718/1718/1718
f 1197/1197/1197 1196/1196/1196 1719/1719/1719
f 1192/1192/1192 1718/1718/1718 1717/1717/1717
f 135/135/135 1200/1200/1200 1720/1720/1720
f 1200/1200/1200 1199/1199/1199 1721/1721/1721
f 1195/1195/1195 1720/1720/1720 1719/1719/1719
f 104/104/104 1107/1107/1107 1722/1722/1722
f 1107/1107/1107 1106/1106/1106 1723/1723/1723
f 1198/1198/1198 1722/1722/1722 1721/1721/1721
f 1724/1724/1724 1725/1725/1725 1728/1728/1728
f 1725/1725/1725 1726/1726/1726 1729/1729/1729
f 1727/1727/1727 1728/1728/1728 1731/1731/1731
f 1728/1728/1728 1729/1729/1729 1732/1732/1732
f 100/100/100 711/711/711 1724/1724/1724
f 711/711/711 710/710/710 1725/1725/1725
f 710/710/710 709/709/709 1726/1726/1726
f 709/709/709 101/101/101 823/823/823
f 1726/1726/1726 823/823/823 824/824/824
f 1729/1729/1729 824/824/824 825/825/825
f 1732/1732/1732 825/825/825 229/229/229
f 1731/1731/1731 1732/1732/1732 805/805/805
f 1730/1730/1730 1731/1731/1731 806/806/806
f 826/826/826 1730/1730/1730 807/807/807
f 827/827/827 1727/1727/1727 1730/1730/1730
f 828/828/828 1724/1724/1724 1727/1727/1727
f 1733/1733/1733 1734/1734/1734 1737/1737/1737
f 1734/1734/1734 1735/1735/1735 1738/1738/1738
f 1736/1736/1736 1737/1737/1737 1740/1740/1740
f 1737/1737/1737 1738/1738/1738 1741/1741/1741
f 87/87/87 672/672/672 1733/1733/1733
f 672/672/672 671/671/671 1734/1734/1734
f 671/671/671 670/670/670 1735/1735/1735
f 670/670/670 88/88/88 829/829/829
f 1735/1735/1735 829/829/829 830/830/830
f 1738/1738/1738 830/830/830 831/831/831
f 1741/1741/1741 831/831/831 216/216/216
f 1740/1740/1740 1741/1741/1741 766/766/766
f 1739/1739/1739 1740/1740/1740 767/767/767
f 832/832/832 1739/1739/1739 768/768/768
f 833/833/833 1736/1736/1736 1739/1739/1739
f 834/834/834 1733/1733/1733 1736/1736/1736
f 1742/1742/1742 1743/1743/1743 1746/1746/1746
f 1743/1743/1743 1744/1744/1744 1747/1747/1747
f 1745/1745/1745 1746/1746/1746 1749/1749/1749
f 1746/1746/1746 1747/1747/1747 1750/1750/1750
f 74/74/74 633/633/633 1742/1742/1742
f 633/633/633 632/632/632 1743/1743/1743
f 632/632/632 631/631/631 1744/1744/1744
f 631/631/631 75/75/75 835/835/835
f 1744/1744/1744 835/835/835 836/836/836
f 1747/1747/1747 836/836/836 837/837/837
f 1750/1750/1750 837/837/837 203/203/203
f 1749/1749/1749 1750/1750/1750 727/727/727
f 1748/1748/1748 1749/1749/1749 728/728/728
f 819/819/819 1748/1748/1748 729/729/729
f 818/818/818 1745/1745/1745 1748/1748/1748
f 817/817/817 1742/1742/1742 1745/1745/1745
f 1751/1751/1751 1752/1752/1752 1755/1755/1755
f 1752/1752/1752 1753/1753/1753 1756/1756/1756
f 1754/1754/1754 1755/1755/1755 1758/1758/1758
f 1755/1755/1755 1756/1756/1756 1759/1759/1759
f 101/101/101 714/714/714 1751/1751/1751
f 714/714/714 713/713/713 1752/1752/1752
f 713/713/713 712/712/712 1753/1753/1753
f 712/712/712 102/102/102 838/838/838
f 1753/1753/1753 838/838/838 839/839/839
f 1756/1756/1756 839/839/839 840/840/840
f 1759/1759/1759 840/840/840 230/230/230
f 1758/1758/1758 1759/1759/1759 808/808/808
f 1757/1757/1757 1758/1758/1758 809/809/809
f 825/825/825 1757/1757/1757 810/810/810
f 824/824/824 1754/1754/1754 1757/1757/1757
f 823/823/823 1751/1751/1751 1754/1754/1754
f 1760/1760/1760 1761/1761/1761 1764/1764/1764
f 1761/1761/1761 1762/1762/1762 1765/1765/1765
f 1763/1763/1763 1764/1764/1764 1767/1767/1767
f 1764/1764/1764 1765/1765/1765 1768/1768/1768
f 88/88/88 675/675/675 1760/1760/1760
f 675/675/675 674/674/674 1761/1761/1761
f 674/674/674 673/673/673 1762/1762/1762
f 673/673/673 89/89/89 841/841/841
f 1762/1762/1762 841/841/841 842/842/842
f 1765/1765/1765 842/842/842 843/843/843
f 1768/1768/1768 843/843/843 217/217/217
f 1767/1767/1767 1768/1768/1768 769/769/769
f 1766/1766/1766 1767/1767/1767 770/770/770
f 831/831/831 1766/1766/1766 771/771/771
f 830/830/830 1763/1763/1763 1766/1766/1766
f 829/829/829 1760/1760/1760 1763/1763/1763
f 1769/1769/1769 1770/1770/1770 1773/1773/1773
f 1770/1770/1770 1771/1771/1771 1774/1774/1774
f 1772/1772/1772 1773/1773/1773 1776/1776/1776
f 1773/1773/1773 1774/1774/1774 1777/1777/1777
f 75/75/75 636/636/636 1769/1769/1769
f 636/636/636 635/635/635 1770/1770/1770
f 635/635/635 634/634/634 1771/1771/1771
f 634/634/634 76/76/76 844/844/844
f 1771/1771/1771 844/844/844 845/845/845
f 1774/1774/1774 845/845/845 846/846/846
f 1777/1777/1777 846/846/846 204/204/204
f 1776/1776/1776 1777/1777/1777 730/730/730
f 1775/1775/1775 1776/1776/1776 731/731/731
f 837/837/837 1775/1775/1775 732/732/732
f 836/836/836 1772/1772/1772 1775/1775/1775
f 835/835/835 1769/1769/1769 1772/1772/1772
f 1778/1778/1778 1779/1779/1779 1782/1782/1782
f 1779/1779/1779 1780/1780/1780 1783/1783/1783
f 1781/1781/1781 1782/1782/1782 1785/1785/1785
f 1782/1782/1782 1783/1783/1783 1786/1786/1786
f 102/102/102 717/717/717 1778/1778/1778
f 717/717/717 716/716/716 1779/1779/1779
f 716/716/716 715/715/715 1780/1780/1780
f 715/715/715 103/103/103 847/847/847
f 1780/1780/1780 847/847/847 848/848/848
f 1783/1783/1783 848/848/848 849/849/849
f 1786/1786/1786 849/849/849 231/231/231
f 1785/1785/1785 1786/1786/1786 811/811/811
f 1784/1784/1784 1785/1785/1785 812/812/812
f 840/840/840 1784/1784/1784 813/813/813
f 839/839/839 1781/1781/1781 1784/1784/1784
f 838/838/838 1778/1778/1778 1781/1781/1781
f 1787/1787/1787 1788/1788/1788 1791/1791/1791
f 1788/1788/1788 1789/1789/1789 1792/1792/1792
f 1790/1790/1790 1791/1791/1791 1794/1794/1794
f 1791/1791/1791 1792/1792/1792 1795/1795/1795
f 89/89/89 678/678/678 1787/1787/1787
f 678/678/678 677/677/677 1788/1788/1788
f 677/677/677 676/676/676 1789/1789/1789
f 676/676/676 90/90/90 850/850/850
f 1789/1789/1789 850/850/850 851/851/851
f 1792/1792/1792 851/851/851 852/852/852
f 1795/1795/1795 852/852/852 218/218/218
f 1794/1794/1794 1795/1795/1795 772/772/772
f 1793/1793/1793 1794/1794/1794 773/773/773
f 843/843/843 1793/1793/1793 774/774/774
f 842/842/842 1790/1790/1790 1793/1793/1793
f 841/841/841 1787/1787/1787 1790/1790/1790
f 1796/1796/1796 1797/1797/1797 1800/1800/1800
f 1797/1797/1797 1798/1798/1798 1801/1801/1801
f 1799/1799/1799 1800/1800/1800 1803/1803/1803
f 1800/1800/1800 1801/1801/1801 1804/1804/1804
f 76/76/76 639/639/639 1796/1796/1796
f 639/639/639 638/638/638 1797/1797/1797
f 638/638/638 637/637/637 1798/1798/1798
f 637/637/637 77/77/77 853/853/853
f 1798/1798/1798 853/853/853 854/854/854
f 1801/1801/1801 854/854/854 855/855/855
f 1804/1804/1804 855/855/855 205/205/205
f 1803/1803/1803 1804/1804/1804 733/733/733
f 1802/1802/1802 1803/1803/1803 734/734/734
f 846/846/846 1802/1802/1802 735/735/735
f 845/845/845 1799/1799/1799 1802/1802/1802
f 844/844/844 1796/1796/1796 1799/1799/1799
f 1805/1805/1805 1806/1806/1806 1809/1809/1809
f 1806/1806/1806 1807/1807/1807 1810/1810/1810
f 1808/1808/1808 1809/1809/1809 1812/1812/1812
f 1809/1809/1809 1810/1810/1810 1813/1813/1813
f 103/103/103 720/720/720 1805/1805/1805
f 720/720/720 719/719/719 1806/1806/1806
f 719/719/719 718/718/718 1807/1807/1807
f 718/718/718 72/72/72 856/856/856
f 1807/1807/1807 856/856/856 857/857/857
f 1810/1810/1810 857/857/857 858/858/858
f 1813/1813/1813 858/858/858 201/201/201
f 1812/1812/1812 1813/1813/1813 814/814/814
f 1811/1811/1811 1812/1812/1812 815/815/815
f 849/849/849 1811/1811/1811 816/816/816
f 848/848/848 1808/1808/1808 1811/1811/1811
f 847/847/847 1805/1805/1805 1808/1808/1808
f 1814/1814/1814 1815/1815/1815 1818/1818/1818
f 1815/1815/1815 1816/1816/1816 1819/1819/1819
f 1817/1817/1817 1818/1818/1818 1821/1821/1821
f 1818/1818/1818 1819/1819/1819 1822/1822/1822
f 90/90/90 681/681/681 1814/1814/1814
f 681/681/681 680/680/680 1815/1815/1815
f 680/680/680 679/679/679 1816/1816/1816
f 679/679/679 91/91/91 859/859/859
f 1816/1816/1816 859/859/859 860/860/860
f 1819/1819/1819 860/860/860 861/861/861
f 1822/1822/1822 861/861/861 219/219/219
f 1821/1821/1821 1822/1822/1822 775/775/775
f 1820/1820/1820 1821/1821/1821 776/776/776
f 852/852/852 1820/1820/1820 777/777/777
f 851/851/851 1817/1817/1817 1820/1820/1820
f 850/850/850 1814/1814/1814 1817/1817/1817
f 1823/1823/1823 1824/1824/1824 1827/1827/1827
f 1824/1824/1824 1825/1825/1825 1828/1828/1828
f 1826/1826/1826 1827/1827/1827 1830/1830/1830
f 1827/1827/1827 1828/1828/1828 1831/1831/1831
f 77/77/77 642/642/642 1823/1823/1823
f 642/642/642 641/641/641 1824/1824/1824
f 641/641/641 640/640/640 1825/1825/1825
f 640/640/640 78/78/78 862/862/862
f 1825/1825/1825 862/862/862 863/863/863
f 1828/1828/1828 863/863/863 864/864/864
f 1831/1831/1831 864/864/864 206/206/206
f 1830/1830/1830 1831/1831/1831 736/736/736
f 1829/1829/1829 1830/1830/1830 737/737/737
f 855/855/855 1829/1829/1829 738/738/738
f 854/854/854 1826/1826/1826 1829/1829/1829
f 853/853/853 1823/1823/1823 1826/1826/1826
f 1832/1832/1832 1833/1833/1833 1836/1836/1836
f 1833/1833/1833 1834/1834/1834 1837/1837/1837
f 1835/1835/1835 1836/1836/1836 1839/1839/1839
f 1836/1836/1836 1837/1837/1837 1840/1840/1840
f 91/91/91 684/684/684 1832/1832/1832
f 684/684/684 683/683/683 1833/1833/1833
f 683/683/683 682/682/682 1834/1834/1834
f 682/682/682 92/92/92 865/865/865
f 1834/1834/1834 865/865/865 866/866/866
f 1837/1837/1837 866/866/866 867/867/867
f 1840/1840/1840 867/867/867 220/220/220
f 1839/1839/1839 1840/1840/1840 778/778/778
f 1838/1838/1838 1839/1839/1839 779/779/779
f 861/861/861 1838/1838/1838 780/780/780
f 860/860/860 1835/1835/1835 1838/1838/1838
f 859/859/859 1832/1832/1832 1835/1835/1835
f 1841/1841/1841 1842/1842/1842 1845/1845/1845
f 1842/1842/1842 1843/1843/1843 1846/1846/1846
f 1844/1844/1844 1845/1845/1845 1848/1848/1848
f 1845/1845/1845 1846/1846/1846 1849/1849/1849
f 78/78/78 645/645/645 1841/1841/1841
f 645/645/645 644/644/644 1842/1842/1842
f 644/644/644 643/643/643 1843/1843/1843
f 643/643/643 79/79/79 868/868/868
f 1843/1843/1843 868/868/868 869/869/869
f 1846/1846/1846 869/869/869 870/870/870
f 1849/1849/1849 870/870/870 207/207/207
f 1848/1848/1848 1849/1849/1849 739/739/739
f 1847/1847/1847 1848/1848/1848 740/740/740
f 864/864/864 1847/1847/1847 741/741/741
f 863/863/863 1844/1844/1844 1847/1847/1847
f 862/862/862 1841/1841/1841 1844/1844/1844
f 1850/1850/1850 1851/1851/1851 1854/1854/1854
f 1851/1851/1851 1852/1852/1852 1855/1855/1855
f 1853/1853/1853 1854/1854/1854 1857/1857/1857
f 1854/1854/1854 1855/1855/1855 1858/1858/1858
f 92/92/92 687/687/687 1850/1850/1850
f 687/687/687 686/686/686 1851/1851/1851
f 686/686/686 685/685/685 1852/1852/1852
f 685/685/685 93/93/93 871/871/871
f 1852/1852/1852 871/871/871 872/872/872
f 1855/1855/1855 872/872/872 873/873/873
f 1858/1858/1858 873/873/873 221/221/221
f 1857/1857/1857 1858/1858/1858 781/781/781
f 1856/1856/1856 1857/1857/1857 782/782/782
f 867/867/867 1856/1856/1856 783/783/783
f 866/866/866 1853/1853/1853 1856/1856/1856
f 865/865/865 1850/1850/1850 1853/1853/1853
f 1859/1859/1859 1860/1860/1860 1863/1863/1863
f 1860/1860/1860 1861/1861/1861 1864/1864/1864
f 1862/1862/1862 1863/1863/1863 1866/1866/1866
f 1863/1863/1863 1864/1864/1864 1867/1867/1867
f 79/79/79 648/648/648 1859/1859/1859
f 648/648/648 647/647/647 1860/1860/1860
f 647/647/647 646/646/646 1861/1861/1861
f 646/646/646 80/80/80 874/874/874
f 1861/1861/1861 874/874/874 875/875/875
f 1864/1864/1864 875/875/875 876/876/876
f 1867/1867/1867 876/876/876 208/208/208
f 1866/1866/1866 1867/1867/1867 742/742/742
f 1865/1865/1865 1866/1866/1866 743/743/743
f 870/870/870 1865/1865/1865 744/744/744
f 869/869/869 1862/1862/1862 1865/1865/1865
f 868/868/868 1859/1859/1859 1862/1862/1862
f 1868/1868/1868 1869/1869/1869 1872/1872/1872
f 1869/1869/1869 1870/1870/1870 1873/1873/1873
f 1871/1871/1871 1872/1872/1872 1875/1875/1875
f 1872/1872/1872 1873/1873/1873 1876/1876/1876
f 93/93/93 690/690/690 1868/1868/1868
f 690/690/690 689/689/689 1869/1869/1869
f 689/689/689 688/688/688 1870/1870/1870
f 688/688/688 94/94/94 877/877/877
f 1870/1870/1870 877/877/877 878/878/878
f 1873/1873/1873 878/878/878 879/879/879
f 1876/1876/1876 879/879/879 222/222/222
f 1875/1875/1875 1876/1876/1876 784/784/784
f 1874/1874/1874 1875/1875/1875 785/785/785
f 873/873/873 1874/1874/1874 786/786/786
f 872/872/872 1871/1871/1871 1874/1874/1874
f 871/871/871 1868/1868/1868 1871/1871/1871
f 1877/1877/1877 1878/1878/1878 1881/1881/1881
f 1878/1878/1878 1879/1879/1879 1882/1882/1882
f 1880/1880/1880 1881/1881/1881 1884/1884/1884
f 1881/1881/1881 1882/1882/1882 1885/1885/1885
f 80/80/80 651/651/651 1877/1877/1877
f 651/651/651 650/650/650 1878/1878/1878
f 650/650/650 649/649/649 1879/1879/1879
f 649/649/649 81/81/81 880/880/880
f 1879/1879/1879 880/880/880 881/881/881
f 1882/1882/1882 881/881/881 882/882/882
f 1885/1885/1885 882/882/882 209/209/209
f 1884/1884/1884 1885/1885/1885 745/745/745
f 1883/1883/1883 1884/1884/1884 746/746/746
f 876/876/876 1883/1883/1883 747/747/747
f 875/875/875 1880/1880/1880 1883/1883/1883
f 874/874/874 1877/1877/1877 1880/1880/1880
f 1886/1886/1886 1887/1887/1887 1890/1890/1890
f 1887/1887/1887 1888/1888/1888 1891/1891/1891
f 1889/1889/1889 1890/1890/1890 1893/1893/1893
f 1890/1890/1890 1891/1891/1891 1894/1894/1894
f 94/94/94 693/693/693 1886/1886/1886
f 693/693/693 692/692/692 1887/1887/1887
f 692/692/692 691/691/691 1888/1888/1888
f 691/691/691 95/95/95 883/883/883
f 1888/1888/1888 883/883/883 884/884/884
f 1891/1891/1891 884/884/884 885/885/885
f 1894/1894/1894 885/885/885 223/223/223
f 1893/1893/1893 1894/1894/1894 787/787/787
f 1892/1892/1892 1893/1893/1893 788/788/788
f 879/879/879 1892/1892/1892 789/789/789
f 878/878/878 1889/1889/1889 1892/1892/1892
f 877/877/877 1886/1886/1886 1889/1889/1889
f 1895/1895/1895 1896/1896/1896 1899/1899/1899
f 1896/1896/1896 1897/1897/1897 1900/1900/1900
f 1898/1898/1898 1899/1899/1899 1902/1902/1902
f 1899/1899/1899 1900/1900/1900 1903/1903/1903
f 81/81/81 654/654/654 1895/1895/1895
f 654/654/654 653/653/653 1896/1896/1896
f 653/653/653 652/652/652 1897/1897/1897
f 652/652/652 82/82/82 886/886/886
f 1897/1897/1897 886/886/886 887/887/887
f 1900/1900/1900 887/887/887 888/888/888
f 1903/1903/1903 888/888/888 210/210/210
f 1902/1902/1902 1903/1903/1903 748/748/748
f 1901/1901/1901 1902/1902/1902 749/749/749
f 882/882/882 1901/1901/1901 750/750/750
f 881/881/881 1898/1898/1898 1901/1901/1901
f 880/880/880 1895/1895/1895 1898/1898/1898
f 1904/1904/1904 1905/1905/1905 1908/1908/1908
f 1905/1905/1905 1906/1906/1906 1909/1909/1909
f 1907/1907/1907 1908/1908/1908 1911/1911/1911
f 1908/1908/1908 1909/1909/1909 1912/1912/1912
f 95/95/95 696/696/696 1904/1904/1904
f 696/696/696 695/695/695 1905/1905/1905
f 695/695/695 694/694/694 1906/1906/1906
f 694/694/694 96/96/96 889/889/889
f 1906/1906/1906 889/889/889 890/890/890
f 1909/1909/1909 890/890/890 891/891/891
f 1912/1912/1912 891/891/891 224/224/224
f 1911/1911/1911 1912/1912/1912 790/790/790
f 1910/1910/1910 1911/1911/1911 791/791/791
f 885/885/885 1910/1910/1910 792/792/792
f 884/884/884 1907/1907/1907 1910/1910/1910
f 883/883/883 1904/1904/1904 1907/1907/1907
f 1913/1913/1913 1914/1914/1914 1917/1917/1917
f 1914/1914/1914 1915/1915/1915 1918/1918/1918
f 1916/1916/1916 1917/1917/1917 1920/1920/1920
f 1917/1917/1917 1918/1918/1918 1921/1921/1921
f 82/82/82 657/657/657 1913/1913/1913
f 657/657/657 656/656/656 1914/1914/1914
f 656/656/656 655/655/655 1915/1915/1915
f 655/655/655 83/83/83 892/892/892
f 1915/1915/1915 892/892/892 893/893/893
f 1918/1918/1918 893/893/893 894/894/894
f 1921/1921/1921 894/894/894 211/211/211
f 1920/1920/1920 1921/1921/1921 751/751/751
f 1919/1919/1919 1920/1920/1920 752/752/752
f 888/888/888 1919/1919/1919 753/753/753
f 887/887/887 1916/1916/1916 1919/1919/1919
f 886/886/886 1913/1913/1913 1916/1916/1916
f 1922/1922/1922 1923/1923/1923 1926/1926/1926
f 1923/1923/1923 1924/1924/1924 1927/1927/1927
f 1925/1925/1925 1926/1926/1926 1929/1929/1929
f 1926/1926/1926 1927/1927/1927 1930/1930/1930
f 96/96/96 699/699/699 1922/1922/1922
f 699/699/699 698/698/698 1923/1923/1923
f 698/698/698 697/697/697 1924/1924/1924
f 697/697/697 97/97/97 895/895/895
f 1924/1924/1924 895/895/895 896/896/896
f 1927/1927/1927 896/896/896 897/897/897
f 1930/1930/1930 897/897/897 225/225/225
f 1929/1929/1929 1930/1930/1930 793/793/793
f 1928/1928/1928 1929/1929/1929 794/794/794
f 891/891/891 1928/1928/1928 795/795/795
f 890/890/890 1925/1925/1925 1928/1928/1928
f 889/889/889 1922/1922/1922 1925/1925/1925
f 1931/1931/1931 1932/1932/1932 1935/1935/1935
f 1932/1932/1932 1933/1933/1933 1936/1936/1936
f 1934/1934/1934 1935/1935/1935 1938/1938/1938
f 1935/1935/1935 1936/1936/1936 1939/1939/1939
f 83/83/83 660/660/660 1931/1931/1931
f 660/660/660 659/659/659 1932/1932/1932
f 659/659/659 658/658/658 1933/1933/1933
f 658/658/658 84/84/84 898/898/898
f 1933/1933/1933 898/898/898 899/899/899
f 1936/1936/1936 899/899/899 900/900/900
f 1939/1939/1939 900/900/900 212/212/212
f 1938/1938/1938 1939/1939/1939 754/754/754
f 1937/1937/1937 1938/1938/1938 755/755/755
f 894/894/894 1937/1937/1937 756/756/756
f 893/893/893 1934/1934/1934 1937/1937/1937
f 892/892/892 1931/1931/1931 1934/1934/1934
f 1940/1940/1940 1941/1941/1941 1944/1944/1944
f 1941/1941/1941 1942/1942/1942 1945/1945/1945
f 1943/1943/1943 1944/1944/1944 1947/1947/1947
f 1944/1944/1944 1945/1945/1945 1948/1948/1948
f 97/97/97 702/702/702 1940/1940/1940
f 702/702/702 701/701/701 1941/1941/1941
f 701/701/701 700/700/700 1942/1942/1942
f 700/700/700 98/98/98 901/901/901
f 1942/1942/1942 901/901/901 902/902/902
f 1945/1945/1945 902/902/902 903/903/903
f 1948/1948/1948 903/903/903 226/226/226
f 1947/1947/1947 1948/1948/1948 796/796/796
f 1946/1946/1946 1947/1947/1947 797/797/797
f 897/897/897 1946/1946/1946 798/798/798
f 896/896/896 1943/1943/1943 1946/1946/1946
f 895/895/895 1940/1940/1940 1943/1943/1943
f 1949/1949/1949 1950/1950/1950 1953/1953/1953
f 1950/1950/1950 1951/1951/1951 1954/1954/1954
f 1952/1952/1952 1953/1953/1953 1956/1956/1956
f 1953/1953/1953 1954/1954/1954 1957/1957/1957
f 84/84/84 663/663/663 1949/1949/1949
f 663/663/663 662/662/662 1950/1950/1950
f 662/662/662 661/661/661 1951/1951/1951
f 661/661/661 85/85/85 904/904/904
f 1951/1951/1951 904/904/904 905/905/905
f 1954/1954/1954 905/905/905 906/906/906
f 1957/1957/1957 906/906/906 213/213/213
f 1956/1956/1956 1957/1957/1957 757/757/757
f 1955/1955/1955 1956/1956/1956 758/758/758
f 900/900/900 1955/1955/1955 759/759/759
f 899/899/899 1952/1952/1952 1955/1955/1955
f 898/898/898 1949/1949/1949 1952/1952/1952
f 1958/1958/1958 1959/1959/1959 1962/1962/1962
f 1959/1959/1959 1960/1960/1960 1963/1963/1963
f 1961/1961/1961 1962/1962/1962 1965/1965/1965
f 1962/1962/1962 1963/1963/1963 1966/1966/1966
f 98/98/98 705/705/705 1958/1958/1958
f 705/705/705 704/704/704 1959/1959/1959
f 704/704/704 703/703/703 1960/1960/1960
f 703/703/703 99/99/99 907/907/907
f 1960/1960/1960 907/907/907 908/908/908
f 1963/1963/1963 908/908/908 909/909/909
f 1966/1966/1966 909/909/909 227/227/227
f 1965/1965/1965 1966/1966/1966 799/799/799
f 1964/1964/1964 1965/1965/1965 800/800/800
f 903/903/903 1964/1964/1964 801/801/801
f 902/902/902 1961/1961/1961 1964/1964/1964
f 901/901/901 1958/1958/1958 1961/1961/1961
f 1967/1967/1967 1968/1968/1968 1971/1971/1971
f 1968/1968/1968 1969/1969/1969 1972/1972/1972
f 1970/1970/1970 1971/1971/1971 1974/1974/1974
f 1971/1971/1971 1972/1972/1972 1975/1975/1975
f 85/85/85 666/666/666 1967/1967/1967
f 666/666/666 665/665/665 1968/1968/1968
f 665/665/665 664/664/664 1969/1969/1969
f 664/664/664 86/86/86 910/910/910
f 1969/1969/1969 910/910/910 911/911/911
f 1972/1972/1972 911/911/911 912/912/912
f 1975/1975/1975 912/912/912 214/214/214
f 1974/1974/1974 1975/1975/1975 760/760/760
f 1973/1973/1973 1974/1974/1974 761/761/761
f 906/906/906 1973/1973/1973 762/762/762
f 905/905/905 1970/1970/1970 1973/1973/1973
f 904/904/904 1967/1967/1967 1970/1970/1970
f 1976/1976/1976 1977/1977/1977 1980/1980/1980
f 1977/1977/1977 1978/1978/1978 1981/1981/1981
f 1979/1979/1979 1980/1980/1980 1983/1983/1983
f 1980/1980/1980 1981/1981/1981 1984/1984/1984
f 72/72/72 627/627/627 1976/1976/1976
f 627/627/627 626/626/626 1977/1977/1977
f 626/626/626 625/625/625 1978/1978/1978
f 625/625/625 73/73/73 822/822/822
f 1978/1978/1978 822/822/822 821/821/821
f 1981/1981/1981 821/821/821 820/820/820
f 1984/1984/1984 820/820/820 200/200/200
f 1983/1983/1983 1984/1984/1984 721/721/721
f 1982/1982/1982 1983/1983/1983 722/722/722
f 858/858/858 1982/1982/1982 723/723/723
f 857/857/857 1979/1979/1979 1982/1982/1982
f 856/856/856 1976/1976/1976 1979/1979/1979
f 1985/1985/1985 1986/1986/1986 1989/1989/1989
f 1986/1986/1986 1987/1987/1987 1990/1990/1990
f 1988/1988/1988 1989/1989/1989 1992/1992/1992
f 1989/1989/1989 1990/1990/1990 1993/1993/1993
f 99/99/99 708/708/708 1985/1985/1985
f 708/708/708 707/707/707 1986/1986/1986
f 707/707/707 706/706/706 1987/1987/1987
f 706/706/706 100/100/100 828/828/828
f 1987/1987/1987 828/828/828 827/827/827
f 1990/1990/1990 827/827/827 826/826/826
f 1993/1993/1993 826/826/826 228/228/228
f 1992/1992/1992 1993/1993/1993 802/802/802
f 1991/1991/1991 1992/1992/1992 803/803/803
f 909/909/909 1991/1991/1991 804/804/804
f 908/908/908 1988/1988/1988 1991/1991/1991
f 907/907/907 1985/1985/1985 1988/1988/1988
f 1994/1994/1994 1995/1995/1995 1998/1998/1998
f 1995/1995/1995 1996/1996/1996 1999/1999/1999
f 1997/1997/1997 1998/1998/1998 2001/2001/2001
f 1998/1998/1998 1999/1999/1999 2002/2002/2002
f 86/86/86 669/669/669 1994/1994/1994
f 669/669/669 668/668/668 1995/1995/1995
f 668/668/668 667/667/667 1996/1996/1996
f 667/667/667 87/87/87 834/834/834
f 1996/1996/1996 834/834/834 833/833/833
f 1999/1999/1999 833/833/833 832/832/832
f 2002/2002/2002 832/832/832 215/215/215
f 2001/2001/2001 2002/2002/2002 763/763/763
f 2000/2000/2000 2001/2001/2001 764/764/764
f 912/912/912 2000/2000/2000 765/765/765
f 911/911/911 1997/1997/1997 2000/2000/2000
f 910/910/910 1994/1994/1994 1997/1997/1997
f 2003/2003/2003 2004/2004/2004 2007/2007/2007
f 2004/2004/2004 2005/2005/2005 2008/2008/2008
f 2006/2006/2006 2007/2007/2007 2010/2010/2010
f 2007/2007/2007 2008/2008/2008 2011/2011/2011
f 40/40/40 915/915/915 2003/2003/2003
f 915/915/915 914/914/914 2004/2004/2004
f 914/914/914 913/913/913 2005/2005/2005
f 913/913/913 41/41/41 1012/1012/1012
f 2005/2005/2005 1012/1012/1012 1013/1013/1013
f 2008/2008/2008 1013/1013/1013 1014/1014/1014
f 2011/2011/2011 1014/1014/1014 137/137/137
f 2010/2010/2010 2011/2011/2011 328/328/328
f 2009/2009/2009 2010/2010/2010 331/331/331
f 1009/1009/1009 2009/2009/2009 333/333/333
f 1010/1010/1010 2006/2006/2006 2009/2009/2009
f 1011/1011/1011 2003/2003/2003 2006/2006/2006
f 2012/2012/2012 2013/2013/2013 2016/2016/2016
f 2013/2013/2013 2014/2014/2014 2017/2017/2017
f 2015/2015/2015 2016/2016/2016 2019/2019/2019
f 2016/2016/2016 2017/2017/2017 2020/2020/2020
f 41/41/41 918/918/918 2012/2012/2012
f 918/918/918 917/917/917 2013/2013/2013
f 917/917/917 916/916/916 2014/2014/2014
f 916/916/916 42/42/42 1015/1015/1015
f 2014/2014/2014 1015/1015/1015 1016/1016/1016
f 2017/2017/2017 1016/1016/1016 1017/1017/1017
f 2020/2020/2020 1017/1017/1017 140/140/140
f 2019/2019/2019 2020/2020/2020 334/334/334
f 2018/2018/2018 2019/2019/2019 336/336/336
f 1014/1014/1014 2018/2018/2018 339/339/339
f 1013/1013/1013 2015/2015/2015 2018/2018/2018
f 1012/1012/1012 2012/2012/2012 2015/2015/2015
f 2021/2021/2021 2022/2022/2022 2025/2025/2025
f 2022/2022/2022 2023/2023/2023 2026/2026/2026
f 2024/2024/2024 2025/2025/2025 2028/2028/2028
f 2025/2025/2025 2026/2026/2026 2029/2029/2029
f 42/42/42 921/921/921 2021/2021/2021
f 921/921/921 920/920/920 2022/2022/2022
f 920/920/920 919/919/919 2023/2023/2023
f 919/919/919 43/43/43 1018/1018/1018
f 2023/2023/2023 1018/1018/1018 1019/1019/1019
f 2026/2026/2026 1019/1019/1019 1020/1020/1020
f 2029/2029/2029 1020/1020/1020 143/143/143
f 2028/2028/2028 2029/2029/2029 340/340/340
f 2027/2027/2027 2028/2028/2028 343/343/343
f 1017/1017/1017 2027/2027/2027 345/345/345
f 1016/1016/1016 2024/2024/2024 2027/2027/2027
f 1015/1015/1015 2021/2021/2021 2024/2024/2024
f 2030/2030/2030 2031/2031/2031 2034/2034/2034
f 2031/2031/2031 2032/2032/2032 2035/2035/2035
f 2033/2033/2033 2034/2034/2034 2037/2037/2037
f 2034/2034/2034 2035/2035/2035 2038/2038/2038
f 43/43/43 924/924/924 2030/2030/2030
f 924/924/924 923/923/923 2031/2031/2031
f 923/923/923 922/922/922 2032/2032/2032
f 922/922/922 44/44/44 1021/1021/1021
f 2032/2032/2032 1021/1021/1021 1022/1022/1022
f 2035/2035/2035 1022/1022/1022 1023/1023/1023
f 2038/2038/2038 1023/1023/1023 144/144/144
f 2037/2037/2037 2038/2038/2038 346/346/346
f 2036/2036/2036 2037/2037/2037 347/347/347
f 1020/1020/1020 2036/2036/2036 348/348/348
f 1019/1019/1019 2033/2033/2033 2036/2036/2036
f 1018/1018/1018 2030/2030/2030 2033/2033/2033
f 2039/2039/2039 2040/2040/2040 2043/2043/2043
f 2040/2040/2040 2041/2041/2041 2044/2044/2044
f 2042/2042/2042 2043/2043/2043 2046/2046/2046
f 2043/2043/2043 2044/2044/2044 2047/2047/2047
f 44/44/44 927/927/927 2039/2039/2039
f 927/927/927 926/926/926 2040/2040/2040
f 926/926/926 925/925/925 2041/2041/2041
f 925/925/925 45/45/45 1024/1024/1024
f 2041/2041/2041 1024/1024/1024 1025/1025/1025
f 2044/2044/2044 1025/1025/1025 1026/1026/1026
f 2047/2047/2047 1026/1026/1026 146/146/146
f 2046/2046/2046 2047/2047/2047 349/349/349
f 2045/2045/2045 2046/2046/2046 350/350/350
f 1023/1023/1023 2045/2045/2045 351/351/351
f 1022/1022/1022 2042/2042/2042 2045/2045/2045
f 1021/1021/1021 2039/2039/2039 2042/2042/2042
f 2048/2048/2048 2049/2049/2049 2052/2052/2052
f 2049/2049/2049 2050/2050/2050 2053/2053/2053
f 2051/2051/2051 2052/2052/2052 2055/2055/2055
f 2052/2052/2052 2053/2053/2053 2056/2056/2056
f 45/45/45 930/930/930 2048/2048/2048
f 930/930/930 929/929/929 2049/2049/2049
f 929/929/929 928/928/928 2050/2050/2050
f 928/928/928 46/46/46 1027/1027/1027
f 2050/2050/2050 1027/1027/1027 1028/1028/1028
f 2053/2053/2053 1028/1028/1028 1029/1029/1029
f 2056/2056/2056 1029/1029/1029 148/148/148
f 2055/2055/2055 2056/2056/2056 353/353/353
f 2054/2054/2054 2055/2055/2055 354/354/354
f 1026/1026/1026 2054/2054/2054 357/357/357
f 1025/1025/1025 2051/2051/2051 2054/2054/2054
f 1024/1024/1024 2048/2048/2048 2051/2051/2051
f 2057/2057/2057 2058/2058/2058 2061/2061/2061
f 2058/2058/2058 2059/2059/2059 2062/2062/2062
f 2060/2060/2060 2061/2061/2061 2064/2064/2064
f 2061/2061/2061 2062/2062/2062 2065/2065/2065
f 46/46/46 933/933/933 2057/2057/2057
f 933/933/933 932/932/932 2058/2058/2058
f 932/932/932 931/931/931 2059/2059/2059
f 931/931/931 47/47/47 1030/1030/1030
f 2059/2059/2059 1030/1030/1030 1031/1031/1031
f 2062/2062/2062 1031/1031/1031 1032/1032/1032
f 2065/2065/2065 1032/1032/1032 149/149/149
f 2064/2064/2064 2065/2065/2065 359/359/359
f 2063/2063/2063 2064/2064/2064 361/361/361
f 1029/1029/1029 2063/2063/2063 363/363/363
f 1028/1028/1028 2060/2060/2060 2063/2063/2063
f 1027/1027/1027 2057/2057/2057 2060/2060/2060
f 2066/2066/2066 2067/2067/2067 2070/2070/2070
f 2067/2067/2067 2068/2068/2068 2071/2071/2071
f 2069/2069/2069 2070/2070/2070 2073/2073/2073
f 2070/2070/2070 2071/2071/2071 2074/2074/2074
f 47/47/47 936/936/936 2066/2066/2066
f 936/936/936 935/935/935 2067/2067/2067
f 935/935/935 934/934/934 2068/2068/2068
f 934/934/934 48/48/48 1033/1033/1033
f 2068/2068/2068 1033/1033/1033 1034/1034/1034
f 2071/2071/2071 1034/1034/1034 1035/1035/1035
f 2074/2074/2074 1035/1035/1035 152/152/152
f 2073/2073/2073 2074/2074/2074 364/364/364
f 2072/2072/2072 2073/2073/2073 366/366/366
f 1032/1032/1032 2072/2072/2072 369/369/369
f 1031/1031/1031 2069/2069/2069 2072/2072/2072
f 1030/1030/1030 2066/2066/2066 2069/2069/2069
f 2075/2075/2075 2076/2076/2076 2079/2079/2079
f 2076/2076/2076 2077/2077/2077 2080/2080/2080
f 2078/2078/2078 2079/2079/2079 2082/2082/2082
f 2079/2079/2079 2080/2080/2080 2083/2083/2083
f 48/48/48 939/939/939 2075/2075/2075
f 939/939/939 938/938/938 2076/2076/2076
f 938/938/938 937/937/937 2077/2077/2077
f 937/937/937 49/49/49 1036/1036/1036
f 2077/2077/2077 1036/1036/1036 1037/1037/1037
f 2080/2080/2080 1037/1037/1037 1038/1038/1038
f 2083/2083/2083 1038/1038/1038 153/153/153
f 2082/2082/2082 2083/2083/2083 371/371/371
f 2081/2081/2081 2082/2082/2082 373/373/373
f 1035/1035/1035 2081/2081/2081 374/374/374
f 1034/1034/1034 2078/2078/2078 2081/2081/2081
f 1033/1033/1033 2075/2075/2075 2078/2078/2078
f 2084/2084/2084 2085/2085/2085 2088/2088/2088
f 2085/2085/2085 2086/2086/2086 2089/2089/2089
f 2087/2087/2087 2088/2088/2088 2091/2091/2091
f 2088/2088/2088 2089/2089/2089 2092/2092/2092
f 49/49/49 942/942/942 2084/2084/2084
f 942/942/942 941/941/941 2085/2085/2085
f 941/941/941 940/940/940 2086/2086/2086
f 940/940/940 50/50/50 1039/1039/1039
f 2086/2086/2086 1039/1039/1039 1040/1040/1040
f 2089/2089/2089 1040/1040/1040 1041/1041/1041
f 2092/2092/2092 1041/1041/1041 155/155/155
f 2091/2091/2091 2092/2092/2092 376/376/376
f 2090/2090/2090 2091/2091/2091 379/379/379
f 1038/1038/1038 2090/2090/2090 380/380/380
f 1037/1037/1037 2087/2087/2087 2090/2090/2090
f 1036/1036/1036 2084/2084/2084 2087/2087/2087
f 2093/2093/2093 2094/2094/2094 2097/2097/2097
f 2094/2094/2094 2095/2095/2095 2098/2098/2098
f 2096/2096/2096 2097/2097/2097 2100/2100/2100
f 2097/2097/2097 2098/2098/2098 2101/2101/2101
f 50/50/50 945/945/945 2093/2093/2093
f 945/945/945 944/944/944 2094/2094/2094
f 944/944/944 943/943/943 2095/2095/2095
f 943/943/943 51/51/51 1042/1042/1042
f 2095/2095/2095 1042/1042/1042 1043/1043/1043
f 2098/2098/2098 1043/1043/1043 1044/1044/1044
f 2101/2101/2101 1044/1044/1044 157/157/157
f 2100/2100/2100 2101/2101/2101 382/382/382
f 2099/2099/2099 2100/2100/2100 384/384/384
f 1041/1041/1041 2099/2099/2099 386/386/386
f 1040/1040/1040 2096/2096/2096 2099/2099/2099
f 1039/1039/1039 2093/2093/2093 2096/2096/2096
f 2102/2102/2102 2103/2103/2103 2106/2106/2106
f 2103/2103/2103 2104/2104/2104 2107/2107/2107
f 2105/2105/2105 2106/2106/2106 2109/2109/2109
f 2106/2106/2106 2107/2107/2107 2110/2110/2110
f 51/51/51 948/948/948 2102/2102/2102
f 948/948/948 947/947/947 2103/2103/2103
f 947/947/947 946/946/946 2104/2104/2104
f 946/946/946 52/52/52 1045/1045/1045
f 2104/2104/2104 1045/1045/1045 1046/1046/1046
f 2107/2107/2107 1046/1046/1046 1047/1047/1047
f 2110/2110/2110 1047/1047/1047 160/160/160
f 2109/2109/2109 2110/2110/2110 388/388/388
f 2108/2108/2108 2109/2109/2109 391/391/391
f 1044/1044/1044 2108/2108/2108 392/392/392
f 1043/1043/1043 2105/2105/2105 2108/2108/2108
f 1042/1042/1042 2102/2102/2102 2105/2105/2105
f 2111/2111/2111 2112/2112/2112 2115/2115/2115
f 2112/2112/2112 2113/2113/2113 2116/2116/2116
f 2114/2114/2114 2115/2115/2115 2118/2118/2118
f 2115/2115/2115 2116/2116/2116 2119/2119/2119
f 52/52/52 951/951/951 2111/2111/2111
f 951/951/951 950/950/950 2112/2112/2112
f 950/950/950 949/949/949 2113/2113/2113
f 949/949/949 53/53/53 1048/1048/1048
f 2113/2113/2113 1048/1048/1048 1049/1049/1049
f 2116/2116/2116 1049/1049/1049 1050/1050/1050
f 2119/2119/2119 1050/1050/1050 162/162/162
f 2118/2118/2118 2119/2119/2119 394/394/394
f 2117/2117/2117 2118/2118/2118 396/396/396
f 1047/1047/1047 2117/2117/2117 398/398/398
f 1046/1046/1046 2114/2114/2114 2117/2117/2117
f 1045/1045/1045 2111/2111/2111 2114/2114/2114
f 2120/2120/2120 2121/2121/2121 2124/2124/2124
f 2121/2121/2121 2122/2122/2122 2125/2125/2125
f 2123/2123/2123 2124/2124/2124 2127/2127/2127
f 2124/2124/2124 2125/2125/2125 2128/2128/2128
f 53/53/53 954/954/954 2120/2120/2120
f 954/954/954 953/953/953 2121/2121/2121
f 953/953/953 952/952/952 2122/2122/2122
f 952/952/952 54/54/54 1051/1051/1051
f 2122/2122/2122 1051/1051/1051 1052/1052/1052
f 2125/2125/2125 1052/1052/1052 1053/1053/1053
f 2128/2128/2128 1053/1053/1053 165/165/165
f 2127/2127/2127 2128/2128/2128 401/401/401
f 2126/2126/2126 2127/2127/2127 403/403/403
f 1050/1050/1050 2126/2126/2126 405/405/405
f 1049/1049/1049 2123/2123/2123 2126/2126/2126
f 1048/1048/1048 2120/2120/2120 2123/2123/2123
f 2129/2129/2129 2130/2130/2130 2133/2133/2133
f 2130/2130/2130 2131/2131/2131 2134/2134/2134
f 2132/2132/2132 2133/2133/2133 2136/2136/2136
f 2133/2133/2133 2134/2134/2134 2137/2137/2137
f 54/54/54 957/957/957 2129/2129/2129
f 957/957/957 956/956/956 2130/2130/2130
f 956/956/956 955/955/955 2131/2131/2131
f 955/955/955 55/55/55 1054/1054/1054
f 2131/2131/2131 1054/1054/1054 1055/1055/1055
f 2134/2134/2134 1055/1055/1055 1056/1056/1056
f 2137/2137/2137 1056/1056/1056 166/166/166
f 2136/2136/2136 2137/2137/2137 406/406/406
f 2135/2135/2135 2136/2136/2136 408/408/408
f 1053/1053/1053 2135/2135/2135 410/410/410
f 1052/1052/1052 2132/2132/2132 2135/2135/2135
f 1051/1051/1051 2129/2129/2129 2132/2132/2132
f 2138/2138/2138 2139/2139/2139 2142/2142/2142
f 2139/2139/2139 2140/2140/2140 2143/2143/2143
f 2141/2141/2141 2142/2142/2142 2145/2145/2145
f 2142/2142/2142 2143/2143/2143 2146/2146/2146
f 55/55/55 960/960/960 2138/2138/2138
f 960/960/960 959/959/959 2139/2139/2139
f 959/959/959 958/958/958 2140/2140/2140
f 958/958/958 56/56/56 1057/1057/1057
f 2140/2140/2140 1057/1057/1057 1058/1058/1058
f 2143/2143/2143 1058/1058/1058 1059/1059/1059
f 2146/2146/2146 1059/1059/1059 168/168/168
f 2145/2145/2145 2146/2146/2146 413/413/413
f 2144/2144/2144 2145/2145/2145 414/414/414
f 1056/1056/1056 2144/2144/2144 417/417/417
f 1055/1055/1055 2141/2141/2141 2144/2144/2144
f 1054/1054/1054 2138/2138/2138 2141/2141/2141
f 2147/2147/2147 2148/2148/2148 2151/2151/2151
f 2148/2148/2148 2149/2149/2149 2152/2152/2152
f 2150/2150/2150 2151/2151/2151 2154/2154/2154
f 2151/2151/2151 2152/2152/2152 2155/2155/2155
f 56/56/56 963/963/963 2147/2147/2147
f 963/963/963 962/962/962 2148/2148/2148
f 962/962/962 961/961/961 2149/2149/2149
f 961/961/961 57/57/57 1060/1060/1060
f 2149/2149/2149 1060/1060/1060 1061/1061/1061
f 2152/2152/2152 1061/1061/1061 1062/1062/1062
f 2155/2155/2155 1062/1062/1062 171/171/171
f 2154/2154/2154 2155/2155/2155 419/419/419
f 2153/2153/2153 2154/2154/2154 420/420/420
f 1059/1059/1059 2153/2153/2153 422/422/422
f 1058/1058/1058 2150/2150/2150 2153/2153/2153
f 1057/1057/1057 2147/2147/2147 2150/2150/2150
f 2156/2156/2156 2157/2157/2157 2160/2160/2160
f 2157/2157/2157 2158/2158/2158 2161/2161/2161
f 2159/2159/2159 2160/2160/2160 2163/2163/2163
f 2160/2160/2160 2161/2161/2161 2164/2164/2164
f 57/57/57 966/966/966 2156/2156/2156
f 966/966/966 965/965/965 2157/2157/2157
f 965/965/965 964/964/964 2158/2158/2158
f 964/964/964 58/58/58 1063/1063/1063
f 2158/2158/2158 1063/1063/1063 1064/1064/1064
f 2161/2161/2161 1064/1064/1064 1065/1065/1065
f 2164/2164/2164 1065/1065/1065 172/172/172
f 2163/2163/2163 2164/2164/2164 424/424/424
f 2162/2162/2162 2163/2163/2163 426/426/426
f 1062/1062/1062 2162/2162/2162 429/429/429
f 1061/1061/1061 2159/2159/2159 2162/2162/2162
f 1060/1060/1060 2156/2156/2156 2159/2159/2159
f 2165/2165/2165 2166/2166/2166 2169/2169/2169
f 2166/2166/2166 2167/2167/2167 2170/2170/2170
f 2168/2168/2168 2169/2169/2169 2172/2172/2172
f 2169/2169/2169 2170/2170/2170 2173/2173/2173
f 58/58/58 969/969/969 2165/2165/2165
f 969/969/969 968/968/968 2166/2166/2166
f 968/968/968 967/967/967 2167/2167/2167
f 967/967/967 59/59/59 1066/1066/1066
f 2167/2167/2167 1066/1066/1066 1067/1067/1067
f 2170/2170/2170 1067/1067/1067 1068/1068/1068
f 2173/2173/2173 1068/1068/1068 175/175/175
f 2172/2172/2172 2173/2173/2173 430/430/430
f 2171/2171/2171 2172/2172/2172 432/432/432
f 1065/1065/1065 2171/2171/2171 434/434/434
f 1064/1064/1064 2168/2168/2168 2171/2171/2171
f 1063/1063/1063 2165/2165/2165 2168/2168/2168
f 2174/2174/2174 2175/2175/2175 2178/2178/2178
f 2175/2175/2175 2176/2176/2176 2179/2179/2179
f 2177/2177/2177 2178/2178/2178 2181/2181/2181
f 2178/2178/2178 2179/2179/2179 2182/2182/2182
f 59/59/59 972/972/972 2174/2174/2174
f 972/972/972 971/971/971 2175/2175/2175
f 971/971/971 970/970/970 2176/2176/2176
f 970/970/970 60/60/60 1069/1069/1069
f 2176/2176/2176 1069/1069/1069 1070/1070/1070
f 2179/2179/2179 1070/1070/1070 1071/1071/1071
f 2182/2182/2182 1071/1071/1071 177/177/177
f 2181/2181/2181 2182/2182/2182 436/436/436
f 2180/2180/2180 2181/2181/2181 437/437/437
f 1068/1068/1068 2180/2180/2180 438/438/438
f 1067/1067/1067 2177/2177/2177 2180/2180/2180
f 1066/1066/1066 2174/2174/2174 2177/2177/2177
f 2183/2183/2183 2184/2184/2184 2187/2187/2187
f 2184/2184/2184 2185/2185/2185 2188/2188/2188
f 2186/2186/2186 2187/2187/2187 2190/2190/2190
f 2187/2187/2187 2188/2188/2188 2191/2191/2191
f 60/60/60 975/975/975 2183/2183/2183
f 975/975/975 974/974/974 2184/2184/2184
f 974/974/974 973/973/973 2185/2185/2185
f 973/973/973 61/61/61 1072/1072/1072
f 2185/2185/2185 1072/1072/1072 1073/1073/1073
f 2188/2188/2188 1073/1073/1073 1074/1074/1074
f 2191/2191/2191 1074/1074/1074 178/178/178
f 2190/2190/2190 2191/2191/2191 440/440/440
f 2189/2189/2189 2190/2190/2190 442/442/442
f 1071/1071/1071 2189/2189/2189 444/444/444
f 1070/1070/1070 2186/2186/2186 2189/2189/2189
f 1069/1069/1069 2183/2183/2183 2186/2186/2186
f 2192/2192/2192 2193/2193/2193 2196/2196/2196
f 2193/2193/2193 2194/2194/2194 2197/2197/2197
f 2195/2195/2195 2196/2196/2196 2199/2199/2199
f 2196/2196/2196 2197/2197/2197 2200/2200/2200
f 61/61/61 978/978/978 2192/2192/2192
f 978/978/978 977/977/977 2193/2193/2193
f 977/977/977 976/976/976 2194/2194/2194
f 976/976/976 62/62/62 1075/1075/1075
f 2194/2194/2194 1075/1075/1075 1076/1076/1076
f 2197/2197/2197 1076/1076/1076 1077/1077/1077
f 2200/2200/2200 1077/1077/1077 181/181/181
f 2199/2199/2199 2200/2200/2200 445/445/445
f 2198/2198/2198 2199/2199/2199 447/447/447
f 1074/1074/1074 2198/2198/2198 449/449/449
f 1073/1073/1073 2195/2195/2195 2198/2198/2198
f 1072/1072/1072 2192/2192/2192 2195/2195/2195
f 2201/2201/2201 2202/2202/2202 2205/2205/2205
f 2202/2202/2202 2203/2203/2203 2206/2206/2206
f 2204/2204/2204 2205/2205/2205 2208/2208/2208
f 2205/2205/2205 2206/2206/2206 2209/2209/2209
f 62/62/62 981/981/981 2201/2201/2201
f 981/981/981 980/980/980 2202/2202/2202
f 980/980/980 979/979/979 2203/2203/2203
f 979/979/979 63/63/63 1078/1078/1078
f 2203/2203/2203 1078/1078/1078 1079/1079/1079
f 2206/2206/2206 1079/1079/1079 1080/1080/1080
f 2209/2209/2209 1080/1080/1080 182/182/182
f 2208/2208/2208 2209/2209/2209 451/451/451
f 2207/2207/2207 2208/2208/2208 454/454/454
f 1077/1077/1077 2207/2207/2207 455/455/455
f 1076/1076/1076 2204/2204/2204 2207/2207/2207
f 1075/1075/1075 2201/2201/2201 2204/2204/2204
f 2210/2210/2210 2211/2211/2211 2214/2214/2214
f 2211/2211/2211 2212/2212/2212 2215/2215/2215
f 2213/2213/2213 2214/2214/2214 2217/2217/2217
f 2214/2214/2214 2215/2215/2215 2218/2218/2218
f 63/63/63 984/984/984 2210/2210/2210
f 984/984/984 983/983/983 2211/2211/2211
f 983/983/983 982/982/982 2212/2212/2212
f 982/982/982 64/64/64 1081/1081/1081
f 2212/2212/2212 1081/1081/1081 1082/1082/1082
f 2215/2215/2215 1082/1082/1082 1083/1083/1083
f 2218/2218/2218 1083/1083/1083 185/185/185
f 2217/2217/2217 2218/2218/2218 458/458/458
f 2216/2216/2216 2217/2217/2217 459/459/459
f 1080/1080/1080 2216/2216/2216 462/462/462
f 1079/1079/1079 2213/2213/2213 2216/2216/2216
f 1078/1078/1078 2210/2210/2210 2213/2213/2213
f 2219/2219/2219 2220/2220/2220 2223/2223/2223
f 2220/2220/2220 2221/2221/2221 2224/2224/2224
f 2222/2222/2222 2223/2223/2223 2226/2226/2226
f 2223/2223/2223 2224/2224/2224 2227/2227/2227
f 64/64/64 987/987/987 2219/2219/2219
f 987/987/987 986/986/986 2220/2220/2220
f 986/986/986 985/985/985 2221/2221/2221
f 985/985/985 65/65/65 1084/1084/1084
f 2221/2221/2221 1084/1084/1084 1085/1085/1085
f 2224/2224/2224 1085/1085/1085 1086/1086/1086
f 2227/2227/2227 1086/1086/1086 186/186/186
f 2226/2226/2226 2227/2227/2227 464/464/464
f 2225/2225/2225 2226/2226/2226 466/466/466
f 1083/1083/1083 2225/2225/2225 467/467/467
f 1082/1082/1082 2222/2222/2222 2225/2225/2225
f 1081/1081/1081 2219/2219/2219 2222/2222/2222
f 2228/2228/2228 2229/2229/2229 2232/2232/2232
f 2229/2229/2229 2230/2230/2230 2233/2233/2233
f 2231/2231/2231 2232/2232/2232 2235/2235/2235
f 2232/2232/2232 2233/2233/2233 2236/2236/2236
f 65/65/65 990/990/990 2228/2228/2228
f 990/990/990 989/989/989 2229/2229/2229
f 989/989/989 988/988/988 2230/2230/2230
f 988/988/988 66/66/66 1087/1087/1087
f 2230/2230/2230 1087/1087/1087 1088/1088/1088
f 2233/2233/2233 1088/1088/1088 1089/1089/1089
f 2236/2236/2236 1089/1089/1089 189/189/189
f 2235/2235/2235 2236/2236/2236 470/470/470
f 2234/2234/2234 2235/2235/2235 472/472/472
f 1086/1086/1086 2234/2234/2234 473/473/473
f 1085/1085/1085 2231/2231/2231 2234/2234/2234
f 1084/1084/1084 2228/2228/2228 2231/2231/2231
f 2237/2237/2237 2238/2238/2238 2241/2241/2241
f 2238/2238/2238 2239/2239/2239 2242/2242/2242
f 2240/2240/2240 2241/2241/2241 2244/2244/2244
f 2241/2241/2241 2242/2242/2242 2245/2245/2245
f 66/66/66 993/993/993 2237/2237/2237
f 993/993/993 992/992/992 2238/2238/2238
f 992/992/992 991/991/991 2239/2239/2239
f 991/991/991 67/67/67 1090/1090/1090
f 2239/2239/2239 1090/1090/1090 1091/1091/1091
f 2242/2242/2242 1091/1091/1091 1092/1092/1092
f 2245/2245/2245 1092/1092/1092 191/191/191
f 2244/2244/2244 2245/2245/2245 476/476/476
f 2243/2243/2243 2244/2244/2244 477/477/477
f 1089/1089/1089 2243/2243/2243 480/480/480
f 1088/1088/1088 2240/2240/2240 2243/2243/2243
f 1087/1087/1087 2237/2237/2237 2240/2240/2240
f 2246/2246/2246 2247/2247/2247 2250/2250/2250
f 2247/2247/2247 2248/2248/2248 2251/2251/2251
f 2249/2249/2249 2250/2250/2250 2253/2253/2253
f 2250/2250/2250 2251/2251/2251 2254/2254/2254
f 67/67/67 996/996/996 2246/2246/2246
f 996/996/996 995/995/995 2247/2247/2247
f 995/995/995 994/994/994 2248/2248/2248
f 994/994/994 68/68/68 1093/1093/1093
f 2248/2248/2248 1093/1093/1093 1094/1094/1094
f 2251/2251/2251 1094/1094/1094 1095/1095/1095
f 2254/2254/2254 1095/1095/1095 193/193/193
f 2253/2253/2253 2254/2254/2254 481/481/481
f 2252/2252/2252 2253/2253/2253 482/482/482
f 1092/1092/1092 2252/2252/2252 483/483/483
f 1091/1091/1091 2249/2249/2249 2252/2252/2252
f 1090/1090/1090 2246/2246/2246 2249/2249/2249
f 2255/2255/2255 2256/2256/2256 2259/2259/2259
f 2256/2256/2256 2257/2257/2257 2260/2260/2260
f 2258/2258/2258 2259/2259/2259 2262/2262/2262
f 2259/2259/2259 2260/2260/2260 2263/2263/2263
f 68/68/68 999/999/999 2255/2255/2255
f 999/999/999 998/998/998 2256/2256/2256
f 998/998/998 997/997/997 2257/2257/2257
f 997/997/997 69/69/69 1096/1096/1096
f 2257/2257/2257 1096/1096/1096 1097/1097/1097
f 2260/2260/2260 1097/1097/1097 1098/1098/1098
f 2263/2263/2263 1098/1098/1098 195/195/195
f 2262/2262/2262 2263/2263/2263 484/484/484
f 2261/2261/2261 2262/2262/2262 487/487/487
f 1095/1095/1095 2261/2261/2261 489/489/489
f 1094/1094/1094 2258/2258/2258 2261/2261/2261
f 1093/1093/1093 2255/2255/2255 2258/2258/2258
f 2264/2264/2264 2265/2265/2265 2268/2268/2268
f 2265/2265/2265 2266/2266/2266 2269/2269/2269
f 2267/2267/2267 2268/2268/2268 2271/2271/2271
f 2268/2268/2268 2269/2269/2269 2272/2272/2272
f 69/69/69 1002/1002/1002 2264/2264/2264
f 1002/1002/1002 1001/1001/1001 2265/2265/2265
f 1001/1001/1001 1000/1000/1000 2266/2266/2266
f 1000/1000/1000 70/70/70 1099/1099/1099
f 2266/2266/2266 1099/1099/1099 1100/1100/1100
f 2269/2269/2269 1100/1100/1100 1101/1101/1101
f 2272/2272/2272 1101/1101/1101 197/197/197
f 2271/2271/2271 2272/2272/2272 491/491/491
f 2270/2270/2270 2271/2271/2271 492/492/492
f 1098/1098/1098 2270/2270/2270 494/494/494
f 1097/1097/1097 2267/2267/2267 2270/2270/2270
f 1096/1096/1096 2264/2264/2264 2267/2267/2267
f 2273/2273/2273 2274/2274/2274 2277/2277/2277
f 2274/2274/2274 2275/2275/2275 2278/2278/2278
f 2276/2276/2276 2277/2277/2277 2280/2280/2280
f 2277/2277/2277 2278/2278/2278 2281/2281/2281
f 70/70/70 1005/1005/1005 2273/2273/2273
f 1005/1005/1005 1004/1004/1004 2274/2274/2274
f 1004/1004/1004 1003/1003/1003 2275/2275/2275
f 1003/1003/1003 71/71/71 1102/1102/1102
f 2275/2275/2275 1102/1102/1102 1103/1103/1103
f 2278/2278/2278 1103/1103/1103 1104/1104/1104
f 2281/2281/2281 1104/1104/1104 199/199/199
f 2280/2280/2280 2281/2281/2281 497/497/497
f 2279/2279/2279 2280/2280/2280 499/499/499
f 1101/1101/1101 2279/2279/2279 500/500/500
f 1100/1100/1100 2276/2276/2276 2279/2279/2279
f 1099/1099/1099 2273/2273/2273 2276/2276/2276
f 2282/2282/2282 2283/2283/2283 2286/2286/2286
f 2283/2283/2283 2284/2284/2284 2287/2287/2287
f 2285/2285/2285 2286/2286/2286 2289/2289/2289
f 2286/2286/2286 2287/2287/2287 2290/2290/2290
f 71/71/71 1008/1008/1008 2282/2282/2282
f 1008/1008/1008 1007/1007/1007 2283/2283/2283
f 1007/1007/1007 1006/1006/1006 2284/2284/2284
f 1006/1006/1006 40/40/40 1011/1011/1011
f 2284/2284/2284 1011/1011/1011 1010/1010/1010
f 2287/2287/2287 1010/1010/1010 1009/1009/1009
f 2290/2290/2290 1009/1009/1009 138/138/138
f 2289/2289/2289 2290/2290/2290 503/503/503
f 2288/2288/2288 2289/2289/2289 504/504/504
f 1104/1104/1104 2288/2288/2288 506/506/506
f 1103/1103/1103 2285/2285/2285 2288/2288/2288
f 1102/1102/1102 2282/2282/2282 2285/2285/2285
f 2291/2291/2291 2292/2292/2292 2295/2295/2295
f 2292/2292/2292 2293/2293/2293 2296/2296/2296
f 2294/2294/2294 2295/2295/2295 2298/2298/2298
f 2295/2295/2295 2296/2296/2296 2299/2299/2299
f 105/105/105 1105/1105/1105 2291/2291/2291
f 1105/1105/1105 1106/1106/1106 2292/2292/2292
f 1106/1106/1106 1107/1107/1107 2293/2293/2293
f 1107/1107/1107 104/104/104 1204/1204/1204
f 2293/2293/2293 1204/1204/1204 1205/1205/1205
f 2296/2296/2296 1205/1205/1205 1206/1206/1206
f 2299/2299/2299 1206/1206/1206 201/201/201
f 2298/2298/2298 2299/2299/2299 723/723/723
f 2297/2297/2297 2298/2298/2298 722/722/722
f 1201/1201/1201 2297/2297/2297 721/721/721
f 1202/1202/1202 2294/2294/2294 2297/2297/2297
f 1203/1203/1203 2291/2291/2291 2294/2294/2294
f 2300/2300/2300 2301/2301/2301 2304/2304/2304
f 2301/2301/2301 2302/2302/2302 2305/2305/2305
f 2303/2303/2303 2304/2304/2304 2307/2307/2307
f 2304/2304/2304 2305/2305/2305 2308/2308/2308
f 106/106/106 1108/1108/1108 2300/2300/2300
f 1108/1108/1108 1109/1109/1109 2301/2301/2301
f 1109/1109/1109 1110/1110/1110 2302/2302/2302
f 1110/1110/1110 105/105/105 1203/1203/1203
f 2302/2302/2302 1203/1203/1203 1202/1202/1202
f 2305/2305/2305 1202/1202/1202 1201/1201/1201
f 2308/2308/2308 1201/1201/1201 200/200/200
f 2307/2307/2307 2308/2308/2308 726/726/726
f 2306/2306/2306 2307/2307/2307 725/725/725
f 1207/1207/1207 2306/2306/2306 724/724/724
f 1208/1208/1208 2303/2303/2303 2306/2306/2306
f 1209/1209/1209 2300/2300/2300 2303/2303/2303
f 2309/2309/2309 2310/2310/2310 2313/2313/2313
f 2310/2310/2310 2311/2311/2311 2314/2314/2314
f 2312/2312/2312 2313/2313/2313 2316/2316/2316
f 2313/2313/2313 2314/2314/2314 2317/2317/2317
f 107/107/107 1111/1111/1111 2309/2309/2309
f 1111/1111/1111 1112/1112/1112 2310/2310/2310
f 1112/1112/1112 1113/1113/1113 2311/2311/2311
f 1113/1113/1113 106/106/106 1209/1209/1209
f 2311/2311/2311 1209/1209/1209 1208/1208/1208
f 2314/2314/2314 1208/1208/1208 1207/1207/1207
f 2317/2317/2317 1207/1207/1207 202/202/202
f 2316/2316/2316 2317/2317/2317 729/729/729
f 2315/2315/2315 2316/2316/2316 728/728/728
f 1210/1210/1210 2315/2315/2315 727/727/727
f 1211/1211/1211 2312/2312/2312 2315/2315/2315
f 1212/1212/1212 2309/2309/2309 2312/2312/2312
f 2318/2318/2318 2319/2319/2319 2322/2322/2322
f 2319/2319/2319 2320/2320/2320 2323/2323/2323
f 2321/2321/2321 2322/2322/2322 2325/2325/2325
f 2322/2322/2322 2323/2323/2323 2326/2326/2326
f 108/108/108 1114/1114/1114 2318/2318/2318
f 1114/1114/1114 1115/1115/1115 2319/2319/2319
f 1115/1115/1115 1116/1116/1116 2320/2320/2320
f 1116/1116/1116 107/107/107 1212/1212/1212
f 2320/2320/2320 1212/1212/1212 1211/1211/1211
f 2323/2323/2323 1211/1211/1211 1210/1210/1210
f 2326/2326/2326 1210/1210/1210 203/203/203
f 2325/2325/2325 2326/2326/2326 732/732/732
f 2324/2324/2324 2325/2325/2325 731/731/731
f 1213/1213/1213 2324/2324/2324 730/730/730
f 1214/1214/1214 2321/2321/2321 2324/2324/2324
f 1215/1215/1215 2318/2318/2318 2321/2321/2321
f 2327/2327/2327 2328/2328/2328 2331/2331/2331
f 2328/2328/2328 2329/2329/2329 2332/2332/2332
f 2330/2330/2330 2331/2331/2331 2334/2334/2334
f 2331/2331/2331 2332/2332/2332 2335/2335/2335
f 109/109/109 1117/1117/1117 2327/2327/2327
f 1117/1117/1117 1118/1118/1118 2328/2328/2328
f 1118/1118/1118 1119/1119/1119 2329/2329/2329
f 1119/1119/1119 108/108/108 1215/1215/1215
f 2329/2329/2329 1215/1215/1215 1214/1214/1214
f 2332/2332/2332 1214/1214/1214 1213/1213/1213
f 2335/2335/2335 1213/1213/1213 204/204/204
f 2334/2334/2334 2335/2335/2335 735/735/735
f 2333/2333/2333 2334/2334/2334 734/734/734
f 1216/1216/1216 2333/2333/2333 733/733/733
f 1217/1217/1217 2330/2330/2330 2333/2333/2333
f 1218/1218/1218 2327/2327/2327 2330/2330/2330
f 2336/2336/2336 2337/2337/2337 2340/2340/2340
f 2337/2337/2337 2338/2338/2338 2341/2341/2341
f 2339/2339/2339 2340/2340/2340 2343/2343/2343
f 2340/2340/2340 2341/2341/2341 2344/2344/2344
f 110/110/110 1120/1120/1120 2336/2336/2336
f 1120/1120/1120 1121/1121/1121 2337/2337/2337
f 1121/1121/1121 1122/1122/1122 2338/2338/2338
f 1122/1122/1122 109/109/109 1218/1218/1218
f 2338/2338/2338 1218/1218/1218 1217/1217/1217
f 2341/2341/2341 1217/1217/1217 1216/1216/1216
f 2344/2344/2344 1216/1216/1216 205/205/205
f 2343/2343/2343 2344/2344/2344 738/738/738
f 2342/2342/2342 2343/2343/2343 737/737/737
f 1219/1219/1219 2342/2342/2342 736/736/736
f 1220/1220/1220 2339/2339/2339 2342/2342/2342
f 1221/1221/1221 2336/2336/2336 2339/2339/2339
f 2345/2345/2345 2346/2346/2346 2349/2349/2349
f 2346/2346/2346 2347/2347/2347 2350/2350/2350
f 2348/2348/2348 2349/2349/2349 2352/2352/2352
f 2349/2349/2349 2350/2350/2350 2353/2353/2353
f 111/111/111 1123/1123/1123 2345/2345/2345
f 1123/1123/1123 1124/1124/1124 2346/2346/2346
f 1124/1124/1124 1125/1125/1125 2347/2347/2347
f 1125/1125/1125 110/110/110 1221/1221/1221
f 2347/2347/2347 1221/1221/1221 1220/1220/1220
f 2350/2350/2350 1220/1220/1220 1219/1219/1219
f 2353/2353/2353 1219/1219/1219 206/206/206
f 2352/2352/2352 2353/2353/2353 741/741/741
f 2351/2351/2351 2352/2352/2352 740/740/740
f 1222/1222/1222 2351/2351/2351 739/739/739
f 1223/1223/1223 2348/2348/2348 2351/2351/2351
f 1224/1224/1224 2345/2345/2345 2348/2348/2348
f 2354/2354/2354 2355/2355/2355 2358/2358/2358
f 2355/2355/2355 2356/2356/2356 2359/2359/2359
f 2357/2357/2357 2358/2358/2358 2361/2361/2361
f 2358/2358/2358 2359/2359/2359 2362/2362/2362
f 112/112/112 1126/1126/1126 2354/2354/2354
f 1126/1126/1126 1127/1127/1127 2355/2355/2355
f 1127/1127/1127 1128/1128/1128 2356/2356/2356
f 1128/1128/1128 111/111/111 1224/1224/1224
f 2356/2356/2356 1224/1224/1224 1223/1223/1223
f 2359/2359/2359 1223/1223/1223 1222/1222/1222
f 2362/2362/2362 1222/1222/1222 207/207/207
f 2361/2361/2361 2362/2362/2362 744/744/744
f 2360/2360/2360 2361/2361/2361 743/743/743
f 1225/1225/1225 2360/2360/2360 742/742/742
f 1226/1226/1226 2357/2357/2357 2360/2360/2360
f 1227/1227/1227 2354/2354/2354 2357/2357/2357
f 2363/2363/2363 2364/2364/2364 2367/2367/2367
f 2364/2364/2364 2365/2365/2365 2368/2368/2368
f 2366/2366/2366 2367/2367/2367 2370/2370/2370
f 2367/2367/2367 2368/2368/2368 2371/2371/2371
f 113/113/113 1129/1129/1129 2363/2363/2363
f 1129/1129/1129 1130/1130/1130 2364/2364/2364
f 1130/1130/1130 1131/1131/1131 2365/2365/2365
f 1131/1131/1131 112/112/112 1227/1227/1227
f 2365/2365/2365 1227/1227/1227 1226/1226/1226
f 2368/2368/2368 1226/1226/1226 1225/1225/1225
f 2371/2371/2371 1225/1225/1225 208/208/208
f 2370/2370/2370 2371/2371/2371 747/747/747
f 2369/2369/2369 2370/2370/2370 746/746/746
f 1228/1228/1228 2369/2369/2369 745/745/745
f 1229/1229/1229 2366/2366/2366 2369/2369/2369
f 1230/1230/1230 2363/2363/2363 2366/2366/2366
f 2372/2372/2372 2373/2373/2373 2376/2376/2376
f 2373/2373/2373 2374/2374/2374 2377/2377/2377
f 2375/2375/2375 2376/2376/2376 2379/2379/2379
f 2376/2376/2376 2377/2377/2377 2380/2380/2380
f 114/114/114 1132/1132/1132 2372/2372/2372
f 1132/1132/1132 1133/1133/1133 2373/2373/2373
f 1133/1133/1133 1134/1134/1134 2374/2374/2374
f 1134/1134/1134 113/113/113 1230/1230/1230
f 2374/2374/2374 1230/1230/1230 1229/1229/1229
f 2377/2377/2377 1229/1229/1229 1228/1228/1228
f 2380/2380/2380 1228/1228/1228 209/209/209
f 2379/2379/2379 2380/2380/2380 750/750/750
f 2378/2378/2378 2379/2379/2379 749/749/749
f 1231/1231/1231 2378/2378/2378 748/748/748
f 1232/1232/1232 2375/2375/2375 2378/2378/2378
f 1233/1233/1233 2372/2372/2372 2375/2375/2375
f 2381/2381/2381 2382/2382/2382 2385/2385/2385
f 2382/2382/2382 2383/2383/2383 2386/2386/2386
f 2384/2384/2384 2385/2385/2385 2388/2388/2388
f 2385/2385/2385 2386/2386/2386 2389/2389/2389
f 115/115/115 1135/1135/1135 2381/2381/2381
f 1135/1135/1135 1136/1136/1136 2382/2382/2382
f 1136/1136/1136 1137/1137/1137 2383/2383/2383
f 1137/1137/1137 114/114/114 1233/1233/1233
f 2383/2383/2383 1233/1233/1233 1232/1232/1232
f 2386/2386/2386 1232/1232/1232 1231/1231/1231
f 2389/2389/2389 1231/1231/1231 210/210/210
f 2388/2388/2388 2389/2389/2389 753/753/753
f 2387/2387/2387 2388/2388/2388 752/752/752
f 1234/1234/1234 2387/2387/2387 751/751/751
f 1235/1235/1235 2384/2384/2384 2387/2387/2387
f 1236/1236/1236 2381/2381/2381 2384/2384/2384
f 2390/2390/2390 2391/2391/2391 2394/2394/2394
f 2391/2391/2391 2392/2392/2392 2395/2395/2395
f 2393/2393/2393 2394/2394/2394 2397/2397/2397
f 2394/2394/2394 2395/2395/2395 2398/2398/2398
f 116/116/116 1138/1138/1138 2390/2390/2390
f 1138/1138/1138 1139/1139/1139 2391/2391/2391
f 1139/1139/1139 1140/1140/1140 2392/2392/2392
f 1140/1140/1140 115/115/115 1236/1236/1236
f 2392/2392/2392 1236/1236/1236 1235/1235/1235
f 2395/2395/2395 1235/1235/1235 1234/1234/1234
f 2398/2398/2398 1234/1234/1234 211/211/211
f 2397/2397/2397 2398/2398/2398 756/756/756
f 2396/2396/2396 2397/2397/2397 755/755/755
f 1237/1237/1237 2396/2396/2396 754/754/754
f 1238/1238/1238 2393/2393/2393 2396/2396/2396
f 1239/1239/1239 2390/2390/2390 2393/2393/2393
f 2399/2399/2399 2400/2400/2400 2403/2403/2403
f 2400/2400/2400 2401/2401/2401 2404/2404/2404
f 2402/2402/2402 2403/2403/2403 2406/2406/2406
f 2403/2403/2403 2404/2404/2404 2407/2407/2407
f 117/117/117 1141/1141/1141 2399/2399/2399
f 1141/1141/1141 1142/1142/1142 2400/2400/2400
f 1142/1142/1142 1143/1143/1143 2401/2401/2401
f 1143/1143/1143 116/116/116 1239/1239/1239
f 2401/2401/2401 1239/1239/1239 1238/1238/1238
f 2404/2404/2404 1238/1238/1238 1237/1237/1237
f 2407/2407/2407 1237/1237/1237 212/212/212
f 2406/2406/2406 2407/2407/2407 759/759/759
f 2405/2405/2405 2406/2406/2406 758/758/758
f 1240/1240/1240 2405/2405/2405 757/757/757
f 1241/1241/1241 2402/2402/2402 2405/2405/2405
f 1242/1242/1242 2399/2399/2399 2402/2402/2402
f 2408/2408/2408 2409/2409/2409 2412/2412/2412
f 2409/2409/2409 2410/2410/2410 2413/2413/2413
f 2411/2411/2411 2412/2412/2412 2415/2415/2415
f 2412/2412/2412 2413/2413/2413 2416/2416/2416
f 118/118/118 1144/1144/1144 2408/2408/2408
f 1144/1144/1144 1145/1145/1145 2409/2409/2409
f 1145/1145/1145 1146/1146/1146 2410/2410/2410
f 1146/1146/1146 117/117/117 1242/1242/1242
f 2410/2410/2410 1242/1242/1242 1241/1241/1241
f 2413/2413/2413 1241/1241/1241 1240/1240/1240
f 2416/2416/2416 1240/1240/1240 213/213/213
f 2415/2415/2415 2416/2416/2416 762/762/762
f 2414/2414/2414 2415/2415/2415 761/761/761
f 1243/1243/1243 2414/2414/2414 760/760/760
f 1244/1244/1244 2411/2411/2411 2414/2414/2414
f 1245/1245/1245 2408/2408/2408 2411/2411/2411
f 2417/2417/2417 2418/2418/2418 2421/2421/2421
f 2418/2418/2418 2419/2419/2419 2422/2422/2422
f 2420/2420/2420 2421/2421/2421 2424/2424/2424
f 2421/2421/2421 2422/2422/2422 2425/2425/2425
f 119/119/119 1147/1147/1147 2417/2417/2417
f 1147/1147/1147 1148/1148/1148 2418/2418/2418
f 1148/1148/1148 1149/1149/1149 2419/2419/2419
f 1149/1149/1149 118/118/118 1245/1245/1245
f 2419/2419/2419 1245/1245/1245 1244/1244/1244
f 2422/2422/2422 1244/1244/1244 1243/1243/1243
f 2425/2425/2425 1243/1243/1243 214/214/214
f 2424/2424/2424 2425/2425/2425 765/765/765
f 2423/2423/2423 2424/2424/2424 764/764/764
f 1246/1246/1246 2423/2423/2423 763/763/763
f 1247/1247/1247 2420/2420/2420 2423/2423/2423
f 1248/1248/1248 2417/2417/2417 2420/2420/2420
f 2426/2426/2426 2427/2427/2427 2430/2430/2430
f 2427/2427/2427 2428/2428/2428 2431/2431/2431
f 2429/2429/2429 2430/2430/2430 2433/2433/2433
f 2430/2430/2430 2431/2431/2431 2434/2434/2434
f 120/120/120 1150/1150/1150 2426/2426/2426
f 1150/1150/1150 1151/1151/1151 2427/2427/2427
f 1151/1151/1151 1152/1152/1152 2428/2428/2428
f 1152/1152/1152 119/119/119 1248/1248/1248
f 2428/2428/2428 1248/1248/1248 1247/1247/1247
f 2431/2431/2431 1247/1247/1247 1246/1246/1246
f 2434/2434/2434 1246/1246/1246 215/215/215
f 2433/2433/2433 2434/2434/2434 768/768/768
f 2432/2432/2432 2433/2433/2433 767/767/767
f 1249/1249/1249 2432/2432/2432 766/766/766
f 1250/1250/1250 2429/2429/2429 2432/2432/2432
f 1251/1251/1251 2426/2426/2426 2429/2429/2429
f 2435/2435/2435 2436/2436/2436 2439/2439/2439
f 2436/2436/2436 2437/2437/2437 2440/2440/2440
f 2438/2438/2438 2439/2439/2439 2442/2442/2442
f 2439/2439/2439 2440/2440/2440 2443/2443/2443
f 121/121/121 1153/1153/1153 2435/2435/2435
f 1153/1153/1153 1154/1154/1154 2436/2436/2436
f 1154/1154/1154 1155/1155/1155 2437/2437/2437
f 1155/1155/1155 120/120/120 1251/1251/1251
f 2437/2437/2437 1251/1251/1251 1250/1250/1250
f 2440/2440/2440 1250/1250/1250 1249/1249/1249
f 2443/2443/2443 1249/1249/1249 216/216/216
f 2442/2442/2442 2443/2443/2443 771/771/771
f 2441/2441/2441 2442/2442/2442 770/770/770
f 1252/1252/1252 2441/2441/2441 769/769/769
f 1253/1253/1253 2438/2438/2438 2441/2441/2441
f 1254/1254/1254 2435/2435/2435 2438/2438/2438
f 2444/2444/2444 2445/2445/2445 2448/2448/2448
f 2445/2445/2445 2446/2446/2446 2449/2449/2449
f 2447/2447/2447 2448/2448/2448 2451/2451/2451
f 2448/2448/2448 2449/2449/2449 2452/2452/2452
f 122/122/122 1156/1156/1156 2444/2444/2444
f 1156/1156/1156 1157/1157/1157 2445/2445/2445
f 1157/1157/1157 1158/1158/1158 2446/2446/2446
f 1158/1158/1158 121/121/121 1254/1254/1254
f 2446/2446/2446 1254/1254/1254 1253/1253/1253
f 2449/2449/2449 1253/1253/1253 1252/1252/1252
f 2452/2452/2452 1252/1252/1252 217/217/217
f 2451/2451/2451 2452/2452/2452 774/774/774
f 2450/2450/2450 2451/2451/2451 773/773/773
f 1255/1255/1255 2450/2450/2450 772/772/772
f 1256/1256/1256 2447/2447/2447 2450/2450/2450
f 1257/1257/1257 2444/2444/2444 2447/2447/2447
f 2453/2453/2453 2454/2454/2454 2457/2457/2457
f 2454/2454/2454 2455/2455/2455 2458/2458/2458
f 2456/2456/2456 2457/2457/2457 2460/2460/2460
f 2457/2457/2457 2458/2458/2458 2461/2461/2461
f 123/123/123 1159/1159/1159 2453/2453/2453
f 1159/1159/1159 1160/1160/1160 2454/2454/2454
f 1160/1160/1160 1161/1161/1161 2455/2455/2455
f 1161/1161/1161 122/122/122 1257/1257/1257
f 2455/2455/2455 1257/1257/1257 1256/1256/1256
f 2458/2458/2458 1256/1256/1256 1255/1255/1255
f 2461/2461/2461 1255/1255/1255 218/218/218
f 2460/2460/2460 2461/2461/2461 777/777/777
f 2459/2459/2459 2460/2460/2460 776/776/776
f 1258/1258/1258 2459/2459/2459 775/775/775
f 1259/1259/1259 2456/2456/2456 2459/2459/2459
f 1260/1260/1260 2453/2453/2453 2456/2456/2456
f 2462/2462/2462 2463/2463/2463 2466/2466/2466
f 2463/2463/2463 2464/2464/2464 2467/2467/2467
f 2465/2465/2465 2466/2466/2466 2469/2469/2469
f 2466/2466/2466 2467/2467/2467 2470/2470/2470
f 124/124/124 1162/1162/1162 2462/2462/2462
f 1162/1162/1162 1163/1163/1163 2463/2463/2463
f 1163/1163/1163 1164/1164/1164 2464/2464/2464
f 1164/1164/1164 123/123/123 1260/1260/1260
f 2464/2464/2464 1260/1260/1260 1259/1259/1259
f 2467/2467/2467 1259/1259/1259 1258/1258/1258
f 2470/2470/2470 1258/1258/1258 219/219/219
f 2469/2469/2469 2470/2470/2470 780/780/780
f 2468/2468/2468 2469/2469/2469 779/779/779
f 1261/1261/1261 2468/2468/2468 778/778/778
f 1262/1262/1262 2465/2465/2465 2468/2468/2468
f 1263/1263/1263 2462/2462/2462 2465/2465/2465
f 2471/2471/2471 2472/2472/2472 2475/2475/2475
f 2472/2472/2472 2473/2473/2473 2476/2476/2476
f 2474/2474/2474 2475/2475/2475 2478/2478/2478
f 2475/2475/2475 2476/2476/2476 2479/2479/2479
f 125/125/125 1165/1165/1165 2471/2471/2471
f 1165/1165/1165 1166/1166/1166 2472/2472/2472
f 1166/1166/1166 1167/1167/1167 2473/2473/2473
f 1167/1167/1167 124/124/124 1263/1263/1263
f 2473/2473/2473 1263/1263/1263 1262/1262/1262
f 2476/2476/2476 1262/1262/1262 1261/1261/1261
f 2479/2479/2479 1261/1261/1261 220/220/220
f 2478/2478/2478 2479/2479/2479 783/783/783
f 2477/2477/2477 2478/2478/2478 782/782/782
f 1264/1264/1264 2477/2477/2477 781/781/781
f 1265/1265/1265 2474/2474/2474 2477/2477/2477
f 1266/1266/1266 2471/2471/2471 2474/2474/2474
f 2480/2480/2480 2481/2481/2481 2484/2484/2484
f 2481/2481/2481 2482/2482/2482 2485/2485/2485
f 2483/2483/2483 2484/2484/2484 2487/2487/2487
f 2484/2484/2484 2485/2485/2485 2488/2488/2488
f 126/126/126 1168/1168/1168 2480/2480/2480
f 1168/1168/1168 1169/1169/1169 2481/2481/2481
f 1169/1169/1169 1170/1170/1170 2482/2482/2482
f 1170/1170/1170 125/125/125 1266/1266/1266
f 2482/2482/2482 1266/1266/1266 1265/1265/1265
f 2485/2485/2485 1265/1265/1265 1264/1264/1264
f 2488/2488/2488 1264/1264/1264 221/221/221
f 2487/2487/2487 2488/2488/2488 786/786/786
f 2486/2486/2486 2487/2487/2487 785/785/785
f 1267/1267/1267 2486/2486/2486 784/784/784
f 1268/1268/1268 2483/2483/2483 2486/2486/2486
f 1269/1269/1269 2480/2480/2480 2483/2483/2483
f 2489/2489/2489 2490/2490/2490 2493/2493/2493
f 2490/2490/2490 2491/2491/2491 2494/2494/2494
f 2492/2492/2492 2493/2493/2493 2496/2496/2496
f 2493/2493/2493 2494/2494/2494 2497/2497/2497
f 127/127/127 1171/1171/1171 2489/2489/2489
f 1171/1171/1171 1172/1172/1172 2490/2490/2490
f 1172/1172/1172 1173/1173/1173 2491/2491/2491
f 1173/1173/1173 126/126/126 1269/1269/1269
f 2491/2491/2491 1269/1269/1269 1268/1268/1268
f 2494/2494/2494 1268/1268/1268 1267/1267/1267
f 2497/2497/2497 1267/1267/1267 222/222/222
f 2496/2496/2496 2497/2497/2497 789/789/789
f 2495/2495/2495 2496/2496/2496 788/788/788
f 1270/1270/1270 2495/2495/2495 787/787/787
f 1271/1271/1271 2492/2492/2492 2495/2495/2495
f 1272/1272/1272 2489/2489/2489 2492/2492/2492
f 2498/2498/2498 2499/2499/2499 2502/2502/2502
f 2499/2499/2499 2500/2500/2500 2503/2503/2503
f 2501/2501/2501 2502/2502/2502 2505/2505/2505
f 2502/2502/2502 2503/2503/2503 2506/2506/2506
f 128/128/128 1174/1174/1174 2498/2498/2498
f 1174/1174/1174 1175/1175/1175 2499/2499/2499
f 1175/1175/1175 1176/1176/1176 2500/2500/2500
f 1176/1176/1176 127/127/127 1272/1272/1272
f 2500/2500/2500 1272/1272/1272 1271/1271/1271
f 2503/2503/2503 1271/1271/1271 1270/1270/1270
f 2506/2506/2506 1270/1270/1270 223/223/223
f 2505/2505/2505 2506/2506/2506 792/792/792
f 2504/2504/2504 2505/2505/2505 791/791/791
f 1273/1273/1273 2504/2504/2504 790/790/790
f 1274/1274/1274 2501/2501/2501 2504/2504/2504
f 1275/1275/1275 2498/2498/2498 2501/2501/2501
f 2507/2507/2507 2508/2508/2508 2511/2511/2511
f 2508/2508/2508 2509/2509/2509 2512/2512/2512
f 2510/2510/2510 2511/2511/2511 2514/2514/2514
f 2511/2511/2511 2512/2512/2512 2515/2515/2515
f 129/129/129 1177/1177/1177 2507/2507/2507
f 1177/1177/1177 1178/1178/1178 2508/2508/2508
f 1178/1178/1178 1179/1179/1179 2509/2509/2509
f 1179/1179/1179 128/128/128 1275/1275/1275
f 2509/2509/2509 1275/1275/1275 1274/1274/1274
f 2512/2512/2512 1274/1274/1274 1273/1273/1273
f 2515/2515/2515 1273/1273/1273 224/224/224
f 2514/2514/2514 2515/2515/2515 795/795/795
f 2513/2513/2513 2514/2514/2514 794/794/794
f 1276/1276/1276 2513/2513/2513 793/793/793
f 1277/1277/1277 2510/2510/2510 2513/2513/2513
f 1278/1278/1278 2507/2507/2507 2510/2510/2510
f 2516/2516/2516 2517/2517/2517 2520/2520/2520
f 2517/2517/2517 2518/2518/2518 2521/2521/2521
f 2519/2519/2519 2520/2520/2520 2523/2523/2523
f 2520/2520/2520 2521/2521/2521 2524/2524/2524
f 130/130/130 1180/1180/1180 2516/2516/2516
f 1180/1180/1180 1181/1181/1181 2517/2517/2517
f 1181/1181/1181 1182/1182/1182 2518/2518/2518
f 1182/1182/1182 129/129/129 1278/1278/1278
f 2518/2518/2518 1278/1278/1278 1277/1277/1277
f 2521/2521/2521 1277/1277/1277 1276/1276/1276
f 2524/2524/2524 1276/1276/1276 225/225/225
f 2523/2523/2523 2524/2524/2524 798/798/798
f 2522/2522/2522 2523/2523/2523 797/797/797
f 1279/1279/1279 2522/2522/2522 796/796/796
f 1280/1280/1280 2519/2519/2519 2522/2522/2522
f 1281/1281/1281 2516/2516/2516 2519/2519/2519
f 2525/2525/2525 2526/2526/2526 2529/2529/2529
f 2526/2526/2526 2527/2527/2527 2530/2530/2530
f 2528/2528/2528 2529/2529/2529 2532/2532/2532
f 2529/2529/2529 2530/2530/2530 2533/2533/2533
f 131/131/131 1183/1183/1183 2525/2525/2525
f 1183/1183/1183 1184/1184/1184 2526/2526/2526
f 1184/1184/1184 1185/1185/1185 2527/2527/2527
f 1185/1185/1185 130/130/130 1281/1281/1281
f 2527/2527/2527 1281/1281/1281 1280/1280/1280
f 2530/2530/2530 1280/1280/1280 1279/1279/1279
f 2533/2533/2533 1279/1279/1279 226/226/226
f 2532/2532/2532 2533/2533/2533 801/801/801
f 2531/2531/2531 2532/2532/2532 800/800/800
f 1282/1282/1282 2531/2531/2531 799/799/799
f 1283/1283/1283 2528/2528/2528 2531/2531/2531
f 1284/1284/1284 2525/2525/2525 2528/2528/2528
f 2534/2534/2534 2535/2535/2535 2538/2538/2538
f 2535/2535/2535 2536/2536/2536 2539/2539/2539
f 2537/2537/2537 2538/2538/2538 2541/2541/2541
f 2538/2538/2538 2539/2539/2539 2542/2542/2542
f 132/132/132 1186/1186/1186 2534/2534/2534
f 1186/1186/1186 1187/1187/1187 2535/2535/2535
f 1187/1187/1187 1188/1188/1188 2536/2536/2536
f 1188/1188/1188 131/131/131 1284/1284/1284
f 2536/2536/2536 1284/1284/1284 1283/1283/1283
f 2539/2539/2539 1283/1283/1283 1282/1282/1282
f 2542/2542/2542 1282/1282/1282 227/227/227
f 2541/2541/2541 2542/2542/2542 804/804/804
f 2540/2540/2540 2541/2541/2541 803/803/803
f 1285/1285/1285 2540/2540/2540 802/802/802
f 1286/1286/1286 2537/2537/2537 2540/2540/2540
f 1287/1287/1287 2534/2534/2534 2537/2537/2537
f 2543/2543/2543 2544/2544/2544 2547/2547/2547
f 2544/2544/2544 2545/2545/2545 2548/2548/2548
f 2546/2546/2546 2547/2547/2547 2550/2550/2550
f 2547/2547/2547 2548/2548/2548 2551/2551/2551
f 133/133/133 1189/1189/1189 2543/2543/2543
f 1189/1189/1189 1190/1190/1190 2544/2544/2544
f 1190/1190/1190 1191/1191/1191 2545/2545/2545
f 1191/1191/1191 132/132/132 1287/1287/1287
f 2545/2545/2545 1287/1287/1287 1286/1286/1286
f 2548/2548/2548 1286/1286/1286 1285/1285/1285
f 2551/2551/2551 1285/1285/1285 228/228/228
f 2550/2550/2550 2551/2551/2551 807/807/807
f 2549/2549/2549 2550/2550/2550 806/806/806
f 1288/1288/1288 2549/2549/2549 805/805/805
f 1289/1289/1289 2546/2546/2546 2549/2549/2549
f 1290/1290/1290 2543/2543/2543 2546/2546/2546
f 2552/2552/2552 2553/2553/2553 2556/2556/2556
f 2553/2553/2553 2554/2554/2554 2557/2557/2557
f 2555/2555/2555 2556/2556/2556 2559/2559/2559
f 2556/2556/2556 2557/2557/2557 2560/2560/2560
f 134/134/134 1192/1192/1192 2552/2552/2552
f 1192/1192/1192 1193/1193/1193 2553/2553/2553
f 1193/1193/1193 1194/1194/1194 2554/2554/2554
f 1194/1194/1194 133/133/133 1290/1290/1290
f 2554/2554/2554 1290/1290/1290 1289/1289/1289
f 2557/2557/2557 1289/1289/1289 1288/1288/1288
f 2560/2560/2560 1288/1288/1288 229/229/229
f 2559/2559/2559 2560/2560/2560 810/810/810
f 2558/2558/2558 2559/2559/2559 809/809/809
f 1291/1291/1291 2558/2558/2558 808/808/808
f 1292/1292/1292 2555/2555/2555 2558/2558/2558
f 1293/1293/1293 2552/2552/2552 2555/2555/2555
f 2561/2561/2561 2562/2562/2562 2565/2565/2565
f 2562/2562/2562 2563/2563/2563 2566/2566/2566
f 2564/2564/2564 2565/2565/2565 2568/2568/2568
f 2565/2565/2565 2566/2566/2566 2569/2569/2569
f 135/135/135 1195/1195/1195 2561/2561/2561
f 1195/1195/1195 1196/1196/1196 2562/2562/2562
f 1196/1196/1196 1197/1197/1197 2563/2563/2563
f 1197/1197/1197 134/134/134 1293/1293/1293
f 2563/2563/2563 1293/1293/1293 1292/1292/1292
f 2566/2566/2566 1292/1292/1292 1291/1291/1291
f 2569/2569/2569 1291/1291/1291 230/230/230
f 2568/2568/2568 2569/2569/2569 813/813/813
f 2567/2567/2567 2568/2568/2568 812/812/812
f 1294/1294/1294 2567/2567/2567 811/811/811
f 1295/1295/1295 2564/2564/2564 2567/2567/2567
f 1296/1296/1296 2561/2561/2561 2564/2564/2564
f 2570/2570/2570 2571/2571/2571 2574/2574/2574
f 2571/2571/2571 2572/2572/2572 2575/2575/2575
f 2573/2573/2573 2574/2574/2574 2577/2577/2577
f 2574/2574/2574 2575/2575/2575 2578/2578/2578
f 104/104/104 1198/1198/1198 2570/2570/2570
f 1198/1198/1198 1199/1199/1199 2571/2571/2571
f 1199/1199/1199 1200/1200/1200 2572/2572/2572
f 1200/1200/1200 135/135/135 1296/1296/1296
f 2572/2572/2572 1296/1296/1296 1295/1295/1295
f 2575/2575/2575 1295/1295/1295 1294/1294/1294
f 2578/2578/2578 1294/1294/1294 231/231/231
f 2577/2577/2577 2578/2578/2578 816/816/816
f 2576/2576/2576 2577/2577/2577 815/815/815
f 1206/1206/1206 2576/2576/2576 814/814/814
f 1205/1205/1205 2573/2573/2573 2576/2576/2576
f 1204/1204/1204 2570/2570/2570 2573/2573/2573
f 1301/1301/1301 1300/1300/1300 1297/1297/1297
f 1302/1302/1302 1301/1301/1301 1298/1298/1298
f 1304/1304/1304 1303/1303/1303 1300/1300/1300
f 1305/1305/1305 1304/1304/1304 1301/1301/1301
f 1297/1297/1297 513/513/513 39/39/39
f 1298/1298/1298 1297/1297/1297 322/322/322
f 1299/1299/1299 1298/1298/1298 323/323/323
f 508/508/508 1299/1299/1299 324/324/324
f 509/509/509 1302/1302/1302 1299/1299/1299
f 510/510/510 1305/1305/1305 1302/1302/1302
f 196/196/196 501/501/501 1305/1305/1305
f 501/501/501 498/498/498 1304/1304/1304
f 498/498/498 496/496/496 1303/1303/1303
f 496/496/496 198/198/198 511/511/511
f 1303/1303/1303 511/511/511 512/512/512
f 1300/1300/1300 512/512/512 513/513/513
f 1310/1310/1310 1309/1309/1309 1306/1306/1306
f 1311/1311/1311 1310/1310/1310 1307/1307/1307
f 1313/1313/1313 1312/1312/1312 1309/1309/1309
f 1314/1314/1314 1313/1313/1313 1310/1310/1310
f 1306/1306/1306 519/519/519 22/22/22
f 1307/1307/1307 1306/1306/1306 283/283/283
f 1308/1308/1308 1307/1307/1307 284/284/284
f 514/514/514 1308/1308/1308 285/285/285
f 515/515/515 1311/1311/1311 1308/1308/1308
f 516/516/516 1314/1314/1314 1311/1311/1311
f 170/170/170 428/428/428 1314/1314/1314
f 428/428/428 427/427/427 1313/1313/1313
f 427/427/427 425/425/425 1312/1312/1312
f 425/425/425 173/173/173 517/517/517
f 1312/1312/1312 517/517/517 518/518/518
f 1309/1309/1309 518/518/518 519/519/519
f 1319/1319/1319 1318/1318/1318 1315/1315/1315
f 1320/1320/1320 1319/1319/1319 1316/1316/1316
f 1322/1322/1322 1321/1321/1321 1318/1318/1318
f 1323/1323/1323 1322/1322/1322 1319/1319/1319
f 1315/1315/1315 527/527/527 7/7/7
f 1316/1316/1316 1315/1315/1315 244/244/244
f 1317/1317/1317 1316/1316/1316 245/245/245
f 520/520/520 1317/1317/1317 246/246/246
f 521/521/521 1320/1320/1320 1317/1317/1317
f 522/522/522 1323/1323/1323 1320/1320/1320
f 144/144/144 351/351/351 1323/1323/1323
f 351/351/351 350/350/350 1322/1322/1322
f 350/350/350 349/349/349 1321/1321/1321
f 349/349/349 146/146/146 523/523/523
f 1321/1321/1321 523/523/523 525/525/525
f 1318/1318/1318 525/525/525 527/527/527
f 1328/1328/1328 1327/1327/1327 1324/1324/1324
f 1329/1329/1329 1328/1328/1328 1325/1325/1325
f 1331/1331/1331 1330/1330/1330 1327/1327/1327
f 1332/1332/1332 1331/1331/1331 1328/1328/1328
f 1324/1324/1324 531/531/531 1/1/1
f 1325/1325/1325 1324/1324/1324 325/325/325
f 1326/1326/1326 1325/1325/1325 326/326/326
f 513/513/513 1326/1326/1326 327/327/327
f 512/512/512 1329/1329/1329 1326/1326/1326
f 511/511/511 1332/1332/1332 1329/1329/1329
f 198/198/198 507/507/507 1332/1332/1332
f 507/507/507 505/505/505 1331/1331/1331
f 505/505/505 502/502/502 1330/1330/1330
f 502/502/502 139/139/139 529/529/529
f 1330/1330/1330 529/529/529 530/530/530
f 1327/1327/1327 530/530/530 531/531/531
f 1337/1337/1337 1336/1336/1336 1333/1333/1333
f 1338/1338/1338 1337/1337/1337 1334/1334/1334
f 1340/1340/1340 1339/1339/1339 1336/1336/1336
f 1341/1341/1341 1340/1340/1340 1337/1337/1337
f 1333/1333/1333 536/536/536 23/23/23
f 1334/1334/1334 1333/1333/1333 286/286/286
f 1335/1335/1335 1334/1334/1334 287/287/287
f 519/519/519 1335/1335/1335 288/288/288
f 518/518/518 1338/1338/1338 1335/1335/1335
f 517/517/517 1341/1341/1341 1338/1338/1338
f 173/173/173 435/435/435 1341/1341/1341
f 435/435/435 433/433/433 1340/1340/1340
f 433/433/433 431/431/431 1339/1339/1339
f 431/431/431 174/174/174 532/532/532
f 1339/1339/1339 532/532/532 535/535/535
f 1336/1336/1336 535/535/535 536/536/536
f 1346/1346/1346 1345/1345/1345 1342/1342/1342
f 1347/1347/1347 1346/1346/1346 1343/1343/1343
f 1349/1349/1349 1348/1348/1348 1345/1345/1345
f 1350/1350/1350 1349/1349/1349 1346/1346/1346
f 1342/1342/1342 540/540/540 9/9/9
f 1343/1343/1343 1342/1342/1342 247/247/247
f 1344/1344/1344 1343/1343/1343 248/248/248
f 528/528/528 1344/1344/1344 249/249/249
f 526/526/526 1347/1347/1347 1344/1344/1344
f 524/524/524 1350/1350/1350 1347/1347/1347
f 145/145/145 356/356/356 1350/1350/1350
f 356/356/356 355/355/355 1349/1349/1349
f 355/355/355 352/352/352 1348/1348/1348
f 352/352/352 147/147/147 538/538/538
f 1348/1348/1348 538/538/538 539/539/539
f 1345/1345/1345 539/539/539 540/540/540
f 1355/1355/1355 1354/1354/1354 1351/1351/1351
f 1356/1356/1356 1355/1355/1355 1352/1352/1352
f 1358/1358/1358 1357/1357/1357 1354/1354/1354
f 1359/1359/1359 1358/1358/1358 1355/1355/1355
f 1351/1351/1351 546/546/546 26/26/26
f 1352/1352/1352 1351/1351/1351 289/289/289
f 1353/1353/1353 1352/1352/1352 290/290/290
f 537/537/537 1353/1353/1353 291/291/291
f 534/534/534 1356/1356/1356 1353/1353/1353
f 533/533/533 1359/1359/1359 1356/1356/1356
f 175/175/175 438/438/438 1359/1359/1359
f 438/438/438 437/437/437 1358/1358/1358
f 437/437/437 436/436/436 1357/1357/1357
f 436/436/436 177/177/177 542/542/542
f 1357/1357/1357 542/542/542 543/543/543
f 1354/1354/1354 543/543/543 546/546/546
f 1364/1364/1364 1363/1363/1363 1360/1360/1360
f 1365/1365/1365 1364/1364/1364 1361/1361/1361
f 1367/1367/1367 1366/1366/1366 1363/1363/1363
f 1368/1368/1368 1367/1367/1367 1364/1364/1364
f 1360/1360/1360 549/549/549 10/10/10
f 1361/1361/1361 1360/1360/1360 250/250/250
f 1362/1362/1362 1361/1361/1361 251/251/251
f 540/540/540 1362/1362/1362 252/252/252
f 539/539/539 1365/1365/1365 1362/1362/1362
f 538/538/538 1368/1368/1368 1365/1365/1365
f 147/147/147 362/362/362 1368/1368/1368
f 362/362/362 360/360/360 1367/1367/1367
f 360/360/360 358/358/358 1366/1366/1366
f 358/358/358 150/150/150 547/547/547
f 1366/1366/1366 547/547/547 548/548/548
f 1363/1363/1363 548/548/548 549/549/549
f 1373/1373/1373 1372/1372/1372 1369/1369/1369
f 1374/1374/1374 1373/1373/1373 1370/1370/1370
f 1376/1376/1376 1375/1375/1375 1372/1372/1372
f 1377/1377/1377 1376/1376/1376 1373/1373/1373
f 1369/1369/1369 552/552/552 27/27/27
f 1370/1370/1370 1369/1369/1369 292/292/292
f 1371/1371/1371 1370/1370/1370 293/293/293
f 545/545/545 1371/1371/1371 294/294/294
f 544/544/544 1374/1374/1374 1371/1371/1371
f 541/541/541 1377/1377/1377 1374/1374/1374
f 176/176/176 443/443/443 1377/1377/1377
f 443/443/443 441/441/441 1376/1376/1376
f 441/441/441 439/439/439 1375/1375/1375
f 439/439/439 179/179/179 550/550/550
f 1375/1375/1375 550/550/550 551/551/551
f 1372/1372/1372 551/551/551 552/552/552
f 1382/1382/1382 1381/1381/1381 1378/1378/1378
f 1383/1383/1383 1382/1382/1382 1379/1379/1379
f 1385/1385/1385 1384/1384/1384 1381/1381/1381
f 1386/1386/1386 1385/1385/1385 1382/1382/1382
f 1378/1378/1378 555/555/555 11/11/11
f 1379/1379/1379 1378/1378/1378 253/253/253
f 1380/1380/1380 1379/1379/1379 254/254/254
f 549/549/549 1380/1380/1380 255/255/255
f 548/548/548 1383/1383/1383 1380/1380/1380
f 547/547/547 1386/1386/1386 1383/1383/1383
f 150/150/150 368/368/368 1386/1386/1386
f 368/368/368 367/367/367 1385/1385/1385
f 367/367/367 365/365/365 1384/1384/1384
f 365/365/365 151/151/151 553/553/553
f 1384/1384/1384 553/553/553 554/554/554
f 1381/1381/1381 554/554/554 555/555/555
f 1391/1391/1391 1390/1390/1390 1387/1387/1387
f 1392/1392/1392 1391/1391/1391 1388/1388/1388
f 1394/1394/1394 1393/1393/1393 1390/1390/1390
f 1395/1395/1395 1394/1394/1394 1391/1391/1391
f 1387/1387/1387 558/558/558 28/28/28
f 1388/1388/1388 1387/1387/1387 295/295/295
f 1389/1389/1389 1388/1388/1388 296/296/296
f 552/552/552 1389/1389/1389 297/297/297
f 551/551/551 1392/1392/1392 1389/1389/1389
f 550/550/550 1395/1395/1395 1392/1392/1392
f 179/179/179 450/450/450 1395/1395/1395
f 450/450/450 448/448/448 1394/1394/1394
f 448/448/448 446/446/446 1393/1393/1393
f 446/446/446 180/180/180 556/556/556
f 1393/1393/1393 556/556/556 557/557/557
f 1390/1390/1390 557/557/557 558/558/558
f 1400/1400/1400 1399/1399/1399 1396/1396/1396
f 1401/1401/1401 1400/1400/1400 1397/1397/1397
f 1403/1403/1403 1402/1402/1402 1399/1399/1399
f 1404/1404/1404 1403/1403/1403 1400/1400/1400
f 1396/1396/1396 561/561/561 12/12/12
f 1397/1397/1397 1396/1396/1396 256/256/256
f 1398/1398/1398 1397/1397/1397 257/257/257
f 555/555/555 1398/1398/1398 258/258/258
f 554/554/554 1401/1401/1401 1398/1398/1398
f 553/553/553 1404/1404/1404 1401/1401/1401
f 151/151/151 375/375/375 1404/1404/1404
f 375/375/375 372/372/372 1403/1403/1403
f 372/372/372 370/370/370 1402/1402/1402
f 370/370/370 154/154/154 559/559/559
f 1402/1402/1402 559/559/559 560/560/560
f 1399/1399/1399 560/560/560 561/561/561
f 1409/1409/1409 1408/1408/1408 1405/1405/1405
f 1410/1410/1410 1409/1409/1409 1406/1406/1406
f 1412/1412/1412 1411/1411/1411 1408/1408/1408
f 1413/1413/1413 1412/1412/1412 1409/1409/1409
f 1405/1405/1405 564/564/564 29/29/29
f 1406/1406/1406 1405/1405/1405 298/298/298
f 1407/1407/1407 1406/1406/1406 299/299/299
f 558/558/558 1407/1407/1407 300/300/300
f 557/557/557 1410/1410/1410 1407/1407/1407
f 556/556/556 1413/1413/1413 1410/1410/1410
f 180/180/180 456/456/456 1413/1413/1413
f 456/456/456 453/453/453 1412/1412/1412
f 453/453/453 452/452/452 1411/1411/1411
f 452/452/452 183/183/183 562/562/562
f 1411/1411/1411 562/562/562 563/563/563
f 1408/1408/1408 563/563/563 564/564/564
f 1418/1418/1418 1417/1417/1417 1414/1414/1414
f 1419/1419/1419 1418/1418/1418 1415/1415/1415
f 1421/1421/1421 1420/1420/1420 1417/1417/1417
f 1422/1422/1422 1421/1421/1421 1418/1418/1418
f 1414/1414/1414 567/567/567 13/13/13
f 1415/1415/1415 1414/1414/1414 259/259/259
f 1416/1416/1416 1415/1415/1415 260/260/260
f 561/561/561 1416/1416/1416 261/261/261
f 560/560/560 1419/1419/1419 1416/1416/1416
f 559/559/559 1422/1422/1422 1419/1419/1419
f 154/154/154 381/381/381 1422/1422/1422
f 381/381/381 378/378/378 1421/1421/1421
f 378/378/378 377/377/377 1420/1420/1420
f 377/377/377 156/156/156 565/565/565
f 1420/1420/1420 565/565/565 566/566/566
f 1417/1417/1417 566/566/566 567/567/567
f 1427/1427/1427 1426/1426/1426 1423/1423/1423
f 1428/1428/1428 1427/1427/1427 1424/1424/1424
f 1430/1430/1430 1429/1429/1429 1426/1426/1426
f 1431/1431/1431 1430/1430/1430 1427/1427/1427
f 1423/1423/1423 570/570/570 30/30/30
f 1424/1424/1424 1423/1423/1423 301/301/301
f 1425/1425/1425 1424/1424/1424 302/302/302
f 564/564/564 1425/1425/1425 303/303/303
f 563/563/563 1428/1428/1428 1425/1425/1425
f 562/562/562 1431/1431/1431 1428/1428/1428
f 183/183/183 461/461/461 1431/1431/1431
f 461/461/461 460/460/460 1430/1430/1430
f 460/460/460 457/457/457 1429/1429/1429
f 457/457/457 184/184/184 568/568/568
f 1429/1429/1429 568/568/568 569/569/569
f 1426/1426/1426 569/569/569 570/570/570
f 1436/1436/1436 1435/1435/1435 1432/1432/1432
f 1437/1437/1437 1436/1436/1436 1433/1433/1433
f 1439/1439/1439 1438/1438/1438 1435/1435/1435
f 1440/1440/1440 1439/1439/1439 1436/1436/1436
f 1432/1432/1432 573/573/573 14/14/14
f 1433/1433/1433 1432/1432/1432 262/262/262
f 1434/1434/1434 1433/1433/1433 263/263/263
f 567/567/567 1434/1434/1434 264/264/264
f 566/566/566 1437/1437/1437 1434/1434/1434
f 565/565/565 1440/1440/1440 1437/1437/1437
f 156/156/156 387/387/387 1440/1440/1440
f 387/387/387 385/385/385 1439/1439/1439
f 385/385/385 383/383/383 1438/1438/1438
f 383/383/383 158/158/158 571/571/571
f 1438/1438/1438 571/571/571 572/572/572
f 1435/1435/1435 572/572/572 573/573/573
f 1445/1445/1445 1444/1444/1444 1441/1441/1441
f 1446/1446/1446 1445/1445/1445 1442/1442/1442
f 1448/1448/1448 1447/1447/1447 1444/1444/1444
f 1449/1449/1449 1448/1448/1448 1445/1445/1445
f 1441/1441/1441 576/576/576 31/31/31
f 1442/1442/1442 1441/1441/1441 304/304/304
f 1443/1443/1443 1442/1442/1442 305/305/305
f 570/570/570 1443/1443/1443 306/306/306
f 569/569/569 1446/1446/1446 1443/1443/1443
f 568/568/568 1449/1449/1449 1446/1446/1446
f 184/184/184 468/468/468 1449/1449/1449
f 468/468/468 465/465/465 1448/1448/1448
f 465/465/465 463/463/463 1447/1447/1447
f 463/463/463 187/187/187 574/574/574
f 1447/1447/1447 574/574/574 575/575/575
f 1444/1444/1444 575/575/575 576/576/576
f 1454/1454/1454 1453/1453/1453 1450/1450/1450
f 1455/1455/1455 1454/1454/1454 1451/1451/1451
f 1457/1457/1457 1456/1456/1456 1453/1453/1453
f 1458/1458/1458 1457/1457/1457 1454/1454/1454
f 1450/1450/1450 582/582/582 16/16/16
f 1451/1451/1451 1450/1450/1450 265/265/265
f 1452/1452/1452 1451/1451/1451 266/266/266
f 573/573/573 1452/1452/1452 267/267/267
f 572/572/572 1455/1455/1455 1452/1452/1452
f 571/571/571 1458/1458/1458 1455/1455/1455
f 158/158/158 393/393/393 1458/1458/1458
f 393/393/393 390/390/390 1457/1457/1457
f 390/390/390 389/389/389 1456/1456/1456
f 389/389/389 161/161/161 577/577/577
f 1456/1456/1456 577/577/577 579/579/579
f 1453/1453/1453 579/579/579 582/582/582
f 1463/1463/1463 1462/1462/1462 1459/1459/1459
f 1464/1464/1464 1463/1463/1463 1460/1460/1460
f 1466/1466/1466 1465/1465/1465 1462/1462/1462
f 1467/1467/1467 1466/1466/1466 1463/1463/1463
f 1459/1459/1459 585/585/585 32/32/32
f 1460/1460/1460 1459/1459/1459 307/307/307
f 1461/1461/1461 1460/1460/1460 308/308/308
f 576/576/576 1461/1461/1461 309/309/309
f 575/575/575 1464/1464/1464 1461/1461/1461
f 574/574/574 1467/1467/1467 1464/1464/1464
f 187/187/187 474/474/474 1467/1467/1467
f 474/474/474 471/471/471 1466/1466/1466
f 471/471/471 469/469/469 1465/1465/1465
f 469/469/469 188/188/188 583/583/583
f 1465/1465/1465 583/583/583 584/584/584
f 1462/1462/1462 584/584/584 585/585/585
f 1472/1472/1472 1471/1471/1471 1468/1468/1468
f 1473/1473/1473 1472/1472/1472 1469/1469/1469
f 1475/1475/1475 1474/1474/1474 1471/1471/1471
f 1476/1476/1476 1475/1475/1475 1472/1472/1472
f 1468/1468/1468 588/588/588 17/17/17
f 1469/1469/1469 1468/1468/1468 268/268/268
f 1470/1470/1470 1469/1469/1469 269/269/269
f 581/581/581 1470/1470/1470 270/270/270
f 580/580/580 1473/1473/1473 1470/1470/1470
f 578/578/578 1476/1476/1476 1473/1473/1473
f 159/159/159 399/399/399 1476/1476/1476
f 399/399/399 397/397/397 1475/1475/1475
f 397/397/397 395/395/395 1474/1474/1474
f 395/395/395 163/163/163 586/586/586
f 1474/1474/1474 586/586/586 587/587/587
f 1471/1471/1471 587/587/587 588/588/588
f 1481/1481/1481 1480/1480/1480 1477/1477/1477
f 1482/1482/1482 1481/1481/1481 1478/1478/1478
f 1484/1484/1484 1483/1483/1483 1480/1480/1480
f 1485/1485/1485 1484/1484/1484 1481/1481/1481
f 1477/1477/1477 593/593/593 34/34/34
f 1478/1478/1478 1477/1477/1477 310/310/310
f 1479/1479/1479 1478/1478/1478 311/311/311
f 585/585/585 1479/1479/1479 312/312/312
f 584/584/584 1482/1482/1482 1479/1479/1479
f 583/583/583 1485/1485/1485 1482/1482/1482
f 188/188/188 479/479/479 1485/1485/1485
f 479/479/479 478/478/478 1484/1484/1484
f 478/478/478 475/475/475 1483/1483/1483
f 475/475/475 190/190/190 590/590/590
f 1483/1483/1483 590/590/590 591/591/591
f 1480/1480/1480 591/591/591 593/593/593
f 1490/1490/1490 1489/1489/1489 1486/1486/1486
f 1491/1491/1491 1490/1490/1490 1487/1487/1487
f 1493/1493/1493 1492/1492/1492 1489/1489/1489
f 1494/1494/1494 1493/1493/1493 1490/1490/1490
f 1486/1486/1486 597/597/597 18/18/18
f 1487/1487/1487 1486/1486/1486 271/271/271
f 1488/1488/1488 1487/1487/1487 272/272/272
f 588/588/588 1488/1488/1488 273/273/273
f 587/587/587 1491/1491/1491 1488/1488/1488
f 586/586/586 1494/1494/1494 1491/1491/1491
f 163/163/163 404/404/404 1494/1494/1494
f 404/404/404 402/402/402 1493/1493/1493
f 402/402/402 400/400/400 1492/1492/1492
f 400/400/400 164/164/164 595/595/595
f 1492/1492/1492 595/595/595 596/596/596
f 1489/1489/1489 596/596/596 597/597/597
f 1499/1499/1499 1498/1498/1498 1495/1495/1495
f 1500/1500/1500 1499/1499/1499 1496/1496/1496
f 1502/1502/1502 1501/1501/1501 1498/1498/1498
f 1503/1503/1503 1502/1502/1502 1499/1499/1499
f 1495/1495/1495 600/600/600 2/2/2
f 1496/1496/1496 1495/1495/1495 232/232/232
f 1497/1497/1497 1496/1496/1496 233/233/233
f 531/531/531 1497/1497/1497 234/234/234
f 530/530/530 1500/1500/1500 1497/1497/1497
f 529/529/529 1503/1503/1503 1500/1500/1500
f 139/139/139 332/332/332 1503/1503/1503
f 332/332/332 330/330/330 1502/1502/1502
f 330/330/330 329/329/329 1501/1501/1501
f 329/329/329 136/136/136 598/598/598
f 1501/1501/1501 598/598/598 599/599/599
f 1498/1498/1498 599/599/599 600/600/600
f 1508/1508/1508 1507/1507/1507 1504/1504/1504
f 1509/1509/1509 1508/1508/1508 1505/1505/1505
f 1511/1511/1511 1510/1510/1510 1507/1507/1507
f 1512/1512/1512 1511/1511/1511 1508/1508/1508
f 1504/1504/1504 605/605/605 36/36/36
f 1505/1505/1505 1504/1504/1504 313/313/313
f 1506/1506/1506 1505/1505/1505 314/314/314
f 594/594/594 1506/1506/1506 315/315/315
f 592/592/592 1509/1509/1509 1506/1506/1506
f 589/589/589 1512/1512/1512 1509/1509/1509
f 191/191/191 483/483/483 1512/1512/1512
f 483/483/483 482/482/482 1511/1511/1511
f 482/482/482 481/481/481 1510/1510/1510
f 481/481/481 193/193/193 601/601/601
f 1510/1510/1510 601/601/601 603/603/603
f 1507/1507/1507 603/603/603 605/605/605
f 1517/1517/1517 1516/1516/1516 1513/1513/1513
f 1518/1518/1518 1517/1517/1517 1514/1514/1514
f 1520/1520/1520 1519/1519/1519 1516/1516/1516
f 1521/1521/1521 1520/1520/1520 1517/1517/1517
f 1513/1513/1513 609/609/609 19/19/19
f 1514/1514/1514 1513/1513/1513 274/274/274
f 1515/1515/1515 1514/1514/1514 275/275/275
f 597/597/597 1515/1515/1515 276/276/276
f 596/596/596 1518/1518/1518 1515/1515/1515
f 595/595/595 1521/1521/1521 1518/1518/1518
f 164/164/164 411/411/411 1521/1521/1521
f 411/411/411 409/409/409 1520/1520/1520
f 409/409/409 407/407/407 1519/1519/1519
f 407/407/407 167/167/167 607/607/607
f 1519/1519/1519 607/607/607 608/608/608
f 1516/1516/1516 608/608/608 609/609/609
f 1526/1526/1526 1525/1525/1525 1522/1522/1522
f 1527/1527/1527 1526/1526/1526 1523/1523/1523
f 1529/1529/1529 1528/1528/1528 1525/1525/1525
f 1530/1530/1530 1529/1529/1529 1526/1526/1526
f 1522/1522/1522 612/612/612 3/3/3
f 1523/1523/1523 1522/1522/1522 235/235/235
f 1524/1524/1524 1523/1523/1523 236/236/236
f 600/600/600 1524/1524/1524 237/237/237
f 599/599/599 1527/1527/1527 1524/1524/1524
f 598/598/598 1530/1530/1530 1527/1527/1527
f 136/136/136 338/338/338 1530/1530/1530
f 338/338/338 337/337/337 1529/1529/1529
f 337/337/337 335/335/335 1528/1528/1528
f 335/335/335 141/141/141 610/610/610
f 1528/1528/1528 610/610/610 611/611/611
f 1525/1525/1525 611/611/611 612/612/612
f 1535/1535/1535 1534/1534/1534 1531/1531/1531
f 1536/1536/1536 1535/1535/1535 1532/1532/1532
f 1538/1538/1538 1537/1537/1537 1534/1534/1534
f 1539/1539/1539 1538/1538/1538 1535/1535/1535
f 1531/1531/1531 615/615/615 37/37/37
f 1532/1532/1532 1531/1531/1531 316/316/316
f 1533/1533/1533 1532/1532/1532 317/317/317
f 606/606/606 1533/1533/1533 318/318/318
f 604/604/604 1536/1536/1536 1533/1533/1533
f 602/602/602 1539/1539/1539 1536/1536/1536
f 192/192/192 488/488/488 1539/1539/1539
f 488/488/488 486/486/486 1538/1538/1538
f 486/486/486 485/485/485 1537/1537/1537
f 485/485/485 194/194/194 613/613/613
f 1537/1537/1537 613/613/613 614/614/614
f 1534/1534/1534 614/614/614 615/615/615
f 1544/1544/1544 1543/1543/1543 1540/1540/1540
f 1545/1545/1545 1544/1544/1544 1541/1541/1541
f 1547/1547/1547 1546/1546/1546 1543/1543/1543
f 1548/1548/1548 1547/1547/1547 1544/1544/1544
f 1540/1540/1540 618/618/618 20/20/20
f 1541/1541/1541 1540/1540/1540 277/277/277
f 1542/1542/1542 1541/1541/1541 278/278/278
f 609/609/609 1542/1542/1542 279/279/279
f 608/608/608 1545/1545/1545 1542/1542/1542
f 607/607/607 1548/1548/1548 1545/1545/1545
f 167/167/167 416/416/416 1548/1548/1548
f 416/416/416 415/415/415 1547/1547/1547
f 415/415/415 412/412/412 1546/1546/1546
f 412/412/412 169/169/169 616/616/616
f 1546/1546/1546 616/616/616 617/617/617
f 1543/1543/1543 617/617/617 618/618/618
f 1553/1553/1553 1552/1552/1552 1549/1549/1549
f 1554/1554/1554 1553/1553/1553 1550/1550/1550
f 1556/1556/1556 1555/1555/1555 1552/1552/1552
f 1557/1557/1557 1556/1556/1556 1553/1553/1553
f 1549/1549/1549 624/624/624 5/5/5
f 1550/1550/1550 1549/1549/1549 238/238/238
f 1551/1551/1551 1550/1550/1550 239/239/239
f 612/612/612 1551/1551/1551 240/240/240
f 611/611/611 1554/1554/1554 1551/1551/1551
f 610/610/610 1557/1557/1557 1554/1554/1554
f 141/141/141 344/344/344 1557/1557/1557
f 344/344/344 342/342/342 1556/1556/1556
f 342/342/342 341/341/341 1555/1555/1555
f 341/341/341 142/142/142 620/620/620
f 1555/1555/1555 620/620/620 622/622/622
f 1552/1552/1552 622/622/622 624/624/624
f 1562/1562/1562 1561/1561/1561 1558/1558/1558
f 1563/1563/1563 1562/1562/1562 1559/1559/1559
f 1565/1565/1565 1564/1564/1564 1561/1561/1561
f 1566/1566/1566 1565/1565/1565 1562/1562/1562
f 1558/1558/1558 508/508/508 38/38/38
f 1559/1559/1559 1558/1558/1558 319/319/319
f 1560/1560/1560 1559/1559/1559 320/320/320
f 615/615/615 1560/1560/1560 321/321/321
f 614/614/614 1563/1563/1563 1560/1560/1560
f 613/613/613 1566/1566/1566 1563/1563/1563
f 194/194/194 495/495/495 1566/1566/1566
f 495/495/495 493/493/493 1565/1565/1565
f 493/493/493 490/490/490 1564/1564/1564
f 490/490/490 196/196/196 510/510/510
f 1564/1564/1564 510/510/510 509/509/509
f 1561/1561/1561 509/509/509 508/508/508
f 1571/1571/1571 1570/1570/1570 1567/1567/1567
f 1572/1572/1572 1571/1571/1571 1568/1568/1568
f 1574/1574/1574 1573/1573/1573 1570/1570/1570
f 1575/1575/1575 1574/1574/1574 1571/1571/1571
f 1567/1567/1567 514/514/514 21/21/21
f 1568/1568/1568 1567/1567/1567 280/280/280
f 1569/1569/1569 1568/1568/1568 281/281/281
f 618/618/618 1569/1569/1569 282/282/282
f 617/617/617 1572/1572/1572 1569/1569/1569
f 616/616/616 1575/1575/1575 1572/1572/1572
f 169/169/169 423/423/423 1575/1575/1575
f 423/423/423 421/421/421 1574/1574/1574
f 421/421/421 418/418/418 1573/1573/1573
f 418/418/418 170/170/170 516/516/516
f 1573/1573/1573 516/516/516 515/515/515
f 1570/1570/1570 515/515/515 514/514/514
f 1580/1580/1580 1579/1579/1579 1576/1576/1576
f 1581/1581/1581 1580/1580/1580 1577/1577/1577
f 1583/1583/1583 1582/1582/1582 1579/1579/1579
f 1584/1584/1584 1583/1583/1583 1580/1580/1580
f 1576/1576/1576 520/520/520 6/6/6
f 1577/1577/1577 1576/1576/1576 241/241/241
f 1578/1578/1578 1577/1577/1577 242/242/242
f 623/623/623 1578/1578/1578 243/243/243
f 621/621/621 1581/1581/1581 1578/1578/1578
f 619/619/619 1584/1584/1584 1581/1581/1581
f 143/143/143 348/348/348 1584/1584/1584
f 348/348/348 347/347/347 1583/1583/1583
f 347/347/347 346/346/346 1582/1582/1582
f 346/346/346 144/144/144 522/522/522
f 1582/1582/1582 522/522/522 521/521/521
f 1579/1579/1579 521/521/521 520/520/520
f 1585/1585/1585 1649/1649/1649 1586/1586/1586
f 1585/1585/1585 1587/1587/1587 1588/1588/1588
f 1585/1585/1585 1589/1589/1589 1590/1590/1590
f 1585/1585/1585 1591/1591/1591 1592/1592/1592
f 1585/1585/1585 1593/1593/1593 1594/1594/1594
f 1585/1585/1585 1595/1595/1595 1596/1596/1596
f 1585/1585/1585 1597/1597/1597 1598/1598/1598
f 1585/1585/1585 1599/1599/1599 1600/1600/1600
f 1585/1585/1585 1601/1601/1601 1602/1602/1602
f 1585/1585/1585 1603/1603/1603 1604/1604/1604
f 1585/1585/1585 1605/1605/1605 1606/1606/1606
f 1585/1585/1585 1607/1607/1607 1608/1608/1608
f 1585/1585/1585 1609/1609/1609 1610/1610/1610
f 1585/1585/1585 1611/1611/1611 1612/1612/1612
f 1585/1585/1585 1613/1613/1613 1614/1614/1614
f 1585/1585/1585 1615/1615/1615 1616/1616/1616
f 1585/1585/1585 1617/1617/1617 1618/1618/1618
f 1585/1585/1585 1619/1619/1619 1620/1620/1620
f 1585/1585/1585 1621/1621/1621 1622/1622/1622
f 1585/1585/1585 1623/1623/1623 1624/1624/1624
f 1585/1585/1585 1625/1625/1625 1626/1626/1626
f 1585/1585/1585 1627/1627/1627 1628/1628/1628
f 1585/1585/1585 1629/1629/1629 1630/1630/1630
f 1585/1585/1585 1631/1631/1631 1632/1632/1632
f 1585/1585/1585 1633/1633/1633 1634/1634/1634
f 1585/1585/1585 1635/1635/1635 1636/1636/1636
f 1585/1585/1585 1637/1637/1637 1638/1638/1638
f 1585/1585/1585 1639/1639/1639 1640/1640/1640
f 1585/1585/1585 1641/1641/1641 1642/1642/1642
f 1585/1585/1585 1643/1643/1643 1644/1644/1644
f 1585/1585/1585 1645/1645/1645 1646/1646/1646
f 1585/1585/1585 1647/1647/1647 1648/1648/1648
f 1586/1586/1586 918/918/918 41/41/41
f 1587/1587/1587 1586/1586/1586 913/913/913
f 1649/1649/1649 917/917/917 918/918/918
f 1588/1588/1588 915/915/915 40/40/40
f 1589/1589/1589 1588/1588/1588 1006/1006/1006
f 1587/1587/1587 914/914/914 915/915/915
f 1590/1590/1590 1008/1008/1008 71/71/71
f 1591/1591/1591 1590/1590/1590 1003/1003/1003
f 1589/1589/1589 1007/1007/1007 1008/1008/1008
f 1592/1592/1592 1005/1005/1005 70/70/70
f 1593/1593/1593 1592/1592/1592 1000/1000/1000
f 1591/1591/1591 1004/1004/1004 1005/1005/1005
f 1594/1594/1594 1002/1002/1002 69/69/69
f 1595/1595/1595 1594/1594/1594 997/997/997
f 1593/1593/1593 1001/1001/1001 1002/1002/1002
f 1596/1596/1596 999/999/999 68/68/68
f 1597/1597/1597 1596/1596/1596 994/994/994
f 1595/1595/1595 998/998/998 999/999/999
f 1598/1598/1598 996/996/996 67/67/67
f 1599/1599/1599 1598/1598/1598 991/991/991
f 1597/1597/1597 995/995/995 996/996/996
f 1600/1600/1600 993/993/993 66/66/66
f 1601/1601/1601 1600/1600/1600 988/988/988
f 1599/1599/1599 992/992/992 993/993/993
f 1602/1602/1602 990/990/990 65/65/65
f 1603/1603/1603 1602/1602/1602 985/985/985
f 1601/1601/1601 989/989/989 990/990/990
f 1604/1604/1604 987/987/987 64/64/64
f 1605/1605/1605 1604/1604/1604 982/982/982
f 1603/1603/1603 986/986/986 987/987/987
f 1606/1606/1606 984/984/984 63/63/63
f 1607/1607/1607 1606/1606/1606 979/979/979
f 1605/1605/1605 983/983/983 984/984/984
f 1608/1608/1608 981/981/981 62/62/62
f 1609/1609/1609 1608/1608/1608 976/976/976
f 1607/1607/1607 980/980/980 981/981/981
f 1610/1610/1610 978/978/978 61/61/61
f 1611/1611/1611 1610/1610/1610 973/973/973
f 1609/1609/1609 977/977/977 978/978/978
f 1612/1612/1612 975/975/975 60/60/60
f 1613/1613/1613 1612/1612/1612 970/970/970
f 1611/1611/1611 974/974/974 975/975/975
f 1614/1614/1614 972/972/972 59/59/59
f 1615/1615/1615 1614/1614/1614 967/967/967
f 1613/1613/1613 971/971/971 972/972/972
f 1616/1616/1616 969/969/969 58/58/58
f 1617/1617/1617 1616/1616/1616 964/964/964
f 1615/1615/1615 968/968/968 969/969/969
f 1618/1618/1618 966/966/966 57/57/57
f 1619/1619/1619 1618/1618/1618 961/961/961
f 1617/1617/1617 965/965/965 966/966/966
f 1620/1620/1620 963/963/963 56/56/56
f 1621/1621/1621 1620/1620/1620 958/958/958
f 1619/1619/1619 962/962/962 963/963/963
f 1622/1622/1622 960/960/960 55/55/55
f 1623/1623/1623 1622/1622/1622 955/955/955
f 1621/1621/1621 959/959/959 960/960/960
f 1624/1624/1624 957/957/957 54/54/54
f 1625/1625/1625 1624/1624/1624 952/952/952
f 1623/1623/1623 956/956/956 957/957/957
f 1626/1626/1626 954/954/954 53/53/53
f 1627/1627/1627 1626/1626/1626 949/949/949
f 1625/1625/1625 953/953/953 954/954/954
f 1628/1628/1628 951/951/951 52/52/52
f 1629/1629/1629 1628/1628/1628 946/946/946
f 1627/1627/1627 950/950/950 951/951/951
f 1630/1630/1630 948/948/948 51/51/51
f 1631/1631/1631 1630/1630/1630 943/943/943
f 1629/1629/1629 947/947/947 948/948/948
f 1632/1632/1632 945/945/945 50/50/50
f 1633/1633/1633 1632/1632/1632 940/940/940
f 1631/1631/1631 944/944/944 945/945/945
f 1634/1634/1634 942/942/942 49/49/49
f 1635/1635/1635 1634/1634/1634 937/937/937
f 1633/1633/1633 941/941/941 942/942/942
f 1636/1636/1636 939/939/939 48/48/48
f 1637/1637/1637 1636/1636/1636 934/934/934
f 1635/1635/1635 938/938/938 939/939/939
f 1638/1638/1638 936/936/936 47/47/47
f 1639/1639/1639 1638/1638/1638 931/931/931
f 1637/1637/1637 935/935/935 936/936/936
f 1640/1640/1640 933/933/933 46/46/46
f 1641/1641/1641 1640/1640/1640 928/928/928
f 1639/1639/1639 932/932/932 933/933/933
f 1642/1642/1642 930/930/930 45/45/45
f 1643/1643/1643 1642/1642/1642 925/925/925
f 1641/1641/1641 929/929/929 930/930/930
f 1644/1644/1644 927/927/927 44/44/44
f 1645/1645/1645 1644/1644/1644 922/922/922
f 1643/1643/1643 926/926/926 927/927/927
f 1646/1646/1646 924/924/924 43/43/43
f 1647/1647/1647 1646/1646/1646 919/919/919
f 1645/1645/1645 923/923/923 924/924/924
f 1648/1648/1648 921/921/921 42/42/42
f 1649/1649/1649 1648/1648/1648 916/916/916
f 1647/1647/1647 920/920/920 921/921/921
f 1654/1654/1654 1653/1653/1653 1650/1650/1650
f 1655/1655/1655 1654/1654/1654 1651/1651/1651
f 1657/1657/1657 1656/1656/1656 1653/1653/1653
f 1658/1658/1658 1657/1657/1657 1654/1654/1654
f 1650/1650/1650 822/822/822 73/73/73
f 1651/1651/1651 1650/1650/1650 630/630/630
f 1652/1652/1652 1651/1651/1651 629/629/629
f 817/817/817 1652/1652/1652 628/628/628
f 818/818/818 1655/1655/1655 1652/1652/1652
f 819/819/819 1658/1658/1658 1655/1655/1655
f 202/202/202 724/724/724 1658/1658/1658
f 724/724/724 725/725/725 1657/1657/1657
f 725/725/725 726/726/726 1656/1656/1656
f 726/726/726 200/200/200 820/820/820
f 1656/1656/1656 820/820/820 821/821/821
f 1653/1653/1653 821/821/821 822/822/822
f 1659/1659/1659 1723/1723/1723 1660/1660/1660
f 1659/1659/1659 1661/1661/1661 1662/1662/1662
f 1659/1659/1659 1663/1663/1663 1664/1664/1664
f 1659/1659/1659 1665/1665/1665 1666/1666/1666
f 1659/1659/1659 1667/1667/1667 1668/1668/1668
f 1659/1659/1659 1669/1669/1669 1670/1670/1670
f 1659/1659/1659 1671/1671/1671 1672/1672/1672
f 1659/1659/1659 1673/1673/1673 1674/1674/1674
f 1659/1659/1659 1675/1675/1675 1676/1676/1676
f 1659/1659/1659 1677/1677/1677 1678/1678/1678
f 1659/1659/1659 1679/1679/1679 1680/1680/1680
f 1659/1659/1659 1681/1681/1681 1682/1682/1682
f 1659/1659/1659 1683/1683/1683 1684/1684/1684
f 1659/1659/1659 1685/1685/1685 1686/1686/1686
f 1659/1659/1659 1687/1687/1687 1688/1688/1688
f 1659/1659/1659 1689/1689/1689 1690/1690/1690
f 1659/1659/1659 1691/1691/1691 1692/1692/1692
f 1659/1659/1659 1693/1693/1693 1694/1694/1694
f 1659/1659/1659 1695/1695/1695 1696/1696/1696
f 1659/1659/1659 1697/1697/1697 1698/1698/1698
f 1659/1659/1659 1699/1699/1699 1700/1700/1700
f 1659/1659/1659 1701/1701/1701 1702/1702/1702
f 1659/1659/1659 1703/1703/1703 1704/1704/1704
f 1659/1659/1659 1705/1705/1705 1706/1706/1706
f 1659/1659/1659 1707/1707/1707 1708/1708/1708
f 1659/1659/1659 1709/1709/1709 1710/1710/1710
f 1659/1659/1659 1711/1711/1711 1712/1712/1712
f 1659/1659/1659 1713/1713/1713 1714/1714/1714
f 1659/1659/1659 1715/1715/1715 1716/1716/1716
f 1659/1659/1659 1717/1717/1717 1718/1718/1718
f 1659/1659/1659 1719/1719/1719 1720/1720/1720
f 1659/1659/1659 1721/1721/1721 1722/1722/1722
f 1660/1660/1660 1105/1105/1105 105/105/105
f 1661/1661/1661 1660/1660/1660 1110/1110/1110
f 1723/1723/1723 1106/1106/1106 1105/1105/1105
f 1662/1662/1662 1108/1108/1108 106/106/106
f 1663/1663/1663 1662/1662/1662 1113/1113/1113
f 1661/1661/1661 1109/1109/1109 1108/1108/1108
f 1664/1664/1664 1111/1111/1111 107/107/107
f 1665/1665/1665 1664/1664/1664 1116/1116/1116
f 1663/1663/1663 1112/1112/1112 1111/1111/1111
f 1666/1666/1666 1114/1114/1114 108/108/108
f 1667/1667/1667 1666/1666/1666 1119/1119/1119
f 1665/1665/1665 1115/1115/1115 1114/1114/1114
f 1668/1668/1668 1117/1117/1117 109/109/109
f 1669/1669/1669 1668/1668/1668 1122/1122/1122
f 1667/1667/1667 1118/1118/1118 1117/1117/1117
f 1670/1670/1670 1120/1120/1120 110/110/110
f 1671/1671/1671 1670/1670/1670 1125/1125/1125
f 1669/1669/1669 1121/1121/1121 1120/1120/1120
f 1672/1672/1672 1123/1123/1123 111/111/111
f 1673/1673/1673 1672/1672/1672 1128/1128/1128
f 1671/1671/1671 1124/1124/1124 1123/1123/1123
f 1674/1674/1674 1126/1126/1126 112/112/112
f 1675/1675/1675 1674/1674/1674 1131/1131/1131
f 1673/1673/1673 1127/1127/1127 1126/1126/1126
f 1676/1676/1676 1129/1129/1129 113/113/113
f 1677/1677/1677 1676/1676/1676 1134/1134/1134
f 1675/1675/1675 1130/1130/1130 1129/1129/1129
f 1678/1678/1678 1132/1132/1132 114/114/114
f 1679/1679/1679 1678/1678/1678 1137/1137/1137
f 1677/1677/1677 1133/1133/1133 1132/1132/1132
f 1680/1680/1680 1135/1135/1135 115/115/115
f 1681/1681/1681 1680/1680/1680 1140/1140/1140
f 1679/1679/1679 1136/1136/1136 1135/1135/1135
f 1682/1682/1682 1138/1138/1138 116/116/116
f 1683/1683/1683 1682/1682/1682 1143/1143/1143
f 1681/1681/1681 1139/1139/1139 1138/1138/1138
f 1684/1684/1684 1141/1141/1141 117/117/117
f 1685/1685/1685 1684/1684/1684 1146/1146/1146
f 1683/1683/1683 1142/1142/1142 1141/1141/1141
f 1686/1686/1686 1144/1144/1144 118/118/118
f 1687/1687/1687 1686/1686/1686 1149/1149/1149
f 1685/1685/1685 1145/1145/1145 1144/1144/1144
f 1688/1688/1688 1147/1147/1147 119/119/119
f 1689/1689/1689 1688/1688/1688 1152/1152/1152
f 1687/1687/1687 1148/1148/1148 1147/1147/1147
f 1690/1690/1690 1150/1150/1150 120/120/120
f 1691/1691/1691 1690/1690/1690 1155/1155/1155
f 1689/1689/1689 1151/1151/1151 1150/1150/1150
f 1692/1692/1692 1153/1153/1153 121/121/121
f 1693/1693/1693 1692/1692/1692 1158/1158/1158
f 1691/1691/1691 1154/1154/1154 1153/1153/1153
f 1694/1694/1694 1156/1156/1156 122/122/122
f 1695/1695/1695 1694/1694/1694 1161/1161/1161
f 1693/1693/1693 1157/1157/1157 1156/1156/1156
f 1696/1696/1696 1159/1159/1159 123/123/123
f 1697/1697/1697 1696/1696/1696 1164/1164/1164
f 1695/1695/1695 1160/1160/1160 1159/1159/1159
f 1698/1698/1698 1162/1162/1162 124/124/124
f 1699/1699/1699 1698/1698/1698 1167/1167/1167
f 1697/1697/1697 1163/1163/1163 1162/1162/1162
f 1700/1700/1700 1165/1165/1165 125/125/125
f 1701/1701/1701 1700/1700/1700 1170/1170/1170
f 1699/1699/1699 1166/1166/1166 1165/1165/1165
f 1702/1702/1702 1168/1168/1168 126/126/126
f 1703/1703/1703 1702/1702/1702 1173/1173/1173
f 1701/1701/1701 1169/1169/1169 1168/1168/1168
f 1704/1704/1704 1171/1171/1171 127/127/127
f 1705/1705/1705 1704/1704/1704 1176/1176/1176
f 1703/1703/1703 1172/1172/1172 1171/1171/1171
f 1706/1706/1706 1174/1174/1174 128/128/128
f 1707/1707/1707 1706/1706/1706 1179/1179/1179
f 1705/1705/1705 1175/1175/1175 1174/1174/1174
f 1708/1708/1708 1177/1177/1177 129/129/129
f 1709/1709/1709 1708/1708/1708 1182/1182/1182
f 1707/1707/1707 1178/1178/1178 1177/1177/1177
f 1710/1710/1710 1180/1180/1180 130/130/130
f 1711/1711/1711 1710/1710/1710 1185/1185/1185
f 1709/1709/1709 1181/1181/1181 1180/1180/1180
f 1712/1712/1712 1183/1183/1183 131/131/131
f 1713/1713/1713 1712/1712/1712 1188/1188/1188
f 1711/1711/1711 1184/1184/1184 1183/1183/1183
f 1714/1714/1714 1186/1186/1186 132/132/132
f 1715/1715/1715 1714/1714/1714 1191/1191/1191
f 1713/1713/1713 1187/1187/1187 1186/1186/1186
f 1716/1716/1716 1189/1189/1189 133/133/133
f 1717/1717/1717 1716/1716/1716 1194/1194/1194
f 1715/1715/1715 1190/1190/1190 1189/1189/1189
f 1718/1718/1718 1192/1192/1192 134/134/134
f 1719/1719/1719 1718/1718/1718 1197/1197/1197
f 1717/1717/1717 1193/1193/1193 1192/1192/1192
f 1720/1720/1720 1195/1195/1195 135/135/135
f 1721/1721/1721 1720/1720/1720 1200/1200/1200
f 1719/1719/1719 1196/1196/1196 1195/1195/1195
f 1722/1722/1722 1198/1198/1198 104/104/104
f 1723/1723/1723 1722/1722/1722 1107/1107/1107
f 1721/1721/1721 1199/1199/1199 1198/1198/1198
f 1728/1728/1728 1727/1727/1727 1724/1724/1724
f 1729/1729/1729 1728/1728/1728 1725/1725/1725
f 1731/1731/1731 1730/1730/1730 1727/1727/1727
f 1732/1732/1732 1731/1731/1731 1728/1728/1728
f 1724/1724/1724 828/828/828 100/100/100
f 1725/1725/1725 1724/1724/1724 711/711/711
f 1726/1726/1726 1725/1725/1725 710/710/710
f 823/823/823 1726/1726/1726 709/709/709
f 824/824/824 1729/1729/1729 1726/1726/1726
f 825/825/825 1732/1732/1732 1729/1729/1729
f 229/229/229 805/805/805 1732/1732/1732
f 805/805/805 806/806/806 1731/1731/1731
f 806/806/806 807/807/807 1730/1730/1730
f 807/807/807 228/228/228 826/826/826
f 1730/1730/1730 826/826/826 827/827/827
f 1727/1727/1727 827/827/827 828/828/828
f 1737/1737/1737 1736/1736/1736 1733/1733/1733
f 1738/1738/1738 1737/1737/1737 1734/1734/1734
f 1740/1740/1740 1739/1739/1739 1736/1736/1736
f 1741/1741/1741 1740/1740/1740 1737/1737/1737
f 1733/1733/1733 834/834/834 87/87/87
f 1734/1734/1734 1733/1733/1733 672/672/672
f 1735/1735/1735 1734/1734/1734 671/671/671
f 829/829/829 1735/1735/1735 670/670/670
f 830/830/830 1738/1738/1738 1735/1735/1735
f 831/831/831 1741/1741/1741 1738/1738/1738
f 216/216/216 766/766/766 1741/1741/1741
f 766/766/766 767/767/767 1740/1740/1740
f 767/767/767 768/768/768 1739/1739/1739
f 768/768/768 215/215/215 832/832/832
f 1739/1739/1739 832/832/832 833/833/833
f 1736/1736/1736 833/833/833 834/834/834
f 1746/1746/1746 1745/1745/1745 1742/1742/1742
f 1747/1747/1747 1746/1746/1746 1743/1743/1743
f 1749/1749/1749 1748/1748/1748 1745/1745/1745
f 1750/1750/1750 1749/1749/1749 1746/1746/1746
f 1742/1742/1742 817/817/817 74/74/74
f 1743/1743/1743 1742/1742/1742 633/633/633
f 1744/1744/1744 1743/1743/1743 632/632/632
f 835/835/835 1744/1744/1744 631/631/631
f 836/836/836 1747/1747/1747 1744/1744/1744
f 837/837/837 1750/1750/1750 1747/1747/1747
f 203/203/203 727/727/727 1750/1750/1750
f 727/727/727 728/728/728 1749/1749/1749
f 728/728/728 729/729/729 1748/1748/1748
f 729/729/729 202/202/202 819/819/819
f 1748/1748/1748 819/819/819 818/818/818
f 1745/1745/1745 818/818/818 817/817/817
f 1755/1755/1755 1754/1754/1754 1751/1751/1751
f 1756/1756/1756 1755/1755/1755 1752/1752/1752
f 1758/1758/1758 1757/1757/1757 1754/1754/1754
f 1759/1759/1759 1758/1758/1758 1755/1755/1755
f 1751/1751/1751 823/823/823 101/101/101
f 1752/1752/1752 1751/1751/1751 714/714/714
f 1753/1753/1753 1752/1752/1752 713/713/713
f 838/838/838 1753/1753/1753 712/712/712
f 839/839/839 1756/1756/1756 1753/1753/1753
f 840/840/840 1759/1759/1759 1756/1756/1756
f 230/230/230 808/808/808 1759/1759/1759
f 808/808/808 809/809/809 1758/1758/1758
f 809/809/809 810/810/810 1757/1757/1757
f 810/810/810 229/229/229 825/825/825
f 1757/1757/1757 825/825/825 824/824/824
f 1754/1754/1754 824/824/824 823/823/823
f 1764/1764/1764 1763/1763/1763 1760/1760/1760
f 1765/1765/1765 1764/1764/1764 1761/1761/1761
f 1767/1767/1767 1766/1766/1766 1763/1763/1763
f 1768/1768/1768 1767/1767/1767 1764/1764/1764
f 1760/1760/1760 829/829/829 88/88/88
f 1761/1761/1761 1760/1760/1760 675/675/675
f 1762/1762/1762 1761/1761/1761 674/674/674
f 841/841/841 1762/1762/1762 673/673/673
f 842/842/842 1765/1765/1765 1762/1762/1762
f 843/843/843 1768/1768/1768 1765/1765/1765
f 217/217/217 769/769/769 1768/1768/1768
f 769/769/769 770/770/770 1767/1767/1767
f 770/770/770 771/771/771 1766/1766/1766
f 771/771/771 216/216/216 831/831/831
f 1766/1766/1766 831/831/831 830/830/830
f 1763/1763/1763 830/830/830 829/829/829
f 1773/1773/1773 1772/1772/1772 1769/1769/1769
f 1774/1774/1774 1773/1773/1773 1770/1770/1770
f 1776/1776/1776 1775/1775/1775 1772/1772/1772
f 1777/1777/1777 1776/1776/1776 1773/1773/1773
f 1769/1769/1769 835/835/835 75/75/75
f 1770/1770/1770 1769/1769/1769 636/636/636
f 1771/1771/1771 1770/1770/1770 635/635/635
f 844/844/844 1771/1771/1771 634/634/634
f 845/845/845 1774/1774/1774 1771/1771/1771
f 846/846/846 1777/1777/1777 1774/1774/1774
f 204/204/204 730/730/730 1777/1777/1777
f 730/730/730 731/731/731 1776/1776/1776
f 731/731/731 732/732/732 1775/1775/1775
f 732/732/732 203/203/203 837/837/837
f 1775/1775/1775 837/837/837 836/836/836
f 1772/1772/1772 836/836/836 835/835/835
f 1782/1782/1782 1781/1781/1781 1778/1778/1778
f 1783/1783/1783 1782/1782/1782 1779/1779/1779
f 1785/1785/1785 1784/1784/1784 1781/1781/1781
f 1786/1786/1786 1785/1785/1785 1782/1782/1782
f 1778/1778/1778 838/838/838 102/102/102
f 1779/1779/1779 1778/1778/1778 717/717/717
f 1780/1780/1780 1779/1779/1779 716/716/716
f 847/847/847 1780/1780/1780 715/715/715
f 848/848/848 1783/1783/1783 1780/1780/1780
f 849/849/849 1786/1786/1786 1783/1783/1783
f 231/231/231 811/811/811 1786/1786/1786
f 811/811/811 812/812/812 1785/1785/1785
f 812/812/812 813/813/813 1784/1784/1784
f 813/813/813 230/230/230 840/840/840
f 1784/1784/1784 840/840/840 839/839/839
f 1781/1781/1781 839/839/839 838/838/838
f 1791/1791/1791 1790/1790/1790 1787/1787/1787
f 1792/1792/1792 1791/1791/1791 1788/1788/1788
f 1794/1794/1794 1793/1793/1793 1790/1790/1790
f 1795/1795/1795 1794/1794/1794 1791/1791/1791
f 1787/1787/1787 841/841/841 89/89/89
f 1788/1788/1788 1787/1787/1787 678/678/678
f 1789/1789/1789 1788/1788/1788 677/677/677
f 850/850/850 1789/1789/1789 676/676/676
f 851/851/851 1792/1792/1792 1789/1789/1789
f 852/852/852 1795/1795/1795 1792/1792/1792
f 218/218/218 772/772/772 1795/1795/1795
f 772/772/772 773/773/773 1794/1794/1794
f 773/773/773 774/774/774 1793/1793/1793
f 774/774/774 217/217/217 843/843/843
f 1793/1793/1793 843/843/843 842/842/842
f 1790/1790/1790 842/842/842 841/841/841
f 1800/1800/1800 1799/1799/1799 1796/1796/1796
f 1801/1801/1801 1800/1800/1800 1797/1797/1797
f 1803/1803/1803 1802/1802/1802 1799/1799/1799
f 1804/1804/1804 1803/1803/1803 1800/1800/1800
f 1796/1796/1796 844/844/844 76/76/76
f 1797/1797/1797 1796/1796/1796 639/639/639
f 1798/1798/1798 1797/1797/1797 638/638/638
f 853/853/853 1798/1798/1798 637/637/637
f 854/854/854 1801/1801/1801 1798/1798/1798
f 855/855/855 1804/1804/1804 1801/1801/1801
f 205/205/205 733/733/733 1804/1804/1804
f 733/733/733 734/734/734 1803/1803/1803
f 734/734/734 735/735/735 1802/1802/1802
f 735/735/735 204/204/204 846/846/846
f 1802/1802/1802 846/846/846 845/845/845
f 1799/1799/1799 845/845/845 844/844/844
f 1809/1809/1809 1808/1808/1808 1805/1805/1805
f 1810/1810/1810 1809/1809/1809 1806/1806/1806
f 1812/1812/1812 1811/1811/1811 1808/1808/1808
f 1813/1813/1813 1812/1812/1812 1809/1809/1809
f 1805/1805/1805 847/847/847 103/103/103
f 1806/1806/1806 1805/1805/1805 720/720/720
f 1807/1807/1807 1806/1806/1806 719/719/719
f 856/856/856 1807/1807/1807 718/718/718
f 857/857/857 1810/1810/1810 1807/1807/1807
f 858/858/858 1813/1813/1813 1810/1810/1810
f 201/201/201 814/814/814 1813/1813/1813
f 814/814/814 815/815/815 1812/1812/1812
f 815/815/815 816/816/816 1811/1811/1811
f 816/816/816 231/231/231 849/849/849
f 1811/1811/1811 849/849/849 848/848/848
f 1808/1808/1808 848/848/848 847/847/847
f 1818/1818/1818 1817/1817/1817 1814/1814/1814
f 1819/1819/1819 1818/1818/1818 1815/1815/1815
f 1821/1821/1821 1820/1820/1820 1817/1817/1817
f 1822/1822/1822 1821/1821/1821 1818/1818/1818
f 1814/1814/1814 850/850/850 90/90/90
f 1815/1815/1815 1814/1814/1814 681/681/681
f 1816/1816/1816 1815/1815/1815 680/680/680
f 859/859/859 1816/1816/1816 679/679/679
f 860/860/860 1819/1819/1819 1816/1816/1816
f 861/861/861 1822/1822/1822 1819/1819/1819
f 219/219/219 775/775/775 1822/1822/1822
f 775/775/775 776/776/776 1821/1821/1821
f 776/776/776 777/777/777 1820/1820/1820
f 777/777/777 218/218/218 852/852/852
f 1820/1820/1820 852/852/852 851/851/851
f 1817/1817/1817 851/851/851 850/850/850
f 1827/1827/1827 1826/1826/1826 1823/1823/1823
f 1828/1828/1828 1827/1827/1827 1824/1824/1824
f 1830/1830/1830 1829/1829/1829 1826/1826/1826
f 1831/1831/1831 1830/1830/1830 1827/1827/1827
f 1823/1823/1823 853/853/853 77/77/77
f 1824/1824/1824 1823/1823/1823 642/642/642
f 1825/1825/1825 1824/1824/1824 641/641/641
f 862/862/862 1825/1825/1825 640/640/640
f 863/863/863 1828/1828/1828 1825/1825/1825
f 864/864/864 1831/1831/1831 1828/1828/1828
f 206/206/206 736/736/736 1831/1831/1831
f 736/736/736 737/737/737 1830/1830/1830
f 737/737/737 738/738/738 1829/1829/1829
f 738/738/738 205/205/205 855/855/855
f 1829/1829/1829 855/855/855 854/854/854
f 1826/1826/1826 854/854/854 853/853/853
f 1836/1836/1836 1835/1835/1835 1832/1832/1832
f 1837/1837/1837 1836/1836/1836 1833/1833/1833
f 1839/1839/1839 1838/1838/1838 1835/1835/1835
f 1840/1840/1840 1839/1839/1839 1836/1836/1836
f 1832/1832/1832 859/859/859 91/91/91
f 1833/1833/1833 1832/1832/1832 684/684/684
f 1834/1834/1834 1833/1833/1833 683/683/683
f 865/865/865 1834/1834/1834 682/682/682
f 866/866/866 1837/1837/1837 1834/1834/1834
f 867/867/867 1840/1840/1840 1837/1837/1837
f 220/220/220 778/778/778 1840/1840/1840
f 778/778/778 779/779/779 1839/1839/1839
f 779/779/779 780/780/780 1838/1838/1838
f 780/780/780 219/219/219 861/861/861
f 1838/1838/1838 861/861/861 860/860/860
f 1835/1835/1835 860/860/860 859/859/859
f 1845/1845/1845 1844/1844/1844 1841/1841/1841
f 1846/1846/1846 1845/1845/1845 1842/1842/1842
f 1848/1848/1848 1847/1847/1847 1844/1844/1844
f 1849/1849/1849 1848/1848/1848 1845/1845/1845
f 1841/1841/1841 862/862/862 78/78/78
f 1842/1842/1842 1841/1841/1841 645/645/645
f 1843/1843/1843 1842/1842/1842 644/644/644
f 868/868/868 1843/1843/1843 643/643/643
f 869/869/869 1846/1846/1846 1843/1843/1843
f 870/870/870 1849/1849/1849 1846/1846/1846
f 207/207/207 739/739/739 1849/1849/1849
f 739/739/739 740/740/740 1848/1848/1848
f 740/740/740 741/741/741 1847/1847/1847
f 741/741/741 206/206/206 864/864/864
f 1847/1847/1847 864/864/864 863/863/863
f 1844/1844/1844 863/863/863 862/862/862
f 1854/1854/1854 1853/1853/1853 1850/1850/1850
f 1855/1855/1855 1854/1854/1854 1851/1851/1851
f 1857/1857/1857 1856/1856/1856 1853/1853/1853
f 1858/1858/1858 1857/1857/1857 1854/1854/1854
f 1850/1850/1850 865/865/865 92/92/92
f 1851/1851/1851 1850/1850/1850 687/687/687
f 1852/1852/1852 1851/1851/1851 686/686/686
f 871/871/871 1852/1852/1852 685/685/685
f 872/872/872 1855/1855/1855 1852/1852/1852
f 873/873/873 1858/1858/1858 1855/1855/1855
f 221/221/221 781/781/781 1858/1858/1858
f 781/781/781 782/782/782 1857/1857/1857
f 782/782/782 783/783/783 1856/1856/1856
f 783/783/783 220/220/220 867/867/867
f 1856/1856/1856 867/867/867 866/866/866
f 1853/1853/1853 866/866/866 865/865/865
f 1863/1863/1863 1862/1862/1862 1859/1859/1859
f 1864/1864/1864 1863/1863/1863 1860/1860/1860
f 1866/1866/1866 1865/1865/1865 1862/1862/1862
f 1867/1867/1867 1866/1866/1866 1863/1863/1863
f 1859/1859/1859 868/868/868 79/79/79
f 1860/1860/1860 1859/1859/1859 648/648/648
f 1861/1861/1861 1860/1860/1860 647/647/647
f 874/874/874 1861/1861/1861 646/646/646
f 875/875/875 1864/1864/1864 1861/1861/1861
f 876/876/876 1867/1867/1867 1864/1864/1864
f 208/208/208 742/742/742 1867/1867/1867
f 742/742/742 743/743/743 1866/1866/1866
f 743/743/743 744/744/744 1865/1865/1865
f 744/744/744 207/207/207 870/870/870
f 1865/1865/1865 870/870/870 869/869/869
f 1862/1862/1862 869/869/869 868/868/868
f 1872/1872/1872 1871/1871/1871 1868/1868/1868
f 1873/1873/1873 1872/1872/1872 1869/1869/1869
f 1875/1875/1875 1874/1874/1874 1871/1871/1871
f 1876/1876/1876 1875/1875/1875 1872/1872/1872
f 1868/1868/1868 871/871/871 93/93/93
f 1869/1869/1869 1868/1868/1868 690/690/690
f 1870/1870/1870 1869/1869/1869 689/689/689
f 877/877/877 1870/1870/1870 688/688/688
f 878/878/878 1873/1873/1873 1870/1870/1870
f 879/879/879 1876/1876/1876 1873/1873/1873
f 222/222/222 784/784/784 1876/1876/1876
f 784/784/784 785/785/785 1875/1875/1875
f 785/785/785 786/786/786 1874/1874/1874
f 786/786/786 221/221/221 873/873/873
f 1874/1874/1874 873/873/873 872/872/872
f 1871/1871/1871 872/872/872 871/871/871
f 1881/1881/1881 1880/1880/1880 1877/1877/1877
f 1882/1882/1882 1881/1881/1881 1878/1878/1878
f 1884/1884/1884 1883/1883/1883 1880/1880/1880
f 1885/1885/1885 1884/1884/1884 1881/1881/1881
f 1877/1877/1877 874/874/874 80/80/80
f 1878/1878/1878 1877/1877/1877 651/651/651
f 1879/1879/1879 1878/1878/1878 650/650/650
f 880/880/880 1879/1879/1879 649/649/649
f 881/881/881 1882/1882/1882 1879/1879/1879
f 882/882/882 1885/1885/1885 1882/1882/1882
f 209/209/209 745/745/745 1885/1885/1885
f 745/745/745 746/746/746 1884/1884/1884
f 746/746/746 747/747/747 1883/1883/1883
f 747/747/747 208/208/208 876/876/876
f 1883/1883/1883 876/876/876 875/875/875
f 1880/1880/1880 875/875/875 874/874/874
f 1890/1890/1890 1889/1889/1889 1886/1886/1886
f 1891/1891/1891 1890/1890/1890 1887/1887/1887
f 1893/1893/1893 1892/1892/1892 1889/1889/1889
f 1894/1894/1894 1893/1893/1893 1890/1890/1890
f 1886/1886/1886 877/877/877 94/94/94
f 1887/1887/1887 1886/1886/1886 693/693/693
f 1888/1888/1888 1887/1887/1887 692/692/692
f 883/883/883 1888/1888/1888 691/691/691
f 884/884/884 1891/1891/1891 1888/1888/1888
f 885/885/885 1894/1894/1894 1891/1891/1891
f 223/223/223 787/787/787 1894/1894/1894
f 787/787/787 788/788/788 1893/1893/1893
f 788/788/788 789/789/789 1892/1892/1892
f 789/789/789 222/222/222 879/879/879
f 1892/1892/1892 879/879/879 878/878/878
f 1889/1889/1889 878/878/878 877/877/877
f 1899/1899/1899 1898/1898/1898 1895/1895/1895
f 1900/1900/1900 1899/1899/1899 1896/1896/1896
f 1902/1902/1902 1901/1901/1901 1898/1898/1898
f 1903/1903/1903 1902/1902/1902 1899/1899/1899
f 1895/1895/1895 880/880/880 81/81/81
f 1896/1896/1896 1895/1895/1895 654/654/654
f 1897/1897/1897 1896/1896/1896 653/653/653
f 886/886/886 1897/1897/1897 652/652/652
f 887/887/887 1900/1900/1900 1897/1897/1897
f 888/888/888 1903/1903/1903 1900/1900/1900
f 210/210/210 748/748/748 1903/1903/1903
f 748/748/748 749/749/749 1902/1902/1902
f 749/749/749 750/750/750 1901/1901/1901
f 750/750/750 209/209/209 882/882/882
f 1901/1901/1901 882/882/882 881/881/881
f 1898/1898/1898 881/881/881 880/880/880
f 1908/1908/1908 1907/1907/1907 1904/1904/1904
f 1909/1909/1909 1908/1908/1908 1905/1905/1905
f 1911/1911/1911 1910/1910/1910 1907/1907/1907
f 1912/1912/1912 1911/1911/1911 1908/1908/1908
f 1904/1904/1904 883/883/883 95/95/95
f 1905/1905/1905 1904/1904/1904 696/696/696
f 1906/1906/1906 1905/1905/1905 695/695/695
f 889/889/889 1906/1906/1906 694/694/694
f 890/890/890 1909/1909/1909 1906/1906/1906
f 891/891/891 1912/1912/1912 1909/1909/1909
f 224/224/224 790/790/790 1912/1912/1912
f 790/790/790 791/791/791 1911/1911/1911
f 791/791/791 792/792/792 1910/1910/1910
f 792/792/792 223/223/223 885/885/885
f 1910/1910/1910 885/885/885 884/884/884
f 1907/1907/1907 884/884/884 883/883/883
f 1917/1917/1917 1916/1916/1916 1913/1913/1913
f 1918/1918/1918 1917/1917/1917 1914/1914/1914
f 1920/1920/1920 1919/1919/1919 1916/1916/1916
f 1921/1921/1921 1920/1920/1920 1917/1917/1917
f 1913/1913/1913 886/886/886 82/82/82
f 1914/1914/1914 1913/1913/1913 657/657/657
f 1915/1915/1915 1914/1914/1914 656/656/656
f 892/892/892 1915/1915/1915 655/655/655
f 893/893/893 1918/1918/1918 1915/1915/1915
f 894/894/894 1921/1921/1921 1918/1918/1918
f 211/211/211 751/751/751 1921/1921/1921
f 751/751/751 752/752/752 1920/1920/1920
f 752/752/752 753/753/753 1919/1919/1919
f 753/753/753 210/210/210 888/888/888
f 1919/1919/1919 888/888/888 887/887/887
f 1916/1916/1916 887/887/887 886/886/886
f 1926/1926/1926 1925/1925/1925 1922/1922/1922
f 1927/1927/1927 1926/1926/1926 1923/1923/1923
f 1929/1929/1929 1928/1928/1928 1925/1925/1925
f 1930/1930/1930 1929/1929/1929 1926/1926/1926
f 1922/1922/1922 889/889/889 96/96/96
f 1923/1923/1923 1922/1922/1922 699/699/699
f 1924/1924/1924 1923/1923/1923 698/698/698
f 895/895/895 1924/1924/1924 697/697/697
f 896/896/896 1927/1927/1927 1924/1924/1924
f 897/897/897 1930/1930/1930 1927/1927/1927
f 225/225/225 793/793/793 1930/1930/1930
f 793/793/793 794/794/794 1929/1929/1929
f 794/794/794 795/795/795 1928/1928/1928
f 795/795/795 224/224/224 891/891/891
f 1928/1928/1928 891/891/891 890/890/890
f 1925/1925/1925 890/890/890 889/889/889
f 1935/1935/1935 1934/1934/1934 1931/1931/1931
f 1936/1936/1936 1935/1935/1935 1932/1932/1932
f 1938/1938/1938 1937/1937/1937 1934/1934/1934
f 1939/1939/1939 1938/1938/1938 1935/1935/1935
f 1931/1931/1931 892/892/892 83/83/83
f 1932/1932/1932 1931/1931/1931 660/660/660
f 1933/1933/1933 1932/1932/1932 659/659/659
f 898/898/898 1933/1933/1933 658/658/658
f 899/899/899 1936/1936/1936 1933/1933/1933
f 900/900/900 1939/1939/1939 1936/1936/1936
f 212/212/212 754/754/754 1939/1939/1939
f 754/754/754 755/755/755 1938/1938/1938
f 755/755/755 756/756/756 1937/1937/1937
f 756/756/756 211/211/211 894/894/894
f 1937/1937/1937 894/894/894 893/893/893
f 1934/1934/1934 893/893/893 892/892/892
f 1944/1944/1944 1943/1943/1943 1940/1940/1940
f 1945/1945/1945 1944/1944/1944 1941/1941/1941
f 1947/1947/1947 1946/1946/1946 1943/1943/1943
f 1948/1948/1948 1947/1947/1947 1944/1944/1944
f 1940/1940/1940 895/895/895 97/97/97
f 1941/1941/1941 1940/1940/1940 702/702/702
f 1942/1942/1942 1941/1941/1941 701/701/701
f 901/901/901 1942/1942/1942 700/700/700
f 902/902/902 1945/1945/1945 1942/1942/1942
f 903/903/903 1948/1948/1948 1945/1945/1945
f 226/226/226 796/796/796 1948/1948/1948
f 796/796/796 797/797/797 1947/1947/1947
f 797/797/797 798/798/798 1946/1946/1946
f 798/798/798 225/225/225 897/897/897
f 1946/1946/1946 897/897/897 896/896/896
f 1943/1943/1943 896/896/896 895/895/895
f 1953/1953/1953 1952/1952/1952 1949/1949/1949
f 1954/1954/1954 1953/1953/1953 1950/1950/1950
f 1956/1956/1956 1955/1955/1955 1952/1952/1952
f 1957/1957/1957 1956/1956/1956 1953/1953/1953
f 1949/1949/1949 898/898/898 84/84/84
f 1950/1950/1950 1949/1949/1949 663/663/663
f 1951/1951/1951 1950/1950/1950 662/662/662
f 904/904/904 1951/1951/1951 661/661/661
f 905/905/905 1954/1954/1954 1951/1951/1951
f 906/906/906 1957/1957/1957 1954/1954/1954
f 213/213/213 757/757/757 1957/1957/1957
f 757/757/757 758/758/758 1956/1956/1956
f 758/758/758 759/759/759 1955/1955/1955
f 759/759/759 212/212/212 900/900/900
f 1955/1955/1955 900/900/900 899/899/899
f 1952/1952/1952 899/899/899 898/898/898
f 1962/1962/1962 1961/1961/1961 1958/1958/1958
f 1963/1963/1963 1962/1962/1962 1959/1959/1959
f 1965/1965/1965 1964/1964/1964 1961/1961/1961
f 1966/1966/1966 1965/1965/1965 1962/1962/1962
f 1958/1958/1958 901/901/901 98/98/98
f 1959/1959/1959 1958/1958/1958 705/705/705
f 1960/1960/1960 1959/1959/1959 704/704/704
f 907/907/907 1960/1960/1960 703/703/703
f 908/908/908 1963/1963/1963 1960/1960/1960
f 909/909/909 1966/1966/1966 1963/1963/1963
f 227/227/227 799/799/799 1966/1966/1966
f 799/799/799 800/800/800 1965/1965/1965
f 800/800/800 801/801/801 1964/1964/1964
f 801/801/801 226/226/226 903/903/903
f 1964/1964/1964 903/903/903 902/902/902
f 1961/1961/1961 902/902/902 901/901/901
f 1971/1971/1971 1970/1970/1970 1967/1967/1967
f 1972/1972/1972 1971/1971/1971 1968/1968/1968
f 1974/1974/1974 1973/1973/1973 1970/1970/1970
f 1975/1975/1975 1974/1974/1974 1971/1971/1971
f 1967/1967/1967 904/904/904 85/85/85
f 1968/1968/1968 1967/1967/1967 666/666/666
f 1969/1969/1969 1968/1968/1968 665/665/665
f 910/910/910 1969/1969/1969 664/664/664
f 911/911/911 1972/1972/1972 1969/1969/1969
f 912/912/912 1975/1975/1975 1972/1972/1972
f 214/214/214 760/760/760 1975/1975/1975
f 760/760/760 761/761/761 1974/1974/1974
f 761/761/761 762/762/762 1973/1973/1973
f 762/762/762 213/213/213 906/906/906
f 1973/1973/1973 906/906/906 905/905/905
f 1970/1970/1970 905/905/905 904/904/904
f 1980/1980/1980 1979/1979/1979 1976/1976/1976
f 1981/1981/1981 1980/1980/1980 1977/1977/1977
f 1983/1983/1983 1982/1982/1982 1979/1979/1979
f 1984/1984/1984 1983/1983/1983 1980/1980/1980
f 1976/1976/1976 856/856/856 72/72/72
f 1977/1977/1977 1976/1976/1976 627/627/627
f 1978/1978/1978 1977/1977/1977 626/626/626
f 822/822/822 1978/1978/1978 625/625/625
f 821/821/821 1981/1981/1981 1978/1978/1978
f 820/820/820 1984/1984/1984 1981/1981/1981
f 200/200/200 721/721/721 1984/1984/1984
f 721/721/721 722/722/722 1983/1983/1983
f 722/722/722 723/723/723 1982/1982/1982
f 723/723/723 201/201/201 858/858/858
f 1982/1982/1982 858/858/858 857/857/857
f 1979/1979/1979 857/857/857 856/856/856
f 1989/1989/1989 1988/1988/1988 1985/1985/1985
f 1990/1990/1990 1989/1989/1989 1986/1986/1986
f 1992/1992/1992 1991/1991/1991 1988/1988/1988
f 1993/1993/1993 1992/1992/1992 1989/1989/1989
f 1985/1985/1985 907/907/907 99/99/99
f 1986/1986/1986 1985/1985/1985 708/708/708
f 1987/1987/1987 1986/1986/1986 707/707/707
f 828/828/828 1987/1987/1987 706/706/706
f 827/827/827 1990/1990/1990 1987/1987/1987
f 826/826/826 1993/1993/1993 1990/1990/1990
f 228/228/228 802/802/802 1993/1993/1993
f 802/802/802 803/803/803 1992/1992/1992
f 803/803/803 804/804/804 1991/1991/1991
f 804/804/804 227/227/227 909/909/909
f 1991/1991/1991 909/909/909 908/908/908
f 1988/1988/1988 908/908/908 907/907/907
f 1998/1998/1998 1997/1997/1997 1994/1994/1994
f 1999/1999/1999 1998/1998/1998 1995/1995/1995
f 2001/2001/2001 2000/2000/2000 1997/1997/1997
f 2002/2002/2002 2001/2001/2001 1998/1998/1998
f 1994/1994/1994 910/910/910 86/86/86
f 1995/1995/1995 1994/1994/1994 669/669/669
f 1996/1996/1996 1995/1995/1995 668/668/668
f 834/834/834 1996/1996/1996 667/667/667
f 833/833/833 1999/1999/1999 1996/1996/1996
f 832/832/832 2002/2002/2002 1999/1999/1999
f 215/215/215 763/763/763 2002/2002/2002
f 763/763/763 764/764/764 2001/2001/2001
f 764/764/764 765/765/765 2000/2000/2000
f 765/765/765 214/214/214 912/912/912
f 2000/2000/2000 912/912/912 911/911/911
f 1997/1997/1997 911/911/911 910/910/910
f 2007/2007/2007 2006/2006/2006 2003/2003/2003
f 2008/2008/2008 2007/2007/2007 2004/2004/2004
f 2010/2010/2010 2009/2009/2009 2006/2006/2006
f 2011/2011/2011 2010/2010/2010 2007/2007/2007
f 2003/2003/2003 1011/1011/1011 40/40/40
f 2004/2004/2004 2003/2003/2003 915/915/915
f 2005/2005/2005 2004/2004/2004 914/914/914
f 1012/1012/1012 2005/2005/2005 913/913/913
f 1013/1013/1013 2008/2008/2008 2005/2005/2005
f 1014/1014/1014 2011/2011/2011 2008/2008/2008
f 137/137/137 328/328/328 2011/2011/2011
f 328/328/328 331/331/331 2010/2010/2010
f 331/331/331 333/333/333 2009/2009/2009
f 333/333/333 138/138/138 1009/1009/1009
f 2009/2009/2009 1009/1009/1009 1010/1010/1010
f 2006/2006/2006 1010/1010/1010 1011/1011/1011
f 2016/2016/2016 2015/2015/2015 2012/2012/2012
f 2017/2017/2017 2016/2016/2016 2013/2013/2013
f 2019/2019/2019 2018/2018/2018 2015/2015/2015
f 2020/2020/2020 2019/2019/2019 2016/2016/2016
f 2012/2012/2012 1012/1012/1012 41/41/41
f 2013/2013/2013 2012/2012/2012 918/918/918
f 2014/2014/2014 2013/2013/2013 917/917/917
f 1015/1015/1015 2014/2014/2014 916/916/916
f 1016/1016/1016 2017/2017/2017 2014/2014/2014
f 1017/1017/1017 2020/2020/2020 2017/2017/2017
f 140/140/140 334/334/334 2020/2020/2020
f 334/334/334 336/336/336 2019/2019/2019
f 336/336/336 339/339/339 2018/2018/2018
f 339/339/339 137/137/137 1014/1014/1014
f 2018/2018/2018 1014/1014/1014 1013/1013/1013
f 2015/2015/2015 1013/1013/1013 1012/1012/1012
f 2025/2025/2025 2024/2024/2024 2021/2021/2021
f 2026/2026/2026 2025/2025/2025 2022/2022/2022
f 2028/2028/2028 2027/2027/2027 2024/2024/2024
f 2029/2029/2029 2028/2028/2028 2025/2025/2025
f 2021/2021/2021 1015/1015/1015 42/42/42
f 2022/2022/2022 2021/2021/2021 921/921/921
f 2023/2023/2023 2022/2022/2022 920/920/920
f 1018/1018/1018 2023/2023/2023 919/919/919
f 1019/1019/1019 2026/2026/2026 2023/2023/2023
f 1020/1020/1020 2029/2029/2029 2026/2026/2026
f 143/143/143 340/340/340 2029/2029/2029
f 340/340/340 343/343/343 2028/2028/2028
f 343/343/343 345/345/345 2027/2027/2027
f 345/345/345 140/140/140 1017/1017/1017
f 2027/2027/2027 1017/1017/1017 1016/1016/1016
f 2024/2024/2024 1016/1016/1016 1015/1015/1015
f 2034/2034/2034 2033/2033/2033 2030/2030/2030
f 2035/2035/2035 2034/2034/2034 2031/2031/2031
f 2037/2037/2037 2036/2036/2036 2033/2033/2033
f 2038/2038/2038 2037/2037/2037 2034/2034/2034
f 2030/2030/2030 1018/1018/1018 43/43/43
f 2031/2031/2031 2030/2030/2030 924/924/924
f 2032/2032/2032 2031/2031/2031 923/923/923
f 1021/1021/1021 2032/2032/2032 922/922/922
f 1022/1022/1022 2035/2035/2035 2032/2032/2032
f 1023/1023/1023 2038/2038/2038 2035/2035/2035
f 144/144/144 346/346/346 2038/2038/2038
f 346/346/346 347/347/347 2037/2037/2037
f 347/347/347 348/348/348 2036/2036/2036
f 348/348/348 143/143/143 1020/1020/1020
f 2036/2036/2036 1020/1020/1020 1019/1019/1019
f 2033/2033/2033 1019/1019/1019 1018/1018/1018
f 2043/2043/2043 2042/2042/2042 2039/2039/2039
f 2044/2044/2044 2043/2043/2043 2040/2040/2040
f 2046/2046/2046 2045/2045/2045 2042/2042/2042
f 2047/2047/2047 2046/2046/2046 2043/2043/2043
f 2039/2039/2039 1021/1021/1021 44/44/44
f 2040/2040/2040 2039/2039/2039 927/927/927
f 2041/2041/2041 2040/2040/2040 926/926/926
f 1024/1024/1024 2041/2041/2041 925/925/925
f 1025/1025/1025 2044/2044/2044 2041/2041/2041
f 1026/1026/1026 2047/2047/2047 2044/2044/2044
f 146/146/146 349/349/349 2047/2047/2047
f 349/349/349 350/350/350 2046/2046/2046
f 350/350/350 351/351/351 2045/2045/2045
f 351/351/351 144/144/144 1023/1023/1023
f 2045/2045/2045 1023/1023/1023 1022/1022/1022
f 2042/2042/2042 1022/1022/1022 1021/1021/1021
f 2052/2052/2052 2051/2051/2051 2048/2048/2048
f 2053/2053/2053 2052/2052/2052 2049/2049/2049
f 2055/2055/2055 2054/2054/2054 2051/2051/2051
f 2056/2056/2056 2055/2055/2055 2052/2052/2052
f 2048/2048/2048 1024/1024/1024 45/45/45
f 2049/2049/2049 2048/2048/2048 930/930/930
f 2050/2050/2050 2049/2049/2049 929/929/929
f 1027/1027/1027 2050/2050/2050 928/928/928
f 1028/1028/1028 2053/2053/2053 2050/2050/2050
f 1029/1029/1029 2056/2056/2056 2053/2053/2053
f 148/148/148 353/353/353 2056/2056/2056
f 353/353/353 354/354/354 2055/2055/2055
f 354/354/354 357/357/357 2054/2054/2054
f 357/357/357 146/146/146 1026/1026/1026
f 2054/2054/2054 1026/1026/1026 1025/1025/1025
f 2051/2051/2051 1025/1025/1025 1024/1024/1024
f 2061/2061/2061 2060/2060/2060 2057/2057/2057
f 2062/2062/2062 2061/2061/2061 2058/2058/2058
f 2064/2064/2064 2063/2063/2063 2060/2060/2060
f 2065/2065/2065 2064/2064/2064 2061/2061/2061
f 2057/2057/2057 1027/1027/1027 46/46/46
f 2058/2058/2058 2057/2057/2057 933/933/933
f 2059/2059/2059 2058/2058/2058 932/932/932
f 1030/1030/1030 2059/2059/2059 931/931/931
f 1031/1031/1031 2062/2062/2062 2059/2059/2059
f 1032/1032/1032 2065/2065/2065 2062/2062/2062
f 149/149/149 359/359/359 2065/2065/2065
f 359/359/359 361/361/361 2064/2064/2064
f 361/361/361 363/363/363 2063/2063/2063
f 363/363/363 148/148/148 1029/1029/1029
f 2063/2063/2063 1029/1029/1029 1028/1028/1028
f 2060/2060/2060 1028/1028/1028 1027/1027/1027
f 2070/2070/2070 2069/2069/2069 2066/2066/2066
f 2071/2071/2071 2070/2070/2070 2067/2067/2067
f 2073/2073/2073 2072/2072/2072 2069/2069/2069
f 2074/2074/2074 2073/2073/2073 2070/2070/2070
f 2066/2066/2066 1030/1030/1030 47/47/47
f 2067/2067/2067 2066/2066/2066 936/936/936
f 2068/2068/2068 2067/2067/2067 935/935/935
f 1033/1033/1033 2068/2068/2068 934/934/934
f 1034/1034/1034 2071/2071/2071 2068/2068/2068
f 1035/1035/1035 2074/2074/2074 2071/2071/2071
f 152/152/152 364/364/364 2074/2074/2074
f 364/364/364 366/366/366 2073/2073/2073
f 366/366/366 369/369/369 2072/2072/2072
f 369/369/369 149/149/149 1032/1032/1032
f 2072/2072/2072 1032/1032/1032 1031/1031/1031
f 2069/2069/2069 1031/1031/1031 1030/1030/1030
f 2079/2079/2079 2078/2078/2078 2075/2075/2075
f 2080/2080/2080 2079/2079/2079 2076/2076/2076
f 2082/2082/2082 2081/2081/2081 2078/2078/2078
f 2083/2083/2083 2082/2082/2082 2079/2079/2079
f 2075/2075/2075 1033/1033/1033 48/48/48
f 2076/2076/2076 2075/2075/2075 939/939/939
f 2077/2077/2077 2076/2076/2076 938/938/938
f 1036/1036/1036 2077/2077/2077 937/937/937
f 1037/1037/1037 2080/2080/2080 2077/2077/2077
f 1038/1038/1038 2083/2083/2083 2080/2080/2080
f 153/153/153 371/371/371 2083/2083/2083
f 371/371/371 373/373/373 2082/2082/2082
f 373/373/373 374/374/374 2081/2081/2081
f 374/374/374 152/152/152 1035/1035/1035
f 2081/2081/2081 1035/1035/1035 1034/1034/1034
f 2078/2078/2078 1034/1034/1034 1033/1033/1033
f 2088/2088/2088 2087/2087/2087 2084/2084/2084
f 2089/2089/2089 2088/2088/2088 2085/2085/2085
f 2091/2091/2091 2090/2090/2090 2087/2087/2087
f 2092/2092/2092 2091/2091/2091 2088/2088/2088
f 2084/2084/2084 1036/1036/1036 49/49/49
f 2085/2085/2085 2084/2084/2084 942/942/942
f 2086/2086/2086 2085/2085/2085 941/941/941
f 1039/1039/1039 2086/2086/2086 940/940/940
f 1040/1040/1040 2089/2089/2089 2086/2086/2086
f 1041/1041/1041 2092/2092/2092 2089/2089/2089
f 155/155/155 376/376/376 2092/2092/2092
f 376/376/376 379/379/379 2091/2091/2091
f 379/379/379 380/380/380 2090/2090/2090
f 380/380/380 153/153/153 1038/1038/1038
f 2090/2090/2090 1038/1038/1038 1037/1037/1037
f 2087/2087/2087 1037/1037/1037 1036/1036/1036
f 2097/2097/2097 2096/2096/2096 2093/2093/2093
f 2098/2098/2098 2097/2097/2097 2094/2094/2094
f 2100/2100/2100 2099/2099/2099 2096/2096/2096
f 2101/2101/2101 2100/2100/2100 2097/2097/2097
f 2093/2093/2093 1039/1039/1039 50/50/50
f 2094/2094/2094 2093/2093/2093 945/945/945
f 2095/2095/2095 2094/2094/2094 944/944/944
f 1042/1042/1042 2095/2095/2095 943/943/943
f 1043/1043/1043 2098/2098/2098 2095/2095/2095
f 1044/1044/1044 2101/2101/2101 2098/2098/2098
f 157/157/157 382/382/382 2101/2101/2101
f 382/382/382 384/384/384 2100/2100/2100
f 384/384/384 386/386/386 2099/2099/2099
f 386/386/386 155/155/155 1041/1041/1041
f 2099/2099/2099 1041/1041/1041 1040/1040/1040
f 2096/2096/2096 1040/1040/1040 1039/1039/1039
f 2106/2106/2106 2105/2105/2105 2102/2102/2102
f 2107/2107/2107 2106/2106/2106 2103/2103/2103
f 2109/2109/2109 2108/2108/2108 2105/2105/2105
f 2110/2110/2110 2109/2109/2109 2106/2106/2106
f 2102/2102/2102 1042/1042/1042 51/51/51
f 2103/2103/2103 2102/2102/2102 948/948/948
f 2104/2104/2104 2103/2103/2103 947/947/947
f 1045/1045/1045 2104/2104/2104 946/946/946
f 1046/1046/1046 2107/2107/2107 2104/2104/2104
f 1047/1047/1047 2110/2110/2110 2107/2107/2107
f 160/160/160 388/388/388 2110/2110/2110
f 388/388/388 391/391/391 2109/2109/2109
f 391/391/391 392/392/392 2108/2108/2108
f 392/392/392 157/157/157 1044/1044/1044
f 2108/2108/2108 1044/1044/1044 1043/1043/1043
f 2105/2105/2105 1043/1043/1043 1042/1042/1042
f 2115/2115/2115 2114/2114/2114 2111/2111/2111
f 2116/2116/2116 2115/2115/2115 2112/2112/2112
f 2118/2118/2118 2117/2117/2117 2114/2114/2114
f 2119/2119/2119 2118/2118/2118 2115/2115/2115
f 2111/2111/2111 1045/1045/1045 52/52/52
f 2112/2112/2112 2111/2111/2111 951/951/951
f 2113/2113/2113 2112/2112/2112 950/950/950
f 1048/1048/1048 2113/2113/2113 949/949/949
f 1049/1049/1049 2116/2116/2116 2113/2113/2113
f 1050/1050/1050 2119/2119/2119 2116/2116/2116
f 162/162/162 394/394/394 2119/2119/2119
f 394/394/394 396/396/396 2118/2118/2118
f 396/396/396 398/398/398 2117/2117/2117
f 398/398/398 160/160/160 1047/1047/1047
f 2117/2117/2117 1047/1047/1047 1046/1046/1046
f 2114/2114/2114 1046/1046/1046 1045/1045/1045
f 2124/2124/2124 2123/2123/2123 2120/2120/2120
f 2125/2125/2125 2124/2124/2124 2121/2121/2121
f 2127/2127/2127 2126/2126/2126 2123/2123/2123
f 2128/2128/2128 2127/2127/2127 2124/2124/2124
f 2120/2120/2120 1048/1048/1048 53/53/53
f 2121/2121/2121 2120/2120/2120 954/954/954
f 2122/2122/2122 2121/2121/2121 953/953/953
f 1051/1051/1051 2122/2122/2122 952/952/952
f 1052/1052/1052 2125/2125/2125 2122/2122/2122
f 1053/1053/1053 2128/2128/2128 2125/2125/2125
f 165/165/165 401/401/401 2128/2128/2128
f 401/401/401 403/403/403 2127/2127/2127
f 403/403/403 405/405/405 2126/2126/2126
f 405/405/405 162/162/162 1050/1050/1050
f 2126/2126/2126 1050/1050/1050 1049/1049/1049
f 2123/2123/2123 1049/1049/1049 1048/1048/1048
f 2133/2133/2133 2132/2132/2132 2129/2129/2129
f 2134/2134/2134 2133/2133/2133 2130/2130/2130
f 2136/2136/2136 2135/2135/2135 2132/2132/2132
f 2137/2137/2137 2136/2136/2136 2133/2133/2133
f 2129/2129/2129 1051/1051/1051 54/54/54
f 2130/2130/2130 2129/2129/2129 957/957/957
f 2131/2131/2131 2130/2130/2130 956/956/956
f 1054/1054/1054 2131/2131/2131 955/955/955
f 1055/1055/1055 2134/2134/2134 2131/2131/2131
f 1056/1056/1056 2137/2137/2137 2134/2134/2134
f 166/166/166 406/406/406 2137/2137/2137
f 406/406/406 408/408/408 2136/2136/2136
f 408/408/408 410/410/410 2135/2135/2135
f 410/410/410 165/165/165 1053/1053/1053
f 2135/2135/2135 1053/1053/1053 1052/1052/1052
f 2132/2132/2132 1052/1052/1052 1051/1051/1051
f 2142/2142/2142 2141/2141/2141 2138/2138/2138
f 2143/2143/2143 2142/2142/2142 2139/2139/2139
f 2145/2145/2145 2144/2144/2144 2141/2141/2141
f 2146/2146/2146 2145/2145/2145 2142/2142/2142
f 2138/2138/2138 1054/1054/1054 55/55/55
f 2139/2139/2139 2138/2138/2138 960/960/960
f 2140/2140/2140 2139/2139/2139 959/959/959
f 1057/1057/1057 2140/2140/2140 958/958/958
f 1058/1058/1058 2143/2143/2143 2140/2140/2140
f 1059/1059/1059 2146/2146/2146 2143/2143/2143
f 168/168/168 413/413/413 2146/2146/2146
f 413/413/413 414/414/414 2145/2145/2145
f 414/414/414 417/417/417 2144/2144/2144
f 417/417/417 166/166/166 1056/1056/1056
f 2144/2144/2144 1056/1056/1056 1055/1055/1055
f 2141/2141/2141 1055/1055/1055 1054/1054/1054
f 2151/2151/2151 2150/2150/2150 2147/2147/2147
f 2152/2152/2152 2151/2151/2151 2148/2148/2148
f 2154/2154/2154 2153/2153/2153 2150/2150/2150
f 2155/2155/2155 2154/2154/2154 2151/2151/2151
f 2147/2147/2147 1057/1057/1057 56/56/56
f 2148/2148/2148 2147/2147/2147 963/963/963
f 2149/2149/2149 2148/2148/2148 962/962/962
f 1060/1060/1060 2149/2149/2149 961/961/961
f 1061/1061/1061 2152/2152/2152 2149/2149/2149
f 1062/1062/1062 2155/2155/2155 2152/2152/2152
f 171/171/171 419/419/419 2155/2155/2155
f 419/419/419 420/420/420 2154/2154/2154
f 420/420/420 422/422/422 2153/2153/2153
f 422/422/422 168/168/168 1059/1059/1059
f 2153/2153/2153 1059/1059/1059 1058/1058/1058
f 2150/2150/2150 1058/1058/1058 1057/1057/1057
f 2160/2160/2160 2159/2159/2159 2156/2156/2156
f 2161/2161/2161 2160/2160/2160 2157/2157/2157
f 2163/2163/2163 2162/2162/2162 2159/2159/2159
f 2164/2164/2164 2163/2163/2163 2160/2160/2160
f 2156/2156/2156 1060/1060/1060 57/57/57
f 2157/2157/2157 2156/2156/2156 966/966/966
f 2158/2158/2158 2157/2157/2157 965/965/965
f 1063/1063/1063 2158/2158/2158 964/964/964
f 1064/1064/1064 2161/2161/2161 2158/2158/2158
f 1065/1065/1065 2164/2164/2164 2161/2161/2161
f 172/172/172 424/424/424 2164/2164/2164
f 424/424/424 426/426/426 2163/2163/2163
f 426/426/426 429/429/429 2162/2162/2162
f 429/429/429 171/171/171 1062/1062/1062
f 2162/2162/2162 1062/1062/1062 1061/1061/1061
f 2159/2159/2159 1061/1061/1061 1060/1060/1060
f 2169/2169/2169 2168/2168/2168 2165/2165/2165
f 2170/2170/2170 2169/2169/2169 2166/2166/2166
f 2172/2172/2172 2171/2171/2171 2168/2168/2168
f 2173/2173/2173 2172/2172/2172 2169/2169/2169
f 2165/2165/2165 1063/1063/1063 58/58/58
f 2166/2166/2166 2165/2165/2165 969/969/969
f 2167/2167/2167 2166/2166/2166 968/968/968
f 1066/1066/1066 2167/2167/2167 967/967/967
f 1067/1067/1067 2170/2170/2170 2167/2167/2167
f 1068/1068/1068 2173/2173/2173 2170/2170/2170
f 175/175/175 430/430/430 2173/2173/2173
f 430/430/430 432/432/432 2172/2172/2172
f 432/432/432 434/434/434 2171/2171/2171
f 434/434/434 172/172/172 1065/1065/1065
f 2171/2171/2171 1065/1065/1065 1064/1064/1064
f 2168/2168/2168 1064/1064/1064 1063/1063/1063
f 2178/2178/2178 2177/2177/2177 2174/2174/2174
f 2179/2179/2179 2178/2178/2178 2175/2175/2175
f 2181/2181/2181 2180/2180/2180 2177/2177/2177
f 2182/2182/2182 2181/2181/2181 2178/2178/2178
f 2174/2174/2174 1066/1066/1066 59/59/59
f 2175/2175/2175 2174/2174/2174 972/972/972
f 2176/2176/2176 2175/2175/2175 971/971/971
f 1069/1069/1069 2176/2176/2176 970/970/970
f 1070/1070/1070 2179/2179/2179 2176/2176/2176
f 1071/1071/1071 2182/2182/2182 2179/2179/2179
f 177/177/177 436/436/436 2182/2182/2182
f 436/436/436 437/437/437 2181/2181/2181
f 437/437/437 438/438/438 2180/2180/2180
f 438/438/438 175/175/175 1068/1068/1068
f 2180/2180/2180 1068/1068/1068 1067/1067/1067
f 2177/2177/2177 1067/1067/1067 1066/1066/1066
f 2187/2187/2187 2186/2186/2186 2183/2183/2183
f 2188/2188/2188 2187/2187/2187 2184/2184/2184
f 2190/2190/2190 2189/2189/2189 2186/2186/2186
f 2191/2191/2191 2190/2190/2190 2187/2187/2187
f 2183/2183/2183 1069/1069/1069 60/60/60
f 2184/2184/2184 2183/2183/2183 975/975/975
f 2185/2185/2185 2184/2184/2184 974/974/974
f 1072/1072/1072 2185/2185/2185 973/973/973
f 1073/1073/1073 2188/2188/2188 2185/2185/2185
f 1074/1074/1074 2191/2191/2191 2188/2188/2188
f 178/178/178 440/440/440 2191/2191/2191
f 440/440/440 442/442/442 2190/2190/2190
f 442/442/442 444/444/444 2189/2189/2189
f 444/444/444 177/177/177 1071/1071/1071
f 2189/2189/2189 1071/1071/1071 1070/1070/1070
f 2186/2186/2186 1070/1070/1070 1069/1069/1069
f 2196/2196/2196 2195/2195/2195 2192/2192/2192
f 2197/2197/2197 2196/2196/2196 2193/2193/2193
f 2199/2199/2199 2198/2198/2198 2195/2195/2195
f 2200/2200/2200 2199/2199/2199 2196/2196/2196
f 2192/2192/2192 1072/1072/1072 61/61/61
f 2193/2193/2193 2192/2192/2192 978/978/978
f 2194/2194/2194 2193/2193/2193 977/977/977
f 1075/1075/1075 2194/2194/2194 976/976/976
f 1076/1076/1076 2197/2197/2197 2194/2194/2194
f 1077/1077/1077 2200/2200/2200 2197/2197/2197
f 181/181/181 445/445/445 2200/2200/2200
f 445/445/445 447/447/447 2199/2199/2199
f 447/447/447 449/449/449 2198/2198/2198
f 449/449/449 178/178/178 1074/1074/1074
f 2198/2198/2198 1074/1074/1074 1073/1073/1073
f 2195/2195/2195 1073/1073/1073 1072/1072/1072
f 2205/2205/2205 2204/2204/2204 2201/2201/2201
f 2206/2206/2206 2205/2205/2205 2202/2202/2202
f 2208/2208/2208 2207/2207/2207 2204/2204/2204
f 2209/2209/2209 2208/2208/2208 2205/2205/2205
f 2201/2201/2201 1075/1075/1075 62/62/62
f 2202/2202/2202 2201/2201/2201 981/981/981
f 2203/2203/2203 2202/2202/2202 980/980/980
f 1078/1078/1078 2203/2203/2203 979/979/979
f 1079/1079/1079 2206/2206/2206 2203/2203/2203
f 1080/1080/1080 2209/2209/2209 2206/2206/2206
f 182/182/182 451/451/451 2209/2209/2209
f 451/451/451 454/454/454 2208/2208/2208
f 454/454/454 455/455/455 2207/2207/2207
f 455/455/455 181/181/181 1077/1077/1077
f 2207/2207/2207 1077/1077/1077 1076/1076/1076
f 2204/2204/2204 1076/1076/1076 1075/1075/1075
f 2214/2214/2214 2213/2213/2213 2210/2210/2210
f 2215/2215/2215 2214/2214/2214 2211/2211/2211
f 2217/2217/2217 2216/2216/2216 2213/2213/2213
f 2218/2218/2218 2217/2217/2217 2214/2214/2214
f 2210/2210/2210 1078/1078/1078 63/63/63
f 2211/2211/2211 2210/2210/2210 984/984/984
f 2212/2212/2212 2211/2211/2211 983/983/983
f 1081/1081/1081 2212/2212/2212 982/982/982
f 1082/1082/1082 2215/2215/2215 2212/2212/2212
f 1083/1083/1083 2218/2218/2218 2215/2215/2215
f 185/185/185 458/458/458 2218/2218/2218
f 458/458/458 459/459/459 2217/2217/2217
f 459/459/459 462/462/462 2216/2216/2216
f 462/462/462 182/182/182 1080/1080/1080
f 2216/2216/2216 1080/1080/1080 1079/1079/1079
f 2213/2213/2213 1079/1079/1079 1078/1078/1078
f 2223/2223/2223 2222/2222/2222 2219/2219/2219
f 2224/2224/2224 2223/2223/2223 2220/2220/2220
f 2226/2226/2226 2225/2225/2225 2222/2222/2222
f 2227/2227/2227 2226/2226/2226 2223/2223/2223
f 2219/2219/2219 1081/1081/1081 64/64/64
f 2220/2220/2220 2219/2219/2219 987/987/987
f 2221/2221/2221 2220/2220/2220 986/986/986
f 1084/1084/1084 2221/2221/2221 985/985/985
f 1085/1085/1085 2224/2224/2224 2221/2221/2221
f 1086/1086/1086 2227/2227/2227 2224/2224/2224
f 186/186/186 464/464/464 2227/2227/2227
f 464/464/464 466/466/466 2226/2226/2226
f 466/466/466 467/467/467 2225/2225/2225
f 467/467/467 185/185/185 1083/1083/1083
f 2225/2225/2225 1083/1083/1083 1082/1082/1082
f 2222/2222/2222 1082/1082/1082 1081/1081/1081
f 2232/2232/2232 2231/2231/2231 2228/2228/2228
f 2233/2233/2233 2232/2232/2232 2229/2229/2229
f 2235/2235/2235 2234/2234/2234 2231/2231/2231
f 2236/2236/2236 2235/2235/2235 2232/2232/2232
f 2228/2228/2228 1084/1084/1084 65/65/65
f 2229/2229/2229 2228/2228/2228 990/990/990
f 2230/2230/2230 2229/2229/2229 989/989/989
f 1087/1087/1087 2230/2230/2230 988/988/988
f 1088/1088/1088 2233/2233/2233 2230/2230/2230
f 1089/1089/1089 2236/2236/2236 2233/2233/2233
f 189/189/189 470/470/470 2236/2236/2236
f 470/470/470 472/472/472 2235/2235/2235
f 472/472/472 473/473/473 2234/2234/2234
f 473/473/473 186/186/186 1086/1086/1086
f 2234/2234/2234 1086/1086/1086 1085/1085/1085
f 2231/2231/2231 1085/1085/1085 1084/1084/1084
f 2241/2241/2241 2240/2240/2240 2237/2237/2237
f 2242/2242/2242 2241/2241/2241 2238/2238/2238
f 2244/2244/2244 2243/2243/2243 2240/2240/2240
f 2245/2245/2245 2244/2244/2244 2241/2241/2241
f 2237/2237/2237 1087/1087/1087 66/66/66
f 2238/2238/2238 2237/2237/2237 993/993/993
f 2239/2239/2239 2238/2238/2238 992/992/992
f 1090/1090/1090 2239/2239/2239 991/991/991
f 1091/1091/1091 2242/2242/2242 2239/2239/2239
f 1092/1092/1092 2245/2245/2245 2242/2242/2242
f 191/191/191 476/476/476 2245/2245/2245
f 476/476/476 477/477/477 2244/2244/2244
f 477/477/477 480/480/480 2243/2243/2243
f 480/480/480 189/189/189 1089/1089/1089
f 2243/2243/2243 1089/1089/1089 1088/1088/1088
f 2240/2240/2240 1088/1088/1088 1087/1087/1087
f 2250/2250/2250 2249/2249/2249 2246/2246/2246
f 2251/2251/2251 2250/2250/2250 2247/2247/2247
f 2253/2253/2253 2252/2252/2252 2249/2249/2249
f 2254/2254/2254 2253/2253/2253 2250/2250/2250
f 2246/2246/2246 1090/1090/1090 67/67/67
f 2247/2247/2247 2246/2246/2246 996/996/996
f 2248/2248/2248 2247/2247/2247 995/995/995
f 1093/1093/1093 2248/2248/2248 994/994/994
f 1094/1094/1094 2251/2251/2251 2248/2248/2248
f 1095/1095/1095 2254/2254/2254 2251/2251/2251
f 193/193/193 481/481/481 2254/2254/2254
f 481/481/481 482/482/482 2253/2253/2253
f 482/482/482 483/483/483 2252/2252/2252
f 483/483/483 191/191/191 1092/1092/1092
f 2252/2252/2252 1092/1092/1092 1091/1091/1091
f 2249/2249/2249 1091/1091/1091 1090/1090/1090
f 2259/2259/2259 2258/2258/2258 2255/2255/2255
f 2260/2260/2260 2259/2259/2259 2256/2256/2256
f 2262/2262/2262 2261/2261/2261 2258/2258/2258
f 2263/2263/2263 2262/2262/2262 2259/2259/2259
f 2255/2255/2255 1093/1093/1093 68/68/68
f 2256/2256/2256 2255/2255/2255 999/999/999
f 2257/2257/2257 2256/2256/2256 998/998/998
f 1096/1096/1096 2257/2257/2257 997/997/997
f 1097/1097/1097 2260/2260/2260 2257/2257/2257
f 1098/1098/1098 2263/2263/2263 2260/2260/2260
f 195/195/195 484/484/484 2263/2263/2263
f 484/484/484 487/487/487 2262/2262/2262
f 487/487/487 489/489/489 2261/2261/2261
f 489/489/489 193/193/193 1095/1095/1095
f 2261/2261/2261 1095/1095/1095 1094/1094/1094
f 2258/2258/2258 1094/1094/1094 1093/1093/1093
f 2268/2268/2268 2267/2267/2267 2264/2264/2264
f 2269/2269/2269 2268/2268/2268 2265/2265/2265
f 2271/2271/2271 2270/2270/2270 2267/2267/2267
f 2272/2272/2272 2271/2271/2271 2268/2268/2268
f 2264/2264/2264 1096/1096/1096 69/69/69
f 2265/2265/2265 2264/2264/2264 1002/1002/1002
f 2266/2266/2266 2265/2265/2265 1001/1001/1001
f 1099/1099/1099 2266/2266/2266 1000/1000/1000
f 1100/1100/1100 2269/2269/2269 2266/2266/2266
f 1101/1101/1101 2272/2272/2272 2269/2269/2269
f 197/197/197 491/491/491 2272/2272/2272
f 491/491/491 492/492/492 2271/2271/2271
f 492/492/492 494/494/494 2270/2270/2270
f 494/494/494 195/195/195 1098/1098/1098
f 2270/2270/2270 1098/1098/1098 1097/1097/1097
f 2267/2267/2267 1097/1097/1097 1096/1096/1096
f 2277/2277/2277 2276/2276/2276 2273/2273/2273
f 2278/2278/2278 2277/2277/2277 2274/2274/2274
f 2280/2280/2280 2279/2279/2279 2276/2276/2276
f 2281/2281/2281 2280/2280/2280 2277/2277/2277
f 2273/2273/2273 1099/1099/1099 70/70/70
f 2274/2274/2274 2273/2273/2273 1005/1005/1005
f 2275/2275/2275 2274/2274/2274 1004/1004/1004
f 1102/1102/1102 2275/2275/2275 1003/1003/1003
f 1103/1103/1103 2278/2278/2278 2275/2275/2275
f 1104/1104/1104 2281/2281/2281 2278/2278/2278
f 199/199/199 497/497/497 2281/2281/2281
f 497/497/497 499/499/499 2280/2280/2280
f 499/499/499 500/500/500 2279/2279/2279
f 500/500/500 197/197/197 1101/1101/1101
f 2279/2279/2279 1101/1101/1101 1100/1100/1100
f 2276/2276/2276 1100/1100/1100 1099/1099/1099
f 2286/2286/2286 2285/2285/2285 2282/2282/2282
f 2287/2287/2287 2286/2286/2286 2283/2283/2283
f 2289/2289/2289 2288/2288/2288 2285/2285/2285
f 2290/2290/2290 2289/2289/2289 2286/2286/2286
f 2282/2282/2282 1102/1102/1102 71/71/71
f 2283/2283/2283 2282/2282/2282 1008/1008/1008
f 2284/2284/2284 2283/2283/2283 1007/1007/1007
f 1011/1011/1011 2284/2284/2284 1006/1006/1006
f 1010/1010/1010 2287/2287/2287 2284/2284/2284
f 1009/1009/1009 2290/2290/2290 2287/2287/2287
f 138/138/138 503/503/503 2290/2290/2290
f 503/503/503 504/504/504 2289/2289/2289
f 504/504/504 506/506/506 2288/2288/2288
f 506/506/506 199/199/199 1104/1104/1104
f 2288/2288/2288 1104/1104/1104 1103/1103/1103
f 2285/2285/2285 1103/1103/1103 1102/1102/1102
f 2295/2295/2295 2294/2294/2294 2291/2291/2291
f 2296/2296/2296 2295/2295/2295 2292/2292/2292
f 2298/2298/2298 2297/2297/2297 2294/2294/2294
f 2299/2299/2299 2298/2298/2298 2295/2295/2295
f 2291/2291/2291 1203/1203/1203 105/105/105
f 2292/2292/2292 2291/2291/2291 1105/1105/1105
f 2293/2293/2293 2292/2292/2292 1106/1106/1106
f 1204/1204/1204 2293/2293/2293 1107/1107/1107
f 1205/1205/1205 2296/2296/2296 2293/2293/2293
f 1206/1206/1206 2299/2299/2299 2296/2296/2296
f 201/201/201 723/723/723 2299/2299/2299
f 723/723/723 722/722/722 2298/2298/2298
f 722/722/722 721/721/721 2297/2297/2297
f 721/721/721 200/200/200 1201/1201/1201
f 2297/2297/2297 1201/1201/1201 1202/1202/1202
f 2294/2294/2294 1202/1202/1202 1203/1203/1203
f 2304/2304/2304 2303/2303/2303 2300/2300/2300
f 2305/2305/2305 2304/2304/2304 2301/2301/2301
f 2307/2307/2307 2306/2306/2306 2303/2303/2303
f 2308/2308/2308 2307/2307/2307 2304/2304/2304
f 2300/2300/2300 1209/1209/1209 106/106/106
f 2301/2301/2301 2300/2300/2300 1108/1108/1108
f 2302/2302/2302 2301/2301/2301 1109/1109/1109
f 1203/1203/1203 2302/2302/2302 1110/1110/1110
f 1202/1202/1202 2305/2305/2305 2302/2302/2302
f 1201/1201/1201 2308/2308/2308 2305/2305/2305
f 200/200/200 726/726/726 2308/2308/2308
f 726/726/726 725/725/725 2307/2307/2307
f 725/725/725 724/724/724 2306/2306/2306
f 724/724/724 202/202/202 1207/1207/1207
f 2306/2306/2306 1207/1207/1207 1208/1208/1208
f 2303/2303/2303 1208/1208/1208 1209/1209/1209
f 2313/2313/2313 2312/2312/2312 2309/2309/2309
f 2314/2314/2314 2313/2313/2313 2310/2310/2310
f 2316/2316/2316 2315/2315/2315 2312/2312/2312
f 2317/2317/2317 2316/2316/2316 2313/2313/2313
f 2309/2309/2309 1212/1212/1212 107/107/107
f 2310/2310/2310 2309/2309/2309 1111/1111/1111
f 2311/2311/2311 2310/2310/2310 1112/1112/1112
f 1209/1209/1209 2311/2311/2311 1113/1113/1113
f 1208/1208/1208 2314/2314/2314 2311/2311/2311
f 1207/1207/1207 2317/2317/2317 2314/2314/2314
f 202/202/202 729/729/729 2317/2317/2317
f 729/729/729 728/728/728 2316/2316/2316
f 728/728/728 727/727/727 2315/2315/2315
f 727/727/727 203/203/203 1210/1210/1210
f 2315/2315/2315 1210/1210/1210 1211/1211/1211
f 2312/2312/2312 1211/1211/1211 1212/1212/1212
f 2322/2322/2322 2321/2321/2321 2318/2318/2318
f 2323/2323/2323 2322/2322/2322 2319/2319/2319
f 2325/2325/2325 2324/2324/2324 2321/2321/2321
f 2326/2326/2326 2325/2325/2325 2322/2322/2322
f 2318/2318/2318 1215/1215/1215 108/108/108
f 2319/2319/2319 2318/2318/2318 1114/1114/1114
f 2320/2320/2320 2319/2319/2319 1115/1115/1115
f 1212/1212/1212 2320/2320/2320 1116/1116/1116
f 1211/1211/1211 2323/2323/2323 2320/2320/2320
f 1210/1210/1210 2326/2326/2326 2323/2323/2323
f 203/203/203 732/732/732 2326/2326/2326
f 732/732/732 731/731/731 2325/2325/2325
f 731/731/731 730/730/730 2324/2324/2324
f 730/730/730 204/204/204 1213/1213/1213
f 2324/2324/2324 1213/1213/1213 1214/1214/1214
f 2321/2321/2321 1214/1214/1214 1215/1215/1215
f 2331/2331/2331 2330/2330/2330 2327/2327/2327
f 2332/2332/2332 2331/2331/2331 2328/2328/2328
f 2334/2334/2334 2333/2333/2333 2330/2330/2330
f 2335/2335/2335 2334/2334/2334 2331/2331/2331
f 2327/2327/2327 1218/1218/1218 109/109/109
f 2328/2328/2328 2327/2327/2327 1117/1117/1117
f 2329/2329/2329 2328/2328/2328 1118/1118/1118
f 1215/1215/1215 2329/2329/2329 1119/1119/1119
f 1214/1214/1214 2332/2332/2332 2329/2329/2329
f 1213/1213/1213 2335/2335/2335 2332/2332/2332
f 204/204/204 735/735/735 2335/2335/2335
f 735/735/735 734/734/734 2334/2334/2334
f 734/734/734 733/733/733 2333/2333/2333
f 733/733/733 205/205/205 1216/1216/1216
f 2333/2333/2333 1216/1216/1216 1217/1217/1217
f 2330/2330/2330 1217/1217/1217 1218/1218/1218
f 2340/2340/2340 2339/2339/2339 2336/2336/2336
f 2341/2341/2341 2340/2340/2340 2337/2337/2337
f 2343/2343/2343 2342/2342/2342 2339/2339/2339
f 2344/2344/2344 2343/2343/2343 2340/2340/2340
f 2336/2336/2336 1221/1221/1221 110/110/110
f 2337/2337/2337 2336/2336/2336 1120/1120/1120
f 2338/2338/2338 2337/2337/2337 1121/1121/1121
f 1218/1218/1218 2338/2338/2338 1122/1122/1122
f 1217/1217/1217 2341/2341/2341 2338/2338/2338
f 1216/1216/1216 2344/2344/2344 2341/2341/2341
f 205/205/205 738/738/738 2344/2344/2344
f 738/738/738 737/737/737 2343/2343/2343
f 737/737/737 736/736/736 2342/2342/2342
f 736/736/736 206/206/206 1219/1219/1219
f 2342/2342/2342 1219/1219/1219 1220/1220/1220
f 2339/2339/2339 1220/1220/1220 1221/1221/1221
f 2349/2349/2349 2348/2348/2348 2345/2345/2345
f 2350/2350/2350 2349/2349/2349 2346/2346/2346
f 2352/2352/2352 2351/2351/2351 2348/2348/2348
f 2353/2353/2353 2352/2352/2352 2349/2349/2349
f 2345/2345/2345 1224/1224/1224 111/111/111
f 2346/2346/2346 2345/2345/2345 1123/1123/1123
f 2347/2347/2347 2346/2346/2346 1124/1124/1124
f 1221/1221/1221 2347/2347/2347 1125/1125/1125
f 1220/1220/1220 2350/2350/2350 2347/2347/2347
f 1219/1219/1219 2353/2353/2353 2350/2350/2350
f 206/206/206 741/741/741 2353/2353/2353
f 741/741/741 740/740/740 2352/2352/2352
f 740/740/740 739/739/739 2351/2351/2351
f 739/739/739 207/207/207 1222/1222/1222
f 2351/2351/2351 1222/1222/1222 1223/1223/1223
f 2348/2348/2348 1223/1223/1223 1224/1224/1224
f 2358/2358/2358 2357/2357/2357 2354/2354/2354
f 2359/2359/2359 2358/2358/2358 2355/2355/2355
f 2361/2361/2361 2360/2360/2360 2357/2357/2357
f 2362/2362/2362 2361/2361/2361 2358/2358/2358
f 2354/2354/2354 1227/1227/1227 112/112/112
f 2355/2355/2355 2354/2354/2354 1126/1126/1126
f 2356/2356/2356 2355/2355/2355 1127/1127/1127
f 1224/1224/1224 2356/2356/2356 1128/1128/1128
f 1223/1223/1223 2359/2359/2359 2356/2356/2356
f 1222/1222/1222 2362/2362/2362 2359/2359/2359
f 207/207/207 744/744/744 2362/2362/2362
f 744/744/744 743/743/743 2361/2361/2361
f 743/743/743 742/742/742 2360/2360/2360
f 742/742/742 208/208/208 1225/1225/1225
f 2360/2360/2360 1225/1225/1225 1226/1226/1226
f 2357/2357/2357 1226/1226/1226 1227/1227/1227
f 2367/2367/2367 2366/2366/2366 2363/2363/2363
f 2368/2368/2368 2367/2367/2367 2364/2364/2364
f 2370/2370/2370 2369/2369/2369 2366/2366/2366
f 2371/2371/2371 2370/2370/2370 2367/2367/2367
f 2363/2363/2363 1230/1230/1230 113/113/113
f 2364/2364/2364 2363/2363/2363 1129/1129/1129
f 2365/2365/2365 2364/2364/2364 1130/1130/1130
f 1227/1227/1227 2365/2365/2365 1131/1131/1131
f 1226/1226/1226 2368/2368/2368 2365/2365/2365
f 1225/1225/1225 2371/2371/2371 2368/2368/2368
f 208/208/208 747/747/747 2371/2371/2371
f 747/747/747 746/746/746 2370/2370/2370
f 746/746/746 745/745/745 2369/2369/2369
f 745/745/745 209/209/209 1228/1228/1228
f 2369/2369/2369 1228/1228/1228 1229/1229/1229
f 2366/2366/2366 1229/1229/1229 1230/1230/1230
f 2376/2376/2376 2375/2375/2375 2372/2372/2372
f 2377/2377/2377 2376/2376/2376 2373/2373/2373
f 2379/2379/2379 2378/2378/2378 2375/2375/2375
f 2380/2380/2380 2379/2379/2379 2376/2376/2376
f 2372/2372/2372 1233/1233/1233 114/114/114
f 2373/2373/2373 2372/2372/2372 1132/1132/1132
f 2374/2374/2374 2373/2373/2373 1133/1133/1133
f 1230/1230/1230 2374/2374/2374 1134/1134/1134
f 1229/1229/1229 2377/2377/2377 2374/2374/2374
f 1228/1228/1228 2380/2380/2380 2377/2377/2377
f 209/209/209 750/750/750 2380/2380/2380
f 750/750/750 749/749/749 2379/2379/2379
f 749/749/749 748/748/748 2378/2378/2378
f 748/748/748 210/210/210 1231/1231/1231
f 2378/2378/2378 1231/1231/1231 1232/1232/1232
f 2375/2375/2375 1232/1232/1232 1233/1233/1233
f 2385/2385/2385 2384/2384/2384 2381/2381/2381
f 2386/2386/2386 2385/2385/2385 2382/2382/2382
f 2388/2388/2388 2387/2387/2387 2384/2384/2384
f 2389/2389/2389 2388/2388/2388 2385/2385/2385
f 2381/2381/2381 1236/1236/1236 115/115/115
f 2382/2382/2382 2381/2381/2381 1135/1135/1135
f 2383/2383/2383 2382/2382/2382 1136/1136/1136
f 1233/1233/1233 2383/2383/2383 1137/1137/1137
f 1232/1232/1232 2386/2386/2386 2383/2383/2383
f 1231/1231/1231 2389/2389/2389 2386/2386/2386
f 210/210/210 753/753/753 2389/2389/2389
f 753/753/753 752/752/752 2388/2388/2388
f 752/752/752 751/751/751 2387/2387/2387
f 751/751/751 211/211/211 1234/1234/1234
f 2387/2387/2387 1234/1234/1234 1235/1235/1235
f 2384/2384/2384 1235/1235/1235 1236/1236/1236
f 2394/2394/2394 2393/2393/2393 2390/2390/2390
f 2395/2395/2395 2394/2394/2394 2391/2391/2391
f 2397/2397/2397 2396/2396/2396 2393/2393/2393
f 2398/2398/2398 2397/2397/2397 2394/2394/2394
f 2390/2390/2390 1239/1239/1239 116/116/116
f 2391/2391/2391 2390/2390/2390 1138/1138/1138
f 2392/2392/2392 2391/2391/2391 1139/1139/1139
f 1236/1236/1236 2392/2392/2392 1140/1140/1140
f 1235/1235/1235 2395/2395/2395 2392/2392/2392
f 1234/1234/1234 2398/2398/2398 2395/2395/2395
f 211/211/211 756/756/756 2398/2398/2398
f 756/756/756 755/755/755 2397/2397/2397
f 755/755/755 754/754/754 2396/2396/2396
f 754/754/754 212/212/212 1237/1237/1237
f 2396/2396/2396 1237/1237/1237 1238/1238/1238
f 2393/2393/2393 1238/1238/1238 1239/1239/1239
f 2403/2403/2403 2402/2402/2402 2399/2399/2399
f 2404/2404/2404 2403/2403/2403 2400/2400/2400
f 2406/2406/2406 2405/2405/2405 2402/2402/2402
f 2407/2407/2407 2406/2406/2406 2403/2403/2403
f 2399/2399/2399 1242/1242/1242 117/117/117
f 2400/2400/2400 2399/2399/2399 1141/1141/1141
f 2401/2401/2401 2400/2400/2400 1142/1142/1142
f 1239/1239/1239 2401/2401/2401 1143/1143/1143
f 1238/1238/1238 2404/2404/2404 2401/2401/2401
f 1237/1237/1237 2407/2407/2407 2404/2404/2404
f 212/212/212 759/759/759 2407/2407/2407
f 759/759/759 758/758/758 2406/2406/2406
f 758/758/758 757/757/757 2405/2405/2405
f 757/757/757 213/213/213 1240/1240/1240
f 2405/2405/2405 1240/1240/1240 1241/1241/1241
f 2402/2402/2402 1241/1241/1241 1242/1242/1242
f 2412/2412/2412 2411/2411/2411 2408/2408/2408
f 2413/2413/2413 2412/2412/2412 2409/2409/2409
f 2415/2415/2415 2414/2414/2414 2411/2411/2411
f 2416/2416/2416 2415/2415/2415 2412/2412/2412
f 2408/2408/2408 1245/1245/1245 118/118/118
f 2409/2409/2409 2408/2408/2408 1144/1144/1144
f 2410/2410/2410 2409/2409/2409 1145/1145/1145
f 1242/1242/1242 2410/2410/2410 1146/1146/1146
f 1241/1241/1241 2413/2413/2413 2410/2410/2410
f 1240/1240/1240 2416/2416/2416 2413/2413/2413
f 213/213/213 762/762/762 2416/2416/2416
f 762/762/762 761/761/761 2415/2415/2415
f 761/761/761 760/760/760 2414/2414/2414
f 760/760/760 214/214/214 1243/1243/1243
f 2414/2414/2414 1243/1243/1243 1244/1244/1244
f 2411/2411/2411 1244/1244/1244 1245/1245/1245
f 2421/2421/2421 2420/2420/2420 2417/2417/2417
f 2422/2422/2422 2421/2421/2421 2418/2418/2418
f 2424/2424/2424 2423/2423/2423 2420/2420/2420
f 2425/2425/2425 2424/2424/2424 2421/2421/2421
f 2417/2417/2417 1248/1248/1248 119/119/119
f 2418/2418/2418 2417/2417/2417 1147/1147/1147
f 2419/2419/2419 2418/2418/2418 1148/1148/1148
f 1245/1245/1245 2419/2419/2419 1149/1149/1149
f 1244/1244/1244 2422/2422/2422 2419/2419/2419
f 1243/1243/1243 2425/2425/2425 2422/2422/2422
f 214/214/214 765/765/765 2425/2425/2425
f 765/765/765 764/764/764 2424/2424/2424
f 764/764/764 763/763/763 2423/2423/2423
f 763/763/763 215/215/215 1246/1246/1246
f 2423/2423/2423 1246/1246/1246 1247/1247/1247
f 2420/2420/2420 1247/1247/1247 1248/1248/1248
f 2430/2430/2430 2429/2429/2429 2426/2426/2426
f 2431/2431/2431 2430/2430/2430 2427/2427/2427
f 2433/2433/2433 2432/2432/2432 2429/2429/2429
f 2434/2434/2434 2433/2433/2433 2430/2430/2430
f 2426/2426/2426 1251/1251/1251 120/120/120
f 2427/2427/2427 2426/2426/2426 1150/1150/1150
f 2428/2428/2428 2427/2427/2427 1151/1151/1151
f 1248/1248/1248 2428/2428/2428 1152/1152/1152
f 1247/1247/1247 2431/2431/2431 2428/2428/2428
f 1246/1246/1246 2434/2434/2434 2431/2431/2431
f 215/215/215 768/768/768 2434/2434/2434
f 768/768/768 767/767/767 2433/2433/2433
f 767/767/767 766/766/766 2432/2432/2432
f 766/766/766 216/216/216 1249/1249/1249
f 2432/2432/2432 1249/1249/1249 1250/1250/1250
f 2429/2429/2429 1250/1250/1250 1251/1251/1251
f 2439/2439/2439 2438/2438/2438 2435/2435/2435
f 2440/2440/2440 2439/2439/2439 2436/2436/2436
f 2442/2442/2442 2441/2441/2441 2438/2438/2438
f 2443/2443/2443 2442/2442/2442 2439/2439/2439
f 2435/2435/2435 1254/1254/1254 121/121/121
f 2436/2436/2436 2435/2435/2435 1153/1153/1153
f 2437/2437/2437 2436/2436/2436 1154/1154/1154
f 1251/1251/1251 2437/2437/2437 1155/1155/1155
f 1250/1250/1250 2440/2440/2440 2437/2437/2437
f 1249/1249/1249 2443/2443/2443 2440/2440/2440
f 216/216/216 771/771/771 2443/2443/2443
f 771/771/771 770/770/770 2442/2442/2442
f 770/770/770 769/769/769 2441/2441/2441
f 769/769/769 217/217/217 1252/1252/1252
f 2441/2441/2441 1252/1252/1252 1253/1253/1253
f 2438/2438/2438 1253/1253/1253 1254/1254/1254
f 2448/2448/2448 2447/2447/2447 2444/2444/2444
f 2449/2449/2449 2448/2448/2448 2445/2445/2445
f 2451/2451/2451 2450/2450/2450 2447/2447/2447
f 2452/2452/2452 2451/2451/2451 2448/2448/2448
f 2444/2444/2444 1257/1257/1257 122/122/122
f 2445/2445/2445 2444/2444/2444 1156/1156/1156
f 2446/2446/2446 2445/2445/2445 1157/1157/1157
f 1254/1254/1254 2446/2446/2446 1158/1158/1158
f 1253/1253/1253 2449/2449/2449 2446/2446/2446
f 1252/1252/1252 2452/2452/2452 2449/2449/2449
f 217/217/217 774/774/774 2452/2452/2452
f 774/774/774 773/773/773 2451/2451/2451
f 773/773/773 772/772/772 2450/2450/2450
f 772/772/772 218/218/218 1255/1255/1255
f 2450/2450/2450 1255/1255/1255 1256/1256/1256
f 2447/2447/2447 1256/1256/1256 1257/1257/1257
f 2457/2457/2457 2456/2456/2456 2453/2453/2453
f 2458/2458/2458 2457/2457/2457 2454/2454/2454
f 2460/2460/2460 2459/2459/2459 2456/2456/2456
f 2461/2461/2461 2460/2460/2460 2457/2457/2457
f 2453/2453/2453 1260/1260/1260 123/123/123
f 2454/2454/2454 2453/2453/2453 1159/1159/1159
f 2455/2455/2455 2454/2454/2454 1160/1160/1160
f 1257/1257/1257 2455/2455/2455 1161/1161/1161
f 1256/1256/1256 2458/2458/2458 2455/2455/2455
f 1255/1255/1255 2461/2461/2461 2458/2458/2458
f 218/218/218 777/777/777 2461/2461/2461
f 777/777/777 776/776/776 2460/2460/2460
f 776/776/776 775/775/775 2459/2459/2459
f 775/775/775 219/219/219 1258/1258/1258
f 2459/2459/2459 1258/1258/1258 1259/1259/1259
f 2456/2456/2456 1259/1259/1259 1260/1260/1260
f 2466/2466/2466 2465/2465/2465 2462/2462/2462
f 2467/2467/2467 2466/2466/2466 2463/2463/2463
f 2469/2469/2469 2468/2468/2468 2465/2465/2465
f 2470/2470/2470 2469/2469/2469 2466/2466/2466
f 2462/2462/2462 1263/1263/1263 124/124/124
f 2463/2463/2463 2462/2462/2462 1162/1162/1162
f 2464/2464/2464 2463/2463/2463 1163/1163/1163
f 1260/1260/1260 2464/2464/2464 1164/1164/1164
f 1259/1259/1259 2467/2467/2467 2464/2464/2464
f 1258/1258/1258 2470/2470/2470 2467/2467/2467
f 219/219/219 780/780/780 2470/2470/2470
f 780/780/780 779/779/779 2469/2469/2469
f 779/779/779 778/778/778 2468/2468/2468
f 778/778/778 220/220/220 1261/1261/1261
f 2468/2468/2468 1261/1261/1261 1262/1262/1262
f 2465/2465/2465 1262/1262/1262 1263/1263/1263
f 2475/2475/2475 2474/2474/2474 2471/2471/2471
f 2476/2476/2476 2475/2475/2475 2472/2472/2472
f 2478/2478/2478 2477/2477/2477 2474/2474/2474
f 2479/2479/2479 2478/2478/2478 2475/2475/2475
f 2471/2471/2471 1266/1266/1266 125/125/125
f 2472/2472/2472 2471/2471/2471 1165/1165/1165
f 2473/2473/2473 2472/2472/2472 1166/1166/1166
f 1263/1263/1263 2473/2473/2473 1167/1167/1167
f 1262/1262/1262 2476/2476/2476 2473/2473/2473
f 1261/1261/1261 2479/2479/2479 2476/2476/2476
f 220/220/220 783/783/783 2479/2479/2479
f 783/783/783 782/782/782 2478/2478/2478
f 782/782/782 781/781/781 2477/2477/2477
f 781/781/781 221/221/221 1264/1264/1264
f 2477/2477/2477 1264/1264/1264 1265/1265/1265
f 2474/2474/2474 1265/1265/1265 1266/1266/1266
f 2484/2484/2484 2483/2483/2483 2480/2480/2480
f 2485/2485/2485 2484/2484/2484 2481/2481/2481
f 2487/2487/2487 2486/2486/2486 2483/2483/2483
f 2488/2488/2488 2487/2487/2487 2484/2484/2484
f 2480/2480/2480 1269/1269/1269 126/126/126
f 2481/2481/2481 2480/2480/2480 1168/1168/1168
f 2482/2482/2482 2481/2481/2481 1169/1169/1169
f 1266/1266/1266 2482/2482/2482 1170/1170/1170
f 1265/1265/1265 2485/2485/2485 2482/2482/2482
f 1264/1264/1264 2488/2488/2488 2485/2485/2485
f 221/221/221 786/786/786 2488/2488/2488
f 786/786/786 785/785/785 2487/2487/2487
f 785/785/785 784/784/784 2486/2486/2486
f 784/784/784 222/222/222 1267/1267/1267
f 2486/2486/2486 1267/1267/1267 1268/1268/1268
f 2483/2483/2483 1268/1268/1268 1269/1269/1269
f 2493/2493/2493 2492/2492/2492 2489/2489/2489
f 2494/2494/2494 2493/2493/2493 2490/2490/2490
f 2496/2496/2496 2495/2495/2495 2492/2492/2492
f 2497/2497/2497 2496/2496/2496 2493/2493/2493
f 2489/2489/2489 1272/1272/1272 127/127/127
f 2490/2490/2490 2489/2489/2489 1171/1171/1171
f 2491/2491/2491 2490/2490/2490 1172/1172/1172
f 1269/1269/1269 2491/2491/2491 1173/1173/1173
f 1268/1268/1268 2494/2494/2494 2491/2491/2491
f 1267/1267/1267 2497/2497/2497 2494/2494/2494
f 222/222/222 789/789/789 2497/2497/2497
f 789/789/789 788/788/788 2496/2496/2496
f 788/788/788 787/787/787 2495/2495/2495
f 787/787/787 223/223/223 1270/1270/1270
f 2495/2495/2495 1270/1270/1270 1271/1271/1271
f 2492/2492/2492 1271/1271/1271 1272/1272/1272
f 2502/2502/2502 2501/2501/2501 2498/2498/2498
f 2503/2503/2503 2502/2502/2502 2499/2499/2499
f 2505/2505/2505 2504/2504/2504 2501/2501/2501
f 2506/2506/2506 2505/2505/2505 2502/2502/2502
f 2498/2498/2498 1275/1275/1275 128/128/128
f 2499/2499/2499 2498/2498/2498 1174/1174/1174
f 2500/2500/2500 2499/2499/2499 1175/1175/1175
f 1272/1272/1272 2500/2500/2500 1176/1176/1176
f 1271/1271/1271 2503/2503/2503 2500/2500/2500
f 1270/1270/1270 2506/2506/2506 2503/2503/2503
f 223/223/223 792/792/792 2506/2506/2506
f 792/792/792 791/791/791 2505/2505/2505
f 791/791/791 790/790/790 2504/2504/2504
f 790/790/790 224/224/224 1273/1273/1273
f 2504/2504/2504 1273/1273/1273 1274/1274/1274
f 2501/2501/2501 1274/1274/1274 1275/1275/1275
f 2511/2511/2511 2510/2510/2510 2507/2507/2507
f 2512/2512/2512 2511/2511/2511 2508/2508/2508
f 2514/2514/2514 2513/2513/2513 2510/2510/2510
f 2515/2515/2515 2514/2514/2514 2511/2511/2511
f 2507/2507/2507 1278/1278/1278 129/129/129
f 2508/2508/2508 2507/2507/2507 1177/1177/1177
f 2509/2509/2509 2508/2508/2508 1178/1178/1178
f 1275/1275/1275 2509/2509/2509 1179/1179/1179
f 1274/1274/1274 2512/2512/2512 2509/2509/2509
f 1273/1273/1273 2515/2515/2515 2512/2512/2512
f 224/224/224 795/795/795 2515/2515/2515
f 795/795/795 794/794/794 2514/2514/2514
f 794/794/794 793/793/793 2513/2513/2513
f 793/793/793 225/225/225 1276/1276/1276
f 2513/2513/2513 1276/1276/1276 1277/1277/1277
f 2510/2510/2510 1277/1277/1277 1278/1278/1278
f 2520/2520/2520 2519/2519/2519 2516/2516/2516
f 2521/2521/2521 2520/2520/2520 2517/2517/2517
f 2523/2523/2523 2522/2522/2522 2519/2519/2519
f 2524/2524/2524 2523/2523/2523 2520/2520/2520
f 2516/2516/2516 1281/1281/1281 130/130/130
f 2517/2517/2517 2516/2516/2516 1180/1180/1180
f 2518/2518/2518 2517/2517/2517 1181/1181/1181
f 1278/1278/1278 2518/2518/2518 1182/1182/1182
f 1277/1277/1277 2521/2521/2521 2518/2518/2518
f 1276/1276/1276 2524/2524/2524 2521/2521/2521
f 225/225/225 798/798/798 2524/2524/2524
f 798/798/798 797/797/797 2523/2523/2523
f 797/797/797 796/796/796 2522/2522/2522
f 796/796/796 226/226/226 1279/1279/1279
f 2522/2522/2522 1279/1279/1279 1280/1280/1280
f 2519/2519/2519 1280/1280/1280 1281/1281/1281
f 2529/2529/2529 2528/2528/2528 2525/2525/2525
f 2530/2530/2530 2529/2529/2529 2526/2526/2526
f 2532/2532/2532 2531/2531/2531 2528/2528/2528
f 2533/2533/2533 2532/2532/2532 2529/2529/2529
f 2525/2525/2525 1284/1284/1284 131/131/131
f 2526/2526/2526 2525/2525/2525 1183/1183/1183
f 2527/2527/2527 2526/2526/2526 1184/1184/1184
f 1281/1281/1281 2527/2527/2527 1185/1185/1185
f 1280/1280/1280 2530/2530/2530 2527/2527/2527
f 1279/1279/1279 2533/2533/2533 2530/2530/2530
f 226/226/226 801/801/801 2533/2533/2533
f 801/801/801 800/800/800 2532/2532/2532
f 800/800/800 799/799/799 2531/2531/2531
f 799/799/799 227/227/227 1282/1282/1282
f 2531/2531/2531 1282/1282/1282 1283/1283/1283
f 2528/2528/2528 1283/1283/1283 1284/1284/1284
f 2538/2538/2538 2537/2537/2537 2534/2534/2534
f 2539/2539/2539 2538/2538/2538 2535/2535/2535
f 2541/2541/2541 2540/2540/2540 2537/2537/2537
f 2542/2542/2542 2541/2541/2541 2538/2538/2538
f 2534/2534/2534 1287/1287/1287 132/132/132
f 2535/2535/2535 2534/2534/2534 1186/1186/1186
f 2536/2536/2536 2535/2535/2535 1187/1187/1187
f 1284/1284/1284 2536/2536/2536 1188/1188/1188
f 1283/1283/1283 2539/2539/2539 2536/2536/2536
f 1282/1282/1282 2542/2542/2542 2539/2539/2539
f 227/227/227 804/804/804 2542/2542/2542
f 804/804/804 803/803/803 2541/2541/2541
f 803/803/803 802/802/802 2540/2540/2540
f 802/802/802 228/228/228 1285/1285/1285
f 2540/2540/2540 1285/1285/1285 1286/1286/1286
f 2537/2537/2537 1286/1286/1286 1287/1287/1287
f 2547/2547/2547 2546/2546/2546 2543/2543/2543
f 2548/2548/2548 2547/2547/2547 2544/2544/2544
f 2550/2550/2550 2549/2549/2549 2546/2546/2546
f 2551/2551/2551 2550/2550/2550 2547/2547/2547
f 2543/2543/2543 1290/1290/1290 133/133/133
f 2544/2544/2544 2543/2543/2543 1189/1189/1189
f 2545/2545/2545 2544/2544/2544 1190/1190/1190
f 1287/1287/1287 2545/2545/2545 1191/1191/1191
f 1286/1286/1286 2548/2548/2548 2545/2545/2545
f 1285/1285/1285 2551/2551/2551 2548/2548/2548
f 228/228/228 807/807/807 2551/2551/2551
f 807/807/807 806/806/806 2550/2550/2550
f 806/806/806 805/805/805 2549/2549/2549
f 805/805/805 229/229/229 1288/1288/1288
f 2549/2549/2549 1288/1288/1288 1289/1289/1289
f 2546/2546/2546 1289/1289/1289 1290/1290/1290
f 2556/2556/2556 2555/2555/2555 2552/2552/2552
f 2557/2557/2557 2556/2556/2556 2553/2553/2553
f 2559/2559/2559 2558/2558/2558 2555/2555/2555
f 2560/2560/2560 2559/2559/2559 2556/2556/2556
f 2552/2552/2552 1293/1293/1293 134/134/134
f 2553/2553/2553 2552/2552/2552 1192/1192/1192
f 2554/2554/2554 2553/2553/2553 1193/1193/1193
f 1290/1290/1290 2554/2554/2554 1194/1194/1194
f 1289/1289/1289 2557/2557/2557 2554/2554/2554
f 1288/1288/1288 2560/2560/2560 2557/2557/2557
f 229/229/229 810/810/810 2560/2560/2560
f 810/810/810 809/809/809 2559/2559/2559
f 809/809/809 808/808/808 2558/2558/2558
f 808/808/808 230/230/230 1291/1291/1291
f 2558/2558/2558 1291/1291/1291 1292/1292/1292
f 2555/2555/2555 1292/1292/1292 1293/1293/1293
f 2565/2565/2565 2564/2564/2564 2561/2561/2561
f 2566/2566/2566 2565/2565/2565 2562/2562/2562
f 2568/2568/2568 2567/2567/2567 2564/2564/2564
f 2569/2569/2569 2568/2568/2568 2565/2565/2565
f 2561/2561/2561 1296/1296/1296 135/135/135
f 2562/2562/2562 2561/2561/2561 1195/1195/1195
f 2563/2563/2563 2562/2562/2562 1196/1196/1196
f 1293/1293/1293 2563/2563/2563 1197/1197/1197
f 1292/1292/1292 2566/2566/2566 2563/2563/2563
f 1291/1291/1291 2569/2569/2569 2566/2566/2566
f 230/230/230 813/813/813 2569/2569/2569
f 813/813/813 812/812/812 2568/2568/2568
f 812/812/812 811/811/811 2567/2567/2567
f 811/811/811 231/231/231 1294/1294/1294
f 2567/2567/2567 1294/1294/1294 1295/1295/1295
f 2564/2564/2564 1295/1295/1295 1296/1296/1296
f 2574/2574/2574 2573/2573/2573 2570/2570/2570
f 2575/2575/2575 2574/2574/2574 2571/2571/2571
f 2577/2577/2577 2576/2576/2576 2573/2573/2573
f 2578/2578/2578 2577/2577/2577 2574/2574/2574
f 2570/2570/2570 1204/1204/1204 104/104/104
f 2571/2571/2571 2570/2570/2570 1198/1198/1198
f 2572/2572/2572 2571/2571/2571 1199/1199/1199
f 1296/1296/1296 2572/2572/2572 1200/1200/1200
f 1295/1295/1295 2575/2575/2575 2572/2572/2572
f 1294/1294/1294 2578/2578/2578 2575/2575/2575
f 231/231/231 816/816/816 2578/2578/2578
f 816/816/816 815/815/815 2577/2577/2577
f 815/815/815 814/814/814 2576/2576/2576
f 814/814/814 201/201/201 1206/1206/1206
f 2576/2576/2576 1206/1206/1206 1205/1205/1205
f 2573/2573/2573 1205/1205/1205 1204/1204/1204

