# https://github.com/mikedh/trimesh
v 0.01067900 1.35085400 0.86080300
v 0.01067900 1.35085400 0.86080300
v 0.01067900 1.35085400 0.86080300
v 0.01067900 1.35085400 0.86080300
v 0.01067900 1.35085400 0.86080300
v 0.01067900 1.35085400 0.86080300
v 0.01067900 1.35085400 0.86080300
v 0.01067900 1.35085400 0.86080300
v 0.01067900 1.35085400 0.86080300
v 0.01067900 1.35085400 0.86080300
v 0.01354700 1.35031900 0.86053100
v 0.01354700 1.35031900 0.86053100
v 0.01354700 1.35031900 0.86053100
v 0.01067900 1.35006800 0.86053100
v 0.01067900 1.35006800 0.86053100
v 0.01067900 1.35006800 0.86053100
v 0.01632800 1.35106400 0.86053100
v 0.01632800 1.35106400 0.86053100
v 0.01632800 1.35106400 0.86053100
v 0.01893800 1.35228000 0.86053100
v 0.01893800 1.35228000 0.86053100
v 0.01893800 1.35228000 0.86053100
v 0.01893800 1.35228000 0.86053100
v 0.02430200 1.35872000 0.86080300
v 0.02430200 1.35872000 0.86080300
v 0.02430200 1.35872000 0.86080300
v 0.02430200 1.35872000 0.86080300
v 0.02430200 1.35872000 0.86080300
v 0.02430200 1.35872000 0.86080300
v 0.02430200 1.35872000 0.86080300
v 0.02430200 1.35872000 0.86080300
v 0.02430200 1.35872000 0.86080300
v 0.02430200 1.35872000 0.86080300
v 0.02129600 1.35393200 0.86053100
v 0.02129600 1.35393200 0.86053100
v 0.02129600 1.35393200 0.86053100
v 0.02333200 1.35596800 0.86053100
v 0.02333200 1.35596800 0.86053100
v 0.02333200 1.35596800 0.86053100
v 0.02498300 1.35832600 0.86053100
v 0.02498300 1.35832600 0.86053100
v 0.02498300 1.35832600 0.86053100
v 0.02620000 1.36093600 0.86053100
v 0.02620000 1.36093600 0.86053100
v 0.02620000 1.36093600 0.86053100
v 0.02694500 1.36371700 0.86053100
v 0.02694500 1.36371700 0.86053100
v 0.02694500 1.36371700 0.86053100
v 0.02719600 1.36658500 0.86053100
v 0.02719600 1.36658500 0.86053100
v 0.02719600 1.36658500 0.86053100
v 0.02719600 1.36658500 0.86053100
v 0.02430200 1.37445100 0.86080300
v 0.02430200 1.37445100 0.86080300
v 0.02430200 1.37445100 0.86080300
v 0.02430200 1.37445100 0.86080300
v 0.02430200 1.37445100 0.86080300
v 0.02430200 1.37445100 0.86080300
v 0.02430200 1.37445100 0.86080300
v 0.02430200 1.37445100 0.86080300
v 0.02430200 1.37445100 0.86080300
v 0.02430200 1.37445100 0.86080300
v 0.02694500 1.36945300 0.86053100
v 0.02694500 1.36945300 0.86053100
v 0.02694500 1.36945300 0.86053100
v 0.02620000 1.37223400 0.86053100
v 0.02620000 1.37223400 0.86053100
v 0.02620000 1.37223400 0.86053100
v 0.02498300 1.37484400 0.86053100
v 0.02498300 1.37484400 0.86053100
v 0.02498300 1.37484400 0.86053100
v 0.02333200 1.37720200 0.86053100
v 0.02333200 1.37720200 0.86053100
v 0.02333200 1.37720200 0.86053100
v 0.02129600 1.37923800 0.86053100
v 0.02129600 1.37923800 0.86053100
v 0.02129600 1.37923800 0.86053100
v 0.01893800 1.38089000 0.86053100
v 0.01893800 1.38089000 0.86053100
v 0.01893800 1.38089000 0.86053100
v 0.01893800 1.38089000 0.86053100
v 0.01067900 1.38231600 0.86080300
v 0.01067900 1.38231600 0.86080300
v 0.01067900 1.38231600 0.86080300
v 0.01067900 1.38231600 0.86080300
v 0.01067900 1.38231600 0.86080300
v 0.01067900 1.38231600 0.86080300
v 0.01067900 1.38231600 0.86080300
v 0.01067900 1.38231600 0.86080300
v 0.01067900 1.38231600 0.86080300
v 0.01067900 1.38231600 0.86080300
v 0.01632800 1.38210700 0.86053100
v 0.01632800 1.38210700 0.86053100
v 0.01632800 1.38210700 0.86053100
v 0.01354700 1.38285200 0.86053100
v 0.01354700 1.38285200 0.86053100
v 0.01354700 1.38285200 0.86053100
v 0.01067900 1.38310300 0.86053100
v 0.01067900 1.38310300 0.86053100
v 0.01067900 1.38310300 0.86053100
v 0.01067900 1.35085400 0.86824100
v 0.01067900 1.35085400 0.86824100
v 0.01067900 1.35085400 0.86824100
v 0.02430200 1.35872000 0.86824100
v 0.02430200 1.35872000 0.86824100
v 0.02430200 1.35872000 0.86824100
v 0.02430200 1.37445100 0.86824100
v 0.02430200 1.37445100 0.86824100
v 0.02430200 1.37445100 0.86824100
v 0.01067900 1.38231600 0.86824100
v 0.01067900 1.38231600 0.86824100
v 0.01067900 1.38231600 0.86824100
v 0.00781000 1.35031900 0.86053100
v 0.00781000 1.35031900 0.86053100
v 0.00781000 1.35031900 0.86053100
v 0.00502900 1.35106400 0.86053100
v 0.00502900 1.35106400 0.86053100
v 0.00502900 1.35106400 0.86053100
v 0.00242000 1.35228000 0.86053100
v 0.00242000 1.35228000 0.86053100
v 0.00242000 1.35228000 0.86053100
v 0.00242000 1.35228000 0.86053100
v -0.00294500 1.35872000 0.86080300
v -0.00294500 1.35872000 0.86080300
v -0.00294500 1.35872000 0.86080300
v -0.00294500 1.35872000 0.86080300
v -0.00294500 1.35872000 0.86080300
v -0.00294500 1.35872000 0.86080300
v -0.00294500 1.35872000 0.86080300
v -0.00294500 1.35872000 0.86080300
v -0.00294500 1.35872000 0.86080300
v -0.00294500 1.35872000 0.86080300
v 0.00006100 1.35393200 0.86053100
v 0.00006100 1.35393200 0.86053100
v 0.00006100 1.35393200 0.86053100
v -0.00197400 1.35596800 0.86053100
v -0.00197400 1.35596800 0.86053100
v -0.00197400 1.35596800 0.86053100
v -0.00362600 1.35832600 0.86053100
v -0.00362600 1.35832600 0.86053100
v -0.00362600 1.35832600 0.86053100
v -0.00484300 1.36093600 0.86053100
v -0.00484300 1.36093600 0.86053100
v -0.00484300 1.36093600 0.86053100
v -0.00558800 1.36371700 0.86053100
v -0.00558800 1.36371700 0.86053100
v -0.00558800 1.36371700 0.86053100
v -0.00583900 1.36658500 0.86053100
v -0.00583900 1.36658500 0.86053100
v -0.00583900 1.36658500 0.86053100
v -0.00583900 1.36658500 0.86053100
v -0.00294500 1.37445100 0.86080300
v -0.00294500 1.37445100 0.86080300
v -0.00294500 1.37445100 0.86080300
v -0.00294500 1.37445100 0.86080300
v -0.00294500 1.37445100 0.86080300
v -0.00294500 1.37445100 0.86080300
v -0.00294500 1.37445100 0.86080300
v -0.00294500 1.37445100 0.86080300
v -0.00294500 1.37445100 0.86080300
v -0.00294500 1.37445100 0.86080300
v -0.00558800 1.36945300 0.86053100
v -0.00558800 1.36945300 0.86053100
v -0.00558800 1.36945300 0.86053100
v -0.00484300 1.37223400 0.86053100
v -0.00484300 1.37223400 0.86053100
v -0.00484300 1.37223400 0.86053100
v -0.00362600 1.37484400 0.86053100
v -0.00362600 1.37484400 0.86053100
v -0.00362600 1.37484400 0.86053100
v -0.00197400 1.37720200 0.86053100
v -0.00197400 1.37720200 0.86053100
v -0.00197400 1.37720200 0.86053100
v 0.00006100 1.37923800 0.86053100
v 0.00006100 1.37923800 0.86053100
v 0.00006100 1.37923800 0.86053100
v 0.00242000 1.38089000 0.86053100
v 0.00242000 1.38089000 0.86053100
v 0.00242000 1.38089000 0.86053100
v 0.00242000 1.38089000 0.86053100
v 0.00502900 1.38210700 0.86053100
v 0.00502900 1.38210700 0.86053100
v 0.00502900 1.38210700 0.86053100
v 0.00781000 1.38285200 0.86053100
v 0.00781000 1.38285200 0.86053100
v 0.00781000 1.38285200 0.86053100
v -0.00294500 1.35872000 0.86824100
v -0.00294500 1.35872000 0.86824100
v -0.00294500 1.35872000 0.86824100
v -0.00294500 1.37445100 0.86824100
v -0.00294500 1.37445100 0.86824100
v -0.00294500 1.37445100 0.86824100
v 0.01456700 1.34453500 0.86053100
v 0.01456700 1.34453500 0.86053100
v 0.01456700 1.34453500 0.86053100
v 0.01067900 1.34419500 0.86053100
v 0.01067900 1.34419500 0.86053100
v 0.01067900 1.34419500 0.86053100
v 0.01833700 1.34554500 0.86053100
v 0.01833700 1.34554500 0.86053100
v 0.01833700 1.34554500 0.86053100
v 0.02187400 1.34719500 0.86053100
v 0.02187400 1.34719500 0.86053100
v 0.02187400 1.34719500 0.86053100
v 0.01465200 1.34405400 0.86101900
v 0.01465200 1.34405400 0.86101900
v 0.01465200 1.34405400 0.86101900
v 0.01067900 1.34405400 0.86067200
v 0.01067900 1.34405400 0.86067200
v 0.01067900 1.34405400 0.86067200
v 0.01887900 1.34405400 0.86211800
v 0.01887900 1.34405400 0.86211800
v 0.01887900 1.34405400 0.86211800
v 0.02368700 1.34405400 0.86415700
v 0.02368700 1.34405400 0.86415700
v 0.02368700 1.34405400 0.86415700
v 0.02368700 1.34405400 0.86415700
v 0.01465200 1.34405400 0.86415700
v 0.01067900 1.34405400 0.86415700
v 0.01887900 1.34405400 0.86415700
v 0.01465200 1.34405400 0.87200100
v 0.01465200 1.34405400 0.87200100
v 0.01067900 1.34405400 0.87200100
v 0.01067900 1.34405400 0.87200100
v 0.01067900 1.34405400 0.87200100
v 0.01067900 1.34405400 0.87200100
v 0.01887900 1.34405400 0.87200100
v 0.01887900 1.34405400 0.87200100
v 0.02368700 1.34405400 0.87200100
v 0.02368700 1.34405400 0.87200100
v 0.02368700 1.34405400 0.87200100
v 0.01459100 1.34439600 0.87200100
v 0.01459100 1.34439600 0.87200100
v 0.01459100 1.34439600 0.87200100
v 0.01838500 1.34541300 0.87200100
v 0.01838500 1.34541300 0.87200100
v 0.01838500 1.34541300 0.87200100
v 0.02194400 1.34707300 0.87200100
v 0.02194400 1.34707300 0.87200100
v 0.02194400 1.34707300 0.87200100
v 0.01459100 1.34439600 0.87214200
v 0.01459100 1.34439600 0.87214200
v 0.01459100 1.34439600 0.87214200
v 0.01067900 1.34405400 0.87214200
v 0.01067900 1.34405400 0.87214200
v 0.01067900 1.34405400 0.87214200
v 0.01838500 1.34541300 0.87214200
v 0.01838500 1.34541300 0.87214200
v 0.01838500 1.34541300 0.87214200
v 0.02194400 1.34707300 0.87214200
v 0.02194400 1.34707300 0.87214200
v 0.02194400 1.34707300 0.87214200
v 0.01602600 1.33625900 0.87214200
v 0.01602600 1.33625900 0.87214200
v 0.01602600 1.33625900 0.87214200
v 0.01067900 1.33579200 0.87214200
v 0.01067900 1.33579200 0.87214200
v 0.01067900 1.33579200 0.87214200
v 0.02121100 1.33764900 0.87214200
v 0.02121100 1.33764900 0.87214200
v 0.02121100 1.33764900 0.87214200
v 0.02607600 1.33991700 0.87214200
v 0.02607600 1.33991700 0.87214200
v 0.02607600 1.33991700 0.87214200
v 0.01600200 1.33639800 0.87228300
v 0.01600200 1.33639800 0.87228300
v 0.01600200 1.33639800 0.87228300
v 0.01600200 1.33639800 0.87228300
v 0.01067900 1.33593200 0.87228300
v 0.01067900 1.33593200 0.87228300
v 0.01067900 1.33593200 0.87228300
v 0.01067900 1.33593200 0.87228300
v 0.02116300 1.33778100 0.87228300
v 0.02116300 1.33778100 0.87228300
v 0.02116300 1.33778100 0.87228300
v 0.02116300 1.33778100 0.87228300
v 0.02600500 1.34003900 0.87228300
v 0.02600500 1.34003900 0.87228300
v 0.02600500 1.34003900 0.87228300
v 0.02600500 1.34003900 0.87228300
v 0.00679100 1.34453500 0.86053100
v 0.00679100 1.34453500 0.86053100
v 0.00679100 1.34453500 0.86053100
v 0.00302100 1.34554500 0.86053100
v 0.00302100 1.34554500 0.86053100
v 0.00302100 1.34554500 0.86053100
v -0.00051600 1.34719500 0.86053100
v -0.00051600 1.34719500 0.86053100
v -0.00051600 1.34719500 0.86053100
v 0.00670600 1.34405400 0.86101900
v 0.00670600 1.34405400 0.86101900
v 0.00670600 1.34405400 0.86101900
v 0.00247800 1.34405400 0.86211800
v 0.00247800 1.34405400 0.86211800
v 0.00247800 1.34405400 0.86211800
v -0.00233000 1.34405400 0.86415700
v -0.00233000 1.34405400 0.86415700
v -0.00233000 1.34405400 0.86415700
v -0.00233000 1.34405400 0.86415700
v 0.00670600 1.34405400 0.86415700
v 0.00247800 1.34405400 0.86415700
v 0.00670600 1.34405400 0.87200100
v 0.00670600 1.34405400 0.87200100
v 0.00247800 1.34405400 0.87200100
v 0.00247800 1.34405400 0.87200100
v -0.00233000 1.34405400 0.87200100
v -0.00233000 1.34405400 0.87200100
v -0.00233000 1.34405400 0.87200100
v 0.00676600 1.34439600 0.87200100
v 0.00676600 1.34439600 0.87200100
v 0.00676600 1.34439600 0.87200100
v 0.00297300 1.34541300 0.87200100
v 0.00297300 1.34541300 0.87200100
v 0.00297300 1.34541300 0.87200100
v -0.00058700 1.34707300 0.87200100
v -0.00058700 1.34707300 0.87200100
v -0.00058700 1.34707300 0.87200100
v 0.00676600 1.34439600 0.87214200
v 0.00676600 1.34439600 0.87214200
v 0.00676600 1.34439600 0.87214200
v 0.00297300 1.34541300 0.87214200
v 0.00297300 1.34541300 0.87214200
v 0.00297300 1.34541300 0.87214200
v -0.00058700 1.34707300 0.87214200
v -0.00058700 1.34707300 0.87214200
v -0.00058700 1.34707300 0.87214200
v 0.00533100 1.33625900 0.87214200
v 0.00533100 1.33625900 0.87214200
v 0.00533100 1.33625900 0.87214200
v 0.00014700 1.33764900 0.87214200
v 0.00014700 1.33764900 0.87214200
v 0.00014700 1.33764900 0.87214200
v -0.00471800 1.33991700 0.87214200
v -0.00471800 1.33991700 0.87214200
v -0.00471800 1.33991700 0.87214200
v 0.00535600 1.33639800 0.87228300
v 0.00535600 1.33639800 0.87228300
v 0.00535600 1.33639800 0.87228300
v 0.00535600 1.33639800 0.87228300
v 0.00019500 1.33778100 0.87228300
v 0.00019500 1.33778100 0.87228300
v 0.00019500 1.33778100 0.87228300
v 0.00019500 1.33778100 0.87228300
v -0.00464800 1.34003900 0.87228300
v -0.00464800 1.34003900 0.87228300
v -0.00464800 1.34003900 0.87228300
v -0.00464800 1.34003900 0.87228300
v -0.00647300 1.35219300 0.86053100
v -0.00647300 1.35219300 0.86053100
v -0.00647300 1.35219300 0.86053100
v -0.00871200 1.35539000 0.86053100
v -0.00871200 1.35539000 0.86053100
v -0.00871200 1.35539000 0.86053100
v -0.00371300 1.34943300 0.86053100
v -0.00371300 1.34943300 0.86053100
v -0.00371300 1.34943300 0.86053100
v -0.00684700 1.35187900 0.86101900
v -0.00684700 1.35187900 0.86101900
v -0.00684700 1.35187900 0.86101900
v -0.00883400 1.35532000 0.86067200
v -0.00883400 1.35532000 0.86067200
v -0.00883400 1.35532000 0.86067200
v -0.00473300 1.34821800 0.86211800
v -0.00473300 1.34821800 0.86211800
v -0.00473300 1.34821800 0.86211800
v -0.00684700 1.35187900 0.86415700
v -0.00883400 1.35532000 0.86415700
v -0.00473300 1.34821800 0.86415700
v -0.00684700 1.35187900 0.87200100
v -0.00684700 1.35187900 0.87200100
v -0.00883400 1.35532000 0.87200100
v -0.00883400 1.35532000 0.87200100
v -0.00883400 1.35532000 0.87200100
v -0.00883400 1.35532000 0.87200100
v -0.00473300 1.34821800 0.87200100
v -0.00473300 1.34821800 0.87200100
v -0.00658100 1.35210200 0.87200100
v -0.00658100 1.35210200 0.87200100
v -0.00658100 1.35210200 0.87200100
v -0.00380400 1.34932500 0.87200100
v -0.00380400 1.34932500 0.87200100
v -0.00380400 1.34932500 0.87200100
v -0.00658100 1.35210200 0.87214200
v -0.00658100 1.35210200 0.87214200
v -0.00658100 1.35210200 0.87214200
v -0.00883400 1.35532000 0.87214200
v -0.00883400 1.35532000 0.87214200
v -0.00883400 1.35532000 0.87214200
v -0.00380400 1.34932500 0.87214200
v -0.00380400 1.34932500 0.87214200
v -0.00380400 1.34932500 0.87214200
v -0.01291100 1.34679100 0.87214200
v -0.01291100 1.34679100 0.87214200
v -0.01291100 1.34679100 0.87214200
v -0.01598900 1.35118800 0.87214200
v -0.01598900 1.35118800 0.87214200
v -0.01598900 1.35118800 0.87214200
v -0.00911500 1.34299600 0.87214200
v -0.00911500 1.34299600 0.87214200
v -0.00911500 1.34299600 0.87214200
v -0.01280300 1.34688200 0.87228300
v -0.01280300 1.34688200 0.87228300
v -0.01280300 1.34688200 0.87228300
v -0.01280300 1.34688200 0.87228300
v -0.01586700 1.35125900 0.87228300
v -0.01586700 1.35125900 0.87228300
v -0.01586700 1.35125900 0.87228300
v -0.01586700 1.35125900 0.87228300
v -0.00902400 1.34310400 0.87228300
v -0.00902400 1.34310400 0.87228300
v -0.00902400 1.34310400 0.87228300
v -0.00902400 1.34310400 0.87228300
v -0.01036100 1.35892700 0.86053100
v -0.01036100 1.35892700 0.86053100
v -0.01036100 1.35892700 0.86053100
v -0.01137100 1.36269700 0.86053100
v -0.01137100 1.36269700 0.86053100
v -0.01137100 1.36269700 0.86053100
v -0.01171200 1.36658500 0.86053100
v -0.01171200 1.36658500 0.86053100
v -0.01171200 1.36658500 0.86053100
v -0.01082000 1.35876000 0.86101900
v -0.01082000 1.35876000 0.86101900
v -0.01082000 1.35876000 0.86101900
v -0.01293400 1.36242200 0.86211800
v -0.01293400 1.36242200 0.86211800
v -0.01293400 1.36242200 0.86211800
v -0.01533800 1.36658500 0.86415700
v -0.01533800 1.36658500 0.86415700
v -0.01533800 1.36658500 0.86415700
v -0.01533800 1.36658500 0.86415700
v -0.01082000 1.35876000 0.86415700
v -0.01293400 1.36242200 0.86415700
v -0.01082000 1.35876000 0.87200100
v -0.01082000 1.35876000 0.87200100
v -0.01293400 1.36242200 0.87200100
v -0.01293400 1.36242200 0.87200100
v -0.01533800 1.36658500 0.87200100
v -0.01533800 1.36658500 0.87200100
v -0.01533800 1.36658500 0.87200100
v -0.01049400 1.35887900 0.87200100
v -0.01049400 1.35887900 0.87200100
v -0.01049400 1.35887900 0.87200100
v -0.01151000 1.36267300 0.87200100
v -0.01151000 1.36267300 0.87200100
v -0.01151000 1.36267300 0.87200100
v -0.01185200 1.36658500 0.87200100
v -0.01185200 1.36658500 0.87200100
v -0.01185200 1.36658500 0.87200100
v -0.01049400 1.35887900 0.87214200
v -0.01049400 1.35887900 0.87214200
v -0.01049400 1.35887900 0.87214200
v -0.01151000 1.36267300 0.87214200
v -0.01151000 1.36267300 0.87214200
v -0.01151000 1.36267300 0.87214200
v -0.01185200 1.36658500 0.87214200
v -0.01185200 1.36658500 0.87214200
v -0.01185200 1.36658500 0.87214200
v -0.01825800 1.35605300 0.87214200
v -0.01825800 1.35605300 0.87214200
v -0.01825800 1.35605300 0.87214200
v -0.01964700 1.36123800 0.87214200
v -0.01964700 1.36123800 0.87214200
v -0.01964700 1.36123800 0.87214200
v -0.02011500 1.36658500 0.87214200
v -0.02011500 1.36658500 0.87214200
v -0.02011500 1.36658500 0.87214200
v -0.01812500 1.35610100 0.87228300
v -0.01812500 1.35610100 0.87228300
v -0.01812500 1.35610100 0.87228300
v -0.01812500 1.35610100 0.87228300
v -0.01950800 1.36126200 0.87228300
v -0.01950800 1.36126200 0.87228300
v -0.01950800 1.36126200 0.87228300
v -0.01950800 1.36126200 0.87228300
v -0.01997400 1.36658500 0.87228300
v -0.01997400 1.36658500 0.87228300
v -0.01997400 1.36658500 0.87228300
v -0.01997400 1.36658500 0.87228300
v -0.01036100 1.37424300 0.86053100
v -0.01036100 1.37424300 0.86053100
v -0.01036100 1.37424300 0.86053100
v -0.00871200 1.37778000 0.86053100
v -0.00871200 1.37778000 0.86053100
v -0.00871200 1.37778000 0.86053100
v -0.01137100 1.37047300 0.86053100
v -0.01137100 1.37047300 0.86053100
v -0.01137100 1.37047300 0.86053100
v -0.01082000 1.37441000 0.86101900
v -0.01082000 1.37441000 0.86101900
v -0.01082000 1.37441000 0.86101900
v -0.00883400 1.37785100 0.86067200
v -0.00883400 1.37785100 0.86067200
v -0.00883400 1.37785100 0.86067200
v -0.01293400 1.37074900 0.86211800
v -0.01293400 1.37074900 0.86211800
v -0.01293400 1.37074900 0.86211800
v -0.01082000 1.37441000 0.86415700
v -0.00883400 1.37785100 0.86415700
v -0.01293400 1.37074900 0.86415700
v -0.01082000 1.37441000 0.87200100
v -0.01082000 1.37441000 0.87200100
v -0.00883400 1.37785100 0.87200100
v -0.00883400 1.37785100 0.87200100
v -0.00883400 1.37785100 0.87200100
v -0.00883400 1.37785100 0.87200100
v -0.01293400 1.37074900 0.87200100
v -0.01293400 1.37074900 0.87200100
v -0.01049400 1.37429100 0.87200100
v -0.01049400 1.37429100 0.87200100
v -0.01049400 1.37429100 0.87200100
v -0.01151000 1.37049800 0.87200100
v -0.01151000 1.37049800 0.87200100
v -0.01151000 1.37049800 0.87200100
v -0.01049400 1.37429100 0.87214200
v -0.01049400 1.37429100 0.87214200
v -0.01049400 1.37429100 0.87214200
v -0.00883400 1.37785100 0.87214200
v -0.00883400 1.37785100 0.87214200
v -0.00883400 1.37785100 0.87214200
v -0.01151000 1.37049800 0.87214200
v -0.01151000 1.37049800 0.87214200
v -0.01151000 1.37049800 0.87214200
v -0.01825800 1.37711700 0.87214200
v -0.01825800 1.37711700 0.87214200
v -0.01825800 1.37711700 0.87214200
v -0.01598900 1.38198200 0.87214200
v -0.01598900 1.38198200 0.87214200
v -0.01598900 1.38198200 0.87214200
v -0.01964700 1.37193200 0.87214200
v -0.01964700 1.37193200 0.87214200
v -0.01964700 1.37193200 0.87214200
v -0.01812500 1.37706900 0.87228300
v -0.01812500 1.37706900 0.87228300
v -0.01812500 1.37706900 0.87228300
v -0.01812500 1.37706900 0.87228300
v -0.01586700 1.38191200 0.87228300
v -0.01586700 1.38191200 0.87228300
v -0.01586700 1.38191200 0.87228300
v -0.01586700 1.38191200 0.87228300
v -0.01950800 1.37190800 0.87228300
v -0.01950800 1.37190800 0.87228300
v -0.01950800 1.37190800 0.87228300
v -0.01950800 1.37190800 0.87228300
v -0.00647300 1.38097700 0.86053100
v -0.00647300 1.38097700 0.86053100
v -0.00647300 1.38097700 0.86053100
v -0.00371300 1.38373700 0.86053100
v -0.00371300 1.38373700 0.86053100
v -0.00371300 1.38373700 0.86053100
v -0.00051600 1.38597600 0.86053100
v -0.00051600 1.38597600 0.86053100
v -0.00051600 1.38597600 0.86053100
v -0.00684700 1.38129100 0.86101900
v -0.00684700 1.38129100 0.86101900
v -0.00684700 1.38129100 0.86101900
v -0.00473300 1.38495300 0.86211800
v -0.00473300 1.38495300 0.86211800
v -0.00473300 1.38495300 0.86211800
v -0.00233000 1.38911600 0.86415700
v -0.00233000 1.38911600 0.86415700
v -0.00233000 1.38911600 0.86415700
v -0.00233000 1.38911600 0.86415700
v -0.00684700 1.38129100 0.86415700
v -0.00473300 1.38495300 0.86415700
v -0.00684700 1.38129100 0.87200100
v -0.00684700 1.38129100 0.87200100
v -0.00473300 1.38495300 0.87200100
v -0.00473300 1.38495300 0.87200100
v -0.00233000 1.38911600 0.87200100
v -0.00233000 1.38911600 0.87200100
v -0.00233000 1.38911600 0.87200100
v -0.00658100 1.38106800 0.87200100
v -0.00658100 1.38106800 0.87200100
v -0.00658100 1.38106800 0.87200100
v -0.00380400 1.38384500 0.87200100
v -0.00380400 1.38384500 0.87200100
v -0.00380400 1.38384500 0.87200100
v -0.00058700 1.38609800 0.87200100
v -0.00058700 1.38609800 0.87200100
v -0.00058700 1.38609800 0.87200100
v -0.00658100 1.38106800 0.87214200
v -0.00658100 1.38106800 0.87214200
v -0.00658100 1.38106800 0.87214200
v -0.00380400 1.38384500 0.87214200
v -0.00380400 1.38384500 0.87214200
v -0.00380400 1.38384500 0.87214200
v -0.00058700 1.38609800 0.87214200
v -0.00058700 1.38609800 0.87214200
v -0.00058700 1.38609800 0.87214200
v -0.01291100 1.38637900 0.87214200
v -0.01291100 1.38637900 0.87214200
v -0.01291100 1.38637900 0.87214200
v -0.00911500 1.39017400 0.87214200
v -0.00911500 1.39017400 0.87214200
v -0.00911500 1.39017400 0.87214200
v -0.00471800 1.39325300 0.87214200
v -0.00471800 1.39325300 0.87214200
v -0.00471800 1.39325300 0.87214200
v -0.01280300 1.38628800 0.87228300
v -0.01280300 1.38628800 0.87228300
v -0.01280300 1.38628800 0.87228300
v -0.01280300 1.38628800 0.87228300
v -0.00902400 1.39006700 0.87228300
v -0.00902400 1.39006700 0.87228300
v -0.00902400 1.39006700 0.87228300
v -0.00902400 1.39006700 0.87228300
v -0.00464800 1.39313100 0.87228300
v -0.00464800 1.39313100 0.87228300
v -0.00464800 1.39313100 0.87228300
v -0.00464800 1.39313100 0.87228300
v 0.00679100 1.38863500 0.86053100
v 0.00679100 1.38863500 0.86053100
v 0.00679100 1.38863500 0.86053100
v 0.01067900 1.38897500 0.86053100
v 0.01067900 1.38897500 0.86053100
v 0.01067900 1.38897500 0.86053100
v 0.00302100 1.38762500 0.86053100
v 0.00302100 1.38762500 0.86053100
v 0.00302100 1.38762500 0.86053100
v 0.00670600 1.38911600 0.86101900
v 0.00670600 1.38911600 0.86101900
v 0.00670600 1.38911600 0.86101900
v 0.01067900 1.38911600 0.86067200
v 0.01067900 1.38911600 0.86067200
v 0.01067900 1.38911600 0.86067200
v 0.00247800 1.38911600 0.86211800
v 0.00247800 1.38911600 0.86211800
v 0.00247800 1.38911600 0.86211800
v 0.00670600 1.38911600 0.86415700
v 0.01067900 1.38911600 0.86415700
v 0.00247800 1.38911600 0.86415700
v 0.00670600 1.38911600 0.87200100
v 0.00670600 1.38911600 0.87200100
v 0.01067900 1.38911600 0.87200100
v 0.01067900 1.38911600 0.87200100
v 0.01067900 1.38911600 0.87200100
v 0.01067900 1.38911600 0.87200100
v 0.00247800 1.38911600 0.87200100
v 0.00247800 1.38911600 0.87200100
v 0.00676600 1.38877400 0.87200100
v 0.00676600 1.38877400 0.87200100
v 0.00676600 1.38877400 0.87200100
v 0.00297300 1.38775700 0.87200100
v 0.00297300 1.38775700 0.87200100
v 0.00297300 1.38775700 0.87200100
v 0.00676600 1.38877400 0.87214200
v 0.00676600 1.38877400 0.87214200
v 0.00676600 1.38877400 0.87214200
v 0.01067900 1.38911600 0.87214200
v 0.01067900 1.38911600 0.87214200
v 0.01067900 1.38911600 0.87214200
v 0.00297300 1.38775700 0.87214200
v 0.00297300 1.38775700 0.87214200
v 0.00297300 1.38775700 0.87214200
v 0.00533100 1.39691100 0.87214200
v 0.00533100 1.39691100 0.87214200
v 0.00533100 1.39691100 0.87214200
v 0.01067900 1.39737900 0.87214200
v 0.01067900 1.39737900 0.87214200
v 0.01067900 1.39737900 0.87214200
v 0.00014700 1.39552200 0.87214200
v 0.00014700 1.39552200 0.87214200
v 0.00014700 1.39552200 0.87214200
v 0.00535600 1.39677200 0.87228300
v 0.00535600 1.39677200 0.87228300
v 0.00535600 1.39677200 0.87228300
v 0.00535600 1.39677200 0.87228300
v 0.01067900 1.39723800 0.87228300
v 0.01067900 1.39723800 0.87228300
v 0.01067900 1.39723800 0.87228300
v 0.01067900 1.39723800 0.87228300
v 0.00019500 1.39538900 0.87228300
v 0.00019500 1.39538900 0.87228300
v 0.00019500 1.39538900 0.87228300
v 0.00019500 1.39538900 0.87228300
v 0.01456700 1.38863500 0.86053100
v 0.01456700 1.38863500 0.86053100
v 0.01456700 1.38863500 0.86053100
v 0.01833700 1.38762500 0.86053100
v 0.01833700 1.38762500 0.86053100
v 0.01833700 1.38762500 0.86053100
v 0.02187400 1.38597600 0.86053100
v 0.02187400 1.38597600 0.86053100
v 0.02187400 1.38597600 0.86053100
v 0.01465200 1.38911600 0.86101900
v 0.01465200 1.38911600 0.86101900
v 0.01465200 1.38911600 0.86101900
v 0.01887900 1.38911600 0.86211800
v 0.01887900 1.38911600 0.86211800
v 0.01887900 1.38911600 0.86211800
v 0.02368700 1.38911600 0.86415700
v 0.02368700 1.38911600 0.86415700
v 0.02368700 1.38911600 0.86415700
v 0.02368700 1.38911600 0.86415700
v 0.01465200 1.38911600 0.86415700
v 0.01887900 1.38911600 0.86415700
v 0.01465200 1.38911600 0.87200100
v 0.01465200 1.38911600 0.87200100
v 0.01887900 1.38911600 0.87200100
v 0.01887900 1.38911600 0.87200100
v 0.02368700 1.38911600 0.87200100
v 0.02368700 1.38911600 0.87200100
v 0.02368700 1.38911600 0.87200100
v 0.01459100 1.38877400 0.87200100
v 0.01459100 1.38877400 0.87200100
v 0.01459100 1.38877400 0.87200100
v 0.01838500 1.38775700 0.87200100
v 0.01838500 1.38775700 0.87200100
v 0.01838500 1.38775700 0.87200100
v 0.02194400 1.38609800 0.87200100
v 0.02194400 1.38609800 0.87200100
v 0.02194400 1.38609800 0.87200100
v 0.01459100 1.38877400 0.87214200
v 0.01459100 1.38877400 0.87214200
v 0.01459100 1.38877400 0.87214200
v 0.01838500 1.38775700 0.87214200
v 0.01838500 1.38775700 0.87214200
v 0.01838500 1.38775700 0.87214200
v 0.02194400 1.38609800 0.87214200
v 0.02194400 1.38609800 0.87214200
v 0.02194400 1.38609800 0.87214200
v 0.01602600 1.39691100 0.87214200
v 0.01602600 1.39691100 0.87214200
v 0.01602600 1.39691100 0.87214200
v 0.02121100 1.39552200 0.87214200
v 0.02121100 1.39552200 0.87214200
v 0.02121100 1.39552200 0.87214200
v 0.02607600 1.39325300 0.87214200
v 0.02607600 1.39325300 0.87214200
v 0.02607600 1.39325300 0.87214200
v 0.01600200 1.39677200 0.87228300
v 0.01600200 1.39677200 0.87228300
v 0.01600200 1.39677200 0.87228300
v 0.01600200 1.39677200 0.87228300
v 0.02116300 1.39538900 0.87228300
v 0.02116300 1.39538900 0.87228300
v 0.02116300 1.39538900 0.87228300
v 0.02116300 1.39538900 0.87228300
v 0.02600500 1.39313100 0.87228300
v 0.02600500 1.39313100 0.87228300
v 0.02600500 1.39313100 0.87228300
v 0.02600500 1.39313100 0.87228300
v 0.02783100 1.38097700 0.86053100
v 0.02783100 1.38097700 0.86053100
v 0.02783100 1.38097700 0.86053100
v 0.03006900 1.37778000 0.86053100
v 0.03006900 1.37778000 0.86053100
v 0.03006900 1.37778000 0.86053100
v 0.02507100 1.38373700 0.86053100
v 0.02507100 1.38373700 0.86053100
v 0.02507100 1.38373700 0.86053100
v 0.02820500 1.38129100 0.86101900
v 0.02820500 1.38129100 0.86101900
v 0.02820500 1.38129100 0.86101900
v 0.03019100 1.37785100 0.86067200
v 0.03019100 1.37785100 0.86067200
v 0.03019100 1.37785100 0.86067200
v 0.02609100 1.38495300 0.86211800
v 0.02609100 1.38495300 0.86211800
v 0.02609100 1.38495300 0.86211800
v 0.02820500 1.38129100 0.86415700
v 0.03019100 1.37785100 0.86415700
v 0.02609100 1.38495300 0.86415700
v 0.02820500 1.38129100 0.87200100
v 0.02820500 1.38129100 0.87200100
v 0.03019100 1.37785100 0.87200100
v 0.03019100 1.37785100 0.87200100
v 0.03019100 1.37785100 0.87200100
v 0.03019100 1.37785100 0.87200100
v 0.02609100 1.38495300 0.87200100
v 0.02609100 1.38495300 0.87200100
v 0.02793900 1.38106800 0.87200100
v 0.02793900 1.38106800 0.87200100
v 0.02793900 1.38106800 0.87200100
v 0.02516100 1.38384500 0.87200100
v 0.02516100 1.38384500 0.87200100
v 0.02516100 1.38384500 0.87200100
v 0.02793900 1.38106800 0.87214200
v 0.02793900 1.38106800 0.87214200
v 0.02793900 1.38106800 0.87214200
v 0.03019100 1.37785100 0.87214200
v 0.03019100 1.37785100 0.87214200
v 0.03019100 1.37785100 0.87214200
v 0.02516100 1.38384500 0.87214200
v 0.02516100 1.38384500 0.87214200
v 0.02516100 1.38384500 0.87214200
v 0.03426800 1.38637900 0.87214200
v 0.03426800 1.38637900 0.87214200
v 0.03426800 1.38637900 0.87214200
v 0.03734700 1.38198200 0.87214200
v 0.03734700 1.38198200 0.87214200
v 0.03734700 1.38198200 0.87214200
v 0.03047200 1.39017400 0.87214200
v 0.03047200 1.39017400 0.87214200
v 0.03047200 1.39017400 0.87214200
v 0.03416000 1.38628800 0.87228300
v 0.03416000 1.38628800 0.87228300
v 0.03416000 1.38628800 0.87228300
v 0.03416000 1.38628800 0.87228300
v 0.03722500 1.38191200 0.87228300
v 0.03722500 1.38191200 0.87228300
v 0.03722500 1.38191200 0.87228300
v 0.03722500 1.38191200 0.87228300
v 0.03038200 1.39006700 0.87228300
v 0.03038200 1.39006700 0.87228300
v 0.03038200 1.39006700 0.87228300
v 0.03038200 1.39006700 0.87228300
v 0.03171900 1.37424300 0.86053100
v 0.03171900 1.37424300 0.86053100
v 0.03171900 1.37424300 0.86053100
v 0.03272900 1.37047300 0.86053100
v 0.03272900 1.37047300 0.86053100
v 0.03272900 1.37047300 0.86053100
v 0.03306900 1.36658500 0.86053100
v 0.03306900 1.36658500 0.86053100
v 0.03306900 1.36658500 0.86053100
v 0.03217800 1.37441000 0.86101900
v 0.03217800 1.37441000 0.86101900
v 0.03217800 1.37441000 0.86101900
v 0.03429200 1.37074900 0.86211800
v 0.03429200 1.37074900 0.86211800
v 0.03429200 1.37074900 0.86211800
v 0.03669500 1.36658500 0.86415700
v 0.03669500 1.36658500 0.86415700
v 0.03669500 1.36658500 0.86415700
v 0.03669500 1.36658500 0.86415700
v 0.03217800 1.37441000 0.86415700
v 0.03429200 1.37074900 0.86415700
v 0.03217800 1.37441000 0.87200100
v 0.03217800 1.37441000 0.87200100
v 0.03429200 1.37074900 0.87200100
v 0.03429200 1.37074900 0.87200100
v 0.03669500 1.36658500 0.87200100
v 0.03669500 1.36658500 0.87200100
v 0.03669500 1.36658500 0.87200100
v 0.03185100 1.37429100 0.87200100
v 0.03185100 1.37429100 0.87200100
v 0.03185100 1.37429100 0.87200100
v 0.03286800 1.37049800 0.87200100
v 0.03286800 1.37049800 0.87200100
v 0.03286800 1.37049800 0.87200100
v 0.03321000 1.36658500 0.87200100
v 0.03321000 1.36658500 0.87200100
v 0.03321000 1.36658500 0.87200100
v 0.03185100 1.37429100 0.87214200
v 0.03185100 1.37429100 0.87214200
v 0.03185100 1.37429100 0.87214200
v 0.03286800 1.37049800 0.87214200
v 0.03286800 1.37049800 0.87214200
v 0.03286800 1.37049800 0.87214200
v 0.03321000 1.36658500 0.87214200
v 0.03321000 1.36658500 0.87214200
v 0.03321000 1.36658500 0.87214200
v 0.03961500 1.37711700 0.87214200
v 0.03961500 1.37711700 0.87214200
v 0.03961500 1.37711700 0.87214200
v 0.04100400 1.37193200 0.87214200
v 0.04100400 1.37193200 0.87214200
v 0.04100400 1.37193200 0.87214200
v 0.04147200 1.36658500 0.87214200
v 0.04147200 1.36658500 0.87214200
v 0.04147200 1.36658500 0.87214200
v 0.03948300 1.37706900 0.87228300
v 0.03948300 1.37706900 0.87228300
v 0.03948300 1.37706900 0.87228300
v 0.03948300 1.37706900 0.87228300
v 0.04086600 1.37190800 0.87228300
v 0.04086600 1.37190800 0.87228300
v 0.04086600 1.37190800 0.87228300
v 0.04086600 1.37190800 0.87228300
v 0.04133100 1.36658500 0.87228300
v 0.04133100 1.36658500 0.87228300
v 0.04133100 1.36658500 0.87228300
v 0.04133100 1.36658500 0.87228300
v 0.03171900 1.35892700 0.86053100
v 0.03171900 1.35892700 0.86053100
v 0.03171900 1.35892700 0.86053100
v 0.03006900 1.35539000 0.86053100
v 0.03006900 1.35539000 0.86053100
v 0.03006900 1.35539000 0.86053100
v 0.03272900 1.36269700 0.86053100
v 0.03272900 1.36269700 0.86053100
v 0.03272900 1.36269700 0.86053100
v 0.03217800 1.35876000 0.86101900
v 0.03217800 1.35876000 0.86101900
v 0.03217800 1.35876000 0.86101900
v 0.03019100 1.35532000 0.86067200
v 0.03019100 1.35532000 0.86067200
v 0.03019100 1.35532000 0.86067200
v 0.03429200 1.36242200 0.86211800
v 0.03429200 1.36242200 0.86211800
v 0.03429200 1.36242200 0.86211800
v 0.03217800 1.35876000 0.86415700
v 0.03019100 1.35532000 0.86415700
v 0.03429200 1.36242200 0.86415700
v 0.03217800 1.35876000 0.87200100
v 0.03217800 1.35876000 0.87200100
v 0.03019100 1.35532000 0.87200100
v 0.03019100 1.35532000 0.87200100
v 0.03019100 1.35532000 0.87200100
v 0.03019100 1.35532000 0.87200100
v 0.03429200 1.36242200 0.87200100
v 0.03429200 1.36242200 0.87200100
v 0.03185100 1.35887900 0.87200100
v 0.03185100 1.35887900 0.87200100
v 0.03185100 1.35887900 0.87200100
v 0.03286800 1.36267300 0.87200100
v 0.03286800 1.36267300 0.87200100
v 0.03286800 1.36267300 0.87200100
v 0.03185100 1.35887900 0.87214200
v 0.03185100 1.35887900 0.87214200
v 0.03185100 1.35887900 0.87214200
v 0.03019100 1.35532000 0.87214200
v 0.03019100 1.35532000 0.87214200
v 0.03019100 1.35532000 0.87214200
v 0.03286800 1.36267300 0.87214200
v 0.03286800 1.36267300 0.87214200
v 0.03286800 1.36267300 0.87214200
v 0.03961500 1.35605300 0.87214200
v 0.03961500 1.35605300 0.87214200
v 0.03961500 1.35605300 0.87214200
v 0.03734700 1.35118800 0.87214200
v 0.03734700 1.35118800 0.87214200
v 0.03734700 1.35118800 0.87214200
v 0.04100400 1.36123800 0.87214200
v 0.04100400 1.36123800 0.87214200
v 0.04100400 1.36123800 0.87214200
v 0.03948300 1.35610100 0.87228300
v 0.03948300 1.35610100 0.87228300
v 0.03948300 1.35610100 0.87228300
v 0.03948300 1.35610100 0.87228300
v 0.03722500 1.35125900 0.87228300
v 0.03722500 1.35125900 0.87228300
v 0.03722500 1.35125900 0.87228300
v 0.03722500 1.35125900 0.87228300
v 0.04086600 1.36126200 0.87228300
v 0.04086600 1.36126200 0.87228300
v 0.04086600 1.36126200 0.87228300
v 0.04086600 1.36126200 0.87228300
v 0.02783100 1.35219300 0.86053100
v 0.02783100 1.35219300 0.86053100
v 0.02783100 1.35219300 0.86053100
v 0.02507100 1.34943300 0.86053100
v 0.02507100 1.34943300 0.86053100
v 0.02507100 1.34943300 0.86053100
v 0.02820500 1.35187900 0.86101900
v 0.02820500 1.35187900 0.86101900
v 0.02820500 1.35187900 0.86101900
v 0.02609100 1.34821800 0.86211800
v 0.02609100 1.34821800 0.86211800
v 0.02609100 1.34821800 0.86211800
v 0.02820500 1.35187900 0.86415700
v 0.02609100 1.34821800 0.86415700
v 0.02820500 1.35187900 0.87200100
v 0.02820500 1.35187900 0.87200100
v 0.02609100 1.34821800 0.87200100
v 0.02609100 1.34821800 0.87200100
v 0.02793900 1.35210200 0.87200100
v 0.02793900 1.35210200 0.87200100
v 0.02793900 1.35210200 0.87200100
v 0.02516100 1.34932500 0.87200100
v 0.02516100 1.34932500 0.87200100
v 0.02516100 1.34932500 0.87200100
v 0.02793900 1.35210200 0.87214200
v 0.02793900 1.35210200 0.87214200
v 0.02793900 1.35210200 0.87214200
v 0.02516100 1.34932500 0.87214200
v 0.02516100 1.34932500 0.87214200
v 0.02516100 1.34932500 0.87214200
v 0.03426800 1.34679100 0.87214200
v 0.03426800 1.34679100 0.87214200
v 0.03426800 1.34679100 0.87214200
v 0.03047200 1.34299600 0.87214200
v 0.03047200 1.34299600 0.87214200
v 0.03047200 1.34299600 0.87214200
v 0.03416000 1.34688200 0.87228300
v 0.03416000 1.34688200 0.87228300
v 0.03416000 1.34688200 0.87228300
v 0.03416000 1.34688200 0.87228300
v 0.03038200 1.34310400 0.87228300
v 0.03038200 1.34310400 0.87228300
v 0.03038200 1.34310400 0.87228300
v 0.03038200 1.34310400 0.87228300
v 0.01600200 1.33639800 0.87572600
v 0.01600200 1.33639800 0.87572600
v 0.01600200 1.33639800 0.87572600
v 0.01067900 1.33593200 0.87572600
v 0.01067900 1.33593200 0.87572600
v 0.01067900 1.33593200 0.87572600
v 0.02116300 1.33778100 0.87572600
v 0.02116300 1.33778100 0.87572600
v 0.02116300 1.33778100 0.87572600
v 0.02600500 1.34003900 0.87572600
v 0.02600500 1.34003900 0.87572600
v 0.02600500 1.34003900 0.87572600
v 0.03038200 1.34310400 0.87572600
v 0.03038200 1.34310400 0.87572600
v 0.03038200 1.34310400 0.87572600
v 0.03416000 1.34688200 0.87572600
v 0.03416000 1.34688200 0.87572600
v 0.03416000 1.34688200 0.87572600
v 0.03722500 1.35125900 0.87572600
v 0.03722500 1.35125900 0.87572600
v 0.03722500 1.35125900 0.87572600
v 0.03948300 1.35610100 0.87572600
v 0.03948300 1.35610100 0.87572600
v 0.03948300 1.35610100 0.87572600
v 0.04086600 1.36126200 0.87572600
v 0.04086600 1.36126200 0.87572600
v 0.04086600 1.36126200 0.87572600
v 0.04133100 1.36658500 0.87572600
v 0.04133100 1.36658500 0.87572600
v 0.04133100 1.36658500 0.87572600
v 0.04086600 1.37190800 0.87572600
v 0.04086600 1.37190800 0.87572600
v 0.04086600 1.37190800 0.87572600
v 0.03948300 1.37706900 0.87572600
v 0.03948300 1.37706900 0.87572600
v 0.03948300 1.37706900 0.87572600
v 0.03722500 1.38191200 0.87572600
v 0.03722500 1.38191200 0.87572600
v 0.03722500 1.38191200 0.87572600
v 0.03416000 1.38628800 0.87572600
v 0.03416000 1.38628800 0.87572600
v 0.03416000 1.38628800 0.87572600
v 0.03038200 1.39006700 0.87572600
v 0.03038200 1.39006700 0.87572600
v 0.03038200 1.39006700 0.87572600
v 0.02600500 1.39313100 0.87572600
v 0.02600500 1.39313100 0.87572600
v 0.02600500 1.39313100 0.87572600
v 0.02116300 1.39538900 0.87572600
v 0.02116300 1.39538900 0.87572600
v 0.02116300 1.39538900 0.87572600
v 0.01600200 1.39677200 0.87572600
v 0.01600200 1.39677200 0.87572600
v 0.01600200 1.39677200 0.87572600
v 0.01067900 1.39723800 0.87572600
v 0.01067900 1.39723800 0.87572600
v 0.01067900 1.39723800 0.87572600
v 0.00535600 1.39677200 0.87572600
v 0.00535600 1.39677200 0.87572600
v 0.00535600 1.39677200 0.87572600
v 0.00019500 1.39538900 0.87572600
v 0.00019500 1.39538900 0.87572600
v 0.00019500 1.39538900 0.87572600
v -0.00464800 1.39313100 0.87572600
v -0.00464800 1.39313100 0.87572600
v -0.00464800 1.39313100 0.87572600
v -0.00902400 1.39006700 0.87572600
v -0.00902400 1.39006700 0.87572600
v -0.00902400 1.39006700 0.87572600
v -0.01280300 1.38628800 0.87572600
v -0.01280300 1.38628800 0.87572600
v -0.01280300 1.38628800 0.87572600
v -0.01586700 1.38191200 0.87572600
v -0.01586700 1.38191200 0.87572600
v -0.01586700 1.38191200 0.87572600
v -0.01812500 1.37706900 0.87572600
v -0.01812500 1.37706900 0.87572600
v -0.01812500 1.37706900 0.87572600
v -0.01950800 1.37190800 0.87572600
v -0.01950800 1.37190800 0.87572600
v -0.01950800 1.37190800 0.87572600
v -0.01997400 1.36658500 0.87572600
v -0.01997400 1.36658500 0.87572600
v -0.01997400 1.36658500 0.87572600
v -0.01950800 1.36126200 0.87572600
v -0.01950800 1.36126200 0.87572600
v -0.01950800 1.36126200 0.87572600
v -0.01812500 1.35610100 0.87572600
v -0.01812500 1.35610100 0.87572600
v -0.01812500 1.35610100 0.87572600
v -0.01586700 1.35125900 0.87572600
v -0.01586700 1.35125900 0.87572600
v -0.01586700 1.35125900 0.87572600
v -0.01280300 1.34688200 0.87572600
v -0.01280300 1.34688200 0.87572600
v -0.01280300 1.34688200 0.87572600
v -0.00902400 1.34310400 0.87572600
v -0.00902400 1.34310400 0.87572600
v -0.00902400 1.34310400 0.87572600
v -0.00464800 1.34003900 0.87572600
v -0.00464800 1.34003900 0.87572600
v -0.00464800 1.34003900 0.87572600
v 0.00019500 1.33778100 0.87572600
v 0.00019500 1.33778100 0.87572600
v 0.00019500 1.33778100 0.87572600
v 0.00535600 1.33639800 0.87572600
v 0.00535600 1.33639800 0.87572600
v 0.00535600 1.33639800 0.87572600
v 0.01067900 1.36658500 0.87572600
v 0.01067900 1.36658500 0.87572600
v 0.01067900 1.36658500 0.87573900
v 0.01067900 1.36658500 0.87575900
v 0.01067900 1.36658500 0.87575900
v 0.01067900 1.36658500 0.87578000
v 0.01067900 1.36658500 0.87578000
v 0.01067900 1.36658500 0.87580100
v 0.01067900 1.36658500 0.87574700
v 0.01067900 1.36658500 0.87576800
v 0.01067900 1.36658500 0.87576800
v 0.01067900 1.36658500 0.87578800
v 0.01067900 1.36658500 0.87578800
v 0.01067900 1.36658500 0.87580900
v 0.01067900 1.36658500 0.87583000
v 0.01067900 1.36658500 0.87585100
v 0.01067900 1.36658500 0.87587200
v 0.01067900 1.36658500 0.87589200
v 0.01067900 1.36658500 0.87589200
v 0.01067900 1.36658500 0.87591300
v 0.01067900 1.36658500 0.87591300
v 0.01067900 1.36658500 0.87593400
v 0.01067900 1.36658500 0.87595500
v 0.01067900 1.36658500 0.87597600
v 0.01067900 1.36658500 0.87599600
v 0.01067900 1.36658500 0.87601700
v 0.01067900 1.36658500 0.87603800
v 0.01067900 1.36658500 0.87603800
v 0.01067900 1.36658500 0.87605900
v 0.01067900 1.36658500 0.87605900
v 0.01067900 1.36658500 0.87608000
v 0.01067900 1.36658500 0.87610000
v 0.01067900 1.36658500 0.87582200
v 0.01067900 1.36658500 0.87584300
v 0.01067900 1.36658500 0.87584300
v 0.01067900 1.36658500 0.87586300
v 0.01067900 1.36658500 0.87586300
v 0.01067900 1.36658500 0.87588400
v 0.01067900 1.36658500 0.87590500
v 0.01067900 1.36658500 0.87592600
v 0.01067900 1.36658500 0.87594700
v 0.01067900 1.36658500 0.87596700
v 0.01067900 1.36658500 0.87596700
v 0.01067900 1.36658500 0.87598800
v 0.01067900 1.36658500 0.87598800
v 0.01067900 1.36658500 0.87600900
v 0.01067900 1.36658500 0.87603000
v 0.01067900 1.36658500 0.87605000
v 0.01067900 1.36658500 0.87607100
v 0.01067900 1.36658500 0.87609200
v 0.01067900 1.36658500 0.87611300
v 0.01067900 1.36658500 0.87611300
v 0.01067900 1.36658500 0.87613400
v 0.01067900 1.36658500 0.87613400
v 0.01067900 1.36658500 0.87615400
v 0.01067900 1.36658500 0.87617500
v 0.01067900 1.36658500 0.87612100
v 0.01067900 1.36658500 0.87614200
v 0.01067900 1.36658500 0.87616300
v 0.01067900 1.36658500 0.87616300
v 0.01067900 1.36658500 0.87618400
v 0.01067900 1.36658500 0.87618400
v 0.01067900 1.36658500 0.87620400
v 0.01067900 1.36658500 0.87622500
v 0.01067900 1.36658500 0.87624600
v 0.01067900 1.36658500 0.87626700
v 0.01067900 1.36658500 0.87628800
v 0.01067900 1.36658500 0.87630800
v 0.01067900 1.36658500 0.87630800
v 0.01067900 1.36658500 0.87632900
v 0.01067900 1.36658500 0.87632900
v 0.01067900 1.36658500 0.87635000
v 0.01067900 1.36658500 0.87637100
v 0.01067900 1.36658500 0.87639100
v 0.01067900 1.36658500 0.87641200
v 0.01067900 1.36658500 0.87643300
v 0.01067900 1.36658500 0.87643300
v 0.01067900 1.36658500 0.87645400
v 0.01067900 1.36658500 0.87645400
v 0.01067900 1.36658500 0.87647500
v 0.01067900 1.36658500 0.87619600
v 0.01067900 1.36658500 0.87621700
v 0.01067900 1.36658500 0.87623800
v 0.01067900 1.36658500 0.87623800
v 0.01067900 1.36658500 0.87625800
v 0.01067900 1.36658500 0.87625800
v 0.01067900 1.36658500 0.87627900
v 0.01067900 1.36658500 0.87630000
v 0.01067900 1.36658500 0.87632100
v 0.01067900 1.36658500 0.87634200
v 0.01067900 1.36658500 0.87636200
v 0.01067900 1.36658500 0.87638300
v 0.01067900 1.36658500 0.87638300
v 0.01067900 1.36658500 0.87640400
v 0.01067900 1.36658500 0.87640400
v 0.01067900 1.36658500 0.87642500
v 0.01067900 1.36658500 0.87644600
v 0.01067900 1.36658500 0.87646600
v 0.01067900 1.36658500 0.87648700
v 0.01067900 1.36658500 0.87650800
v 0.01067900 1.36658500 0.87650800
v 0.01067900 1.36658500 0.87652900
v 0.01067900 1.36658500 0.87652900
v 0.01067900 1.36658500 0.87654900
v 0.01067900 1.36658500 0.87649500
v 0.01067900 1.36658500 0.87651600
v 0.01067900 1.36658500 0.87653700
v 0.01067900 1.36658500 0.87655800
v 0.01067900 1.36658500 0.87657900
v 0.01067900 1.36658500 0.87657900
v 0.01067900 1.36658500 0.87659900
v 0.01067900 1.36658500 0.87659900
v 0.01067900 1.36658500 0.87662000
v 0.01067900 1.36658500 0.87664100
v 0.01067900 1.36658500 0.87666200
v 0.01067900 1.36658500 0.87668300
v 0.01067900 1.36658500 0.87670300
v 0.01067900 1.36658500 0.87670300
v 0.01067900 1.36658500 0.87672400
v 0.01067900 1.36658500 0.87672400
v 0.01067900 1.36658500 0.87674500
v 0.01067900 1.36658500 0.87676600
v 0.01067900 1.36658500 0.87678700
v 0.01067900 1.36658500 0.87680700
v 0.01067900 1.36658500 0.87682800
v 0.01067900 1.36658500 0.87684900
v 0.01067900 1.36658500 0.87684900
v 0.01067900 1.36658500 0.87657000
v 0.01067900 1.36658500 0.87659100
v 0.01067900 1.36658500 0.87661200
v 0.01067900 1.36658500 0.87663300
v 0.01067900 1.36658500 0.87665300
v 0.01067900 1.36658500 0.87665300
v 0.01067900 1.36658500 0.87667400
v 0.01067900 1.36658500 0.87667400
v 0.01067900 1.36658500 0.87669500
v 0.01067900 1.36658500 0.87671600
v 0.01067900 1.36658500 0.87673700
v 0.01067900 1.36658500 0.87675700
v 0.01067900 1.36658500 0.87677800
v 0.01067900 1.36658500 0.87677800
v 0.01067900 1.36658500 0.87679900
v 0.01067900 1.36658500 0.87679900
v 0.01067900 1.36658500 0.87682000
v 0.01067900 1.36658500 0.87684100
v 0.01067900 1.36658500 0.87686100
v 0.01067900 1.36658500 0.87688200
v 0.01067900 1.36658500 0.87690300
v 0.01067900 1.36658500 0.87692400
v 0.01067900 1.36658500 0.87692400
v 0.01067900 1.36658500 0.87687000
v 0.01067900 1.36658500 0.87687000
v 0.01067900 1.36658500 0.87689000
v 0.01067900 1.36658500 0.87691100
v 0.01067900 1.36658500 0.87693200
v 0.01067900 1.36658500 0.87695300
v 0.01067900 1.36658500 0.87697400
v 0.01067900 1.36658500 0.87697400
v 0.01067900 1.36658500 0.87699400
v 0.01067900 1.36658500 0.87699400
v 0.01067900 1.36658500 0.87701500
v 0.01067900 1.36658500 0.87703600
v 0.01067900 1.36658500 0.87705700
v 0.01067900 1.36658500 0.87707800
v 0.01067900 1.36658500 0.87709800
v 0.01067900 1.36658500 0.87709800
v 0.01067900 1.36658500 0.87711900
v 0.01067900 1.36658500 0.87711900
v 0.01067900 1.36658500 0.87714000
v 0.01067900 1.36658500 0.87716100
v 0.01067900 1.36658500 0.87718200
v 0.01067900 1.36658500 0.87720200
v 0.01067900 1.36658500 0.87722300
v 0.01067900 1.36658500 0.87694500
v 0.01067900 1.36658500 0.87694500
v 0.01067900 1.36658500 0.87696500
v 0.01067900 1.36658500 0.87698600
v 0.01067900 1.36658500 0.87700700
v 0.01067900 1.36658500 0.87702800
v 0.01067900 1.36658500 0.87704800
v 0.01067900 1.36658500 0.87704800
v 0.01067900 1.36658500 0.87706900
v 0.01067900 1.36658500 0.87706900
v 0.01067900 1.36658500 0.87709000
v 0.01067900 1.36658500 0.87711100
v 0.01067900 1.36658500 0.87713200
v 0.01067900 1.36658500 0.87715300
v 0.01067900 1.36658500 0.87717300
v 0.01067900 1.36658500 0.87717300
v 0.01067900 1.36658500 0.87719400
v 0.01067900 1.36658500 0.87719400
v 0.01067900 1.36658500 0.87721500
v 0.01067900 1.36658500 0.87723600
v 0.01067900 1.36658500 0.87725600
v 0.01067900 1.36658500 0.87727700
v 0.01067900 1.36658500 0.87729800
v 0.01067900 1.36658500 0.87724400
v 0.01067900 1.36658500 0.87724400
v 0.01067900 1.36658500 0.87726500
v 0.01067900 1.36658500 0.87726500
v 0.01067900 1.36658500 0.87728600
v 0.01067900 1.36658500 0.87730600
v 0.01067900 1.36658500 0.87732700
v 0.01067900 1.36658500 0.87734800
v 0.01067900 1.36658500 0.87736900
v 0.01067900 1.36658500 0.87736900
v 0.01067900 1.36658500 0.87738900
v 0.01067900 1.36658500 0.87738900
v 0.01067900 1.36658500 0.87741000
v 0.01067900 1.36658500 0.87743100
v 0.01067900 1.36658500 0.87745200
v 0.01067900 1.36658500 0.87747300
v 0.01067900 1.36658500 0.87749400
v 0.01067900 1.36658500 0.87751400
v 0.01067900 1.36658500 0.87751400
v 0.01067900 1.36658500 0.87753500
v 0.01067900 1.36658500 0.87753500
v 0.01067900 1.36658500 0.87755600
v 0.01067900 1.36658500 0.87757700
v 0.01067900 1.36658500 0.87759700
v 0.01067900 1.36658500 0.87731900
v 0.01067900 1.36658500 0.87731900
v 0.01067900 1.36658500 0.87734000
v 0.01067900 1.36658500 0.87734000
v 0.01067900 1.36658500 0.87736000
v 0.01067900 1.36658500 0.87738100
v 0.01067900 1.36658500 0.87740200
v 0.01067900 1.36658500 0.87742300
v 0.01067900 1.36658500 0.87744400
v 0.01067900 1.36658500 0.87744400
v 0.01067900 1.36658500 0.87746400
v 0.01067900 1.36658500 0.87746400
v 0.01067900 1.36658500 0.87748500
v 0.01067900 1.36658500 0.87750600
v 0.01067900 1.36658500 0.87752700
v 0.01067900 1.36658500 0.87754800
v 0.01067900 1.36658500 0.87756800
v 0.01067900 1.36658500 0.87758900
v 0.01067900 1.36658500 0.87758900
v 0.01067900 1.36658500 0.87761000
v 0.01067900 1.36658500 0.87761000
v 0.01067900 1.36658500 0.87763100
v 0.01067900 1.36658500 0.87765200
v 0.01067900 1.36658500 0.87767200
v 0.01067900 1.36658500 0.87761800
v 0.01067900 1.36658500 0.87763900
v 0.01067900 1.36658500 0.87763900
v 0.01067900 1.36658500 0.87766000
v 0.01067900 1.36658500 0.87766000
v 0.01067900 1.36658500 0.87768100
v 0.01067900 1.36658500 0.87770100
v 0.01067900 1.36658500 0.87772200
v 0.01067900 1.36658500 0.87774300
v 0.01067900 1.36658500 0.87776400
v 0.01067900 1.36658500 0.87778500
v 0.01067900 1.36658500 0.87778500
v 0.01067900 1.36658500 0.87780500
v 0.01067900 1.36658500 0.87780500
v 0.01067900 1.36658500 0.87782600
v 0.01067900 1.36658500 0.87784700
v 0.01067900 1.36658500 0.87786800
v 0.01067900 1.36658500 0.87788900
v 0.01067900 1.36658500 0.87790900
v 0.01067900 1.36658500 0.87790900
v 0.01067900 1.36658500 0.87793000
v 0.01067900 1.36658500 0.87793000
v 0.01067900 1.36658500 0.87795100
v 0.01067900 1.36658500 0.87797200
v 0.01067900 1.36658500 0.87769300
v 0.01067900 1.36658500 0.87771400
v 0.01067900 1.36658500 0.87771400
v 0.01067900 1.36658500 0.87773500
v 0.01067900 1.36658500 0.87773500
v 0.01067900 1.36658500 0.87775500
v 0.01067900 1.36658500 0.87777600
v 0.01067900 1.36658500 0.87779700
v 0.01067900 1.36658500 0.87781800
v 0.01067900 1.36658500 0.87783900
v 0.01067900 1.36658500 0.87785900
v 0.01067900 1.36658500 0.87785900
v 0.01067900 1.36658500 0.87788000
v 0.01067900 1.36658500 0.87788000
v 0.01067900 1.36658500 0.87790100
v 0.01067900 1.36658500 0.87792200
v 0.01067900 1.36658500 0.87794300
v 0.01067900 1.36658500 0.87796300
v 0.01067900 1.36658500 0.87798400
v 0.01067900 1.36658500 0.87798400
v 0.01067900 1.36658500 0.87800500
v 0.01067900 1.36658500 0.87800500
v 0.01067900 1.36658500 0.87802600
v 0.01067900 1.36658500 0.87804700
v 0.01067900 1.36658500 0.87799300
v 0.01067900 1.36658500 0.87801300
v 0.01067900 1.36658500 0.87803400
v 0.01067900 1.36658500 0.87805500
v 0.01067900 1.36658500 0.87805500
v 0.01067900 1.36658500 0.87807600
v 0.01067900 1.36658500 0.87807600
v 0.01067900 1.36658500 0.87809600
v 0.01067900 1.36658500 0.87811700
v 0.01067900 1.36658500 0.87813800
v 0.01067900 1.36658500 0.87815900
v 0.01067900 1.36658500 0.87818000
v 0.01067900 1.36658500 0.87818000
v 0.01067900 1.36658500 0.87820000
v 0.01067900 1.36658500 0.87820000
v 0.01067900 1.36658500 0.87822100
v 0.01067900 1.36658500 0.87824200
v 0.01067900 1.36658500 0.87826300
v 0.01067900 1.36658500 0.87828400
v 0.01067900 1.36658500 0.87830400
v 0.01067900 1.36658500 0.87832500
v 0.01067900 1.36658500 0.87832500
v 0.01067900 1.36658500 0.87834600
v 0.01067900 1.36658500 0.87834600
v 0.01067900 1.36658500 0.87806700
v 0.01067900 1.36658500 0.87808800
v 0.01067900 1.36658500 0.87810900
v 0.01067900 1.36658500 0.87813000
v 0.01067900 1.36658500 0.87813000
v 0.01067900 1.36658500 0.87815100
v 0.01067900 1.36658500 0.87815100
v 0.01067900 1.36658500 0.87817100
v 0.01067900 1.36658500 0.87819200
v 0.01067900 1.36658500 0.87821300
v 0.01067900 1.36658500 0.87823400
v 0.01067900 1.36658500 0.87825400
v 0.01067900 1.36658500 0.87825400
v 0.01067900 1.36658500 0.87827500
v 0.01067900 1.36658500 0.87827500
v 0.01067900 1.36658500 0.87829600
v 0.01067900 1.36658500 0.87831700
v 0.01067900 1.36658500 0.87833800
v 0.01067900 1.36658500 0.87835800
v 0.01067900 1.36658500 0.87837900
v 0.01067900 1.36658500 0.87840000
v 0.01067900 1.36658500 0.87840000
v 0.01067900 1.36658500 0.87842100
v 0.01067900 1.36658500 0.87842100
v 0.01067900 1.36658500 0.87842100
v 0.01067900 1.36658500 0.87842100
v 0.01067900 1.36658500 0.87836700
v 0.01067900 1.36658500 0.87838800
v 0.01067900 1.36658500 0.87840800
v 0.01067900 1.36658500 0.87842900
v 0.01067900 1.36658500 0.87845000
v 0.01067900 1.36658500 0.87845000
v 0.01067900 1.36658500 0.87847100
v 0.01067900 1.36658500 0.87847100
v 0.01067900 1.36658500 0.87849200
v 0.01067900 1.36658500 0.87851200
v 0.01067900 1.36658500 0.87853300
v 0.01067900 1.36658500 0.87855400
v 0.01067900 1.36658500 0.87857500
v 0.01067900 1.36658500 0.87859600
v 0.01067900 1.36658500 0.87859600
v 0.01067900 1.36658500 0.87861600
v 0.01067900 1.36658500 0.87861600
v 0.01067900 1.36658500 0.87863700
v 0.01067900 1.36658500 0.87863700
v 0.01067900 1.36658500 0.87863700
v 0.01067900 1.36658500 0.87865800
v 0.01067900 1.36658500 0.87865800
v 0.01067900 1.36658500 0.87865800
v 0.01067900 1.36658500 0.87865800
v 0.01067900 1.36658500 0.87865800
v 0.01067900 1.36658500 0.87867900
v 0.01067900 1.36658500 0.87867900
v 0.01067900 1.36658500 0.87867900
v 0.01067900 1.36658500 0.87867900
v 0.01067900 1.36658500 0.87867900
v 0.01067900 1.36658500 0.87869900
v 0.01067900 1.36658500 0.87869900
v 0.01067900 1.36658500 0.87869900
v 0.01067900 1.36658500 0.87869900
v 0.01067900 1.36658500 0.87869900
v 0.01067900 1.36658500 0.87872000
v 0.01067900 1.36658500 0.87872000
v 0.01067900 1.36658500 0.87872000
v 0.01067900 1.36658500 0.87872000
v 0.01067900 1.36658500 0.87872000
v 0.01067900 1.36658500 0.87872000
v 0.01067900 1.36658500 0.87872000
v 0.01067900 1.36658500 0.87844200
v 0.01067900 1.36658500 0.87844200
v 0.01067900 1.36658500 0.87844200
v 0.01067900 1.36658500 0.87844200
v 0.01067900 1.36658500 0.87844200
v 0.01067900 1.36658500 0.87846200
v 0.01067900 1.36658500 0.87846200
v 0.01067900 1.36658500 0.87846200
v 0.01067900 1.36658500 0.87846200
v 0.01067900 1.36658500 0.87846200
v 0.01067900 1.36658500 0.87848300
v 0.01067900 1.36658500 0.87848300
v 0.01067900 1.36658500 0.87848300
v 0.01067900 1.36658500 0.87848300
v 0.01067900 1.36658500 0.87848300
v 0.01067900 1.36658500 0.87850400
v 0.01067900 1.36658500 0.87850400
v 0.01067900 1.36658500 0.87850400
v 0.01067900 1.36658500 0.87850400
v 0.01067900 1.36658500 0.87850400
v 0.01067900 1.36658500 0.87852500
v 0.01067900 1.36658500 0.87852500
v 0.01067900 1.36658500 0.87852500
v 0.01067900 1.36658500 0.87852500
v 0.01067900 1.36658500 0.87852500
v 0.01067900 1.36658500 0.87852500
v 0.01067900 1.36658500 0.87854600
v 0.01067900 1.36658500 0.87854600
v 0.01067900 1.36658500 0.87854600
v 0.01067900 1.36658500 0.87854600
v 0.01067900 1.36658500 0.87854600
v 0.01067900 1.36658500 0.87854600
v 0.01067900 1.36658500 0.87856600
v 0.01067900 1.36658500 0.87856600
v 0.01067900 1.36658500 0.87856600
v 0.01067900 1.36658500 0.87856600
v 0.01067900 1.36658500 0.87856600
v 0.01067900 1.36658500 0.87858700
v 0.01067900 1.36658500 0.87858700
v 0.01067900 1.36658500 0.87858700
v 0.01067900 1.36658500 0.87858700
v 0.01067900 1.36658500 0.87858700
v 0.01067900 1.36658500 0.87860800
v 0.01067900 1.36658500 0.87860800
v 0.01067900 1.36658500 0.87860800
v 0.01067900 1.36658500 0.87860800
v 0.01067900 1.36658500 0.87860800
v 0.01067900 1.36658500 0.87862900
v 0.01067900 1.36658500 0.87862900
v 0.01067900 1.36658500 0.87862900
v 0.01067900 1.36658500 0.87862900
v 0.01067900 1.36658500 0.87862900
v 0.01067900 1.36658500 0.87865000
v 0.01067900 1.36658500 0.87865000
v 0.01067900 1.36658500 0.87865000
v 0.01067900 1.36658500 0.87865000
v 0.01067900 1.36658500 0.87865000
v 0.01067900 1.36658500 0.87867000
v 0.01067900 1.36658500 0.87867000
v 0.01067900 1.36658500 0.87867000
v 0.01067900 1.36658500 0.87867000
v 0.01067900 1.36658500 0.87867000
v 0.01067900 1.36658500 0.87867000
v 0.01067900 1.36658500 0.87869100
v 0.01067900 1.36658500 0.87869100
v 0.01067900 1.36658500 0.87869100
v 0.01067900 1.36658500 0.87869100
v 0.01067900 1.36658500 0.87869100
v 0.01067900 1.36658500 0.87869100
v 0.01067900 1.36658500 0.87871200
v 0.01067900 1.36658500 0.87871200
v 0.01067900 1.36658500 0.87871200
v 0.01067900 1.36658500 0.87871200
v 0.01067900 1.36658500 0.87871200
v 0.01067900 1.36658500 0.87871200
v 0.01067900 1.36658500 0.87871200
v 0.01068500 1.36659600 0.87873300
v 0.01068500 1.36659600 0.87873300
v 0.01068500 1.36659600 0.87873300
v 0.01068500 1.36659600 0.87873300
v 0.01069000 1.36661600 0.87875400
v 0.01069000 1.36661600 0.87875400
v 0.01069000 1.36661600 0.87875400
v 0.01069000 1.36661600 0.87875400
v 0.01068800 1.36663800 0.87877400
v 0.01068800 1.36663800 0.87877400
v 0.01068800 1.36663800 0.87877400
v 0.01068800 1.36663800 0.87877400
v 0.01067900 1.36666000 0.87879500
v 0.01067900 1.36666000 0.87879500
v 0.01067900 1.36666000 0.87879500
v 0.01067900 1.36666000 0.87879500
v 0.01068200 1.36656500 0.87874100
v 0.01068200 1.36656500 0.87874100
v 0.01068200 1.36656500 0.87874100
v 0.01068200 1.36656500 0.87874100
v 0.01069300 1.36654600 0.87876200
v 0.01069300 1.36654600 0.87876200
v 0.01069300 1.36654600 0.87876200
v 0.01069300 1.36654600 0.87876200
v 0.01071000 1.36653100 0.87878300
v 0.01071000 1.36653100 0.87878300
v 0.01071000 1.36653100 0.87878300
v 0.01071000 1.36653100 0.87878300
v 0.01073200 1.36652100 0.87880300
v 0.01073200 1.36652100 0.87880300
v 0.01073200 1.36652100 0.87880300
v 0.01073200 1.36652100 0.87880300
v 0.01075800 1.36651800 0.87882400
v 0.01075800 1.36651800 0.87882400
v 0.01075800 1.36651800 0.87882400
v 0.01075800 1.36651800 0.87882400
v 0.01078700 1.36652300 0.87884500
v 0.01078700 1.36652300 0.87884500
v 0.01078700 1.36652300 0.87884500
v 0.01078700 1.36652300 0.87884500
v 0.01081600 1.36653500 0.87886600
v 0.01081600 1.36653500 0.87886600
v 0.01081600 1.36653500 0.87886600
v 0.01081600 1.36653500 0.87886600
v 0.01084300 1.36655600 0.87888700
v 0.01084300 1.36655600 0.87888700
v 0.01084300 1.36655600 0.87888700
v 0.01084300 1.36655600 0.87888700
v 0.01086600 1.36658500 0.87890700
v 0.01086600 1.36658500 0.87890700
v 0.01086600 1.36658500 0.87890700
v 0.01086600 1.36658500 0.87890700
v 0.01088400 1.36662100 0.87892800
v 0.01088400 1.36662100 0.87892800
v 0.01088400 1.36662100 0.87892800
v 0.01088400 1.36662100 0.87892800
v 0.01089400 1.36666300 0.87894900
v 0.01089400 1.36666300 0.87894900
v 0.01089400 1.36666300 0.87894900
v 0.01089400 1.36666300 0.87894900
v 0.01089500 1.36671000 0.87897000
v 0.01089500 1.36671000 0.87897000
v 0.01089500 1.36671000 0.87897000
v 0.01089500 1.36671000 0.87897000
v 0.01088600 1.36675900 0.87899100
v 0.01088600 1.36675900 0.87899100
v 0.01088600 1.36675900 0.87899100
v 0.01088600 1.36675900 0.87899100
v 0.01086600 1.36680800 0.87901100
v 0.01086600 1.36680800 0.87901100
v 0.01086600 1.36680800 0.87901100
v 0.01086600 1.36680800 0.87901100
v 0.01083500 1.36685500 0.87903200
v 0.01083500 1.36685500 0.87903200
v 0.01083500 1.36685500 0.87903200
v 0.01079300 1.36689800 0.87905300
v 0.01079300 1.36689800 0.87905300
v 0.01079300 1.36689800 0.87905300
v 0.01074000 1.36693300 0.87907400
v 0.01074000 1.36693300 0.87907400
v 0.01074000 1.36693300 0.87907400
v 0.01067900 1.36695900 0.87909500
v 0.01067900 1.36695900 0.87909500
v 0.01067200 1.36657400 0.87873300
v 0.01067200 1.36657400 0.87873300
v 0.01067200 1.36657400 0.87873300
v 0.01067200 1.36657400 0.87873300
v 0.01066700 1.36655400 0.87875400
v 0.01066700 1.36655400 0.87875400
v 0.01066700 1.36655400 0.87875400
v 0.01066700 1.36655400 0.87875400
v 0.01066900 1.36653200 0.87877400
v 0.01066900 1.36653200 0.87877400
v 0.01066900 1.36653200 0.87877400
v 0.01066900 1.36653200 0.87877400
v 0.01067900 1.36651000 0.87879500
v 0.01067900 1.36651000 0.87879500
v 0.01067900 1.36651000 0.87879500
v 0.01067900 1.36651000 0.87879500
v 0.01069500 1.36649100 0.87881600
v 0.01069500 1.36649100 0.87881600
v 0.01069500 1.36649100 0.87881600
v 0.01071900 1.36647600 0.87883700
v 0.01071900 1.36647600 0.87883700
v 0.01074700 1.36646600 0.87885700
v 0.01074700 1.36646600 0.87885700
v 0.01078000 1.36646400 0.87887800
v 0.01078000 1.36646400 0.87887800
v 0.01081600 1.36647000 0.87889900
v 0.01081600 1.36647000 0.87889900
v 0.01085200 1.36648500 0.87892000
v 0.01085200 1.36648500 0.87892000
v 0.01088600 1.36651000 0.87894100
v 0.01088600 1.36651000 0.87894100
v 0.01088600 1.36651000 0.87894100
v 0.01091600 1.36654300 0.87896100
v 0.01091600 1.36654300 0.87896100
v 0.01091600 1.36654300 0.87896100
v 0.01091600 1.36654300 0.87896100
v 0.01094100 1.36658500 0.87898200
v 0.01094100 1.36658500 0.87898200
v 0.01094100 1.36658500 0.87898200
v 0.01094100 1.36658500 0.87898200
v 0.01095700 1.36663400 0.87900300
v 0.01095700 1.36663400 0.87900300
v 0.01095700 1.36663400 0.87900300
v 0.01096400 1.36668900 0.87902400
v 0.01096400 1.36668900 0.87902400
v 0.01096400 1.36668900 0.87902400
v 0.01096000 1.36674700 0.87904500
v 0.01096000 1.36674700 0.87904500
v 0.01096000 1.36674700 0.87904500
v 0.01094300 1.36680700 0.87906500
v 0.01094300 1.36680700 0.87906500
v 0.01091400 1.36686600 0.87908600
v 0.01091400 1.36686600 0.87908600
v 0.01087200 1.36692000 0.87910700
v 0.01087200 1.36692000 0.87910700
v 0.01081800 1.36696800 0.87912800
v 0.01081800 1.36696800 0.87912800
v 0.01075300 1.36700700 0.87914900
v 0.01075300 1.36700700 0.87914900
v 0.01067900 1.36703400 0.87916900
v 0.01067900 1.36703400 0.87916900
v 0.01067500 1.36660600 0.87874100
v 0.01067500 1.36660600 0.87874100
v 0.01067500 1.36660600 0.87874100
v 0.01067500 1.36660600 0.87874100
v 0.01066500 1.36662400 0.87876200
v 0.01066500 1.36662400 0.87876200
v 0.01066500 1.36662400 0.87876200
v 0.01066500 1.36662400 0.87876200
v 0.01064800 1.36663900 0.87878300
v 0.01064800 1.36663900 0.87878300
v 0.01064800 1.36663900 0.87878300
v 0.01064800 1.36663900 0.87878300
v 0.01062500 1.36664900 0.87880300
v 0.01062500 1.36664900 0.87880300
v 0.01062500 1.36664900 0.87880300
v 0.01062500 1.36664900 0.87880300
v 0.01059900 1.36665200 0.87882400
v 0.01059900 1.36665200 0.87882400
v 0.01059900 1.36665200 0.87882400
v 0.01059900 1.36665200 0.87882400
v 0.01057100 1.36664700 0.87884500
v 0.01057100 1.36664700 0.87884500
v 0.01057100 1.36664700 0.87884500
v 0.01057100 1.36664700 0.87884500
v 0.01054200 1.36663500 0.87886600
v 0.01054200 1.36663500 0.87886600
v 0.01054200 1.36663500 0.87886600
v 0.01054200 1.36663500 0.87886600
v 0.01051500 1.36661400 0.87888700
v 0.01051500 1.36661400 0.87888700
v 0.01051500 1.36661400 0.87888700
v 0.01051500 1.36661400 0.87888700
v 0.01049200 1.36658500 0.87890700
v 0.01049200 1.36658500 0.87890700
v 0.01049200 1.36658500 0.87890700
v 0.01049200 1.36658500 0.87890700
v 0.01047400 1.36654900 0.87892800
v 0.01047400 1.36654900 0.87892800
v 0.01047400 1.36654900 0.87892800
v 0.01047400 1.36654900 0.87892800
v 0.01046400 1.36650700 0.87894900
v 0.01046400 1.36650700 0.87894900
v 0.01046400 1.36650700 0.87894900
v 0.01046400 1.36650700 0.87894900
v 0.01046300 1.36646000 0.87897000
v 0.01046300 1.36646000 0.87897000
v 0.01046300 1.36646000 0.87897000
v 0.01046300 1.36646000 0.87897000
v 0.01047200 1.36641100 0.87899100
v 0.01047200 1.36641100 0.87899100
v 0.01047200 1.36641100 0.87899100
v 0.01047200 1.36641100 0.87899100
v 0.01049200 1.36636200 0.87901100
v 0.01049200 1.36636200 0.87901100
v 0.01049200 1.36636200 0.87901100
v 0.01049200 1.36636200 0.87901100
v 0.01052300 1.36631500 0.87903200
v 0.01052300 1.36631500 0.87903200
v 0.01052300 1.36631500 0.87903200
v 0.01056500 1.36627300 0.87905300
v 0.01056500 1.36627300 0.87905300
v 0.01056500 1.36627300 0.87905300
v 0.01061700 1.36623700 0.87907400
v 0.01061700 1.36623700 0.87907400
v 0.01061700 1.36623700 0.87907400
v 0.01067900 1.36621100 0.87909500
v 0.01067900 1.36621100 0.87909500
v 0.01074700 1.36619600 0.87911500
v 0.01074700 1.36619600 0.87911500
v 0.01082100 1.36619400 0.87913600
v 0.01082100 1.36619400 0.87913600
v 0.01089700 1.36620700 0.87915700
v 0.01089700 1.36620700 0.87915700
v 0.01097300 1.36623500 0.87917800
v 0.01097300 1.36623500 0.87917800
v 0.01097300 1.36623500 0.87917800
v 0.01104500 1.36627800 0.87919800
v 0.01104500 1.36627800 0.87919800
v 0.01104500 1.36627800 0.87919800
v 0.01111100 1.36633600 0.87921900
v 0.01111100 1.36633600 0.87921900
v 0.01116700 1.36640700 0.87924000
v 0.01116700 1.36640700 0.87924000
v 0.01121100 1.36649100 0.87926100
v 0.01121100 1.36649100 0.87926100
v 0.01124000 1.36658500 0.87928200
v 0.01124000 1.36658500 0.87928200
v 0.01125200 1.36668600 0.87930200
v 0.01125200 1.36668600 0.87930200
v 0.01124500 1.36679100 0.87932300
v 0.01124500 1.36679100 0.87932300
v 0.01121900 1.36689700 0.87934400
v 0.01121900 1.36689700 0.87934400
v 0.01121900 1.36689700 0.87934400
v 0.01117300 1.36700000 0.87936500
v 0.01117300 1.36700000 0.87936500
v 0.01117300 1.36700000 0.87936500
v 0.01110600 1.36709500 0.87938600
v 0.01110600 1.36709500 0.87938600
v 0.01102200 1.36717900 0.87940600
v 0.01102200 1.36717900 0.87940600
v 0.01092100 1.36724900 0.87942700
v 0.01092100 1.36724900 0.87942700
v 0.01080500 1.36730200 0.87944800
v 0.01080500 1.36730200 0.87944800
v 0.01080500 1.36730200 0.87944800
v 0.01067900 1.36733400 0.87946900
v 0.01067900 1.36733400 0.87946900
v 0.01067900 1.36733400 0.87946900
v 0.01067900 1.36733400 0.87946900
v 0.01066200 1.36667900 0.87881600
v 0.01066200 1.36667900 0.87881600
v 0.01066200 1.36667900 0.87881600
v 0.01066200 1.36667900 0.87881600
v 0.01063900 1.36669500 0.87883700
v 0.01063900 1.36669500 0.87883700
v 0.01063900 1.36669500 0.87883700
v 0.01061000 1.36670400 0.87885700
v 0.01061000 1.36670400 0.87885700
v 0.01061000 1.36670400 0.87885700
v 0.01057700 1.36670600 0.87887800
v 0.01057700 1.36670600 0.87887800
v 0.01057700 1.36670600 0.87887800
v 0.01057700 1.36670600 0.87887800
v 0.01054200 1.36670000 0.87889900
v 0.01054200 1.36670000 0.87889900
v 0.01054200 1.36670000 0.87889900
v 0.01054200 1.36670000 0.87889900
v 0.01050600 1.36668500 0.87892000
v 0.01050600 1.36668500 0.87892000
v 0.01050600 1.36668500 0.87892000
v 0.01047200 1.36666000 0.87894100
v 0.01047200 1.36666000 0.87894100
v 0.01047200 1.36666000 0.87894100
v 0.01044100 1.36662700 0.87896100
v 0.01044100 1.36662700 0.87896100
v 0.01044100 1.36662700 0.87896100
v 0.01044100 1.36662700 0.87896100
v 0.01041700 1.36658500 0.87898200
v 0.01041700 1.36658500 0.87898200
v 0.01041700 1.36658500 0.87898200
v 0.01041700 1.36658500 0.87898200
v 0.01040000 1.36653600 0.87900300
v 0.01040000 1.36653600 0.87900300
v 0.01040000 1.36653600 0.87900300
v 0.01039300 1.36648100 0.87902400
v 0.01039300 1.36648100 0.87902400
v 0.01039300 1.36648100 0.87902400
v 0.01039800 1.36642300 0.87904500
v 0.01039800 1.36642300 0.87904500
v 0.01039800 1.36642300 0.87904500
v 0.01041400 1.36636300 0.87906500
v 0.01041400 1.36636300 0.87906500
v 0.01044400 1.36630500 0.87908600
v 0.01044400 1.36630500 0.87908600
v 0.01048500 1.36625000 0.87910700
v 0.01048500 1.36625000 0.87910700
v 0.01053900 1.36620200 0.87912800
v 0.01053900 1.36620200 0.87912800
v 0.01060400 1.36616300 0.87914900
v 0.01060400 1.36616300 0.87914900
v 0.01067900 1.36613600 0.87916900
v 0.01067900 1.36613600 0.87916900
v 0.01076000 1.36612200 0.87919000
v 0.01076000 1.36612200 0.87919000
v 0.01084700 1.36612400 0.87921100
v 0.01084700 1.36612400 0.87921100
v 0.01093400 1.36614200 0.87923200
v 0.01093400 1.36614200 0.87923200
v 0.01102100 1.36617700 0.87925300
v 0.01102100 1.36617700 0.87925300
v 0.01110200 1.36623000 0.87927300
v 0.01110200 1.36623000 0.87927300
v 0.01117600 1.36629800 0.87929400
v 0.01117600 1.36629800 0.87929400
v 0.01123800 1.36638200 0.87931500
v 0.01123800 1.36638200 0.87931500
v 0.01128500 1.36647800 0.87933600
v 0.01128500 1.36647800 0.87933600
v 0.01131500 1.36658500 0.87935700
v 0.01131500 1.36658500 0.87935700
v 0.01132600 1.36669900 0.87937700
v 0.01132600 1.36669900 0.87937700
v 0.01131600 1.36681700 0.87939800
v 0.01131600 1.36681700 0.87939800
v 0.01128400 1.36693400 0.87941900
v 0.01128400 1.36693400 0.87941900
v 0.01123000 1.36704800 0.87944000
v 0.01123000 1.36704800 0.87944000
v 0.01115500 1.36715200 0.87946000
v 0.01115500 1.36715200 0.87946000
v 0.01105300 1.36723300 0.87946900
v 0.01105300 1.36723300 0.87946900
v 0.01105300 1.36723300 0.87946900
v 0.01093500 1.36728900 0.87946900
v 0.01093500 1.36728900 0.87946900
v 0.01093500 1.36728900 0.87946900
v 0.01080900 1.36732200 0.87946900
v 0.01080900 1.36732200 0.87946900
v 0.01080900 1.36732200 0.87946900
v 0.01061000 1.36697400 0.87911500
v 0.01061000 1.36697400 0.87911500
v 0.01053700 1.36697600 0.87913600
v 0.01053700 1.36697600 0.87913600
v 0.01046000 1.36696300 0.87915700
v 0.01046000 1.36696300 0.87915700
v 0.01038500 1.36693600 0.87917800
v 0.01038500 1.36693600 0.87917800
v 0.01031200 1.36689300 0.87919800
v 0.01031200 1.36689300 0.87919800
v 0.01024700 1.36683500 0.87921900
v 0.01024700 1.36683500 0.87921900
v 0.01019000 1.36676300 0.87924000
v 0.01019000 1.36676300 0.87924000
v 0.01014600 1.36667900 0.87926100
v 0.01014600 1.36667900 0.87926100
v 0.01011700 1.36658500 0.87928200
v 0.01011700 1.36658500 0.87928200
v 0.01010500 1.36648400 0.87930200
v 0.01010500 1.36648400 0.87930200
v 0.01011200 1.36637900 0.87932300
v 0.01011200 1.36637900 0.87932300
v 0.01013900 1.36627300 0.87934400
v 0.01013900 1.36627300 0.87934400
v 0.01018500 1.36617100 0.87936500
v 0.01018500 1.36617100 0.87936500
v 0.01025100 1.36607500 0.87938600
v 0.01025100 1.36607500 0.87938600
v 0.01033600 1.36599100 0.87940600
v 0.01033600 1.36599100 0.87940600
v 0.01033600 1.36599100 0.87940600
v 0.01043700 1.36592100 0.87942700
v 0.01043700 1.36592100 0.87942700
v 0.01043700 1.36592100 0.87942700
v 0.01055200 1.36586800 0.87944800
v 0.01055200 1.36586800 0.87944800
v 0.01055200 1.36586800 0.87944800
v 0.01067900 1.36583700 0.87946900
v 0.01067900 1.36583700 0.87946900
v 0.01067900 1.36583700 0.87946900
v 0.01067900 1.36583700 0.87946900
v 0.01080900 1.36584800 0.87946900
v 0.01080900 1.36584800 0.87946900
v 0.01080900 1.36584800 0.87946900
v 0.01093500 1.36588200 0.87946900
v 0.01093500 1.36588200 0.87946900
v 0.01093500 1.36588200 0.87946900
v 0.01105300 1.36593700 0.87946900
v 0.01105300 1.36593700 0.87946900
v 0.01105300 1.36593700 0.87946900
v 0.01116000 1.36601200 0.87946900
v 0.01116000 1.36601200 0.87946900
v 0.01116000 1.36601200 0.87946900
v 0.01125200 1.36610400 0.87946900
v 0.01125200 1.36610400 0.87946900
v 0.01125200 1.36610400 0.87946900
v 0.01132700 1.36621100 0.87946900
v 0.01132700 1.36621100 0.87946900
v 0.01132700 1.36621100 0.87946900
v 0.01138200 1.36632900 0.87946900
v 0.01138200 1.36632900 0.87946900
v 0.01138200 1.36632900 0.87946900
v 0.01141600 1.36645500 0.87946900
v 0.01141600 1.36645500 0.87946900
v 0.01141600 1.36645500 0.87946900
v 0.01142700 1.36658500 0.87946900
v 0.01142700 1.36658500 0.87946900
v 0.01142700 1.36658500 0.87946900
v 0.01141600 1.36671500 0.87946900
v 0.01141600 1.36671500 0.87946900
v 0.01141600 1.36671500 0.87946900
v 0.01138200 1.36684100 0.87946900
v 0.01138200 1.36684100 0.87946900
v 0.01138200 1.36684100 0.87946900
v 0.01132700 1.36695900 0.87946900
v 0.01132700 1.36695900 0.87946900
v 0.01132700 1.36695900 0.87946900
v 0.01125200 1.36706600 0.87946900
v 0.01125200 1.36706600 0.87946900
v 0.01125200 1.36706600 0.87946900
v 0.01116000 1.36715900 0.87946900
v 0.01116000 1.36715900 0.87946900
v 0.01116000 1.36715900 0.87946900
v 0.01059700 1.36704800 0.87919000
v 0.01059700 1.36704800 0.87919000
v 0.01051100 1.36704600 0.87921100
v 0.01051100 1.36704600 0.87921100
v 0.01042300 1.36702800 0.87923200
v 0.01042300 1.36702800 0.87923200
v 0.01033700 1.36699300 0.87925300
v 0.01033700 1.36699300 0.87925300
v 0.01025500 1.36694100 0.87927300
v 0.01025500 1.36694100 0.87927300
v 0.01018200 1.36687200 0.87929400
v 0.01018200 1.36687200 0.87929400
v 0.01012000 1.36678900 0.87931500
v 0.01012000 1.36678900 0.87931500
v 0.01007300 1.36669200 0.87933600
v 0.01007300 1.36669200 0.87933600
v 0.01004200 1.36658500 0.87935700
v 0.01004200 1.36658500 0.87935700
v 0.01003200 1.36647100 0.87937700
v 0.01003200 1.36647100 0.87937700
v 0.01004200 1.36635300 0.87939800
v 0.01004200 1.36635300 0.87939800
v 0.01007400 1.36623600 0.87941900
v 0.01007400 1.36623600 0.87941900
v 0.01012800 1.36612300 0.87944000
v 0.01012800 1.36612300 0.87944000
v 0.01020300 1.36601800 0.87946000
v 0.01020300 1.36601800 0.87946000
v 0.01020300 1.36601800 0.87946000
v 0.01030400 1.36593700 0.87946900
v 0.01030400 1.36593700 0.87946900
v 0.01030400 1.36593700 0.87946900
v 0.01030400 1.36593700 0.87946900
v 0.01042300 1.36588200 0.87946900
v 0.01042300 1.36588200 0.87946900
v 0.01042300 1.36588200 0.87946900
v 0.01054900 1.36584800 0.87946900
v 0.01054900 1.36584800 0.87946900
v 0.01054900 1.36584800 0.87946900
v 0.01054900 1.36732200 0.87946900
v 0.01054900 1.36732200 0.87946900
v 0.01054900 1.36732200 0.87946900
v 0.01042300 1.36728900 0.87946900
v 0.01042300 1.36728900 0.87946900
v 0.01042300 1.36728900 0.87946900
v 0.01030400 1.36723300 0.87946900
v 0.01030400 1.36723300 0.87946900
v 0.01030400 1.36723300 0.87946900
v 0.01019800 1.36715900 0.87946900
v 0.01019800 1.36715900 0.87946900
v 0.01019800 1.36715900 0.87946900
v 0.01010500 1.36706600 0.87946900
v 0.01010500 1.36706600 0.87946900
v 0.01010500 1.36706600 0.87946900
v 0.01003000 1.36695900 0.87946900
v 0.01003000 1.36695900 0.87946900
v 0.01003000 1.36695900 0.87946900
v 0.00997500 1.36684100 0.87946900
v 0.00997500 1.36684100 0.87946900
v 0.00997500 1.36684100 0.87946900
v 0.00994200 1.36671500 0.87946900
v 0.00994200 1.36671500 0.87946900
v 0.00994200 1.36671500 0.87946900
v 0.00993000 1.36658500 0.87946900
v 0.00993000 1.36658500 0.87946900
v 0.00993000 1.36658500 0.87946900
v 0.00994200 1.36645500 0.87946900
v 0.00994200 1.36645500 0.87946900
v 0.00994200 1.36645500 0.87946900
v 0.00997500 1.36632900 0.87946900
v 0.00997500 1.36632900 0.87946900
v 0.00997500 1.36632900 0.87946900
v 0.01003000 1.36621100 0.87946900
v 0.01003000 1.36621100 0.87946900
v 0.01003000 1.36621100 0.87946900
v 0.01010500 1.36610400 0.87946900
v 0.01010500 1.36610400 0.87946900
v 0.01010500 1.36610400 0.87946900
v 0.01019800 1.36601200 0.87946900
v 0.01019800 1.36601200 0.87946900
v 0.01019800 1.36601200 0.87946900
vn -0.02860000 0.32730000 -0.94450000
vn 0.05470000 0.20430000 -0.97740000
vn 0.05200000 0.11160000 -0.99240000
vn 0.04690000 0.08120000 -0.99560000
vn 0.50000000 0.86600000 0.00000000
vn -0.50000000 0.86600000 0.00000000
vn -0.04690000 0.08120000 -0.99560000
vn 0.02860000 0.32730000 -0.94450000
vn -0.05200000 0.11160000 -0.99240000
vn -0.05470000 0.20430000 -0.97740000
vn 0.00000000 0.00000000 -1.00000000
vn -0.05470000 0.20430000 -0.97740000
vn -0.02860000 0.32730000 -0.94450000
vn 0.02860000 0.32730000 -0.94450000
vn -0.02860000 0.32730000 -0.94450000
vn 0.00000000 0.00000000 -1.00000000
vn -0.05200000 0.11160000 -0.99240000
vn -0.05470000 0.20430000 -0.97740000
vn 0.00000000 0.00000000 -1.00000000
vn 0.00000000 0.00000000 -1.00000000
vn -0.05200000 0.11160000 -0.99240000
vn -0.07060000 0.10090000 -0.99240000
vn -0.04690000 0.08120000 -0.99560000
vn -0.29780000 0.13880000 -0.94450000
vn -0.14970000 0.14960000 -0.97740000
vn -0.26930000 0.18850000 -0.94440000
vn -0.07060000 0.10090000 -0.99240000
vn -1.00000000 0.00000000 0.00000000
vn -0.04690000 0.08120000 -0.99560000
vn -0.09380000 0.00000000 -0.99560000
vn -0.50000000 0.86600000 0.00000000
vn -0.12260000 0.01070000 -0.99240000
vn -0.20440000 0.05480000 -0.97730000
vn -0.14970000 0.14960000 -0.97740000
vn 0.00000000 0.00000000 -1.00000000
vn -0.07060000 0.10090000 -0.99240000
vn -0.14970000 0.14960000 -0.97740000
vn 0.00000000 0.00000000 -1.00000000
vn -0.26930000 0.18850000 -0.94440000
vn -0.26930000 0.18850000 -0.94440000
vn -0.29780000 0.13880000 -0.94450000
vn 0.00000000 0.00000000 -1.00000000
vn 0.00000000 0.00000000 -1.00000000
vn -0.29780000 0.13880000 -0.94450000
vn -0.20440000 0.05480000 -0.97730000
vn 0.00000000 0.00000000 -1.00000000
vn -0.20440000 0.05480000 -0.97730000
vn -0.12260000 0.01070000 -0.99240000
vn 0.00000000 0.00000000 -1.00000000
vn -0.09380000 0.00000000 -0.99560000
vn -0.12260000 0.01070000 -0.99240000
vn -0.12260000 -0.01070000 -0.99240000
vn -0.04690000 -0.08120000 -0.99560000
vn -0.14950000 -0.14960000 -0.97740000
vn -1.00000000 0.00000000 0.00000000
vn -0.29790000 -0.13890000 -0.94440000
vn -0.50000000 -0.86600000 0.00000000
vn -0.20440000 -0.05480000 -0.97730000
vn -0.12260000 -0.01070000 -0.99240000
vn -0.09380000 0.00000000 -0.99560000
vn -0.07060000 -0.10090000 -0.99240000
vn -0.26930000 -0.18850000 -0.94440000
vn 0.00000000 0.00000000 -1.00000000
vn -0.20440000 -0.05480000 -0.97730000
vn -0.12260000 -0.01070000 -0.99240000
vn -0.29790000 -0.13890000 -0.94440000
vn -0.20440000 -0.05480000 -0.97730000
vn 0.00000000 0.00000000 -1.00000000
vn 0.00000000 0.00000000 -1.00000000
vn -0.26930000 -0.18850000 -0.94440000
vn -0.29790000 -0.13890000 -0.94440000
vn -0.14950000 -0.14960000 -0.97740000
vn -0.26930000 -0.18850000 -0.94440000
vn 0.00000000 0.00000000 -1.00000000
vn -0.07060000 -0.10090000 -0.99240000
vn 0.00000000 0.00000000 -1.00000000
vn -0.14950000 -0.14960000 -0.97740000
vn -0.05200000 -0.11160000 -0.99240000
vn -0.04690000 -0.08120000 -0.99560000
vn -0.07060000 -0.10090000 -0.99240000
vn 0.00000000 0.00000000 -1.00000000
vn 0.04690000 -0.08120000 -0.99560000
vn 0.05200000 -0.11160000 -0.99240000
vn 0.05470000 -0.20430000 -0.97740000
vn -0.02860000 -0.32730000 -0.94450000
vn 0.02860000 -0.32730000 -0.94450000
vn 0.50000000 -0.86600000 0.00000000
vn -0.05470000 -0.20430000 -0.97740000
vn -0.05200000 -0.11160000 -0.99240000
vn -0.04690000 -0.08120000 -0.99560000
vn -0.50000000 -0.86600000 0.00000000
vn -0.05470000 -0.20430000 -0.97740000
vn -0.05200000 -0.11160000 -0.99240000
vn 0.00000000 0.00000000 -1.00000000
vn 0.00000000 0.00000000 -1.00000000
vn -0.05470000 -0.20430000 -0.97740000
vn -0.02860000 -0.32730000 -0.94450000
vn 0.00000000 0.00000000 -1.00000000
vn 0.02860000 -0.32730000 -0.94450000
vn -0.02860000 -0.32730000 -0.94450000
vn 0.00000000 0.00000000 -1.00000000
vn 0.50000000 0.86600000 0.00000000
vn -0.50000000 0.86600000 0.00000000
vn -0.50000000 0.86600000 0.00000000
vn 0.00000000 0.00000000 -1.00000000
vn -1.00000000 0.00000000 0.00000000
vn -1.00000000 0.00000000 0.00000000
vn -0.50000000 -0.86600000 0.00000000
vn 0.00000000 0.00000000 -1.00000000
vn 0.50000000 -0.86600000 0.00000000
vn 0.00000000 0.00000000 -1.00000000
vn -0.50000000 -0.86600000 0.00000000
vn 0.02860000 0.32730000 -0.94450000
vn 0.05470000 0.20430000 -0.97740000
vn 0.00000000 0.00000000 -1.00000000
vn 0.00000000 0.00000000 -1.00000000
vn 0.05470000 0.20430000 -0.97740000
vn 0.05200000 0.11160000 -0.99240000
vn 0.05200000 0.11160000 -0.99240000
vn 0.04690000 0.08120000 -0.99560000
vn 0.07060000 0.10090000 -0.99240000
vn 0.00000000 0.00000000 -1.00000000
vn 0.29790000 0.13890000 -0.94450000
vn 0.20430000 0.05480000 -0.97740000
vn 0.26920000 0.18850000 -0.94450000
vn 0.50000000 0.86600000 0.00000000
vn 0.12260000 0.01070000 -0.99240000
vn 1.00000000 0.00000000 0.00000000
vn 0.09380000 0.00000000 -0.99560000
vn 0.04690000 0.08120000 -0.99560000
vn 0.07060000 0.10090000 -0.99240000
vn 0.14960000 0.14960000 -0.97740000
vn 0.00000000 0.00000000 -1.00000000
vn 0.14960000 0.14960000 -0.97740000
vn 0.07060000 0.10090000 -0.99240000
vn 0.26920000 0.18850000 -0.94450000
vn 0.00000000 0.00000000 -1.00000000
vn 0.14960000 0.14960000 -0.97740000
vn 0.00000000 0.00000000 -1.00000000
vn 0.26920000 0.18850000 -0.94450000
vn 0.29790000 0.13890000 -0.94450000
vn 0.29790000 0.13890000 -0.94450000
vn 0.00000000 0.00000000 -1.00000000
vn 0.20430000 0.05480000 -0.97740000
vn 0.00000000 0.00000000 -1.00000000
vn 0.20430000 0.05480000 -0.97740000
vn 0.12260000 0.01070000 -0.99240000
vn 0.12260000 -0.01070000 -0.99240000
vn 0.09380000 0.00000000 -0.99560000
vn 0.00000000 0.00000000 -1.00000000
vn 0.12260000 0.01070000 -0.99240000
vn 0.09380000 0.00000000 -0.99560000
vn 0.20440000 -0.05480000 -0.97740000
vn 0.12260000 -0.01070000 -0.99240000
vn 0.29780000 -0.13890000 -0.94450000
vn 0.26920000 -0.18850000 -0.94450000
vn 1.00000000 0.00000000 0.00000000
vn 0.04690000 -0.08120000 -0.99560000
vn 0.14960000 -0.14960000 -0.97740000
vn 0.50000000 -0.86600000 0.00000000
vn 0.07060000 -0.10080000 -0.99240000
vn 0.20440000 -0.05480000 -0.97740000
vn 0.12260000 -0.01070000 -0.99240000
vn 0.00000000 0.00000000 -1.00000000
vn 0.29780000 -0.13890000 -0.94450000
vn 0.20440000 -0.05480000 -0.97740000
vn 0.00000000 0.00000000 -1.00000000
vn 0.29780000 -0.13890000 -0.94450000
vn 0.26920000 -0.18850000 -0.94450000
vn 0.00000000 0.00000000 -1.00000000
vn 0.26920000 -0.18850000 -0.94450000
vn 0.00000000 0.00000000 -1.00000000
vn 0.14960000 -0.14960000 -0.97740000
vn 0.00000000 0.00000000 -1.00000000
vn 0.07060000 -0.10080000 -0.99240000
vn 0.14960000 -0.14960000 -0.97740000
vn 0.05200000 -0.11160000 -0.99240000
vn 0.00000000 0.00000000 -1.00000000
vn 0.04690000 -0.08120000 -0.99560000
vn 0.07060000 -0.10080000 -0.99240000
vn 0.05200000 -0.11160000 -0.99240000
vn 0.00000000 0.00000000 -1.00000000
vn 0.05470000 -0.20430000 -0.97740000
vn 0.05470000 -0.20430000 -0.97740000
vn 0.00000000 0.00000000 -1.00000000
vn 0.02860000 -0.32730000 -0.94450000
vn 0.00000000 0.00000000 -1.00000000
vn 1.00000000 0.00000000 0.00000000
vn 0.50000000 0.86600000 0.00000000
vn 0.00000000 0.00000000 -1.00000000
vn 1.00000000 0.00000000 0.00000000
vn 0.50000000 -0.86600000 0.00000000
vn 0.18340000 -0.68430000 -0.70580000
vn 0.00000000 0.00000000 -1.00000000
vn 0.06170000 -0.70580000 -0.70570000
vn 0.06170000 -0.70580000 -0.70570000
vn -0.06170000 -0.70600000 -0.70560000
vn 0.00000000 0.00000000 -1.00000000
vn 0.18340000 -0.68430000 -0.70580000
vn 0.00000000 0.00000000 -1.00000000
vn 0.29940000 -0.64210000 -0.70580000
vn 0.00000000 0.00000000 -1.00000000
vn 0.40640000 -0.58030000 -0.70570000
vn 0.29940000 -0.64210000 -0.70580000
vn 0.06170000 -0.70580000 -0.70570000
vn 0.18340000 -0.68430000 -0.70580000
vn 0.00000000 -1.00000000 0.00000000
vn -0.06170000 -0.70600000 -0.70560000
vn 0.00000000 -1.00000000 0.00000000
vn 0.06170000 -0.70580000 -0.70570000
vn 0.18340000 -0.68430000 -0.70580000
vn 0.00000000 -1.00000000 0.00000000
vn 0.29940000 -0.64210000 -0.70580000
vn 0.40640000 -0.58030000 -0.70570000
vn 0.86600000 -0.50000000 0.00000000
vn 0.29940000 -0.64210000 -0.70580000
vn 0.00000000 -1.00000000 0.00000000
vn 0.00000000 -1.00000000 0.00000000
vn 0.00000000 -1.00000000 0.00000000
vn 0.00000000 -1.00000000 0.00000000
vn 0.00000000 0.00000000 1.00000000
vn 0.00000000 -1.00000000 0.00000000
vn 0.00000000 0.00000000 1.00000000
vn 0.08710000 -0.99620000 0.00000000
vn -0.08710000 -0.99620000 0.00000000
vn 0.00000000 -1.00000000 0.00000000
vn 0.00000000 0.00000000 1.00000000
vn 0.00000000 -1.00000000 0.00000000
vn 0.86600000 -0.50000000 0.00000000
vn 0.00000000 0.00000000 1.00000000
vn 0.00000000 -1.00000000 0.00000000
vn 0.00000000 0.00000000 1.00000000
vn 0.25880000 -0.96590000 0.00000000
vn 0.08710000 -0.99620000 0.00000000
vn 0.00000000 0.00000000 1.00000000
vn 0.42260000 -0.90630000 0.00000000
vn 0.25880000 -0.96590000 0.00000000
vn 0.42260000 -0.90630000 0.00000000
vn 0.57340000 -0.81930000 0.00000000
vn 0.00000000 0.00000000 1.00000000
vn 0.00000000 0.00000000 -1.00000000
vn 0.08710000 -0.99620000 0.00000000
vn 0.25880000 -0.96590000 0.00000000
vn 0.08710000 -0.99620000 0.00000000
vn -0.08710000 -0.99620000 0.00000000
vn 0.00000000 0.00000000 -1.00000000
vn 0.42260000 -0.90630000 0.00000000
vn 0.00000000 0.00000000 -1.00000000
vn 0.25880000 -0.96590000 0.00000000
vn 0.42260000 -0.90630000 0.00000000
vn 0.00000000 0.00000000 -1.00000000
vn 0.57340000 -0.81930000 0.00000000
vn 0.00000000 0.00000000 -1.00000000
vn 0.06180000 -0.70570000 0.70580000
vn 0.18320000 -0.68420000 0.70590000
vn 0.00000000 0.00000000 -1.00000000
vn -0.06180000 -0.70570000 0.70580000
vn 0.06180000 -0.70570000 0.70580000
vn 0.00000000 0.00000000 -1.00000000
vn 0.18320000 -0.68420000 0.70590000
vn 0.29920000 -0.64190000 0.70600000
vn 0.40640000 -0.58020000 0.70590000
vn 0.00000000 0.00000000 -1.00000000
vn 0.29920000 -0.64190000 0.70600000
vn 0.18320000 -0.68420000 0.70590000
vn 0.25880000 -0.96590000 0.00000000
vn 0.08720000 -0.99620000 0.00000000
vn 0.06180000 -0.70570000 0.70580000
vn 0.08720000 -0.99620000 0.00000000
vn -0.08720000 -0.99620000 0.00000000
vn 0.06180000 -0.70570000 0.70580000
vn -0.06180000 -0.70570000 0.70580000
vn 0.42260000 -0.90630000 0.00000000
vn 0.29920000 -0.64190000 0.70600000
vn 0.18320000 -0.68420000 0.70590000
vn 0.25880000 -0.96590000 0.00000000
vn 0.57360000 -0.81920000 -0.00000000
vn 0.29920000 -0.64190000 0.70600000
vn 0.42260000 -0.90630000 0.00000000
vn 0.40640000 -0.58020000 0.70590000
vn 0.00000000 0.00000000 -1.00000000
vn -0.06170000 -0.70600000 -0.70560000
vn -0.18340000 -0.68430000 -0.70570000
vn -0.18340000 -0.68430000 -0.70570000
vn -0.29940000 -0.64210000 -0.70570000
vn 0.00000000 0.00000000 -1.00000000
vn 0.00000000 0.00000000 -1.00000000
vn -0.40640000 -0.58030000 -0.70570000
vn -0.29940000 -0.64210000 -0.70570000
vn -0.18340000 -0.68430000 -0.70570000
vn 0.00000000 -1.00000000 0.00000000
vn -0.06170000 -0.70600000 -0.70560000
vn -0.29940000 -0.64210000 -0.70570000
vn 0.00000000 -1.00000000 0.00000000
vn -0.18340000 -0.68430000 -0.70570000
vn 0.00000000 -1.00000000 0.00000000
vn -0.40640000 -0.58030000 -0.70570000
vn -0.29940000 -0.64210000 -0.70570000
vn -0.86600000 -0.50000000 0.00000000
vn 0.00000000 -1.00000000 0.00000000
vn 0.00000000 -1.00000000 0.00000000
vn 0.00000000 -1.00000000 0.00000000
vn 0.00000000 0.00000000 1.00000000
vn 0.00000000 -1.00000000 0.00000000
vn 0.00000000 0.00000000 1.00000000
vn -0.86600000 -0.50000000 0.00000000
vn 0.00000000 -1.00000000 0.00000000
vn 0.00000000 0.00000000 1.00000000
vn -0.08710000 -0.99620000 0.00000000
vn 0.00000000 0.00000000 1.00000000
vn -0.25880000 -0.96590000 0.00000000
vn -0.42260000 -0.90630000 0.00000000
vn -0.25880000 -0.96590000 0.00000000
vn 0.00000000 0.00000000 1.00000000
vn 0.00000000 0.00000000 1.00000000
vn -0.42260000 -0.90630000 0.00000000
vn -0.57340000 -0.81930000 0.00000000
vn -0.08710000 -0.99620000 0.00000000
vn 0.00000000 0.00000000 -1.00000000
vn -0.25880000 -0.96590000 0.00000000
vn -0.25880000 -0.96590000 0.00000000
vn -0.42260000 -0.90630000 0.00000000
vn 0.00000000 0.00000000 -1.00000000
vn 0.00000000 0.00000000 -1.00000000
vn -0.42260000 -0.90630000 0.00000000
vn -0.57340000 -0.81930000 0.00000000
vn 0.00000000 0.00000000 -1.00000000
vn -0.06180000 -0.70570000 0.70580000
vn -0.18320000 -0.68410000 0.70600000
vn 0.00000000 0.00000000 -1.00000000
vn -0.29920000 -0.64190000 0.70600000
vn -0.18320000 -0.68410000 0.70600000
vn 0.00000000 0.00000000 -1.00000000
vn -0.40630000 -0.58020000 0.70580000
vn -0.29920000 -0.64190000 0.70600000
vn -0.18320000 -0.68410000 0.70600000
vn -0.25880000 -0.96590000 0.00000000
vn -0.08720000 -0.99620000 0.00000000
vn -0.06180000 -0.70570000 0.70580000
vn -0.18320000 -0.68410000 0.70600000
vn -0.29920000 -0.64190000 0.70600000
vn -0.25880000 -0.96590000 0.00000000
vn -0.42260000 -0.90630000 0.00000000
vn -0.29920000 -0.64190000 0.70600000
vn -0.40630000 -0.58020000 0.70580000
vn -0.57360000 -0.81920000 -0.00000000
vn -0.42260000 -0.90630000 0.00000000
vn 0.00000000 0.00000000 -1.00000000
vn -0.58030000 -0.40630000 -0.70580000
vn -0.50100000 -0.50090000 -0.70580000
vn 0.00000000 0.00000000 -1.00000000
vn -0.58030000 -0.40630000 -0.70580000
vn -0.64210000 -0.29940000 -0.70580000
vn -0.50100000 -0.50090000 -0.70580000
vn -0.40640000 -0.58030000 -0.70570000
vn 0.00000000 0.00000000 -1.00000000
vn -0.58030000 -0.40630000 -0.70580000
vn -0.50100000 -0.50090000 -0.70580000
vn -0.86600000 -0.50000000 0.00000000
vn -0.64210000 -0.29940000 -0.70580000
vn -0.58030000 -0.40630000 -0.70580000
vn -0.86600000 -0.50000000 0.00000000
vn -0.50100000 -0.50090000 -0.70580000
vn -0.86600000 -0.50000000 0.00000000
vn -0.40640000 -0.58030000 -0.70570000
vn -0.86600000 -0.50000000 0.00000000
vn -0.86600000 -0.50000000 0.00000000
vn -0.86600000 -0.50000000 0.00000000
vn 0.00000000 0.00000000 1.00000000
vn -0.86600000 -0.50000000 0.00000000
vn -0.00030000 0.00000000 1.00000000
vn -0.86600000 -0.50000000 0.00000000
vn -0.81910000 -0.57360000 0.00000000
vn -0.90640000 -0.42250000 0.00000000
vn -0.86600000 -0.50000000 0.00000000
vn 0.00000000 0.00000000 1.00000000
vn -0.00030000 0.00000000 1.00000000
vn -0.70710000 -0.70710000 0.00000000
vn -0.81910000 -0.57360000 0.00000000
vn -0.70710000 -0.70710000 0.00000000
vn 0.00000000 0.00000000 1.00000000
vn -0.57340000 -0.81930000 0.00000000
vn -0.81910000 -0.57360000 0.00000000
vn -0.70710000 -0.70710000 0.00000000
vn 0.00000000 0.00000000 -1.00000000
vn 0.00000000 0.00000000 -1.00000000
vn -0.90640000 -0.42250000 0.00000000
vn -0.81910000 -0.57360000 0.00000000
vn -0.57340000 -0.81930000 0.00000000
vn 0.00000000 0.00000000 -1.00000000
vn -0.70710000 -0.70710000 0.00000000
vn -0.58030000 -0.40640000 0.70580000
vn 0.00000000 0.00000000 -1.00000000
vn -0.50090000 -0.50090000 0.70580000
vn 0.00000000 0.00000000 -1.00000000
vn -0.58030000 -0.40640000 0.70580000
vn -0.64190000 -0.29940000 0.70590000
vn 0.00000000 0.00000000 -1.00000000
vn -0.40630000 -0.58020000 0.70580000
vn -0.50090000 -0.50090000 0.70580000
vn -0.50090000 -0.50090000 0.70580000
vn -0.58030000 -0.40640000 0.70580000
vn -0.70710000 -0.70710000 0.00000000
vn -0.81910000 -0.57360000 0.00000000
vn -0.81910000 -0.57360000 0.00000000
vn -0.64190000 -0.29940000 0.70590000
vn -0.58030000 -0.40640000 0.70580000
vn -0.90630000 -0.42260000 0.00000000
vn -0.50090000 -0.50090000 0.70580000
vn -0.57360000 -0.81920000 -0.00000000
vn -0.70710000 -0.70710000 0.00000000
vn -0.40630000 -0.58020000 0.70580000
vn -0.68430000 -0.18340000 -0.70570000
vn 0.00000000 0.00000000 -1.00000000
vn -0.64210000 -0.29940000 -0.70580000
vn -0.70580000 -0.06170000 -0.70580000
vn -0.68430000 -0.18340000 -0.70570000
vn 0.00000000 0.00000000 -1.00000000
vn -0.70580000 0.06170000 -0.70570000
vn 0.00000000 0.00000000 -1.00000000
vn -0.70580000 -0.06170000 -0.70580000
vn -0.64210000 -0.29940000 -0.70580000
vn -0.68430000 -0.18340000 -0.70570000
vn -0.86600000 -0.50000000 0.00000000
vn -0.86600000 -0.50000000 0.00000000
vn -0.70580000 -0.06170000 -0.70580000
vn -0.68430000 -0.18340000 -0.70570000
vn -0.70580000 -0.06170000 -0.70580000
vn -0.86600000 -0.50000000 0.00000000
vn -0.70580000 0.06170000 -0.70570000
vn -0.86600000 0.50000000 0.00000000
vn -0.86600000 -0.50000000 0.00000000
vn -0.86600000 -0.50000000 0.00000000
vn -0.86600000 -0.50000000 0.00000000
vn 0.00010000 0.00000000 1.00000000
vn 0.00000000 0.00000000 1.00000000
vn -0.86600000 -0.50000000 0.00000000
vn 0.00000000 0.00000000 1.00000000
vn -0.86600000 0.50000000 0.00000000
vn -0.86600000 -0.50000000 0.00000000
vn 0.00000000 0.00000000 1.00000000
vn -0.90640000 -0.42250000 0.00000000
vn -0.96590000 -0.25880000 0.00000000
vn 0.00000000 0.00000000 1.00000000
vn -0.99620000 -0.08710000 0.00000000
vn -0.96590000 -0.25880000 0.00000000
vn -0.99620000 0.08710000 0.00000000
vn 0.00000000 0.00000000 1.00000000
vn -0.99620000 -0.08710000 0.00000000
vn -0.96590000 -0.25880000 0.00000000
vn 0.00000000 0.00000000 -1.00000000
vn -0.90640000 -0.42250000 0.00000000
vn -0.96590000 -0.25880000 0.00000000
vn 0.00000000 0.00000000 -1.00000000
vn -0.99620000 -0.08710000 0.00000000
vn 0.00000000 0.00000000 -1.00000000
vn -0.99620000 0.08710000 0.00000000
vn -0.99620000 -0.08710000 0.00000000
vn 0.00000000 0.00000000 -1.00000000
vn -0.68430000 -0.18330000 0.70580000
vn -0.64190000 -0.29940000 0.70590000
vn -0.68430000 -0.18330000 0.70580000
vn 0.00000000 0.00000000 -1.00000000
vn -0.70590000 -0.06170000 0.70560000
vn -0.70580000 0.06170000 0.70570000
vn -0.70590000 -0.06170000 0.70560000
vn 0.00000000 0.00000000 -1.00000000
vn -0.90630000 -0.42260000 0.00000000
vn -0.96590000 -0.25880000 0.00000000
vn -0.68430000 -0.18330000 0.70580000
vn -0.64190000 -0.29940000 0.70590000
vn -0.68430000 -0.18330000 0.70580000
vn -0.70590000 -0.06170000 0.70560000
vn -0.99620000 -0.08720000 0.00000000
vn -0.96590000 -0.25880000 0.00000000
vn -0.70580000 0.06170000 0.70570000
vn -0.70590000 -0.06170000 0.70560000
vn -0.99620000 -0.08720000 0.00000000
vn -0.99620000 0.08720000 0.00000000
vn -0.68430000 0.18340000 -0.70570000
vn -0.64200000 0.29940000 -0.70590000
vn 0.00000000 0.00000000 -1.00000000
vn -0.58030000 0.40640000 -0.70570000
vn -0.64200000 0.29940000 -0.70590000
vn 0.00000000 0.00000000 -1.00000000
vn -0.70580000 0.06170000 -0.70570000
vn 0.00000000 0.00000000 -1.00000000
vn -0.68430000 0.18340000 -0.70570000
vn -0.68430000 0.18340000 -0.70570000
vn -0.86600000 0.50000000 0.00000000
vn -0.64200000 0.29940000 -0.70590000
vn -0.58030000 0.40640000 -0.70570000
vn -0.86600000 0.50000000 0.00000000
vn -0.64200000 0.29940000 -0.70590000
vn -0.70580000 0.06170000 -0.70570000
vn -0.86600000 0.50000000 0.00000000
vn -0.68430000 0.18340000 -0.70570000
vn -0.86600000 0.50000000 0.00000000
vn -0.86600000 0.50000000 0.00000000
vn -0.86600000 0.50000000 0.00000000
vn 0.00000000 0.00000000 1.00000000
vn -0.86600000 0.50000000 0.00000000
vn -0.86600000 0.50000000 0.00000000
vn -0.90640000 0.42250000 0.00000000
vn -0.00020000 0.00000000 1.00000000
vn -0.81910000 0.57360000 0.00000000
vn -0.86600000 0.50000000 0.00000000
vn 0.00000000 0.00000000 1.00000000
vn 0.00000000 0.00000000 1.00000000
vn -0.90640000 0.42250000 0.00000000
vn -0.96590000 0.25880000 0.00000000
vn 0.00000000 0.00000000 1.00000000
vn -0.99620000 0.08710000 0.00000000
vn -0.96590000 0.25880000 0.00000000
vn -0.96590000 0.25880000 0.00000000
vn 0.00000000 0.00000000 -1.00000000
vn -0.90640000 0.42250000 0.00000000
vn -0.81910000 0.57360000 0.00000000
vn 0.00000000 0.00000000 -1.00000000
vn -0.90640000 0.42250000 0.00000000
vn -0.99620000 0.08710000 0.00000000
vn -0.96590000 0.25880000 0.00000000
vn 0.00000000 0.00000000 -1.00000000
vn -0.64210000 0.29940000 0.70580000
vn -0.68410000 0.18330000 0.70590000
vn 0.00000000 0.00000000 -1.00000000
vn -0.64210000 0.29940000 0.70580000
vn -0.58040000 0.40630000 0.70570000
vn 0.00000000 0.00000000 -1.00000000
vn -0.68410000 0.18330000 0.70590000
vn 0.00000000 0.00000000 -1.00000000
vn -0.70580000 0.06170000 0.70570000
vn -0.64210000 0.29940000 0.70580000
vn -0.96590000 0.25880000 0.00000000
vn -0.68410000 0.18330000 0.70590000
vn -0.90630000 0.42260000 0.00000000
vn -0.58040000 0.40630000 0.70570000
vn -0.90630000 0.42260000 0.00000000
vn -0.81910000 0.57360000 0.00000000
vn -0.64210000 0.29940000 0.70580000
vn -0.96590000 0.25880000 0.00000000
vn -0.68410000 0.18330000 0.70590000
vn -0.99620000 0.08720000 0.00000000
vn -0.70580000 0.06170000 0.70570000
vn -0.50100000 0.50090000 -0.70580000
vn 0.00000000 0.00000000 -1.00000000
vn -0.58030000 0.40640000 -0.70570000
vn 0.00000000 0.00000000 -1.00000000
vn -0.50100000 0.50090000 -0.70580000
vn -0.40640000 0.58030000 -0.70570000
vn -0.29940000 0.64210000 -0.70570000
vn 0.00000000 0.00000000 -1.00000000
vn -0.40640000 0.58030000 -0.70570000
vn -0.58030000 0.40640000 -0.70570000
vn -0.50100000 0.50090000 -0.70580000
vn -0.86600000 0.50000000 0.00000000
vn -0.40640000 0.58030000 -0.70570000
vn -0.50100000 0.50090000 -0.70580000
vn -0.86600000 0.50000000 0.00000000
vn 0.00000000 1.00000000 0.00000000
vn -0.29940000 0.64210000 -0.70570000
vn -0.86600000 0.50000000 0.00000000
vn -0.40640000 0.58030000 -0.70570000
vn -0.86600000 0.50000000 0.00000000
vn -0.86600000 0.50000000 0.00000000
vn 0.00010000 0.00000000 1.00000000
vn -0.86600000 0.50000000 0.00000000
vn 0.00000000 0.00000000 1.00000000
vn -0.86600000 0.50000000 0.00000000
vn 0.00000000 1.00000000 0.00000000
vn -0.86600000 0.50000000 0.00000000
vn 0.00000000 0.00000000 1.00000000
vn -0.00020000 0.00000000 1.00000000
vn -0.81910000 0.57360000 0.00000000
vn -0.70710000 0.70710000 0.00000000
vn 0.00000000 0.00000000 1.00000000
vn -0.57340000 0.81930000 0.00000000
vn -0.70710000 0.70710000 0.00000000
vn -0.57340000 0.81930000 0.00000000
vn 0.00000000 0.00000000 1.00000000
vn -0.42260000 0.90630000 0.00000000
vn 0.00000000 0.00000000 -1.00000000
vn -0.70710000 0.70710000 0.00000000
vn -0.81910000 0.57360000 0.00000000
vn 0.00000000 0.00000000 -1.00000000
vn -0.57340000 0.81930000 0.00000000
vn -0.70710000 0.70710000 0.00000000
vn 0.00000000 0.00000000 -1.00000000
vn -0.42260000 0.90630000 0.00000000
vn -0.57340000 0.81930000 0.00000000
vn 0.00000000 0.00000000 -1.00000000
vn -0.50090000 0.50080000 0.70590000
vn -0.58040000 0.40630000 0.70570000
vn -0.50090000 0.50080000 0.70590000
vn -0.40640000 0.58020000 0.70590000
vn 0.00000000 0.00000000 -1.00000000
vn -0.29920000 0.64190000 0.70600000
vn -0.40640000 0.58020000 0.70590000
vn 0.00000000 0.00000000 -1.00000000
vn -0.58040000 0.40630000 0.70570000
vn -0.70710000 0.70710000 0.00000000
vn -0.81910000 0.57360000 0.00000000
vn -0.50090000 0.50080000 0.70590000
vn -0.57360000 0.81920000 0.00000000
vn -0.40640000 0.58020000 0.70590000
vn -0.70710000 0.70710000 0.00000000
vn -0.50090000 0.50080000 0.70590000
vn -0.29920000 0.64190000 0.70600000
vn -0.57360000 0.81920000 0.00000000
vn -0.42260000 0.90630000 0.00000000
vn -0.40640000 0.58020000 0.70590000
vn 0.00000000 0.00000000 -1.00000000
vn -0.18340000 0.68430000 -0.70580000
vn -0.06170000 0.70600000 -0.70560000
vn 0.00000000 0.00000000 -1.00000000
vn 0.06180000 0.70600000 -0.70550000
vn -0.06170000 0.70600000 -0.70560000
vn -0.29940000 0.64210000 -0.70570000
vn -0.18340000 0.68430000 -0.70580000
vn 0.00000000 0.00000000 -1.00000000
vn -0.18340000 0.68430000 -0.70580000
vn -0.06170000 0.70600000 -0.70560000
vn 0.00000000 1.00000000 0.00000000
vn 0.06180000 0.70600000 -0.70550000
vn 0.00000000 1.00000000 0.00000000
vn -0.06170000 0.70600000 -0.70560000
vn -0.18340000 0.68430000 -0.70580000
vn 0.00000000 1.00000000 0.00000000
vn -0.29940000 0.64210000 -0.70570000
vn 0.00000000 1.00000000 0.00000000
vn 0.00000000 1.00000000 0.00000000
vn 0.00000000 1.00000000 0.00000000
vn 0.00000000 0.00000000 1.00000000
vn 0.00000000 1.00000000 0.00000000
vn 0.00000000 0.00000000 1.00000000
vn 0.00000000 1.00000000 0.00000000
vn -0.08710000 0.99620000 0.00000000
vn 0.08710000 0.99620000 0.00000000
vn 0.00000000 0.00000000 1.00000000
vn 0.00000000 1.00000000 0.00000000
vn 0.00000000 0.00000000 1.00000000
vn -0.08710000 0.99620000 0.00000000
vn -0.25880000 0.96590000 0.00000000
vn 0.00000000 0.00000000 1.00000000
vn -0.25880000 0.96590000 0.00000000
vn -0.42260000 0.90630000 0.00000000
vn -0.08710000 0.99620000 0.00000000
vn -0.25880000 0.96590000 0.00000000
vn 0.00000000 0.00000000 -1.00000000
vn 0.00000000 0.00000000 -1.00000000
vn 0.08710000 0.99620000 0.00000000
vn -0.08710000 0.99620000 0.00000000
vn 0.00000000 0.00000000 -1.00000000
vn -0.42260000 0.90630000 0.00000000
vn -0.25880000 0.96590000 0.00000000
vn 0.00000000 0.00000000 -1.00000000
vn -0.06170000 0.70550000 0.70600000
vn -0.18320000 0.68420000 0.70590000
vn 0.00000000 0.00000000 -1.00000000
vn -0.06170000 0.70550000 0.70600000
vn 0.06180000 0.70570000 0.70580000
vn -0.29920000 0.64190000 0.70600000
vn 0.00000000 0.00000000 -1.00000000
vn -0.18320000 0.68420000 0.70590000
vn -0.06170000 0.70550000 0.70600000
vn -0.08720000 0.99620000 -0.00000000
vn -0.18320000 0.68420000 0.70590000
vn -0.25880000 0.96590000 0.00000000
vn -0.06170000 0.70550000 0.70600000
vn 0.08720000 0.99620000 0.00000000
vn -0.08720000 0.99620000 -0.00000000
vn 0.06180000 0.70570000 0.70580000
vn -0.29920000 0.64190000 0.70600000
vn -0.18320000 0.68420000 0.70590000
vn -0.25880000 0.96590000 0.00000000
vn -0.42260000 0.90630000 0.00000000
vn 0.00000000 0.00000000 -1.00000000
vn 0.06180000 0.70600000 -0.70550000
vn 0.18340000 0.68430000 -0.70570000
vn 0.29940000 0.64210000 -0.70570000
vn 0.00000000 0.00000000 -1.00000000
vn 0.18340000 0.68430000 -0.70570000
vn 0.00000000 0.00000000 -1.00000000
vn 0.40640000 0.58030000 -0.70570000
vn 0.29940000 0.64210000 -0.70570000
vn 0.06180000 0.70600000 -0.70550000
vn 0.00000000 1.00000000 0.00000000
vn 0.18340000 0.68430000 -0.70570000
vn 0.29940000 0.64210000 -0.70570000
vn 0.00000000 1.00000000 0.00000000
vn 0.18340000 0.68430000 -0.70570000
vn 0.29940000 0.64210000 -0.70570000
vn 0.00000000 1.00000000 0.00000000
vn 0.40640000 0.58030000 -0.70570000
vn 0.86600000 0.50000000 0.00000000
vn 0.00000000 1.00000000 0.00000000
vn 0.00000000 1.00000000 0.00000000
vn 0.00000000 0.00000000 1.00000000
vn 0.00000000 1.00000000 0.00000000
vn 0.00000000 0.00000000 1.00000000
vn 0.00000000 1.00000000 0.00000000
vn 0.86600000 0.50000000 0.00000000
vn 0.00000000 0.00000000 1.00000000
vn 0.00000000 1.00000000 0.00000000
vn 0.08710000 0.99620000 0.00000000
vn 0.00000000 0.00000000 1.00000000
vn 0.25880000 0.96590000 0.00000000
vn 0.42260000 0.90630000 0.00000000
vn 0.00000000 0.00000000 1.00000000
vn 0.25880000 0.96590000 0.00000000
vn 0.42260000 0.90630000 0.00000000
vn 0.00000000 0.00000000 1.00000000
vn 0.57340000 0.81930000 0.00000000
vn 0.08710000 0.99620000 0.00000000
vn 0.00000000 0.00000000 -1.00000000
vn 0.25880000 0.96590000 0.00000000
vn 0.25880000 0.96590000 0.00000000
vn 0.00000000 0.00000000 -1.00000000
vn 0.42260000 0.90630000 0.00000000
vn 0.42260000 0.90630000 0.00000000
vn 0.00000000 0.00000000 -1.00000000
vn 0.57340000 0.81930000 0.00000000
vn 0.00000000 0.00000000 -1.00000000
vn 0.06180000 0.70570000 0.70580000
vn 0.18320000 0.68410000 0.70600000
vn 0.18320000 0.68410000 0.70600000
vn 0.29920000 0.64190000 0.70600000
vn 0.00000000 0.00000000 -1.00000000
vn 0.40640000 0.58030000 0.70580000
vn 0.29920000 0.64190000 0.70600000
vn 0.00000000 0.00000000 -1.00000000
vn 0.25880000 0.96590000 0.00000000
vn 0.06180000 0.70570000 0.70580000
vn 0.18320000 0.68410000 0.70600000
vn 0.08720000 0.99620000 0.00000000
vn 0.42260000 0.90630000 0.00000000
vn 0.18320000 0.68410000 0.70600000
vn 0.29920000 0.64190000 0.70600000
vn 0.25880000 0.96590000 0.00000000
vn 0.57360000 0.81920000 -0.00000000
vn 0.40640000 0.58030000 0.70580000
vn 0.29920000 0.64190000 0.70600000
vn 0.42260000 0.90630000 0.00000000
vn 0.58040000 0.40630000 -0.70570000
vn 0.00000000 0.00000000 -1.00000000
vn 0.50100000 0.50090000 -0.70580000
vn 0.00000000 0.00000000 -1.00000000
vn 0.64200000 0.29930000 -0.70580000
vn 0.58040000 0.40630000 -0.70570000
vn 0.40640000 0.58030000 -0.70570000
vn 0.50100000 0.50090000 -0.70580000
vn 0.00000000 0.00000000 -1.00000000
vn 0.50100000 0.50090000 -0.70580000
vn 0.58040000 0.40630000 -0.70570000
vn 0.86600000 0.50000000 0.00000000
vn 0.64200000 0.29930000 -0.70580000
vn 0.58040000 0.40630000 -0.70570000
vn 0.86600000 0.50000000 0.00000000
vn 0.40640000 0.58030000 -0.70570000
vn 0.50100000 0.50090000 -0.70580000
vn 0.86600000 0.50000000 0.00000000
vn 0.86600000 0.50000000 0.00000000
vn 0.86600000 0.50000000 0.00000000
vn 0.86600000 0.50000000 0.00000000
vn 0.00000000 0.00000000 1.00000000
vn 0.86600000 0.50000000 0.00000000
vn 0.86600000 0.50000000 0.00000000
vn 0.00030000 0.00000000 1.00000000
vn 0.81910000 0.57360000 0.00000000
vn 0.90640000 0.42250000 0.00000000
vn 0.00000000 0.00000000 1.00000000
vn 0.86600000 0.50000000 0.00000000
vn 0.70710000 0.70710000 0.00000000
vn 0.00000000 0.00000000 1.00000000
vn 0.81910000 0.57360000 0.00000000
vn 0.57340000 0.81930000 0.00000000
vn 0.70710000 0.70710000 0.00000000
vn 0.00000000 0.00000000 1.00000000
vn 0.00000000 0.00000000 -1.00000000
vn 0.81910000 0.57360000 0.00000000
vn 0.70710000 0.70710000 0.00000000
vn 0.00000000 0.00000000 -1.00000000
vn 0.90640000 0.42250000 0.00000000
vn 0.81910000 0.57360000 0.00000000
vn 0.00000000 0.00000000 -1.00000000
vn 0.70710000 0.70710000 0.00000000
vn 0.57340000 0.81930000 0.00000000
vn 0.00000000 0.00000000 -1.00000000
vn 0.50090000 0.50090000 0.70590000
vn 0.58020000 0.40630000 0.70590000
vn 0.64200000 0.29940000 0.70580000
vn 0.58020000 0.40630000 0.70590000
vn 0.00000000 0.00000000 -1.00000000
vn 0.40640000 0.58030000 0.70580000
vn 0.50090000 0.50090000 0.70590000
vn 0.00000000 0.00000000 -1.00000000
vn 0.58020000 0.40630000 0.70590000
vn 0.70710000 0.70710000 0.00000000
vn 0.50090000 0.50090000 0.70590000
vn 0.81910000 0.57360000 0.00000000
vn 0.90630000 0.42260000 -0.00000000
vn 0.64200000 0.29940000 0.70580000
vn 0.58020000 0.40630000 0.70590000
vn 0.81910000 0.57360000 0.00000000
vn 0.40640000 0.58030000 0.70580000
vn 0.50090000 0.50090000 0.70590000
vn 0.57360000 0.81920000 -0.00000000
vn 0.70710000 0.70710000 0.00000000
vn 0.64200000 0.29930000 -0.70580000
vn 0.00000000 0.00000000 -1.00000000
vn 0.68430000 0.18340000 -0.70570000
vn 0.00000000 0.00000000 -1.00000000
vn 0.68430000 0.18340000 -0.70570000
vn 0.70580000 0.06170000 -0.70580000
vn 0.00000000 0.00000000 -1.00000000
vn 0.70580000 -0.06170000 -0.70570000
vn 0.70580000 0.06170000 -0.70580000
vn 0.64200000 0.29930000 -0.70580000
vn 0.86600000 0.50000000 0.00000000
vn 0.68430000 0.18340000 -0.70570000
vn 0.68430000 0.18340000 -0.70570000
vn 0.70580000 0.06170000 -0.70580000
vn 0.86600000 0.50000000 0.00000000
vn 0.86600000 0.50000000 0.00000000
vn 0.86600000 -0.50000000 0.00000000
vn 0.70580000 -0.06170000 -0.70570000
vn 0.70580000 0.06170000 -0.70580000
vn 0.86600000 0.50000000 0.00000000
vn 0.86600000 0.50000000 0.00000000
vn 0.00000000 0.00000000 1.00000000
vn 0.86600000 0.50000000 0.00000000
vn 0.00000000 0.00000000 1.00000000
vn 0.86600000 0.50000000 0.00000000
vn 0.00000000 0.00000000 1.00000000
vn 0.86600000 0.50000000 0.00000000
vn 0.86600000 -0.50000000 0.00000000
vn 0.90640000 0.42250000 0.00000000
vn -0.00010000 0.00000000 1.00000000
vn 0.96590000 0.25880000 0.00000000
vn 0.00000000 0.00000000 1.00000000
vn 0.99620000 0.08710000 0.00000000
vn 0.96590000 0.25880000 0.00000000
vn 0.00000000 0.00000000 1.00000000
vn 0.99620000 -0.08710000 0.00000000
vn 0.99620000 0.08710000 0.00000000
vn 0.96590000 0.25880000 0.00000000
vn 0.90640000 0.42250000 0.00000000
vn 0.00000000 0.00000000 -1.00000000
vn 0.96590000 0.25880000 0.00000000
vn 0.99620000 0.08710000 0.00000000
vn 0.00000000 0.00000000 -1.00000000
vn 0.99620000 -0.08710000 0.00000000
vn 0.00000000 0.00000000 -1.00000000
vn 0.99620000 0.08710000 0.00000000
vn 0.64200000 0.29940000 0.70580000
vn 0.00000000 0.00000000 -1.00000000
vn 0.68420000 0.18330000 0.70590000
vn 0.00000000 0.00000000 -1.00000000
vn 0.68420000 0.18330000 0.70590000
vn 0.70590000 0.06170000 0.70560000
vn 0.70580000 -0.06170000 0.70570000
vn 0.70590000 0.06170000 0.70560000
vn 0.00000000 0.00000000 -1.00000000
vn 0.96590000 0.25880000 0.00000000
vn 0.68420000 0.18330000 0.70590000
vn 0.90630000 0.42260000 -0.00000000
vn 0.64200000 0.29940000 0.70580000
vn 0.99620000 0.08720000 0.00000000
vn 0.96590000 0.25880000 0.00000000
vn 0.70590000 0.06170000 0.70560000
vn 0.68420000 0.18330000 0.70590000
vn 0.99620000 -0.08720000 -0.00000000
vn 0.99620000 0.08720000 0.00000000
vn 0.70590000 0.06170000 0.70560000
vn 0.70580000 -0.06170000 0.70570000
vn 0.00000000 0.00000000 -1.00000000
vn 0.64210000 -0.29940000 -0.70580000
vn 0.68430000 -0.18340000 -0.70580000
vn 0.00000000 0.00000000 -1.00000000
vn 0.58040000 -0.40640000 -0.70570000
vn 0.64210000 -0.29940000 -0.70580000
vn 0.00000000 0.00000000 -1.00000000
vn 0.70580000 -0.06170000 -0.70570000
vn 0.68430000 -0.18340000 -0.70580000
vn 0.68430000 -0.18340000 -0.70580000
vn 0.64210000 -0.29940000 -0.70580000
vn 0.86600000 -0.50000000 0.00000000
vn 0.64210000 -0.29940000 -0.70580000
vn 0.86600000 -0.50000000 0.00000000
vn 0.58040000 -0.40640000 -0.70570000
vn 0.68430000 -0.18340000 -0.70580000
vn 0.70580000 -0.06170000 -0.70570000
vn 0.86600000 -0.50000000 0.00000000
vn 0.86600000 -0.50000000 0.00000000
vn 0.86600000 -0.50000000 0.00000000
vn 0.86600000 -0.50000000 0.00000000
vn 0.86600000 -0.50000000 0.00000000
vn 0.00000000 0.00000000 1.00000000
vn 0.00020000 0.00000000 1.00000000
vn 0.90640000 -0.42250000 0.00000000
vn 0.86600000 -0.50000000 0.00000000
vn 0.81910000 -0.57360000 0.00000000
vn 0.86600000 -0.50000000 0.00000000
vn 0.00000000 0.00000000 1.00000000
vn 0.96590000 -0.25880000 0.00000000
vn 0.90640000 -0.42250000 0.00000000
vn 0.00000000 0.00000000 1.00000000
vn 0.96590000 -0.25880000 0.00000000
vn 0.99620000 -0.08710000 0.00000000
vn 0.00000000 0.00000000 1.00000000
vn 0.96590000 -0.25880000 0.00000000
vn 0.90640000 -0.42250000 0.00000000
vn 0.00000000 0.00000000 -1.00000000
vn 0.90640000 -0.42250000 0.00000000
vn 0.00000000 0.00000000 -1.00000000
vn 0.81910000 -0.57360000 0.00000000
vn 0.00000000 0.00000000 -1.00000000
vn 0.99620000 -0.08710000 0.00000000
vn 0.96590000 -0.25880000 0.00000000
vn 0.64200000 -0.29940000 0.70580000
vn 0.00000000 0.00000000 -1.00000000
vn 0.68410000 -0.18330000 0.70600000
vn 0.64200000 -0.29940000 0.70580000
vn 0.58040000 -0.40630000 0.70570000
vn 0.00000000 0.00000000 -1.00000000
vn 0.68410000 -0.18330000 0.70600000
vn 0.70580000 -0.06170000 0.70570000
vn 0.00000000 0.00000000 -1.00000000
vn 0.68410000 -0.18330000 0.70600000
vn 0.64200000 -0.29940000 0.70580000
vn 0.96590000 -0.25880000 0.00000000
vn 0.90630000 -0.42260000 0.00000000
vn 0.90630000 -0.42260000 0.00000000
vn 0.64200000 -0.29940000 0.70580000
vn 0.58040000 -0.40630000 0.70570000
vn 0.81910000 -0.57360000 0.00000000
vn 0.68410000 -0.18330000 0.70600000
vn 0.96590000 -0.25880000 0.00000000
vn 0.99620000 -0.08720000 -0.00000000
vn 0.70580000 -0.06170000 0.70570000
vn 0.58040000 -0.40640000 -0.70570000
vn 0.00000000 0.00000000 -1.00000000
vn 0.50090000 -0.50090000 -0.70580000
vn 0.00000000 0.00000000 -1.00000000
vn 0.50090000 -0.50090000 -0.70580000
vn 0.40640000 -0.58030000 -0.70570000
vn 0.58040000 -0.40640000 -0.70570000
vn 0.86600000 -0.50000000 0.00000000
vn 0.50090000 -0.50090000 -0.70580000
vn 0.86600000 -0.50000000 0.00000000
vn 0.50090000 -0.50090000 -0.70580000
vn 0.40640000 -0.58030000 -0.70570000
vn 0.86600000 -0.50000000 0.00000000
vn 0.86600000 -0.50000000 0.00000000
vn 0.86600000 -0.50000000 0.00000000
vn 0.00020000 0.00000000 1.00000000
vn 0.00000000 0.00000000 1.00000000
vn 0.86600000 -0.50000000 0.00000000
vn 0.00020000 0.00000000 1.00000000
vn 0.81910000 -0.57360000 0.00000000
vn 0.70710000 -0.70710000 0.00000000
vn 0.00000000 0.00000000 1.00000000
vn 0.57340000 -0.81930000 0.00000000
vn 0.70710000 -0.70710000 0.00000000
vn 0.70710000 -0.70710000 0.00000000
vn 0.81910000 -0.57360000 0.00000000
vn 0.00000000 0.00000000 -1.00000000
vn 0.70710000 -0.70710000 0.00000000
vn 0.00000000 0.00000000 -1.00000000
vn 0.57340000 -0.81930000 0.00000000
vn 0.00000000 0.00000000 -1.00000000
vn 0.58040000 -0.40630000 0.70570000
vn 0.50110000 -0.50100000 0.70560000
vn 0.00000000 0.00000000 -1.00000000
vn 0.40640000 -0.58020000 0.70590000
vn 0.50110000 -0.50100000 0.70560000
vn 0.81910000 -0.57360000 0.00000000
vn 0.50110000 -0.50100000 0.70560000
vn 0.58040000 -0.40630000 0.70570000
vn 0.70710000 -0.70710000 0.00000000
vn 0.70710000 -0.70710000 0.00000000
vn 0.40640000 -0.58020000 0.70590000
vn 0.57360000 -0.81920000 -0.00000000
vn 0.50110000 -0.50100000 0.70560000
vn 0.00000000 0.00000000 1.00000000
vn 0.08720000 -0.99620000 0.00000000
vn 0.25880000 -0.96590000 0.00000000
vn 0.00000000 0.00000000 1.00000000
vn -0.08720000 -0.99620000 0.00000000
vn 0.08720000 -0.99620000 0.00000000
vn 0.00000000 0.00000000 1.00000000
vn 0.42260000 -0.90630000 0.00000000
vn 0.25880000 -0.96590000 0.00000000
vn 0.57360000 -0.81920000 -0.00000000
vn 0.42260000 -0.90630000 0.00000000
vn 0.00000000 0.00000000 1.00000000
vn 0.70710000 -0.70710000 0.00000000
vn 0.57360000 -0.81920000 -0.00000000
vn 0.00000000 0.00000000 1.00000000
vn 0.00000000 0.00000000 1.00000000
vn 0.70710000 -0.70710000 0.00000000
vn 0.81910000 -0.57360000 0.00000000
vn 0.00000000 0.00000000 1.00000000
vn 0.90630000 -0.42260000 0.00000000
vn 0.81910000 -0.57360000 0.00000000
vn 0.00000000 0.00000000 1.00000000
vn 0.96590000 -0.25880000 0.00000000
vn 0.90630000 -0.42260000 0.00000000
vn 0.00000000 0.00000000 1.00000000
vn 0.99620000 -0.08720000 -0.00000000
vn 0.96590000 -0.25880000 0.00000000
vn 0.00000000 0.00000000 1.00000000
vn 0.99620000 0.08720000 0.00000000
vn 0.99620000 -0.08720000 -0.00000000
vn 0.96590000 0.25880000 0.00000000
vn 0.99620000 0.08720000 0.00000000
vn 0.00000000 0.00000000 1.00000000
vn 0.90630000 0.42260000 -0.00000000
vn 0.00000000 0.00000000 1.00000000
vn 0.96590000 0.25880000 0.00000000
vn 0.90630000 0.42260000 -0.00000000
vn 0.81910000 0.57360000 0.00000000
vn 0.00000000 0.00000000 1.00000000
vn 0.00000000 0.00000000 1.00000000
vn 0.70710000 0.70710000 0.00000000
vn 0.81910000 0.57360000 0.00000000
vn 0.57360000 0.81920000 -0.00000000
vn 0.00000000 0.00000000 1.00000000
vn 0.70710000 0.70710000 0.00000000
vn 0.57360000 0.81920000 -0.00000000
vn 0.00000000 0.00000000 1.00000000
vn 0.42260000 0.90630000 0.00000000
vn 0.00000000 0.00000000 1.00000000
vn 0.42260000 0.90630000 0.00000000
vn 0.25880000 0.96590000 0.00000000
vn 0.00000000 0.00000000 1.00000000
vn 0.25880000 0.96590000 0.00000000
vn 0.08720000 0.99620000 0.00000000
vn -0.08720000 0.99620000 -0.00000000
vn 0.08720000 0.99620000 0.00000000
vn 0.00000000 0.00000000 1.00000000
vn 0.00000000 0.00000000 1.00000000
vn -0.25880000 0.96590000 0.00000000
vn -0.08720000 0.99620000 -0.00000000
vn -0.42260000 0.90630000 0.00000000
vn -0.25880000 0.96590000 0.00000000
vn 0.00000000 0.00000000 1.00000000
vn 0.00000000 0.00000000 1.00000000
vn -0.57360000 0.81920000 0.00000000
vn -0.42260000 0.90630000 0.00000000
vn -0.57360000 0.81920000 0.00000000
vn -0.70710000 0.70710000 0.00000000
vn 0.00000000 0.00000000 1.00000000
vn -0.81910000 0.57360000 0.00000000
vn -0.70710000 0.70710000 0.00000000
vn 0.00000000 0.00000000 1.00000000
vn 0.00000000 0.00000000 1.00000000
vn -0.81910000 0.57360000 0.00000000
vn -0.90630000 0.42260000 0.00000000
vn 0.00000000 0.00000000 1.00000000
vn -0.90630000 0.42260000 0.00000000
vn -0.96590000 0.25880000 0.00000000
vn -0.99620000 0.08720000 0.00000000
vn -0.96590000 0.25880000 0.00000000
vn 0.00000000 0.00000000 1.00000000
vn -0.99620000 -0.08720000 0.00000000
vn 0.00000000 0.00000000 1.00000000
vn -0.99620000 0.08720000 0.00000000
vn -0.96590000 -0.25880000 0.00000000
vn 0.00000000 0.00000000 1.00000000
vn -0.99620000 -0.08720000 0.00000000
vn -0.90630000 -0.42260000 0.00000000
vn -0.96590000 -0.25880000 0.00000000
vn 0.00000000 0.00000000 1.00000000
vn -0.81910000 -0.57360000 0.00000000
vn 0.00000000 0.00000000 1.00000000
vn -0.90630000 -0.42260000 0.00000000
vn -0.70710000 -0.70710000 0.00000000
vn -0.81910000 -0.57360000 0.00000000
vn 0.00000000 0.00000000 1.00000000
vn -0.70710000 -0.70710000 0.00000000
vn 0.00000000 0.00000000 1.00000000
vn -0.57360000 -0.81920000 -0.00000000
vn -0.57360000 -0.81920000 -0.00000000
vn 0.00000000 0.00000000 1.00000000
vn -0.42260000 -0.90630000 0.00000000
vn 0.00000000 0.00000000 1.00000000
vn -0.42260000 -0.90630000 0.00000000
vn -0.25880000 -0.96590000 0.00000000
vn 0.00000000 0.00000000 1.00000000
vn -0.08720000 -0.99620000 0.00000000
vn -0.25880000 -0.96590000 0.00000000
vn 0.00000000 0.00000000 1.00000000
vn 0.00000000 1.00000000 0.00000000
vn 0.00000000 0.00000000 1.00000000
vn 0.00000000 0.00000000 1.00000000
vn 0.00000000 1.00000000 0.00000000
vn 0.00000000 1.00000000 0.00000000
vn 0.00000000 0.00000000 1.00000000
vn 0.00000000 0.00000000 1.00000000
vn 0.00000000 0.00000000 1.00000000
vn 0.00000000 0.00000000 1.00000000
vn 0.00000000 1.00000000 0.00000000
vn 0.00000000 1.00000000 0.00000000
vn 0.00000000 0.00000000 1.00000000
vn 0.00000000 0.00000000 1.00000000
vn 0.00000000 0.00000000 1.00000000
vn 0.00000000 0.00000000 1.00000000
vn 0.00000000 0.00000000 1.00000000
vn 0.00000000 0.00000000 1.00000000
vn 0.00000000 1.00000000 0.00000000
vn 0.00000000 1.00000000 0.00000000
vn 0.00000000 0.00000000 1.00000000
vn 0.00000000 0.00000000 1.00000000
vn 0.00000000 0.00000000 1.00000000
vn 0.00000000 0.00000000 1.00000000
vn 0.00000000 0.00000000 1.00000000
vn 0.00000000 0.00000000 1.00000000
vn 0.00000000 1.00000000 0.00000000
vn 0.00000000 0.00000000 1.00000000
vn 0.00000000 1.00000000 0.00000000
vn 0.00000000 0.00000000 1.00000000
vn 0.00000000 0.00000000 1.00000000
vn 0.00000000 0.00000000 1.00000000
vn 0.00000000 0.00000000 1.00000000
vn 0.00000000 0.00000000 1.00000000
vn 0.00000000 1.00000000 0.00000000
vn 0.00000000 1.00000000 0.00000000
vn 0.00000000 0.00000000 1.00000000
vn 0.00000000 0.00000000 1.00000000
vn 0.00000000 0.00000000 1.00000000
vn 0.00000000 0.00000000 1.00000000
vn 0.00000000 0.00000000 1.00000000
vn 0.00000000 1.00000000 0.00000000
vn 0.00000000 0.00000000 1.00000000
vn 0.00000000 1.00000000 0.00000000
vn 0.00000000 0.00000000 1.00000000
vn 0.00000000 0.00000000 1.00000000
vn 0.00000000 0.00000000 1.00000000
vn 0.00000000 0.00000000 1.00000000
vn 0.00000000 0.00000000 1.00000000
vn 0.00000000 0.00000000 1.00000000
vn 0.00000000 0.00000000 1.00000000
vn 0.00000000 1.00000000 0.00000000
vn 0.00000000 1.00000000 0.00000000
vn 0.00000000 0.00000000 1.00000000
vn 0.00000000 0.00000000 1.00000000
vn 0.00000000 0.00000000 1.00000000
vn 0.00000000 0.00000000 1.00000000
vn 0.00000000 0.00000000 1.00000000
vn 0.00000000 1.00000000 0.00000000
vn 0.00000000 0.00000000 1.00000000
vn 0.00000000 0.00000000 1.00000000
vn 0.00000000 1.00000000 0.00000000
vn 0.00000000 0.00000000 1.00000000
vn 0.00000000 0.00000000 1.00000000
vn 0.00000000 0.00000000 1.00000000
vn 0.00000000 0.00000000 1.00000000
vn 0.00000000 0.00000000 1.00000000
vn 0.00000000 0.00000000 1.00000000
vn 0.00000000 1.00000000 0.00000000
vn 0.00000000 0.00000000 1.00000000
vn 0.00000000 1.00000000 0.00000000
vn 0.00000000 0.00000000 1.00000000
vn 0.00000000 0.00000000 1.00000000
vn 0.00000000 0.00000000 1.00000000
vn 0.00000000 0.00000000 1.00000000
vn 0.00000000 1.00000000 0.00000000
vn 0.00000000 0.00000000 1.00000000
vn 0.00000000 1.00000000 0.00000000
vn 0.00000000 0.00000000 1.00000000
vn 0.00000000 0.00000000 1.00000000
vn 0.00000000 0.00000000 1.00000000
vn 0.00000000 0.00000000 1.00000000
vn 0.00000000 1.00000000 0.00000000
vn 0.00000000 0.00000000 1.00000000
vn 0.00000000 0.00000000 1.00000000
vn 0.00000000 1.00000000 0.00000000
vn 0.00000000 0.00000000 1.00000000
vn 0.00000000 0.00000000 1.00000000
vn 0.00000000 0.00000000 1.00000000
vn 0.00000000 0.00000000 1.00000000
vn 0.00000000 0.00000000 1.00000000
vn 0.00000000 1.00000000 0.00000000
vn 0.00000000 0.00000000 1.00000000
vn 0.00000000 1.00000000 0.00000000
vn 0.00000000 0.00000000 1.00000000
vn 0.00000000 0.00000000 1.00000000
vn 0.00000000 0.00000000 1.00000000
vn 0.00000000 0.00000000 1.00000000
vn 0.00000000 0.00000000 1.00000000
vn 0.00000000 1.00000000 0.00000000
vn 0.00000000 0.00000000 1.00000000
vn 0.00000000 1.00000000 0.00000000
vn 0.00000000 0.00000000 1.00000000
vn 0.00000000 0.00000000 1.00000000
vn 0.00000000 0.00000000 1.00000000
vn 0.00000000 0.00000000 1.00000000
vn 0.00000000 0.00000000 1.00000000
vn 0.00000000 0.00000000 1.00000000
vn 0.00000000 0.00000000 1.00000000
vn 0.00000000 1.00000000 0.00000000
vn 0.00000000 1.00000000 0.00000000
vn 0.00000000 0.00000000 1.00000000
vn 0.00000000 0.00000000 1.00000000
vn 0.00000000 0.00000000 1.00000000
vn 0.00000000 0.00000000 1.00000000
vn 0.00000000 0.00000000 1.00000000
vn 0.00000000 0.00000000 1.00000000
vn 0.00000000 1.00000000 0.00000000
vn 0.00000000 1.00000000 0.00000000
vn 0.00000000 0.00000000 1.00000000
vn 0.00000000 0.00000000 1.00000000
vn 0.00000000 0.00000000 1.00000000
vn 0.00000000 0.00000000 1.00000000
vn 0.00000000 0.00000000 1.00000000
vn 0.00000000 0.00000000 1.00000000
vn 0.00000000 1.00000000 0.00000000
vn 0.00000000 0.00000000 1.00000000
vn 0.00000000 0.00000000 1.00000000
vn 0.00000000 0.00000000 1.00000000
vn 0.00000000 0.00000000 1.00000000
vn 0.00000000 0.00000000 1.00000000
vn 0.00000000 0.00000000 1.00000000
vn 0.00000000 1.00000000 0.00000000
vn 0.00000000 0.00000000 1.00000000
vn 0.00000000 1.00000000 0.00000000
vn 0.00000000 0.00000000 1.00000000
vn 0.00000000 0.00000000 1.00000000
vn 0.00000000 0.00000000 1.00000000
vn 0.00000000 0.00000000 1.00000000
vn 0.00000000 1.00000000 0.00000000
vn 0.00000000 0.00000000 1.00000000
vn 0.00000000 1.00000000 0.00000000
vn 0.00000000 0.00000000 1.00000000
vn 0.00000000 0.00000000 1.00000000
vn 0.00000000 0.00000000 1.00000000
vn 0.00000000 0.00000000 1.00000000
vn 0.00000000 0.00000000 1.00000000
vn 0.00000000 0.00000000 1.00000000
vn 0.00000000 1.00000000 0.00000000
vn 0.00000000 0.00000000 1.00000000
vn 0.00000000 0.00000000 1.00000000
vn 0.00000000 1.00000000 0.00000000
vn 0.00000000 0.00000000 1.00000000
vn 0.00000000 0.00000000 1.00000000
vn 0.00000000 0.00000000 1.00000000
vn 0.00000000 0.00000000 1.00000000
vn 0.00000000 0.00000000 1.00000000
vn 0.00000000 1.00000000 0.00000000
vn 0.00000000 1.00000000 0.00000000
vn 0.00000000 0.00000000 1.00000000
vn 0.00000000 0.00000000 1.00000000
vn 0.00000000 0.00000000 1.00000000
vn 0.00000000 0.00000000 1.00000000
vn 0.00000000 0.00000000 1.00000000
vn 0.00000000 1.00000000 0.00000000
vn 0.00000000 0.00000000 1.00000000
vn 0.00000000 0.00000000 1.00000000
vn 0.00000000 1.00000000 0.00000000
vn 0.00000000 0.00000000 1.00000000
vn 0.00000000 0.00000000 1.00000000
vn 0.00000000 0.00000000 1.00000000
vn 0.00000000 0.00000000 1.00000000
vn 0.00000000 0.00000000 1.00000000
vn 0.00000000 1.00000000 0.00000000
vn 0.00000000 0.00000000 1.00000000
vn 0.00000000 0.00000000 1.00000000
vn 0.00000000 0.00000000 1.00000000
vn 0.00000000 0.00000000 1.00000000
vn 0.00000000 0.00000000 1.00000000
vn 0.00000000 1.00000000 0.00000000
vn 0.00000000 0.00000000 1.00000000
vn 0.00000000 0.00000000 1.00000000
vn 0.00000000 1.00000000 0.00000000
vn 0.00000000 0.00000000 1.00000000
vn 0.00000000 0.00000000 1.00000000
vn 0.00000000 0.00000000 1.00000000
vn 0.00000000 0.00000000 1.00000000
vn 0.00000000 1.00000000 0.00000000
vn 0.00000000 0.00000000 1.00000000
vn 0.00000000 0.00000000 1.00000000
vn 0.00000000 1.00000000 0.00000000
vn 0.00000000 0.00000000 1.00000000
vn 0.00000000 0.00000000 1.00000000
vn 0.00000000 0.00000000 1.00000000
vn 0.00000000 0.00000000 1.00000000
vn 0.00000000 0.00000000 1.00000000
vn 0.00000000 0.00000000 1.00000000
vn 0.00000000 1.00000000 0.00000000
vn 0.00000000 0.00000000 1.00000000
vn 0.00000000 1.00000000 0.00000000
vn 0.00000000 0.00000000 1.00000000
vn 0.00000000 0.00000000 1.00000000
vn 0.00000000 0.00000000 1.00000000
vn 0.00000000 0.00000000 1.00000000
vn 0.00000000 0.00000000 1.00000000
vn 0.00000000 1.00000000 0.00000000
vn 0.00000000 0.00000000 1.00000000
vn 0.00000000 1.00000000 0.00000000
vn 0.00000000 0.00000000 1.00000000
vn 0.00000000 0.00000000 1.00000000
vn 0.00000000 0.00000000 1.00000000
vn 0.00000000 0.00000000 1.00000000
vn 0.00000000 0.00000000 1.00000000
vn 0.00000000 0.00000000 1.00000000
vn 0.00000000 1.00000000 0.00000000
vn 0.00000000 1.00000000 0.00000000
vn 0.00000000 0.00000000 1.00000000
vn 0.00000000 0.00000000 1.00000000
vn 0.00000000 0.00000000 1.00000000
vn 0.00000000 0.00000000 1.00000000
vn 0.00000000 1.00000000 0.00000000
vn 0.00000000 0.00000000 1.00000000
vn 0.00000000 1.00000000 0.00000000
vn 0.00000000 0.00000000 1.00000000
vn 0.00000000 0.00000000 1.00000000
vn 0.00000000 0.00000000 1.00000000
vn 0.00000000 0.00000000 1.00000000
vn 0.00000000 0.00000000 1.00000000
vn 0.00000000 1.00000000 0.00000000
vn 0.00000000 0.00000000 1.00000000
vn 0.00000000 1.00000000 0.00000000
vn 0.00000000 0.00000000 1.00000000
vn 0.00000000 0.00000000 1.00000000
vn 0.00000000 0.00000000 1.00000000
vn 0.00000000 0.00000000 1.00000000
vn 0.00000000 0.00000000 1.00000000
vn 0.00000000 0.00000000 1.00000000
vn 0.00000000 1.00000000 0.00000000
vn 0.00000000 0.00000000 1.00000000
vn 0.00000000 1.00000000 0.00000000
vn 0.00000000 0.00000000 1.00000000
vn 0.00000000 0.00000000 1.00000000
vn 0.00000000 0.00000000 1.00000000
vn 0.00000000 0.00000000 1.00000000
vn 0.00000000 0.00000000 1.00000000
vn 0.00000000 0.00000000 1.00000000
vn 0.00000000 1.00000000 0.00000000
vn 0.00000000 1.00000000 0.00000000
vn 0.00000000 0.00000000 1.00000000
vn 0.00000000 0.00000000 1.00000000
vn 0.00000000 0.00000000 1.00000000
vn 0.00000000 0.00000000 1.00000000
vn 0.00000000 0.00000000 1.00000000
vn 0.00000000 0.00000000 1.00000000
vn 0.00000000 0.00000000 1.00000000
vn 0.00000000 1.00000000 0.00000000
vn 0.00000000 0.00000000 1.00000000
vn 0.00000000 1.00000000 0.00000000
vn 0.00000000 0.00000000 1.00000000
vn 0.00000000 0.00000000 1.00000000
vn 0.00000000 0.00000000 1.00000000
vn 0.00000000 0.00000000 1.00000000
vn 0.00000000 0.00000000 1.00000000
vn 0.00000000 1.00000000 0.00000000
vn 0.00000000 1.00000000 0.00000000
vn 0.00000000 0.00000000 1.00000000
vn 0.00000000 0.00000000 1.00000000
vn 0.00000000 0.00000000 1.00000000
vn 0.00000000 0.00000000 1.00000000
vn 0.00000000 1.00000000 0.00000000
vn 0.00000000 0.00000000 1.00000000
vn 0.00000000 1.00000000 0.00000000
vn 0.00000000 0.00000000 1.00000000
vn 0.00000000 0.00000000 1.00000000
vn 0.00000000 0.00000000 1.00000000
vn 0.00000000 0.00000000 1.00000000
vn 0.00000000 0.00000000 1.00000000
vn 0.00000000 0.00000000 1.00000000
vn 0.00000000 0.00000000 1.00000000
vn 0.00000000 1.00000000 0.00000000
vn 0.00000000 1.00000000 0.00000000
vn 0.00000000 0.00000000 1.00000000
vn 0.00000000 0.00000000 1.00000000
vn 0.00000000 0.00000000 1.00000000
vn 0.00000000 0.00000000 1.00000000
vn 0.00000000 0.00000000 1.00000000
vn 0.00000000 1.00000000 0.00000000
vn 0.00000000 0.00000000 1.00000000
vn 0.00000000 0.00000000 1.00000000
vn 0.00000000 1.00000000 0.00000000
vn 0.00000000 0.00000000 1.00000000
vn 0.00000000 0.00000000 1.00000000
vn 0.00000000 0.00000000 1.00000000
vn 0.00000000 0.00000000 1.00000000
vn 0.00000000 0.00000000 1.00000000
vn 0.00000000 0.00000000 1.00000000
vn 0.00000000 1.00000000 0.00000000
vn 0.00000000 1.00000000 0.00000000
vn 0.00000000 0.00000000 1.00000000
vn 0.00000000 0.00000000 1.00000000
vn 0.00000000 0.00000000 1.00000000
vn 0.00000000 0.00000000 1.00000000
vn 0.00000000 0.00000000 1.00000000
vn 0.00000000 0.00000000 1.00000000
vn 0.00000000 1.00000000 0.00000000
vn 0.00000000 1.00000000 0.00000000
vn 0.00000000 0.00000000 1.00000000
vn 0.00000000 0.00000000 1.00000000
vn 0.00000000 0.00000000 1.00000000
vn 0.00000000 0.00000000 1.00000000
vn 0.00000000 0.00000000 1.00000000
vn 0.00000000 0.00000000 1.00000000
vn 0.00000000 0.00000000 1.00000000
vn 0.00000000 1.00000000 0.00000000
vn 0.00000000 0.00000000 1.00000000
vn 0.00000000 1.00000000 0.00000000
vn 0.00000000 0.00000000 1.00000000
vn 0.00000000 0.00000000 1.00000000
vn 0.00000000 0.00000000 1.00000000
vn 0.00000000 0.00000000 1.00000000
vn 0.00000000 1.00000000 0.00000000
vn 0.00000000 0.00000000 1.00000000
vn 0.00000000 1.00000000 0.00000000
vn 0.00000000 0.00000000 1.00000000
vn 0.00000000 0.00000000 1.00000000
vn 0.00000000 0.00000000 1.00000000
vn 0.00000000 0.00000000 1.00000000
vn 0.00000000 0.00000000 1.00000000
vn 0.00000000 1.00000000 0.00000000
vn 0.00000000 1.00000000 0.00000000
vn 0.00000000 0.00000000 1.00000000
vn 0.00000000 0.00000000 1.00000000
vn 0.00000000 0.00000000 1.00000000
vn 0.00000000 0.00000000 1.00000000
vn 0.00000000 0.00000000 1.00000000
vn 0.00000000 0.00000000 1.00000000
vn 0.00000000 0.00000000 1.00000000
vn 0.00000000 1.00000000 0.00000000
vn 0.00000000 1.00000000 0.00000000
vn 0.98490000 0.17330000 0.00000000
vn -0.98480000 -0.17340000 0.00000000
vn 0.00000000 0.00000000 1.00000000
vn 0.00000000 0.00000000 1.00000000
vn 0.00000000 0.00000000 1.00000000
vn 0.00000000 0.00000000 1.00000000
vn 0.00000000 0.00000000 1.00000000
vn 0.00000000 1.00000000 0.00000000
vn 0.00000000 0.00000000 1.00000000
vn 0.00000000 1.00000000 0.00000000
vn 0.00000000 0.00000000 1.00000000
vn 0.00000000 0.00000000 1.00000000
vn 0.00000000 0.00000000 1.00000000
vn 0.00000000 0.00000000 1.00000000
vn 0.00000000 0.00000000 1.00000000
vn 0.00000000 0.00000000 1.00000000
vn 0.00000000 1.00000000 0.00000000
vn 0.00000000 0.00000000 1.00000000
vn 0.00000000 1.00000000 0.00000000
vn 0.00000000 0.00000000 1.00000000
vn 0.00000000 0.00000000 1.00000000
vn -0.86680000 0.49870000 0.00000000
vn 0.86660000 -0.49910000 0.00000000
vn 0.86660000 -0.49910000 0.00000000
vn -0.99340000 0.02830000 -0.11100000
vn 0.99310000 -0.02810000 -0.11370000
vn 0.00000000 0.00000000 1.00000000
vn -0.86680000 0.49870000 0.00000000
vn 0.00000000 0.00000000 1.00000000
vn 0.99310000 -0.02810000 -0.11370000
vn -0.99340000 0.02830000 -0.11100000
vn 0.16850000 -0.86790000 -0.46730000
vn -0.16850000 0.86790000 -0.46730000
vn 0.00000000 0.00000000 1.00000000
vn 0.16850000 -0.86790000 -0.46730000
vn 0.67940000 -0.57790000 -0.45210000
vn -0.67940000 0.57800000 -0.45210000
vn -0.16850000 0.86790000 -0.46730000
vn -0.98480000 -0.17340000 0.00000000
vn -0.67940000 0.57800000 -0.45210000
vn -0.04960000 0.70600000 -0.70650000
vn 0.98490000 0.17330000 0.00000000
vn 0.04960000 -0.70600000 -0.70650000
vn 0.00000000 0.00000000 1.00000000
vn 0.67940000 -0.57790000 -0.45210000
vn 0.98490000 0.17330000 0.00000000
vn 0.83860000 0.54400000 -0.02910000
vn -0.83860000 -0.54400000 -0.02890000
vn -0.98480000 -0.17340000 0.00000000
vn 0.00000000 0.00000000 1.00000000
vn -0.52000000 -0.84910000 -0.09260000
vn -0.83860000 -0.54400000 -0.02890000
vn 0.00000000 0.00000000 1.00000000
vn 0.52000000 0.84920000 -0.09190000
vn 0.83860000 0.54400000 -0.02910000
vn -0.08710000 -0.97980000 -0.18010000
vn 0.08720000 0.97980000 -0.18010000
vn 0.52000000 0.84920000 -0.09190000
vn 0.00000000 0.00000000 1.00000000
vn -0.52000000 -0.84910000 -0.09260000
vn 0.08720000 0.97980000 -0.18010000
vn 0.31370000 -0.91130000 -0.26660000
vn -0.08710000 -0.97980000 -0.18010000
vn 0.00000000 0.00000000 1.00000000
vn -0.31370000 0.91130000 -0.26660000
vn 0.00000000 0.00000000 1.00000000
vn 0.00000000 1.00000000 0.00000000
vn 0.61820000 -0.70310000 -0.35140000
vn 0.31370000 -0.91130000 -0.26660000
vn -0.31370000 0.91130000 -0.26660000
vn -0.61920000 0.70420000 -0.34750000
vn -0.79020000 0.45690000 -0.40840000
vn 0.61820000 -0.70310000 -0.35140000
vn 0.79150000 -0.45760000 -0.40520000
vn -0.61920000 0.70420000 -0.34750000
vn 0.00000000 1.00000000 0.00000000
vn 0.00000000 0.00000000 1.00000000
vn -0.86440000 0.20130000 -0.46080000
vn -0.79020000 0.45690000 -0.40840000
vn 0.79150000 -0.45760000 -0.40520000
vn 0.86440000 -0.20130000 -0.46080000
vn 0.00000000 0.00000000 1.00000000
vn 0.86360000 0.02980000 -0.50320000
vn 0.86440000 -0.20130000 -0.46080000
vn -0.86440000 0.20130000 -0.46080000
vn 0.00000000 0.00000000 1.00000000
vn -0.86250000 -0.02970000 -0.50530000
vn -0.86250000 -0.02970000 -0.50530000
vn 0.80820000 0.23060000 -0.54190000
vn -0.80820000 -0.23060000 -0.54190000
vn 0.86360000 0.02980000 -0.50320000
vn 0.00000000 0.00000000 1.00000000
vn -0.80820000 -0.23060000 -0.54190000
vn 0.00000000 0.00000000 1.00000000
vn 0.71320000 0.39750000 -0.57740000
vn 0.80820000 0.23060000 -0.54190000
vn -0.71320000 -0.39750000 -0.57740000
vn -0.59610000 -0.52690000 -0.60590000
vn 0.71320000 0.39750000 -0.57740000
vn 0.00000000 0.00000000 1.00000000
vn 0.59480000 0.52580000 -0.60810000
vn -0.71320000 -0.39750000 -0.57740000
vn -0.59610000 -0.52690000 -0.60590000
vn -0.45780000 -0.62180000 -0.63550000
vn 0.45780000 0.62180000 -0.63550000
vn 0.00000000 0.00000000 1.00000000
vn 0.59480000 0.52580000 -0.60810000
vn 0.00000000 1.00000000 0.00000000
vn -0.45780000 -0.62180000 -0.63550000
vn 0.00000000 1.00000000 0.00000000
vn 0.45780000 0.62180000 -0.63550000
vn 0.31360000 0.68440000 -0.65820000
vn 0.00000000 0.00000000 1.00000000
vn -0.31310000 -0.68310000 -0.65980000
vn 0.32530000 0.63920000 -0.69680000
vn 0.00000000 0.00000000 1.00000000
vn 0.31360000 0.68440000 -0.65820000
vn -0.32530000 -0.63920000 -0.69680000
vn 0.86660000 -0.49910000 0.00000000
vn -0.86680000 0.49870000 0.00000000
vn -0.31310000 -0.68310000 -0.65980000
vn 0.99310000 -0.02810000 -0.11370000
vn 0.86660000 -0.49910000 0.00000000
vn 0.29580000 0.64320000 -0.70620000
vn 0.32530000 0.63920000 -0.69680000
vn 0.99310000 -0.02810000 -0.11370000
vn -0.16850000 0.86790000 -0.46730000
vn 0.29580000 0.64320000 -0.70620000
vn 0.18590000 0.68440000 -0.70500000
vn 0.06080000 0.70540000 -0.70620000
vn 0.18590000 0.68440000 -0.70500000
vn -0.67940000 0.57800000 -0.45210000
vn -0.16850000 0.86790000 -0.46730000
vn -0.67940000 0.57800000 -0.45210000
vn 0.06080000 0.70540000 -0.70620000
vn -0.06220000 0.70560000 -0.70590000
vn -0.04960000 0.70600000 -0.70650000
vn -0.83860000 -0.54400000 -0.02890000
vn -0.98480000 -0.17340000 0.00000000
vn 0.18430000 -0.68440000 -0.70540000
vn 0.04960000 -0.70600000 -0.70650000
vn 0.30010000 -0.64130000 -0.70620000
vn -0.83860000 -0.54400000 -0.02890000
vn 0.18430000 -0.68440000 -0.70540000
vn -0.52000000 -0.84910000 -0.09260000
vn -0.08710000 -0.97980000 -0.18010000
vn -0.52000000 -0.84910000 -0.09260000
vn 0.40670000 -0.58000000 -0.70590000
vn 0.30010000 -0.64130000 -0.70620000
vn 0.50070000 -0.50240000 -0.70490000
vn -0.08710000 -0.97980000 -0.18010000
vn 0.40670000 -0.58000000 -0.70590000
vn 0.31370000 -0.91130000 -0.26660000
vn 0.58030000 -0.40560000 -0.70620000
vn 0.50070000 -0.50240000 -0.70490000
vn 0.31370000 -0.91130000 -0.26660000
vn 0.61820000 -0.70310000 -0.35140000
vn 0.79150000 -0.45760000 -0.40520000
vn 0.64000000 -0.29970000 -0.70750000
vn 0.58030000 -0.40560000 -0.70620000
vn 0.61820000 -0.70310000 -0.35140000
vn 0.79150000 -0.45760000 -0.40520000
vn 0.64000000 -0.29970000 -0.70750000
vn 0.86440000 -0.20130000 -0.46080000
vn 0.68510000 -0.18330000 -0.70500000
vn 0.68510000 -0.18330000 -0.70500000
vn 0.86440000 -0.20130000 -0.46080000
vn 0.70480000 -0.06170000 -0.70670000
vn 0.86360000 0.02980000 -0.50320000
vn 0.70480000 -0.06170000 -0.70670000
vn 0.70740000 0.06200000 -0.70410000
vn 0.80820000 0.23060000 -0.54190000
vn 0.86360000 0.02980000 -0.50320000
vn 0.80820000 0.23060000 -0.54190000
vn 0.71320000 0.39750000 -0.57740000
vn 0.68380000 0.18360000 -0.70620000
vn 0.70740000 0.06200000 -0.70410000
vn 0.59480000 0.52580000 -0.60810000
vn 0.64290000 0.29930000 -0.70500000
vn 0.68380000 0.18360000 -0.70620000
vn 0.71320000 0.39750000 -0.57740000
vn 0.45780000 0.62180000 -0.63550000
vn 0.64290000 0.29930000 -0.70500000
vn 0.58210000 0.40620000 -0.70440000
vn 0.59480000 0.52580000 -0.60810000
vn 0.45780000 0.62180000 -0.63550000
vn 0.50030000 0.50060000 -0.70640000
vn 0.58210000 0.40620000 -0.70440000
vn 0.31360000 0.68440000 -0.65820000
vn 0.31360000 0.68440000 -0.65820000
vn 0.32530000 0.63920000 -0.69680000
vn 0.50030000 0.50060000 -0.70640000
vn 0.40600000 0.58020000 -0.70610000
vn 0.29840000 0.64270000 -0.70560000
vn 0.40600000 0.58020000 -0.70610000
vn 0.32530000 0.63920000 -0.69680000
vn 0.29840000 0.64270000 -0.70560000
vn 0.18590000 0.68440000 -0.70500000
vn 0.18360000 0.68390000 -0.70600000
vn 0.06080000 0.70540000 -0.70620000
vn 0.18360000 0.68390000 -0.70600000
vn 0.18590000 0.68440000 -0.70500000
vn 0.06080000 0.70540000 -0.70620000
vn -0.06220000 0.70560000 -0.70590000
vn -0.86680000 0.49870000 0.00000000
vn -0.99340000 0.02830000 -0.11100000
vn -0.32530000 -0.63920000 -0.69680000
vn -0.29600000 -0.64370000 -0.70570000
vn 0.16850000 -0.86790000 -0.46730000
vn -0.99340000 0.02830000 -0.11100000
vn -0.29600000 -0.64370000 -0.70570000
vn -0.18580000 -0.68390000 -0.70550000
vn 0.67940000 -0.57790000 -0.45210000
vn -0.06090000 -0.70570000 -0.70590000
vn 0.16850000 -0.86790000 -0.46730000
vn -0.18580000 -0.68390000 -0.70550000
vn 0.67940000 -0.57790000 -0.45210000
vn 0.06220000 -0.70580000 -0.70570000
vn -0.06090000 -0.70570000 -0.70590000
vn 0.04960000 -0.70600000 -0.70650000
vn 0.18430000 -0.68440000 -0.70540000
vn 0.04960000 -0.70600000 -0.70650000
vn 0.06220000 -0.70580000 -0.70570000
vn 0.18080000 -0.68480000 -0.70590000
vn 0.30130000 -0.64160000 -0.70540000
vn 0.40510000 -0.58010000 -0.70670000
vn 0.30010000 -0.64130000 -0.70620000
vn 0.50070000 -0.50240000 -0.70490000
vn 0.40510000 -0.58010000 -0.70670000
vn 0.50070000 -0.50240000 -0.70490000
vn 0.58030000 -0.40560000 -0.70620000
vn 0.64160000 -0.29900000 -0.70630000
vn 0.58030000 -0.40560000 -0.70620000
vn 0.68510000 -0.18330000 -0.70500000
vn 0.68490000 -0.18340000 -0.70520000
vn 0.64160000 -0.29900000 -0.70630000
vn 0.70600000 -0.06200000 -0.70550000
vn 0.68490000 -0.18340000 -0.70520000
vn 0.70480000 -0.06170000 -0.70670000
vn 0.68510000 -0.18330000 -0.70500000
vn 0.70600000 -0.06200000 -0.70550000
vn 0.70480000 -0.06170000 -0.70670000
vn 0.70580000 0.06180000 -0.70580000
vn 0.70740000 0.06200000 -0.70410000
vn 0.68400000 0.18330000 -0.70610000
vn 0.70580000 0.06180000 -0.70580000
vn 0.70740000 0.06200000 -0.70410000
vn 0.64290000 0.29930000 -0.70500000
vn 0.68380000 0.18360000 -0.70620000
vn 0.64150000 0.29970000 -0.70610000
vn 0.64290000 0.29930000 -0.70500000
vn 0.58210000 0.40620000 -0.70440000
vn 0.64150000 0.29970000 -0.70610000
vn 0.50030000 0.50060000 -0.70640000
vn 0.58210000 0.40620000 -0.70440000
vn 0.40600000 0.58020000 -0.70610000
vn 0.50030000 0.50060000 -0.70640000
vn 0.40600000 0.58020000 -0.70610000
vn 0.29840000 0.64270000 -0.70560000
vn 0.30070000 0.64160000 -0.70570000
vn 0.18360000 0.68390000 -0.70600000
vn 0.06240000 0.70580000 -0.70570000
vn 0.18170000 0.68440000 -0.70610000
vn -0.06280000 0.70610000 -0.70530000
vn 0.06240000 0.70580000 -0.70570000
vn -0.18450000 0.68510000 -0.70470000
vn 0.98490000 0.17330000 0.00000000
vn -0.04960000 0.70600000 -0.70650000
vn 0.83860000 0.54400000 -0.02910000
vn -0.30010000 0.64130000 -0.70620000
vn 0.52000000 0.84920000 -0.09190000
vn -0.18450000 0.68510000 -0.70470000
vn 0.83860000 0.54400000 -0.02910000
vn -0.30010000 0.64130000 -0.70620000
vn 0.52000000 0.84920000 -0.09190000
vn 0.08720000 0.97980000 -0.18010000
vn -0.40720000 0.58070000 -0.70500000
vn -0.50070000 0.50240000 -0.70490000
vn -0.31370000 0.91130000 -0.26660000
vn 0.08720000 0.97980000 -0.18010000
vn -0.40720000 0.58070000 -0.70500000
vn -0.61920000 0.70420000 -0.34750000
vn -0.50070000 0.50240000 -0.70490000
vn -0.31370000 0.91130000 -0.26660000
vn -0.57920000 0.40480000 -0.70750000
vn -0.79020000 0.45690000 -0.40840000
vn -0.57920000 0.40480000 -0.70750000
vn -0.64210000 0.30070000 -0.70520000
vn -0.61920000 0.70420000 -0.34750000
vn -0.64210000 0.30070000 -0.70520000
vn -0.68610000 0.18360000 -0.70400000
vn -0.86440000 0.20130000 -0.46080000
vn -0.79020000 0.45690000 -0.40840000
vn -0.70480000 0.06160000 -0.70670000
vn -0.86250000 -0.02970000 -0.50530000
vn -0.86440000 0.20130000 -0.46080000
vn -0.68610000 0.18360000 -0.70400000
vn -0.80820000 -0.23060000 -0.54190000
vn -0.70480000 0.06160000 -0.70670000
vn -0.70660000 -0.06190000 -0.70490000
vn -0.86250000 -0.02970000 -0.50530000
vn -0.70660000 -0.06190000 -0.70490000
vn -0.68380000 -0.18360000 -0.70620000
vn -0.80820000 -0.23060000 -0.54190000
vn -0.71320000 -0.39750000 -0.57740000
vn -0.64360000 -0.29950000 -0.70430000
vn -0.71320000 -0.39750000 -0.57740000
vn -0.68380000 -0.18360000 -0.70620000
vn -0.59610000 -0.52690000 -0.60590000
vn -0.45780000 -0.62180000 -0.63550000
vn -0.58100000 -0.40540000 -0.70570000
vn -0.59610000 -0.52690000 -0.60590000
vn -0.64360000 -0.29950000 -0.70430000
vn -0.58100000 -0.40540000 -0.70570000
vn -0.50080000 -0.50100000 -0.70580000
vn -0.45780000 -0.62180000 -0.63550000
vn -0.31310000 -0.68310000 -0.65980000
vn -0.50080000 -0.50100000 -0.70580000
vn -0.40600000 -0.58020000 -0.70610000
vn -0.31310000 -0.68310000 -0.65980000
vn -0.32530000 -0.63920000 -0.69680000
vn -0.40600000 -0.58020000 -0.70610000
vn -0.29830000 -0.64240000 -0.70590000
vn -0.32530000 -0.63920000 -0.69680000
vn -0.29600000 -0.64370000 -0.70570000
vn -0.18580000 -0.68390000 -0.70550000
vn -0.18360000 -0.68370000 -0.70630000
vn -0.18360000 -0.68370000 -0.70630000
vn -0.06200000 -0.70610000 -0.70540000
vn -0.18580000 -0.68390000 -0.70550000
vn 0.06220000 -0.70580000 -0.70570000
vn -0.06200000 -0.70610000 -0.70540000
vn 0.06220000 -0.70580000 -0.70570000
vn 0.18080000 -0.68480000 -0.70590000
vn 0.18080000 -0.68480000 -0.70590000
vn 0.30130000 -0.64160000 -0.70540000
vn 0.29890000 -0.64170000 -0.70630000
vn 0.40580000 -0.58050000 -0.70590000
vn 0.50170000 -0.50140000 -0.70490000
vn 0.40580000 -0.58050000 -0.70590000
vn 0.50130000 -0.50070000 -0.70570000
vn 0.58060000 -0.40670000 -0.70540000
vn 0.50130000 -0.50070000 -0.70570000
vn 0.50170000 -0.50140000 -0.70490000
vn 0.57980000 -0.40610000 -0.70630000
vn 0.64210000 -0.29940000 -0.70570000
vn 0.68490000 -0.18340000 -0.70520000
vn 0.64210000 -0.29940000 -0.70570000
vn 0.68490000 -0.18340000 -0.70520000
vn 0.70550000 -0.06180000 -0.70600000
vn 0.70600000 -0.06200000 -0.70550000
vn 0.70540000 0.06180000 -0.70610000
vn 0.70580000 0.06180000 -0.70580000
vn 0.68450000 0.18350000 -0.70560000
vn 0.68400000 0.18330000 -0.70610000
vn 0.64220000 0.29960000 -0.70550000
vn 0.64150000 0.29970000 -0.70610000
vn 0.58150000 0.40600000 -0.70500000
vn 0.58000000 0.40650000 -0.70590000
vn 0.58000000 0.40650000 -0.70590000
vn 0.50100000 0.50080000 -0.70580000
vn 0.58150000 0.40600000 -0.70500000
vn 0.50100000 0.50080000 -0.70580000
vn 0.40590000 0.58070000 -0.70570000
vn 0.30070000 0.64160000 -0.70570000
vn 0.40690000 0.58070000 -0.70520000
vn 0.30070000 0.64160000 -0.70570000
vn 0.18270000 0.68480000 -0.70550000
vn 0.18270000 0.68480000 -0.70550000
vn 0.06090000 0.70700000 -0.70460000
vn 0.06240000 0.70580000 -0.70570000
vn 0.00000000 0.00000000 1.00000000
vn 0.06240000 0.70580000 -0.70570000
vn -0.06170000 0.70590000 -0.70560000
vn 0.06090000 0.70700000 -0.70460000
vn -0.06220000 0.70560000 -0.70590000
vn -0.18450000 0.68510000 -0.70470000
vn -0.18080000 0.68480000 -0.70590000
vn -0.04960000 0.70600000 -0.70650000
vn -0.18450000 0.68510000 -0.70470000
vn -0.30130000 0.64160000 -0.70540000
vn -0.18080000 0.68480000 -0.70590000
vn -0.40530000 0.58030000 -0.70630000
vn -0.30130000 0.64160000 -0.70540000
vn -0.40720000 0.58070000 -0.70500000
vn -0.50080000 0.50050000 -0.70620000
vn -0.40720000 0.58070000 -0.70500000
vn -0.40530000 0.58030000 -0.70630000
vn -0.50070000 0.50240000 -0.70490000
vn -0.58010000 0.40630000 -0.70590000
vn -0.50080000 0.50050000 -0.70620000
vn -0.57920000 0.40480000 -0.70750000
vn -0.50070000 0.50240000 -0.70490000
vn -0.64160000 0.29900000 -0.70630000
vn -0.58010000 0.40630000 -0.70590000
vn -0.57920000 0.40480000 -0.70750000
vn -0.64210000 0.30070000 -0.70520000
vn -0.68440000 0.18320000 -0.70570000
vn -0.68610000 0.18360000 -0.70400000
vn -0.70480000 0.06160000 -0.70670000
vn -0.68610000 0.18360000 -0.70400000
vn -0.68440000 0.18320000 -0.70570000
vn -0.70600000 0.06200000 -0.70550000
vn -0.70480000 0.06160000 -0.70670000
vn -0.70600000 0.06200000 -0.70550000
vn -0.70660000 -0.06190000 -0.70490000
vn -0.70530000 -0.06180000 -0.70620000
vn -0.68380000 -0.18360000 -0.70620000
vn -0.70530000 -0.06180000 -0.70620000
vn -0.70660000 -0.06190000 -0.70490000
vn -0.68380000 -0.18360000 -0.70620000
vn -0.64190000 -0.29990000 -0.70570000
vn -0.64360000 -0.29950000 -0.70430000
vn -0.58080000 -0.40550000 -0.70580000
vn -0.64190000 -0.29990000 -0.70570000
vn -0.64360000 -0.29950000 -0.70430000
vn -0.50130000 -0.50110000 -0.70540000
vn -0.58100000 -0.40540000 -0.70570000
vn -0.40560000 -0.58040000 -0.70610000
vn -0.50130000 -0.50110000 -0.70540000
vn -0.40600000 -0.58020000 -0.70610000
vn -0.29830000 -0.64240000 -0.70590000
vn -0.30070000 -0.64180000 -0.70550000
vn -0.18170000 -0.68450000 -0.70600000
vn -0.18360000 -0.68370000 -0.70630000
vn -0.06200000 -0.70610000 -0.70540000
vn -0.06200000 -0.70610000 -0.70540000
vn 0.06170000 -0.70590000 -0.70560000
vn 0.06170000 -0.70590000 -0.70560000
vn 0.18330000 -0.68410000 -0.70600000
vn 0.29970000 -0.64190000 -0.70580000
vn 0.18330000 -0.68410000 -0.70600000
vn 0.29890000 -0.64170000 -0.70630000
vn 0.40600000 -0.58010000 -0.70610000
vn 0.40600000 -0.58010000 -0.70610000
vn 0.50120000 -0.50120000 -0.70540000
vn 0.57980000 -0.40610000 -0.70630000
vn 0.50130000 -0.50070000 -0.70570000
vn 0.57980000 -0.40610000 -0.70630000
vn 0.64210000 -0.29940000 -0.70570000
vn 0.64210000 -0.29940000 -0.70570000
vn 0.68400000 -0.18330000 -0.70610000
vn 0.70550000 -0.06180000 -0.70600000
vn 0.68380000 -0.18340000 -0.70630000
vn 0.70550000 -0.06180000 -0.70600000
vn 0.70620000 0.06180000 -0.70530000
vn 0.70620000 0.06180000 -0.70530000
vn 0.68400000 0.18340000 -0.70610000
vn 0.68450000 0.18350000 -0.70560000
vn 0.64240000 0.29930000 -0.70550000
vn 0.58000000 0.40650000 -0.70590000
vn 0.64240000 0.29930000 -0.70550000
vn 0.50170000 0.50060000 -0.70550000
vn 0.58000000 0.40650000 -0.70590000
vn 0.40690000 0.58070000 -0.70520000
vn 0.50100000 0.50080000 -0.70580000
vn 0.40580000 0.58010000 -0.70630000
vn 0.00000000 0.00000000 1.00000000
vn 0.29970000 0.64260000 -0.70510000
vn 0.00000000 0.00000000 1.00000000
vn 0.18270000 0.68480000 -0.70550000
vn 0.29970000 0.64260000 -0.70510000
vn 0.00020000 0.00000000 1.00000000
vn 0.06090000 0.70700000 -0.70460000
vn 0.18270000 0.68480000 -0.70550000
vn -0.18080000 0.68480000 -0.70590000
vn -0.06220000 0.70560000 -0.70590000
vn -0.29900000 0.64190000 -0.70610000
vn -0.18360000 0.68350000 -0.70650000
vn -0.40600000 0.58080000 -0.70550000
vn -0.29900000 0.64190000 -0.70610000
vn -0.50080000 0.50050000 -0.70620000
vn -0.40530000 0.58030000 -0.70630000
vn -0.58010000 0.40630000 -0.70590000
vn -0.50130000 0.50070000 -0.70570000
vn -0.58010000 0.40630000 -0.70590000
vn -0.64180000 0.29920000 -0.70610000
vn -0.68400000 0.18330000 -0.70610000
vn -0.64180000 0.29920000 -0.70610000
vn -0.70600000 0.06200000 -0.70550000
vn -0.68440000 0.18320000 -0.70570000
vn -0.70600000 0.06200000 -0.70550000
vn -0.70530000 -0.06180000 -0.70620000
vn -0.70530000 -0.06180000 -0.70620000
vn -0.68440000 -0.18350000 -0.70560000
vn -0.68440000 -0.18350000 -0.70560000
vn -0.64200000 -0.29940000 -0.70580000
vn -0.64200000 -0.29940000 -0.70580000
vn -0.58000000 -0.40650000 -0.70590000
vn -0.58000000 -0.40650000 -0.70590000
vn -0.50080000 -0.50060000 -0.70610000
vn -0.50080000 -0.50060000 -0.70610000
vn -0.40690000 -0.58070000 -0.70520000
vn -0.40690000 -0.58070000 -0.70520000
vn -0.29980000 -0.64280000 -0.70490000
vn -0.30070000 -0.64180000 -0.70550000
vn -0.30070000 -0.64180000 -0.70550000
vn -0.29980000 -0.64280000 -0.70490000
vn -0.18250000 -0.68420000 -0.70610000
vn -0.18250000 -0.68420000 -0.70610000
vn -0.06240000 -0.70580000 -0.70570000
vn -0.06090000 -0.70670000 -0.70480000
vn -0.06090000 -0.70670000 -0.70480000
vn 0.00080000 0.00000000 1.00000000
vn 0.06170000 -0.70590000 -0.70560000
vn -0.06240000 -0.70580000 -0.70570000
vn -0.00170000 0.00000000 1.00000000
vn 0.18330000 -0.68410000 -0.70600000
vn 0.06170000 -0.70590000 -0.70560000
vn 0.00250000 0.00000000 1.00000000
vn 0.29970000 -0.64190000 -0.70580000
vn 0.18330000 -0.68410000 -0.70600000
vn 0.00080000 0.00000000 1.00000000
vn 0.40600000 -0.58010000 -0.70610000
vn 0.29970000 -0.64190000 -0.70580000
vn 0.50120000 -0.50120000 -0.70540000
vn 0.00000000 0.00000000 1.00000000
vn 0.40600000 -0.58010000 -0.70610000
vn 0.00000000 0.00000000 1.00000000
vn 0.58000000 -0.40630000 -0.70610000
vn 0.50120000 -0.50120000 -0.70540000
vn 0.00000000 0.00000000 1.00000000
vn 0.64250000 -0.29940000 -0.70540000
vn 0.58000000 -0.40630000 -0.70610000
vn 0.00000000 0.00000000 1.00000000
vn 0.64250000 -0.29940000 -0.70540000
vn 0.68380000 -0.18340000 -0.70630000
vn 0.70620000 -0.06180000 -0.70530000
vn 0.00020000 0.00000000 1.00000000
vn 0.68380000 -0.18340000 -0.70630000
vn 0.00020000 0.00000000 1.00000000
vn 0.70620000 -0.06180000 -0.70530000
vn 0.70620000 0.06180000 -0.70530000
vn 0.00020000 0.00000000 1.00000000
vn 0.70620000 0.06180000 -0.70530000
vn 0.68400000 0.18340000 -0.70610000
vn 0.00010000 0.00000000 1.00000000
vn 0.68400000 0.18340000 -0.70610000
vn 0.64240000 0.29930000 -0.70550000
vn 0.00010000 0.00000000 1.00000000
vn 0.57940000 0.40650000 -0.70640000
vn 0.64240000 0.29930000 -0.70550000
vn 0.50170000 0.50060000 -0.70550000
vn 0.00000000 0.00000000 1.00000000
vn 0.57940000 0.40650000 -0.70640000
vn 0.00000000 0.00000000 1.00000000
vn 0.40580000 0.58010000 -0.70630000
vn 0.50170000 0.50060000 -0.70550000
vn -0.18330000 0.68420000 -0.70590000
vn -0.06280000 0.70610000 -0.70530000
vn -0.18330000 0.68420000 -0.70590000
vn -0.29900000 0.64190000 -0.70610000
vn -0.29900000 0.64190000 -0.70610000
vn -0.40600000 0.58080000 -0.70550000
vn -0.40600000 0.58080000 -0.70550000
vn -0.50130000 0.50070000 -0.70570000
vn -0.50130000 0.50070000 -0.70570000
vn -0.58020000 0.40640000 -0.70580000
vn -0.64180000 0.29920000 -0.70610000
vn -0.58020000 0.40640000 -0.70580000
vn -0.68410000 0.18350000 -0.70600000
vn -0.64200000 0.29920000 -0.70590000
vn -0.70550000 0.06180000 -0.70600000
vn -0.68400000 0.18330000 -0.70610000
vn -0.70580000 0.06180000 -0.70570000
vn -0.70620000 -0.06180000 -0.70530000
vn -0.68480000 -0.18350000 -0.70530000
vn -0.70540000 -0.06180000 -0.70610000
vn -0.68350000 -0.18330000 -0.70660000
vn -0.64240000 -0.29930000 -0.70550000
vn -0.64240000 -0.29930000 -0.70550000
vn -0.58000000 -0.40650000 -0.70590000
vn -0.58000000 -0.40650000 -0.70590000
vn -0.50080000 -0.50060000 -0.70610000
vn -0.40690000 -0.58070000 -0.70520000
vn -0.50080000 -0.50060000 -0.70610000
vn -0.40380000 -0.57720000 -0.70980000
vn -0.40690000 -0.58070000 -0.70520000
vn 0.00000000 0.00000000 1.00000000
vn -0.40380000 -0.57720000 -0.70980000
vn -0.29980000 -0.64280000 -0.70490000
vn -0.18250000 -0.68420000 -0.70610000
vn 0.00000000 0.00000000 1.00000000
vn -0.29980000 -0.64280000 -0.70490000
vn 0.00000000 0.00000000 1.00000000
vn -0.18250000 -0.68420000 -0.70610000
vn -0.06090000 -0.70670000 -0.70480000
vn 0.00100000 0.00000000 1.00000000
vn -0.06170000 0.70590000 -0.70560000
vn -0.18330000 0.68420000 -0.70590000
vn -0.29990000 0.64220000 -0.70550000
vn -0.18330000 0.68420000 -0.70590000
vn 0.00000000 0.00000000 1.00000000
vn 0.00100000 0.00000000 1.00000000
vn -0.40620000 0.58050000 -0.70570000
vn -0.29990000 0.64220000 -0.70550000
vn -0.50100000 0.50100000 -0.70570000
vn 0.00020000 0.00000000 1.00000000
vn -0.40620000 0.58050000 -0.70570000
vn -0.58020000 0.40640000 -0.70580000
vn -0.00010000 0.00000000 1.00000000
vn -0.50100000 0.50100000 -0.70570000
vn -0.58020000 0.40640000 -0.70580000
vn -0.64200000 0.29920000 -0.70590000
vn 0.00000000 0.00000000 1.00000000
vn -0.68410000 0.18350000 -0.70600000
vn 0.00000000 0.00000000 1.00000000
vn -0.64200000 0.29920000 -0.70590000
vn -0.70580000 0.06180000 -0.70570000
vn -0.68410000 0.18350000 -0.70600000
vn 0.00020000 0.00000000 1.00000000
vn -0.70580000 0.06180000 -0.70570000
vn 0.00000000 0.00000000 1.00000000
vn -0.70620000 -0.06180000 -0.70530000
vn 0.00000000 0.00000000 1.00000000
vn -0.70620000 -0.06180000 -0.70530000
vn -0.68350000 -0.18330000 -0.70660000
vn 0.00010000 0.00000000 1.00000000
vn -0.64240000 -0.29930000 -0.70550000
vn -0.68350000 -0.18330000 -0.70660000
vn -0.57960000 -0.40670000 -0.70610000
vn -0.64240000 -0.29930000 -0.70550000
vn 0.00000000 0.00000000 1.00000000
vn 0.00020000 0.00000000 1.00000000
vn -0.57960000 -0.40670000 -0.70610000
vn -0.50190000 -0.50080000 -0.70520000
vn -0.40380000 -0.57720000 -0.70980000
vn 0.00010000 0.00000000 1.00000000
vn -0.50190000 -0.50080000 -0.70520000
f 1//1 13//13 15//15
f 10//10 18//18 12//12
f 9//9 21//21 17//17
f 7//7 29//29 23//23
f 27//27 36//36 22//22
f 25//25 37//37 34//34
f 26//26 40//40 39//39
f 24//24 44//44 41//41
f 33//33 47//47 45//45
f 32//32 51//51 48//48
f 30//30 60//60 50//50
f 59//59 65//65 52//52
f 58//58 67//67 64//64
f 56//56 71//71 66//66
f 62//62 73//73 70//70
f 54//54 77//77 72//72
f 61//61 80//80 75//75
f 53//53 90//90 79//79
f 89//89 93//93 78//78
f 88//88 96//96 92//92
f 85//85 100//100 97//97
f 6//6 103//103 104//104
f 104//104 31//31 6//6
f 28//28 106//106 107//107
f 107//107 55//55 28//28
f 57//57 108//108 112//112
f 112//112 91//91 57//57
f 101//101 109//109 105//105
f 101//101 111//111 109//109
f 14//14 113//113 8//8
f 114//114 117//117 2//2
f 118//118 119//119 3//3
f 120//120 130//130 4//4
f 121//121 135//135 131//131
f 134//134 138//138 132//132
f 136//136 140//140 125//125
f 141//141 142//142 123//123
f 144//144 146//146 124//124
f 147//147 151//151 127//127
f 149//149 152//152 129//129
f 148//148 163//163 154//154
f 162//162 166//166 153//153
f 165//165 168//168 155//155
f 169//169 171//171 156//156
f 173//173 176//176 159//159
f 175//175 180//180 161//161
f 179//179 82//82 158//158
f 177//177 181//181 83//83
f 183//183 184//184 84//84
f 186//186 99//99 86//86
f 126//126 189//189 102//102
f 102//102 5//5 126//126
f 157//157 191//191 188//188
f 188//188 128//128 157//157
f 87//87 110//110 192//192
f 192//192 160//160 87//87
f 187//187 190//190 101//101
f 190//190 111//111 101//101
f 11//11 194//194 198//198
f 198//198 16//16 11//11
f 19//19 200//200 194//194
f 194//194 11//11 19//19
f 20//20 202//202 200//200
f 200//200 19//19 20//20
f 195//195 205//205 210//210
f 210//210 196//196 195//195
f 199//199 211//211 206//206
f 206//206 193//193 199//199
f 204//204 216//216 213//213
f 213//213 201//201 204//204
f 207//207 218//218 219//219
f 219//219 209//209 207//207
f 212//212 220//220 218//218
f 218//218 207//207 212//212
f 217//217 220//220 212//212
f 218//218 222//222 226//226
f 226//226 219//219 218//218
f 220//220 228//228 222//222
f 222//222 218//218 220//220
f 217//217 231//231 228//228
f 228//228 220//220 217//217
f 221//221 232//232 223//223
f 227//227 235//235 232//232
f 232//232 221//221 227//227
f 230//230 240//240 235//235
f 235//235 227//227 230//230
f 234//234 242//242 244//244
f 244//244 224//224 234//234
f 237//237 249//249 243//243
f 243//243 233//233 237//237
f 238//238 250//250 247//247
f 247//247 236//236 238//238
f 241//241 253//253 256//256
f 256//256 246//246 241//241
f 248//248 259//259 253//253
f 253//253 241//241 248//248
f 251//251 263//263 259//259
f 259//259 248//248 251//251
f 254//254 268//268 271//271
f 271//271 258//258 254//254
f 260//260 275//275 265//265
f 265//265 255//255 260//260
f 264//264 278//278 274//274
f 274//274 261//261 264//264
f 16//16 198//198 281//281
f 281//281 115//115 16//16
f 115//115 281//281 286//286
f 286//286 116//116 115//115
f 116//116 286//286 287//287
f 287//287 122//122 116//116
f 197//197 208//208 292//292
f 292//292 282//282 197//197
f 283//283 290//290 295//295
f 295//295 284//284 283//283
f 285//285 293//293 298//298
f 298//298 289//289 285//285
f 209//209 219//219 300//300
f 300//300 291//291 209//209
f 291//291 300//300 301//301
f 301//301 294//294 291//291
f 294//294 301//301 296//296
f 219//219 226//226 302//302
f 302//302 300//300 219//219
f 300//300 302//302 304//304
f 304//304 301//301 300//300
f 301//301 304//304 307//307
f 307//307 296//296 301//301
f 223//223 310//310 303//303
f 303//303 310//310 314//314
f 314//314 305//305 303//303
f 305//305 314//314 315//315
f 315//315 308//308 305//305
f 225//225 245//245 318//318
f 318//318 309//309 225//225
f 311//311 320//320 321//321
f 321//321 313//313 311//311
f 312//312 322//322 325//325
f 325//325 316//316 312//312
f 246//246 256//256 327//327
f 327//327 319//319 246//246
f 319//319 327//327 330//330
f 330//330 323//323 319//319
f 323//323 330//330 333//333
f 333//333 324//324 323//323
f 257//257 272//272 339//339
f 339//339 328//328 257//257
f 329//329 336//336 340//340
f 340//340 332//332 329//329
f 331//331 341//341 344//344
f 344//344 335//335 331//331
f 137//137 348//348 351//351
f 351//351 139//139 137//137
f 133//133 356//356 348//348
f 348//348 137//137 133//133
f 122//122 287//287 356//356
f 356//356 133//133 122//122
f 349//349 357//357 361//361
f 361//361 352//352 349//349
f 354//354 363//363 358//358
f 358//358 350//350 354//354
f 288//288 297//297 365//365
f 365//365 355//355 288//288
f 359//359 366//366 367//367
f 367//367 362//362 359//359
f 364//364 368//368 366//366
f 366//366 359//359 364//364
f 299//299 368//368 364//364
f 366//366 370//370 372//372
f 372//372 367//367 366//366
f 368//368 375//375 370//370
f 370//370 366//366 368//368
f 299//299 306//306 375//375
f 375//375 368//368 299//299
f 369//369 377//377 371//371
f 376//376 381//381 377//377
f 377//377 369//369 376//376
f 308//308 315//315 381//381
f 381//381 376//376 308//308
f 379//379 383//383 388//388
f 388//388 373//373 379//379
f 380//380 391//391 384//384
f 384//384 378//378 380//380
f 317//317 326//326 389//389
f 389//389 382//382 317//317
f 385//385 393//393 395//395
f 395//395 386//386 385//385
f 390//390 398//398 393//393
f 393//393 385//385 390//390
f 324//324 333//333 398//398
f 398//398 390//390 324//324
f 392//392 402//402 407//407
f 407//407 396//396 392//392
f 400//400 409//409 401//401
f 401//401 394//394 400//400
f 334//334 345//345 412//412
f 412//412 399//399 334//334
f 139//139 351//351 414//414
f 414//414 143//143 139//139
f 143//143 414//414 418//418
f 418//418 145//145 143//143
f 145//145 418//418 420//420
f 420//420 150//150 145//145
f 353//353 360//360 422//422
f 422//422 415//415 353//353
f 413//413 423//423 427//427
f 427//427 417//417 413//413
f 416//416 426//426 428//428
f 428//428 421//421 416//416
f 362//362 367//367 432//432
f 432//432 424//424 362//362
f 424//424 432//432 433//433
f 433//433 425//425 424//424
f 425//425 433//433 429//429
f 367//367 372//372 434//434
f 434//434 432//432 367//367
f 432//432 434//434 437//437
f 437//437 433//433 432//432
f 433//433 437//437 440//440
f 440//440 429//429 433//433
f 371//371 441//441 435//435
f 435//435 441//441 444//444
f 444//444 436//436 435//435
f 436//436 444//444 448//448
f 448//448 438//438 436//436
f 374//374 387//387 452//452
f 452//452 442//442 374//374
f 443//443 450//450 453//453
f 453//453 446//446 443//443
f 445//445 455//455 458//458
f 458//458 449//449 445//445
f 386//386 395//395 459//459
f 459//459 451//451 386//386
f 451//451 459//459 463//463
f 463//463 454//454 451//451
f 454//454 463//463 467//467
f 467//467 456//456 454//454
f 397//397 406//406 471//471
f 471//471 461//461 397//397
f 460//460 470//470 472//472
f 472//472 462//462 460//460
f 464//464 473//473 477//477
f 477//477 466//466 464//464
f 167//167 482//482 485//485
f 485//485 170//170 167//167
f 164//164 487//487 482//482
f 482//482 167//167 164//164
f 150//150 420//420 487//487
f 487//487 164//164 150//150
f 481//481 491//491 494//494
f 494//494 484//484 481//481
f 488//488 497//497 489//489
f 489//489 480//480 488//488
f 419//419 430//430 495//495
f 495//495 486//486 419//419
f 490//490 498//498 499//499
f 499//499 493//493 490//490
f 496//496 500//500 498//498
f 498//498 490//490 496//496
f 431//431 500//500 496//496
f 498//498 502//502 503//503
f 503//503 499//499 498//498
f 500//500 507//507 502//502
f 502//502 498//498 500//500
f 431//431 439//439 507//507
f 507//507 500//500 431//431
f 501//501 509//509 505//505
f 508//508 512//512 509//509
f 509//509 501//501 508//508
f 438//438 448//448 512//512
f 512//512 508//508 438//438
f 510//510 517//517 520//520
f 520//520 504//504 510//510
f 514//514 522//522 515//515
f 515//515 511//511 514//514
f 447//447 457//457 521//521
f 521//521 513//513 447//447
f 516//516 526//526 529//529
f 529//529 519//519 516//516
f 523//523 531//531 526//526
f 526//526 516//516 523//523
f 456//456 467//467 531//531
f 531//531 523//523 456//456
f 524//524 533//533 540//540
f 540//540 527//527 524//524
f 530//530 542//542 535//535
f 535//535 525//525 530//530
f 465//465 476//476 544//544
f 544//544 532//532 465//465
f 170//170 485//485 546//546
f 546//546 172//172 170//170
f 172//172 546//546 548//548
f 548//548 174//174 172//172
f 174//174 548//548 552//552
f 552//552 178//178 174//174
f 483//483 492//492 554//554
f 554//554 547//547 483//483
f 545//545 555//555 558//558
f 558//558 549//549 545//545
f 550//550 557//557 563//563
f 563//563 553//553 550//550
f 493//493 499//499 564//564
f 564//564 556//556 493//493
f 556//556 564//564 565//565
f 565//565 559//559 556//556
f 559//559 565//565 562//562
f 499//499 503//503 567//567
f 567//567 564//564 499//499
f 564//564 567//567 569//569
f 569//569 565//565 564//564
f 565//565 569//569 571//571
f 571//571 562//562 565//565
f 505//505 573//573 566//566
f 566//566 573//573 576//576
f 576//576 568//568 566//566
f 568//568 576//576 580//580
f 580//580 572//572 568//568
f 506//506 518//518 584//584
f 584//584 574//574 506//506
f 575//575 583//583 587//587
f 587//587 578//578 575//575
f 577//577 586//586 590//590
f 590//590 579//579 577//577
f 519//519 529//529 591//591
f 591//591 582//582 519//519
f 582//582 591//591 596//596
f 596//596 585//585 582//582
f 585//585 596//596 599//599
f 599//599 588//588 585//585
f 528//528 537//537 600//600
f 600//600 593//593 528//528
f 592//592 603//603 607//607
f 607//607 594//594 592//592
f 595//595 605//605 611//611
f 611//611 598//598 595//595
f 185//185 612//612 615//615
f 615//615 98//98 185//185
f 182//182 620//620 612//612
f 612//612 185//185 182//182
f 178//178 552//552 620//620
f 620//620 182//182 178//178
f 614//614 622//622 626//626
f 626//626 617//617 614//614
f 619//619 627//627 621//621
f 621//621 613//613 619//619
f 551//551 561//561 629//629
f 629//629 618//618 551//551
f 623//623 630//630 631//631
f 631//631 625//625 623//623
f 628//628 632//632 630//630
f 630//630 623//623 628//628
f 560//560 632//632 628//628
f 630//630 634//634 636//636
f 636//636 631//631 630//630
f 632//632 640//640 634//634
f 634//634 630//630 632//632
f 560//560 570//570 640//640
f 640//640 632//632 560//560
f 633//633 641//641 635//635
f 639//639 644//644 641//641
f 641//641 633//633 639//639
f 572//572 580//580 644//644
f 644//644 639//639 572//572
f 642//642 647//647 652//652
f 652//652 637//637 642//642
f 645//645 655//655 648//648
f 648//648 643//643 645//645
f 581//581 589//589 654//654
f 654//654 646//646 581//581
f 649//649 656//656 659//659
f 659//659 650//650 649//649
f 653//653 663//663 656//656
f 656//656 649//649 653//653
f 588//588 599//599 663//663
f 663//663 653//653 588//588
f 657//657 665//665 669//669
f 669//669 660//660 657//657
f 664//664 674//674 667//667
f 667//667 658//658 664//664
f 597//597 608//608 673//673
f 673//673 662//662 597//597
f 98//98 615//615 677//677
f 677//677 95//95 98//98
f 95//95 677//677 681//681
f 681//681 94//94 95//95
f 94//94 681//681 683//683
f 683//683 81//81 94//94
f 616//616 624//624 686//686
f 686//686 678//678 616//616
f 679//679 688//688 691//691
f 691//691 682//682 679//679
f 680//680 689//689 692//692
f 692//692 685//685 680//680
f 625//625 631//631 696//696
f 696//696 687//687 625//625
f 687//687 696//696 697//697
f 697//697 690//690 687//687
f 690//690 697//697 693//693
f 631//631 636//636 699//699
f 699//699 696//696 631//631
f 696//696 699//699 701//701
f 701//701 697//697 696//696
f 697//697 701//701 704//704
f 704//704 693//693 697//697
f 635//635 706//706 698//698
f 698//698 706//706 709//709
f 709//709 700//700 698//698
f 700//700 709//709 712//712
f 712//712 703//703 700//700
f 638//638 651//651 714//714
f 714//714 705//705 638//638
f 707//707 716//716 717//717
f 717//717 710//710 707//707
f 708//708 719//719 720//720
f 720//720 711//711 708//708
f 650//650 659//659 723//723
f 723//723 715//715 650//650
f 715//715 723//723 728//728
f 728//728 718//718 715//715
f 718//718 728//728 731//731
f 731//731 721//721 718//718
f 661//661 672//672 733//733
f 733//733 724//724 661//661
f 725//725 734//734 737//737
f 737//737 726//726 725//725
f 727//727 738//738 742//742
f 742//742 730//730 727//727
f 74//74 745//745 747//747
f 747//747 69//69 74//74
f 76//76 752//752 745//745
f 745//745 74//74 76//76
f 81//81 683//683 752//752
f 752//752 76//76 81//81
f 744//744 754//754 757//757
f 757//757 749//749 744//744
f 751//751 760//760 753//753
f 753//753 746//746 751//751
f 684//684 694//694 759//759
f 759//759 750//750 684//684
f 755//755 762//762 763//763
f 763//763 758//758 755//755
f 761//761 764//764 762//762
f 762//762 755//755 761//761
f 695//695 764//764 761//761
f 762//762 766//766 767//767
f 767//767 763//763 762//762
f 764//764 772//772 766//766
f 766//766 762//762 764//764
f 695//695 702//702 772//772
f 772//772 764//764 695//695
f 765//765 774//774 768//768
f 771//771 778//778 774//774
f 774//774 765//765 771//771
f 703//703 712//712 778//778
f 778//778 771//771 703//703
f 775//775 780//780 784//784
f 784//784 769//769 775//775
f 777//777 786//786 781//781
f 781//781 773//773 777//777
f 713//713 722//722 787//787
f 787//787 776//776 713//713
f 779//779 788//788 793//793
f 793//793 782//782 779//779
f 785//785 796//796 788//788
f 788//788 779//779 785//785
f 721//721 731//731 796//796
f 796//796 785//785 721//721
f 790//790 797//797 803//803
f 803//803 792//792 790//790
f 795//795 806//806 799//799
f 799//799 789//789 795//795
f 729//729 741//741 805//805
f 805//805 794//794 729//729
f 69//69 747//747 810//810
f 810//810 68//68 69//69
f 68//68 810//810 812//812
f 812//812 63//63 68//68
f 63//63 812//812 815//815
f 815//815 49//49 63//63
f 748//748 756//756 818//818
f 818//818 809//809 748//748
f 811//811 820//820 821//821
f 821//821 813//813 811//811
f 814//814 822//822 827//827
f 827//827 817//817 814//814
f 758//758 763//763 828//828
f 828//828 819//819 758//758
f 819//819 828//828 829//829
f 829//829 823//823 819//819
f 823//823 829//829 824//824
f 763//763 767//767 831//831
f 831//831 828//828 763//763
f 828//828 831//831 833//833
f 833//833 829//829 828//828
f 829//829 833//833 835//835
f 835//835 824//824 829//829
f 768//768 838//838 830//830
f 830//830 838//838 840//840
f 840//840 832//832 830//830
f 832//832 840//840 843//843
f 843//843 834//834 832//832
f 770//770 783//783 847//847
f 847//847 837//837 770//770
f 839//839 846//846 849//849
f 849//849 842//842 839//839
f 841//841 850//850 854//854
f 854//854 845//845 841//841
f 782//782 793//793 856//856
f 856//856 848//848 782//782
f 848//848 856//856 858//858
f 858//858 851//851 848//848
f 851//851 858//858 863//863
f 863//863 853//853 851//851
f 791//791 802//802 867//867
f 867//867 855//855 791//791
f 857//857 865//865 871//871
f 871//871 859//859 857//857
f 860//860 870//870 874//874
f 874//874 862//862 860//860
f 43//43 876//876 879//879
f 879//879 42//42 43//43
f 46//46 882//882 876//876
f 876//876 43//43 46//46
f 49//49 815//815 882//882
f 882//882 46//46 49//49
f 877//877 886//886 888//888
f 888//888 881//881 877//877
f 884//884 891//891 885//885
f 885//885 878//878 884//884
f 816//816 826//826 892//892
f 892//892 883//883 816//816
f 887//887 894//894 895//895
f 895//895 889//889 887//887
f 893//893 896//896 894//894
f 894//894 887//887 893//893
f 825//825 896//896 893//893
f 894//894 897//897 901//901
f 901//901 895//895 894//894
f 896//896 903//903 897//897
f 897//897 894//894 896//896
f 825//825 836//836 903//903
f 903//903 896//896 825//825
f 898//898 907//907 899//899
f 904//904 910//910 907//907
f 907//907 898//898 904//904
f 834//834 843//843 910//910
f 910//910 904//904 834//834
f 906//906 912//912 914//914
f 914//914 900//900 906//906
f 908//908 919//919 911//911
f 911//911 905//905 908//908
f 844//844 852//852 918//918
f 918//918 909//909 844//844
f 913//913 921//921 925//925
f 925//925 915//915 913//913
f 917//917 928//928 921//921
f 921//921 913//913 917//917
f 853//853 863//863 928//928
f 928//928 917//917 853//853
f 920//920 930//930 934//934
f 934//934 923//923 920//920
f 926//926 937//937 929//929
f 929//929 922//922 926//926
f 861//861 875//875 940//940
f 940//940 927//927 861//861
f 42//42 879//879 942//942
f 942//942 38//38 42//42
f 38//38 942//942 944//944
f 944//944 35//35 38//38
f 35//35 944//944 202//202
f 202//202 20//20 35//35
f 880//880 890//890 947//947
f 947//947 941//941 880//880
f 943//943 949//949 951//951
f 951//951 945//945 943//943
f 946//946 952//952 214//214
f 214//214 203//203 946//946
f 889//889 895//895 953//953
f 953//953 948//948 889//889
f 948//948 953//953 954//954
f 954//954 950//950 948//948
f 950//950 954//954 215//215
f 895//895 901//901 955//955
f 955//955 953//953 895//895
f 953//953 955//955 958//958
f 958//958 954//954 953//953
f 954//954 958//958 229//229
f 229//229 215//215 954//954
f 899//899 959//959 956//956
f 956//956 959//959 962//962
f 962//962 957//957 956//956
f 957//957 962//962 240//240
f 240//240 230//230 957//957
f 902//902 916//916 966//966
f 966//966 960//960 902//902
f 961//961 965//965 968//968
f 968//968 964//964 961//961
f 963//963 970//970 252//252
f 252//252 239//239 963//963
f 915//915 925//925 971//971
f 971//971 967//967 915//915
f 967//967 971//971 974//974
f 974//974 969//969 967//967
f 969//969 974//974 263//263
f 263//263 251//251 969//969
f 924//924 935//935 979//979
f 979//979 972//972 924//924
f 973//973 978//978 984//984
f 984//984 976//976 973//973
f 975//975 982//982 280//280
f 280//280 262//262 975//975
f 267//267 986//986 990//990
f 990//990 269//269 267//267
f 276//276 993//993 987//987
f 987//987 266//266 276//276
f 279//279 995//995 992//992
f 992//992 273//273 279//279
f 983//983 998//998 994//994
f 994//994 277//277 983//983
f 980//980 1001//1001 997//997
f 997//997 981//981 980//980
f 936//936 1005//1005 1002//1002
f 1002//1002 977//977 936//936
f 932//932 1008//1008 1004//1004
f 1004//1004 933//933 932//932
f 938//938 1011//1011 1007//1007
f 1007//1007 931//931 938//938
f 872//872 1014//1014 1010//1010
f 1010//1010 939//939 872//872
f 868//868 1016//1016 1013//1013
f 1013//1013 873//873 868//868
f 864//864 1020//1020 1015//1015
f 1015//1015 869//869 864//864
f 801//801 1021//1021 1018//1018
f 1018//1018 866//866 801//801
f 800//800 1026//1026 1022//1022
f 1022//1022 804//804 800//800
f 808//808 1029//1029 1025//1025
f 1025//1025 798//798 808//808
f 740//740 1030//1030 1027//1027
f 1027//1027 807//807 740//740
f 736//736 1034//1034 1032//1032
f 1032//1032 743//743 736//736
f 732//732 1037//1037 1035//1035
f 1035//1035 739//739 732//732
f 670//670 1040//1040 1038//1038
f 1038//1038 735//735 670//670
f 666//666 1044//1044 1039//1039
f 1039//1039 671//671 666//666
f 675//675 1046//1046 1043//1043
f 1043//1043 668//668 675//675
f 610//610 1050//1050 1045//1045
f 1045//1045 676//676 610//610
f 604//604 1051//1051 1049//1049
f 1049//1049 609//609 604//604
f 601//601 1055//1055 1052//1052
f 1052//1052 606//606 601//601
f 539//539 1058//1058 1054//1054
f 1054//1054 602//602 539//539
f 536//536 1061//1061 1059//1059
f 1059//1059 538//538 536//536
f 541//541 1064//1064 1062//1062
f 1062//1062 534//534 541//541
f 479//479 1068//1068 1063//1063
f 1063//1063 543//543 479//479
f 474//474 1071//1071 1066//1066
f 1066//1066 478//478 474//474
f 469//469 1073//1073 1069//1069
f 1069//1069 475//475 469//469
f 408//408 1077//1077 1072//1072
f 1072//1072 468//468 408//408
f 404//404 1079//1079 1075//1075
f 1075//1075 405//405 404//404
f 411//411 1081//1081 1078//1078
f 1078//1078 403//403 411//411
f 346//346 1084//1084 1083//1083
f 1083//1083 410//410 346//346
f 343//343 1088//1088 1086//1086
f 1086//1086 347//347 343//343
f 337//337 1092//1092 1089//1089
f 1089//1089 342//342 337//337
f 270//270 989//989 1091//1091
f 1091//1091 338//338 270//270
f 985//985 1093//1093 988//988
f 991//991 1093//1093 985//985
f 996//996 1093//1093 991//991
f 999//999 1093//1093 996//996
f 1000//1000 1093//1093 999//999
f 1003//1003 1093//1093 1000//1000
f 1006//1006 1093//1093 1003//1003
f 1009//1009 1093//1093 1006//1006
f 1012//1012 1093//1093 1009//1009
f 1017//1017 1093//1093 1012//1012
f 1019//1019 1093//1093 1017//1017
f 1023//1023 1093//1093 1019//1019
f 1024//1024 1093//1093 1023//1023
f 1028//1028 1093//1093 1024//1024
f 1031//1031 1093//1093 1028//1028
f 1033//1033 1093//1093 1031//1031
f 1036//1036 1093//1093 1033//1033
f 1041//1041 1093//1093 1036//1036
f 1042//1042 1093//1093 1041//1041
f 1047//1047 1093//1093 1042//1042
f 1048//1048 1093//1093 1047//1047
f 1053//1053 1093//1093 1048//1048
f 1056//1056 1093//1093 1053//1053
f 1057//1057 1093//1093 1056//1056
f 1060//1060 1093//1093 1057//1057
f 1065//1065 1093//1093 1060//1060
f 1067//1067 1093//1093 1065//1065
f 1070//1070 1093//1093 1067//1067
f 1074//1074 1093//1093 1070//1070
f 1076//1076 1093//1093 1074//1074
f 1080//1080 1093//1093 1076//1076
f 1082//1082 1093//1093 1080//1080
f 1085//1085 1093//1093 1082//1082
f 1087//1087 1093//1093 1085//1085
f 1090//1090 1093//1093 1087//1087
f 988//988 1093//1093 1090//1090
f 1094//1094 1098//1098 1097//1097
f 1093//1093 1100//1100 1099//1099
f 1094//1094 1104//1104 1103//1103
f 1093//1093 1106//1106 1105//1105
f 1093//1093 1107//1107 1106//1106
f 1093//1093 1109//1109 1108//1108
f 1093//1093 1110//1110 1109//1109
f 1093//1093 1114//1114 1113//1113
f 1093//1093 1115//1115 1114//1114
f 1093//1093 1117//1117 1116//1116
f 1093//1093 1118//1118 1117//1117
f 1096//1096 1122//1122 1120//1120
f 1120//1120 1095//1095 1096//1096
f 1093//1093 1096//1096 1095//1095
f 1101//1101 1125//1125 1100//1100
f 1100//1100 1093//1093 1101//1101
f 1102//1102 1126//1126 1125//1125
f 1125//1125 1101//1101 1102//1102
f 1107//1107 1131//1131 1130//1130
f 1130//1130 1106//1106 1107//1107
f 1108//1108 1132//1132 1131//1131
f 1131//1131 1107//1107 1108//1108
f 1109//1109 1133//1133 1132//1132
f 1132//1132 1108//1108 1109//1109
f 1110//1110 1135//1135 1133//1133
f 1133//1133 1109//1109 1110//1110
f 1115//1115 1139//1139 1138//1138
f 1138//1138 1114//1114 1115//1115
f 1120//1120 1143//1143 1142//1142
f 1142//1142 1118//1118 1120//1120
f 1123//1123 1147//1147 1146//1146
f 1146//1146 1122//1122 1123//1123
f 1093//1093 1102//1102 1101//1101
f 1093//1093 1108//1108 1107//1107
f 1094//1094 1112//1112 1111//1111
f 1093//1093 1116//1116 1115//1115
f 1095//1095 1120//1120 1118//1118
f 1118//1118 1093//1093 1095//1095
f 1099//1099 1123//1123 1122//1122
f 1122//1122 1096//1096 1099//1099
f 1100//1100 1124//1124 1123//1123
f 1123//1123 1099//1099 1100//1100
f 1125//1125 1149//1149 1124//1124
f 1124//1124 1100//1100 1125//1125
f 1130//1130 1153//1153 1152//1152
f 1152//1152 1129//1129 1130//1130
f 1132//1132 1156//1156 1155//1155
f 1155//1155 1131//1131 1132//1132
f 1135//1135 1158//1158 1157//1157
f 1157//1157 1133//1133 1135//1135
f 1137//1137 1159//1159 1158//1158
f 1158//1158 1135//1135 1137//1137
f 1140//1140 1164//1164 1162//1162
f 1162//1162 1139//1139 1140//1140
f 1142//1142 1166//1166 1165//1165
f 1165//1165 1141//1141 1142//1142
f 1143//1143 1167//1167 1166//1166
f 1166//1166 1142//1142 1143//1143
f 1104//1104 1128//1128 1127//1127
f 1127//1127 1103//1103 1104//1104
f 1106//1106 1130//1130 1129//1129
f 1129//1129 1105//1105 1106//1106
f 1112//1112 1136//1136 1134//1134
f 1134//1134 1111//1111 1112//1112
f 1114//1114 1138//1138 1137//1137
f 1137//1137 1113//1113 1114//1114
f 1116//1116 1140//1140 1139//1139
f 1139//1139 1115//1115 1116//1116
f 1117//1117 1141//1141 1140//1140
f 1140//1140 1116//1116 1117//1117
f 1118//1118 1142//1142 1141//1141
f 1141//1141 1117//1117 1118//1118
f 1121//1121 1145//1145 1144//1144
f 1144//1144 1119//1119 1121//1121
f 1124//1124 1148//1148 1147//1147
f 1147//1147 1123//1123 1124//1124
f 1150//1150 1174//1174 1173//1173
f 1173//1173 1149//1149 1150//1150
f 1154//1154 1178//1178 1175//1175
f 1175//1175 1151//1151 1154//1154
f 1155//1155 1179//1179 1177//1177
f 1177//1177 1153//1153 1155//1155
f 1156//1156 1180//1180 1179//1179
f 1179//1179 1155//1155 1156//1156
f 1157//1157 1181//1181 1180//1180
f 1180//1180 1156//1156 1157//1157
f 1165//1165 1189//1189 1188//1188
f 1188//1188 1164//1164 1165//1165
f 1167//1167 1191//1191 1190//1190
f 1190//1190 1166//1166 1167//1167
f 1169//1169 1193//1193 1191//1191
f 1191//1191 1167//1167 1169//1169
f 1172//1172 1196//1196 1195//1195
f 1195//1195 1171//1171 1172//1172
f 1126//1126 1150//1150 1149//1149
f 1149//1149 1125//1125 1126//1126
f 1129//1129 1152//1152 1150//1150
f 1150//1150 1126//1126 1129//1129
f 1131//1131 1155//1155 1153//1153
f 1153//1153 1130//1130 1131//1131
f 1133//1133 1157//1157 1156//1156
f 1156//1156 1132//1132 1133//1133
f 1138//1138 1160//1160 1159//1159
f 1159//1159 1137//1137 1138//1138
f 1139//1139 1162//1162 1160//1160
f 1160//1160 1138//1138 1139//1139
f 1141//1141 1165//1165 1164//1164
f 1164//1164 1140//1140 1141//1141
f 1146//1146 1169//1169 1167//1167
f 1167//1167 1143//1143 1146//1146
f 1147//1147 1171//1171 1169//1169
f 1169//1169 1146//1146 1147//1147
f 1148//1148 1172//1172 1171//1171
f 1171//1171 1147//1147 1148//1148
f 1173//1173 1197//1197 1172//1172
f 1172//1172 1148//1148 1173//1173
f 1174//1174 1198//1198 1197//1197
f 1197//1197 1173//1173 1174//1174
f 1181//1181 1205//1205 1204//1204
f 1204//1204 1180//1180 1181//1181
f 1182//1182 1206//1206 1205//1205
f 1205//1205 1181//1181 1182//1182
f 1187//1187 1209//1209 1208//1208
f 1208//1208 1185//1185 1187//1187
f 1190//1190 1214//1214 1213//1213
f 1213//1213 1189//1189 1190//1190
f 1193//1193 1216//1216 1215//1215
f 1215//1215 1191//1191 1193//1193
f 1195//1195 1217//1217 1216//1216
f 1216//1216 1193//1193 1195//1195
f 1149//1149 1173//1173 1148//1148
f 1148//1148 1124//1124 1149//1149
f 1152//1152 1176//1176 1174//1174
f 1174//1174 1150//1150 1152//1152
f 1158//1158 1182//1182 1181//1181
f 1181//1181 1157//1157 1158//1158
f 1159//1159 1183//1183 1182//1182
f 1182//1182 1158//1158 1159//1159
f 1160//1160 1185//1185 1183//1183
f 1183//1183 1159//1159 1160//1160
f 1163//1163 1186//1186 1184//1184
f 1184//1184 1161//1161 1163//1163
f 1164//1164 1188//1188 1187//1187
f 1187//1187 1162//1162 1164//1164
f 1166//1166 1190//1190 1189//1189
f 1189//1189 1165//1165 1166//1166
f 1170//1170 1194//1194 1192//1192
f 1192//1192 1168//1168 1170//1170
f 1197//1197 1220//1220 1196//1196
f 1196//1196 1172//1172 1197//1197
f 1198//1198 1221//1221 1220//1220
f 1220//1220 1197//1197 1198//1198
f 1199//1199 1222//1222 1221//1221
f 1221//1221 1198//1198 1199//1199
f 1203//1203 1227//1227 1225//1225
f 1225//1225 1202//1202 1203//1203
f 1205//1205 1228//1228 1226//1226
f 1226//1226 1204//1204 1205//1205
f 1176//1176 1199//1199 1198//1198
f 1198//1198 1174//1174 1176//1176
f 1177//1177 1200//1200 1199//1199
f 1199//1199 1176//1176 1177//1177
f 1179//1179 1201//1201 1200//1200
f 1200//1200 1177//1177 1179//1179
f 1180//1180 1204//1204 1201//1201
f 1201//1201 1179//1179 1180//1180
f 1183//1183 1207//1207 1206//1206
f 1206//1206 1182//1182 1183//1183
f 1185//1185 1208//1208 1207//1207
f 1207//1207 1183//1183 1185//1185
f 1188//1188 1212//1212 1209//1209
f 1209//1209 1187//1187 1188//1188
f 1189//1189 1213//1213 1212//1212
f 1212//1212 1188//1188 1189//1189
f 1191//1191 1215//1215 1214//1214
f 1214//1214 1190//1190 1191//1191
f 1196//1196 1219//1219 1217//1217
f 1217//1217 1195//1195 1196//1196
f 1220//1220 1243//1243 1219//1219
f 1219//1219 1196//1196 1220//1220
f 1222//1222 1246//1246 1245//1245
f 1245//1245 1221//1221 1222//1222
f 1224//1224 1248//1248 1247//1247
f 1247//1247 1223//1223 1224//1224
f 1230//1230 1254//1254 1253//1253
f 1253//1253 1229//1229 1230//1230
f 1231//1231 1255//1255 1254//1254
f 1254//1254 1230//1230 1231//1231
f 1233//1233 1256//1256 1255//1255
f 1255//1255 1231//1231 1233//1233
f 1238//1238 1262//1262 1261//1261
f 1261//1261 1237//1237 1238//1238
f 1240//1240 1264//1264 1263//1263
f 1263//1263 1239//1239 1240//1240
f 1200//1200 1223//1223 1222//1222
f 1222//1222 1199//1199 1200//1200
f 1201//1201 1224//1224 1223//1223
f 1223//1223 1200//1200 1201//1201
f 1206//1206 1229//1229 1228//1228
f 1228//1228 1205//1205 1206//1206
f 1207//1207 1230//1230 1229//1229
f 1229//1229 1206//1206 1207//1207
f 1208//1208 1231//1231 1230//1230
f 1230//1230 1207//1207 1208//1208
f 1209//1209 1233//1233 1231//1231
f 1231//1231 1208//1208 1209//1209
f 1211//1211 1234//1234 1232//1232
f 1232//1232 1210//1210 1211//1211
f 1213//1213 1236//1236 1235//1235
f 1235//1235 1212//1212 1213//1213
f 1214//1214 1237//1237 1236//1236
f 1236//1236 1213//1213 1214//1214
f 1215//1215 1238//1238 1237//1237
f 1237//1237 1214//1214 1215//1215
f 1216//1216 1239//1239 1238//1238
f 1238//1238 1215//1215 1216//1216
f 1217//1217 1240//1240 1239//1239
f 1239//1239 1216//1216 1217//1217
f 1219//1219 1242//1242 1240//1240
f 1240//1240 1217//1217 1219//1219
f 1244//1244 1266//1266 1241//1241
f 1241//1241 1218//1218 1244//1244
f 1245//1245 1268//1268 1267//1267
f 1267//1267 1243//1243 1245//1245
f 1246//1246 1269//1269 1268//1268
f 1268//1268 1245//1245 1246//1246
f 1247//1247 1270//1270 1269//1269
f 1269//1269 1246//1246 1247//1247
f 1248//1248 1271//1271 1270//1270
f 1270//1270 1247//1247 1248//1248
f 1263//1263 1286//1286 1285//1285
f 1285//1285 1262//1262 1263//1263
f 1264//1264 1287//1287 1286//1286
f 1286//1286 1263//1263 1264//1264
f 1221//1221 1245//1245 1243//1243
f 1243//1243 1220//1220 1221//1221
f 1223//1223 1247//1247 1246//1246
f 1246//1246 1222//1222 1223//1223
f 1226//1226 1249//1249 1248//1248
f 1248//1248 1224//1224 1226//1226
f 1228//1228 1252//1252 1249//1249
f 1249//1249 1226//1226 1228//1228
f 1229//1229 1253//1253 1252//1252
f 1252//1252 1228//1228 1229//1229
f 1235//1235 1258//1258 1256//1256
f 1256//1256 1233//1233 1235//1235
f 1236//1236 1259//1259 1258//1258
f 1258//1258 1235//1235 1236//1236
f 1237//1237 1261//1261 1259//1259
f 1259//1259 1236//1236 1237//1237
f 1239//1239 1263//1263 1262//1262
f 1262//1262 1238//1238 1239//1239
f 1242//1242 1265//1265 1264//1264
f 1264//1264 1240//1240 1242//1242
f 1267//1267 1289//1289 1265//1265
f 1265//1265 1242//1242 1267//1267
f 1270//1270 1294//1294 1293//1293
f 1293//1293 1269//1269 1270//1270
f 1271//1271 1295//1295 1294//1294
f 1294//1294 1270//1270 1271//1271
f 1273//1273 1296//1296 1295//1295
f 1295//1295 1271//1271 1273//1273
f 1274//1274 1297//1297 1296//1296
f 1296//1296 1273//1273 1274//1274
f 1285//1285 1309//1309 1306//1306
f 1306//1306 1284//1284 1285//1285
f 1286//1286 1310//1310 1309//1309
f 1309//1309 1285//1285 1286//1286
f 1287//1287 1311//1311 1310//1310
f 1310//1310 1286//1286 1287//1287
f 1288//1288 1312//1312 1311//1311
f 1311//1311 1287//1287 1288//1288
f 1249//1249 1273//1273 1271//1271
f 1271//1271 1248//1248 1249//1249
f 1251//1251 1275//1275 1272//1272
f 1272//1272 1250//1250 1251//1251
f 1253//1253 1276//1276 1274//1274
f 1274//1274 1252//1252 1253//1253
f 1254//1254 1277//1277 1276//1276
f 1276//1276 1253//1253 1254//1254
f 1255//1255 1278//1278 1277//1277
f 1277//1277 1254//1254 1255//1255
f 1256//1256 1279//1279 1278//1278
f 1278//1278 1255//1255 1256//1256
f 1258//1258 1281//1281 1279//1279
f 1279//1279 1256//1256 1258//1258
f 1260//1260 1283//1283 1280//1280
f 1280//1280 1257//1257 1260//1260
f 1261//1261 1284//1284 1282//1282
f 1282//1282 1259//1259 1261//1261
f 1262//1262 1285//1285 1284//1284
f 1284//1284 1261//1261 1262//1262
f 1265//1265 1288//1288 1287//1287
f 1287//1287 1264//1264 1265//1265
f 1289//1289 1314//1314 1288//1288
f 1288//1288 1265//1265 1289//1289
f 1293//1293 1317//1317 1316//1316
f 1316//1316 1291//1291 1293//1293
f 1301//1301 1325//1325 1324//1324
f 1324//1324 1299//1299 1301//1301
f 1304//1304 1328//1328 1327//1327
f 1327//1327 1303//1303 1304//1304
f 1305//1305 1329//1329 1328//1328
f 1328//1328 1304//1304 1305//1305
f 1308//1308 1332//1332 1330//1330
f 1330//1330 1307//1307 1308//1308
f 1310//1310 1334//1334 1333//1333
f 1333//1333 1309//1309 1310//1310
f 1311//1311 1335//1335 1334//1334
f 1334//1334 1310//1310 1311//1311
f 1268//1268 1291//1291 1289//1289
f 1289//1289 1267//1267 1268//1268
f 1269//1269 1293//1293 1291//1291
f 1291//1291 1268//1268 1269//1269
f 1276//1276 1299//1299 1297//1297
f 1297//1297 1274//1274 1276//1276
f 1277//1277 1301//1301 1299//1299
f 1299//1299 1276//1276 1277//1277
f 1278//1278 1302//1302 1301//1301
f 1301//1301 1277//1277 1278//1278
f 1279//1279 1303//1303 1302//1302
f 1302//1302 1278//1278 1279//1279
f 1281//1281 1304//1304 1303//1303
f 1303//1303 1279//1279 1281//1281
f 1282//1282 1305//1305 1304//1304
f 1304//1304 1281//1281 1282//1282
f 1284//1284 1306//1306 1305//1305
f 1305//1305 1282//1282 1284//1284
f 1314//1314 1337//1337 1312//1312
f 1312//1312 1288//1288 1314//1314
f 1318//1318 1342//1342 1341//1341
f 1341//1341 1317//1317 1318//1318
f 1319//1319 1343//1343 1342//1342
f 1342//1342 1318//1318 1319//1319
f 1320//1320 1344//1344 1343//1343
f 1343//1343 1319//1319 1320//1320
f 1322//1322 1345//1345 1344//1344
f 1344//1344 1320//1320 1322//1322
f 1324//1324 1346//1346 1345//1345
f 1345//1345 1322//1322 1324//1324
f 1325//1325 1347//1347 1346//1346
f 1346//1346 1324//1324 1325//1325
f 1326//1326 1349//1349 1347//1347
f 1347//1347 1325//1325 1326//1326
f 1329//1329 1353//1353 1352//1352
f 1352//1352 1328//1328 1329//1329
f 1331//1331 1354//1354 1353//1353
f 1353//1353 1329//1329 1331//1331
f 1334//1334 1358//1358 1355//1355
f 1355//1355 1333//1333 1334//1334
f 1335//1335 1359//1359 1358//1358
f 1358//1358 1334//1334 1335//1335
f 1336//1336 1360//1360 1359//1359
f 1359//1359 1335//1335 1336//1336
f 1292//1292 1315//1315 1313//1313
f 1313//1313 1290//1290 1292//1292
f 1294//1294 1318//1318 1317//1317
f 1317//1317 1293//1293 1294//1294
f 1295//1295 1319//1319 1318//1318
f 1318//1318 1294//1294 1295//1295
f 1296//1296 1320//1320 1319//1319
f 1319//1319 1295//1295 1296//1296
f 1297//1297 1322//1322 1320//1320
f 1320//1320 1296//1296 1297//1297
f 1300//1300 1323//1323 1321//1321
f 1321//1321 1298//1298 1300//1300
f 1302//1302 1326//1326 1325//1325
f 1325//1325 1301//1301 1302//1302
f 1303//1303 1327//1327 1326//1326
f 1326//1326 1302//1302 1303//1303
f 1306//1306 1331//1331 1329//1329
f 1329//1329 1305//1305 1306//1306
f 1312//1312 1336//1336 1335//1335
f 1335//1335 1311//1311 1312//1312
f 1337//1337 1361//1361 1336//1336
f 1336//1336 1312//1312 1337//1337
f 1338//1338 1363//1363 1361//1361
f 1361//1361 1337//1337 1338//1338
f 1343//1343 1367//1367 1366//1366
f 1366//1366 1342//1342 1343//1343
f 1344//1344 1368//1368 1367//1367
f 1367//1367 1343//1343 1344//1344
f 1345//1345 1369//1369 1368//1368
f 1368//1368 1344//1344 1345//1345
f 1346//1346 1370//1370 1369//1369
f 1369//1369 1345//1345 1346//1346
f 1347//1347 1371//1371 1370//1370
f 1370//1370 1346//1346 1347//1347
f 1351//1351 1375//1375 1374//1374
f 1374//1374 1349//1349 1351//1351
f 1352//1352 1376//1376 1375//1375
f 1375//1375 1351//1351 1352//1352
f 1353//1353 1377//1377 1376//1376
f 1376//1376 1352//1352 1353//1353
f 1355//1355 1380//1380 1378//1378
f 1378//1378 1354//1354 1355//1355
f 1359//1359 1383//1383 1381//1381
f 1381//1381 1358//1358 1359//1359
f 1360//1360 1384//1384 1383//1383
f 1383//1383 1359//1359 1360//1360
f 1316//1316 1338//1338 1337//1337
f 1337//1337 1314//1314 1316//1316
f 1317//1317 1341//1341 1338//1338
f 1338//1338 1316//1316 1317//1317
f 1327//1327 1351//1351 1349//1349
f 1349//1349 1326//1326 1327//1327
f 1328//1328 1352//1352 1351//1351
f 1351//1351 1327//1327 1328//1328
f 1333//1333 1355//1355 1354//1354
f 1354//1354 1331//1331 1333//1333
f 1363//1363 1386//1386 1385//1385
f 1385//1385 1361//1361 1363//1363
f 1366//1366 1388//1388 1387//1387
f 1387//1387 1365//1365 1366//1366
f 1367//1367 1391//1391 1388//1388
f 1388//1388 1366//1366 1367//1367
f 1370//1370 1394//1394 1393//1393
f 1393//1393 1369//1369 1370//1370
f 1371//1371 1395//1395 1394//1394
f 1394//1394 1370//1370 1371//1371
f 1374//1374 1396//1396 1395//1395
f 1395//1395 1371//1371 1374//1374
f 1375//1375 1399//1399 1396//1396
f 1396//1396 1374//1374 1375//1375
f 1378//1378 1402//1402 1401//1401
f 1401//1401 1377//1377 1378//1378
f 1381//1381 1404//1404 1403//1403
f 1403//1403 1380//1380 1381//1381
f 1384//1384 1407//1407 1405//1405
f 1405//1405 1383//1383 1384//1384
f 1340//1340 1364//1364 1362//1362
f 1362//1362 1339//1339 1340//1340
f 1342//1342 1366//1366 1365//1365
f 1365//1365 1341//1341 1342//1342
f 1350//1350 1373//1373 1372//1372
f 1372//1372 1348//1348 1350//1350
f 1354//1354 1378//1378 1377//1377
f 1377//1377 1353//1353 1354//1354
f 1357//1357 1382//1382 1379//1379
f 1379//1379 1356//1356 1357//1357
f 1386//1386 1410//1410 1409//1409
f 1409//1409 1385//1385 1386//1386
f 1392//1392 1416//1416 1414//1414
f 1414//1414 1391//1391 1392//1392
f 1393//1393 1417//1417 1416//1416
f 1416//1416 1392//1392 1393//1393
f 1396//1396 1420//1420 1419//1419
f 1419//1419 1395//1395 1396//1396
f 1402//1402 1426//1426 1425//1425
f 1425//1425 1401//1401 1402//1402
f 1405//1405 1429//1429 1428//1428
f 1428//1428 1404//1404 1405//1405
f 1361//1361 1385//1385 1360//1360
f 1360//1360 1336//1336 1361//1361
f 1365//1365 1387//1387 1386//1386
f 1386//1386 1363//1363 1365//1365
f 1368//1368 1392//1392 1391//1391
f 1391//1391 1367//1367 1368//1368
f 1369//1369 1393//1393 1392//1392
f 1392//1392 1368//1368 1369//1369
f 1376//1376 1400//1400 1399//1399
f 1399//1399 1375//1375 1376//1376
f 1377//1377 1401//1401 1400//1400
f 1400//1400 1376//1376 1377//1377
f 1380//1380 1403//1403 1402//1402
f 1402//1402 1378//1378 1380//1380
f 1383//1383 1405//1405 1404//1404
f 1404//1404 1381//1381 1383//1383
f 1410//1410 1436//1436 1435//1435
f 1435//1435 1409//1409 1410//1410
f 1411//1411 1437//1437 1436//1436
f 1436//1436 1410//1410 1411//1411
f 1414//1414 1440//1440 1438//1438
f 1438//1438 1412//1412 1414//1414
f 1418//1418 1444//1444 1443//1443
f 1443//1443 1417//1417 1418//1418
f 1419//1419 1445//1445 1444//1444
f 1444//1444 1418//1418 1419//1419
f 1423//1423 1447//1447 1446//1446
f 1446//1446 1420//1420 1423//1423
f 1426//1426 1452//1452 1451//1451
f 1451//1451 1425//1425 1426//1426
f 1427//1427 1458//1458 1452//1452
f 1452//1452 1426//1426 1427//1427
f 1428//1428 1460//1460 1458//1458
f 1458//1458 1427//1427 1428//1428
f 1429//1429 1465//1465 1460//1460
f 1460//1460 1428//1428 1429//1429
f 1434//1434 1475//1475 1465//1465
f 1465//1465 1429//1429 1434//1434
f 1385//1385 1409//1409 1384//1384
f 1384//1384 1360//1360 1385//1385
f 1387//1387 1411//1411 1410//1410
f 1410//1410 1386//1386 1387//1387
f 1388//1388 1412//1412 1411//1411
f 1411//1411 1387//1387 1388//1388
f 1390//1390 1415//1415 1413//1413
f 1413//1413 1389//1389 1390//1390
f 1394//1394 1418//1418 1417//1417
f 1417//1417 1393//1393 1394//1394
f 1395//1395 1419//1419 1418//1418
f 1418//1418 1394//1394 1395//1395
f 1398//1398 1422//1422 1421//1421
f 1421//1421 1397//1397 1398//1398
f 1400//1400 1424//1424 1423//1423
f 1423//1423 1399//1399 1400//1400
f 1401//1401 1425//1425 1424//1424
f 1424//1424 1400//1400 1401//1401
f 1403//1403 1427//1427 1426//1426
f 1426//1426 1402//1402 1403//1403
f 1404//1404 1428//1428 1427//1427
f 1427//1427 1403//1403 1404//1404
f 1408//1408 1431//1431 1430//1430
f 1430//1430 1406//1406 1408//1408
f 1438//1438 1495//1495 1490//1490
f 1490//1490 1437//1437 1438//1438
f 1441//1441 1507//1507 1498//1498
f 1498//1498 1439//1439 1441//1441
f 1443//1443 1513//1513 1508//1508
f 1508//1508 1442//1442 1443//1443
f 1444//1444 1517//1517 1513//1513
f 1513//1513 1443//1443 1444//1444
f 1445//1445 1523//1523 1517//1517
f 1517//1517 1444//1444 1445//1445
f 1450//1450 1541//1541 1539//1539
f 1539//1539 1448//1448 1450//1450
f 1455//1455 1554//1554 1550//1550
f 1550//1550 1454//1454 1455//1455
f 1461//1461 1557//1557 1553//1553
f 1553//1553 1457//1457 1461//1461
f 1469//1469 1564//1564 1558//1558
f 1558//1558 1464//1464 1469//1469
f 1471//1471 1565//1565 1563//1563
f 1563//1563 1468//1468 1471//1471
f 1409//1409 1435//1435 1407//1407
f 1407//1407 1384//1384 1409//1409
f 1412//1412 1438//1438 1437//1437
f 1437//1437 1411//1411 1412//1412
f 1416//1416 1442//1442 1440//1440
f 1440//1440 1414//1414 1416//1416
f 1417//1417 1443//1443 1442//1442
f 1442//1442 1416//1416 1417//1417
f 1420//1420 1446//1446 1445//1445
f 1445//1445 1419//1419 1420//1420
f 1424//1424 1449//1449 1447//1447
f 1447//1447 1423//1423 1424//1424
f 1425//1425 1451//1451 1449//1449
f 1449//1449 1424//1424 1425//1425
f 1480//1480 1570//1570 1470//1470
f 1470//1470 1433//1433 1480//1480
f 1483//1483 1574//1574 1569//1569
f 1569//1569 1479//1479 1483//1483
f 1491//1491 1578//1578 1576//1576
f 1576//1576 1482//1482 1491//1491
f 1494//1494 1582//1582 1577//1577
f 1577//1577 1487//1487 1494//1494
f 1500//1500 1587//1587 1584//1584
f 1584//1584 1493//1493 1500//1500
f 1504//1504 1592//1592 1588//1588
f 1588//1588 1499//1499 1504//1504
f 1511//1511 1593//1593 1589//1589
f 1589//1589 1505//1505 1511//1511
f 1515//1515 1598//1598 1595//1595
f 1595//1595 1512//1512 1515//1515
f 1522//1522 1604//1604 1600//1600
f 1600//1600 1514//1514 1522//1522
f 1527//1527 1605//1605 1603//1603
f 1603//1603 1520//1520 1527//1527
f 1530//1530 1612//1612 1606//1606
f 1606//1606 1526//1526 1530//1530
f 1538//1538 1616//1616 1609//1609
f 1609//1609 1532//1532 1538//1538
f 1542//1542 1617//1617 1613//1613
f 1613//1613 1536//1536 1542//1542
f 1548//1548 1621//1621 1620//1620
f 1620//1620 1543//1543 1548//1548
f 1556//1556 1627//1627 1622//1622
f 1622//1622 1546//1546 1556//1556
f 1559//1559 1628//1628 1625//1625
f 1625//1625 1555//1555 1559//1559
f 1562//1562 1633//1633 1629//1629
f 1629//1629 1560//1560 1562//1562
f 1566//1566 1634//1634 1631//1631
f 1631//1631 1561//1561 1566//1566
f 1435//1435 1481//1481 1434//1434
f 1434//1434 1407//1407 1435//1435
f 1436//1436 1484//1484 1481//1481
f 1481//1481 1435//1435 1436//1436
f 1437//1437 1490//1490 1484//1484
f 1484//1484 1436//1436 1437//1437
f 1440//1440 1497//1497 1495//1495
f 1495//1495 1438//1438 1440//1440
f 1446//1446 1525//1525 1523//1523
f 1523//1523 1445//1445 1446//1446
f 1447//1447 1531//1531 1525//1525
f 1525//1525 1446//1446 1447//1447
f 1449//1449 1537//1537 1531//1531
f 1531//1531 1447//1447 1449//1449
f 1452//1452 1547//1547 1544//1544
f 1544//1544 1451//1451 1452//1452
f 1459//1459 1636//1636 1551//1551
f 1551//1551 1453//1453 1459//1459
f 1462//1462 1641//1641 1637//1637
f 1637//1637 1456//1456 1462//1462
f 1466//1466 1646//1646 1640//1640
f 1640//1640 1463//1463 1466//1466
f 1476//1476 1648//1648 1644//1644
f 1644//1644 1467//1467 1476//1476
f 1572//1572 1653//1653 1651//1651
f 1651//1651 1474//1474 1572//1572
f 1575//1575 1655//1655 1652//1652
f 1652//1652 1571//1571 1575//1575
f 1580//1580 1658//1658 1656//1656
f 1656//1656 1573//1573 1580//1580
f 1583//1583 1660//1660 1657//1657
f 1657//1657 1579//1579 1583//1583
f 1586//1586 1661//1661 1659//1659
f 1659//1659 1581//1581 1586//1586
f 1591//1591 1664//1664 1662//1662
f 1662//1662 1585//1585 1591//1591
f 1594//1594 1667//1667 1663//1663
f 1663//1663 1590//1590 1594//1594
f 1597//1597 1671//1671 1665//1665
f 1665//1665 1596//1596 1597//1597
f 1601//1601 1673//1673 1670//1670
f 1670//1670 1599//1599 1601//1601
f 1608//1608 1678//1678 1675//1675
f 1675//1675 1602//1602 1608//1608
f 1611//1611 1680//1680 1676//1676
f 1676//1676 1607//1607 1611//1611
f 1614//1614 1682//1682 1679//1679
f 1679//1679 1610//1610 1614//1614
f 1619//1619 1686//1686 1683//1683
f 1683//1683 1615//1615 1619//1619
f 1623//1623 1688//1688 1685//1685
f 1685//1685 1618//1618 1623//1623
f 1626//1626 1689//1689 1687//1687
f 1687//1687 1624//1624 1626//1626
f 1628//1628 1691//1691 1690//1690
f 1690//1690 1625//1625 1628//1628
f 1632//1632 1694//1694 1692//1692
f 1692//1692 1630//1630 1632//1632
f 1634//1634 1696//1696 1693//1693
f 1693//1693 1631//1631 1634//1634
f 1477//1477 1698//1698 1473//1473
f 1473//1473 1432//1432 1477//1477
f 1486//1486 1704//1704 1700//1700
f 1700//1700 1478//1478 1486//1486
f 1489//1489 1706//1706 1702//1702
f 1702//1702 1485//1485 1489//1489
f 1492//1492 1711//1711 1707//1707
f 1707//1707 1488//1488 1492//1492
f 1501//1501 1715//1715 1710//1710
f 1710//1710 1496//1496 1501//1501
f 1506//1506 1720//1720 1713//1713
f 1713//1713 1502//1502 1506//1506
f 1510//1510 1724//1724 1717//1717
f 1717//1717 1503//1503 1510//1510
f 1516//1516 1727//1727 1723//1723
f 1723//1723 1509//1509 1516//1516
f 1519//1519 1732//1732 1726//1726
f 1726//1726 1518//1518 1519//1519
f 1524//1524 1735//1735 1729//1729
f 1729//1729 1521//1521 1524//1524
f 1533//1533 1738//1738 1736//1736
f 1736//1736 1528//1528 1533//1533
f 1534//1534 1743//1743 1740//1740
f 1740//1740 1529//1529 1534//1534
f 1540//1540 1747//1747 1741//1741
f 1741//1741 1535//1535 1540//1540
f 1552//1552 1751//1751 1748//1748
f 1748//1748 1545//1545 1552//1552
f 1638//1638 1755//1755 1752//1752
f 1752//1752 1549//1549 1638//1638
f 1642//1642 1756//1756 1754//1754
f 1754//1754 1639//1639 1642//1642
f 1647//1647 1761//1761 1757//1757
f 1757//1757 1643//1643 1647//1647
f 1650//1650 1763//1763 1760//1760
f 1760//1760 1645//1645 1650//1650
f 1654//1654 1764//1764 1762//1762
f 1762//1762 1649//1649 1654//1654
f 1655//1655 1766//1766 1765//1765
f 1765//1765 1652//1652 1655//1655
f 1658//1658 1768//1768 1767//1767
f 1767//1767 1656//1656 1658//1658
f 1660//1660 1771//1771 1769//1769
f 1769//1769 1657//1657 1660//1660
f 1661//1661 1775//1775 1770//1770
f 1770//1770 1659//1659 1661//1661
f 1664//1664 1776//1776 1773//1773
f 1773//1773 1662//1662 1664//1664
f 1667//1667 1779//1779 1777//1777
f 1777//1777 1663//1663 1667//1667
f 1669//1669 1780//1780 1778//1778
f 1778//1778 1666//1666 1669//1669
f 1672//1672 1782//1782 1781//1781
f 1781//1781 1668//1668 1672//1672
f 1677//1677 1784//1784 1783//1783
f 1783//1783 1674//1674 1677//1677
f 1680//1680 1786//1786 1785//1785
f 1785//1785 1676//1676 1680//1680
f 1684//1684 1788//1788 1787//1787
f 1787//1787 1681//1681 1684//1684
f 1686//1686 1793//1793 1789//1789
f 1789//1789 1683//1683 1686//1686
f 1688//1688 1794//1794 1792//1792
f 1792//1792 1685//1685 1688//1688
f 1689//1689 1797//1797 1795//1795
f 1795//1795 1687//1687 1689//1689
f 1691//1691 1798//1798 1796//1796
f 1796//1796 1690//1690 1691//1691
f 1694//1694 1800//1800 1799//1799
f 1799//1799 1692//1692 1694//1694
f 1696//1696 1804//1804 1802//1802
f 1802//1802 1693//1693 1696//1696
f 1699//1699 1810//1810 1568//1568
f 1568//1568 1472//1472 1699//1699
f 1703//1703 1811//1811 1808//1808
f 1808//1808 1697//1697 1703//1703
f 1705//1705 1815//1815 1812//1812
f 1812//1812 1701//1701 1705//1705
f 1712//1712 1818//1818 1816//1816
f 1816//1816 1708//1708 1712//1712
f 1714//1714 1824//1824 1820//1820
f 1820//1820 1709//1709 1714//1714
f 1718//1718 1827//1827 1823//1823
f 1823//1823 1716//1716 1718//1718
f 1721//1721 1828//1828 1825//1825
f 1825//1825 1719//1719 1721//1721
f 1728//1728 1832//1832 1830//1830
f 1830//1830 1722//1722 1728//1728
f 1730//1730 1835//1835 1831//1831
f 1831//1831 1725//1725 1730//1730
f 1733//1733 1841//1841 1837//1837
f 1837//1837 1731//1731 1733//1733
f 1739//1739 1842//1842 1839//1839
f 1839//1839 1734//1734 1739//1739
f 1744//1744 1847//1847 1844//1844
f 1844//1844 1737//1737 1744//1744
f 1745//1745 1849//1849 1845//1845
f 1845//1845 1742//1742 1745//1745
f 1749//1749 1851//1851 1848//1848
f 1848//1848 1746//1746 1749//1749
f 1753//1753 1852//1852 1850//1850
f 1850//1850 1750//1750 1753//1753
f 1756//1756 1854//1854 1853//1853
f 1853//1853 1754//1754 1756//1756
f 1759//1759 1856//1856 1855//1855
f 1855//1855 1758//1758 1759//1759
f 1763//1763 1858//1858 1857//1857
f 1857//1857 1760//1760 1763//1763
f 1764//1764 1860//1860 1859//1859
f 1859//1859 1762//1762 1764//1764
f 1766//1766 1863//1863 1861//1861
f 1861//1861 1765//1765 1766//1766
f 1768//1768 1864//1864 1862//1862
f 1862//1862 1767//1767 1768//1768
f 1771//1771 1866//1866 1865//1865
f 1865//1865 1769//1769 1771//1771
f 1774//1774 1869//1869 1867//1867
f 1867//1867 1772//1772 1774//1774
f 1776//1776 1870//1870 1868//1868
f 1868//1868 1773//1773 1776//1776
f 1779//1779 1872//1872 1871//1871
f 1871//1871 1777//1777 1779//1779
f 1780//1780 1875//1875 1873//1873
f 1873//1873 1778//1778 1780//1780
f 1782//1782 1876//1876 1874//1874
f 1874//1874 1781//1781 1782//1782
f 1784//1784 1878//1878 1877//1877
f 1877//1877 1783//1783 1784//1784
f 1786//1786 1880//1880 1879//1879
f 1879//1879 1785//1785 1786//1786
f 1788//1788 1883//1883 1881//1881
f 1881//1881 1787//1787 1788//1788
f 1791//1791 1885//1885 1882//1882
f 1882//1882 1790//1790 1791//1791
f 1794//1794 1887//1887 1884//1884
f 1884//1884 1792//1792 1794//1794
f 1797//1797 1888//1888 1886//1886
f 1886//1886 1795//1795 1797//1797
f 1798//1798 1893//1893 1890//1890
f 1890//1890 1796//1796 1798//1798
f 1800//1800 1896//1896 1892//1892
f 1892//1892 1799//1799 1800//1800
f 1806//1806 1895//1895 1801//1801
f 1807//1807 1898//1898 1635//1635
f 1635//1635 1567//1567 1807//1807
f 1813//1813 1900//1900 1897//1897
f 1897//1897 1809//1809 1813//1813
f 1815//1815 1902//1902 1899//1899
f 1899//1899 1812//1812 1815//1815
f 1819//1819 1904//1904 1901//1901
f 1901//1901 1814//1814 1819//1819
f 1822//1822 1906//1906 1903//1903
f 1903//1903 1817//1817 1822//1822
f 1826//1826 1907//1907 1905//1905
f 1905//1905 1821//1821 1826//1826
f 1828//1828 1910//1910 1908//1908
f 1908//1908 1825//1825 1828//1828
f 1833//1833 1912//1912 1909//1909
f 1909//1909 1829//1829 1833//1833
f 1836//1836 1913//1913 1911//1911
f 1911//1911 1834//1834 1836//1836
f 1840//1840 1915//1915 1914//1914
f 1914//1914 1838//1838 1840//1840
f 1842//1842 1917//1917 1916//1916
f 1916//1916 1839//1839 1842//1842
f 1846//1846 1919//1919 1918//1918
f 1918//1918 1843//1843 1846//1846
f 1849//1849 1921//1921 1920//1920
f 1920//1920 1845//1845 1849//1849
f 1851//1851 1923//1923 1922//1922
f 1922//1922 1848//1848 1851//1851
f 1852//1852 1925//1925 1924//1924
f 1924//1924 1850//1850 1852//1852
f 1854//1854 1928//1928 1927//1927
f 1927//1927 1853//1853 1854//1854
f 1856//1856 1931//1931 1930//1930
f 1930//1930 1855//1855 1856//1856
f 1858//1858 1937//1937 1932//1932
f 1932//1932 1857//1857 1858//1858
f 1860//1860 1940//1940 1936//1936
f 1936//1936 1859//1859 1860//1860
f 1863//1863 1943//1943 1939//1939
f 1939//1939 1861//1861 1863//1863
f 1864//1864 1946//1946 1942//1942
f 1942//1942 1862//1862 1864//1864
f 1866//1866 1949//1949 1945//1945
f 1945//1945 1865//1865 1866//1866
f 1869//1869 1952//1952 1947//1947
f 1947//1947 1867//1867 1869//1869
f 1870//1870 1955//1955 1951//1951
f 1951//1951 1868//1868 1870//1870
f 1872//1872 1957//1957 1954//1954
f 1954//1954 1871//1871 1872//1872
f 1875//1875 1961//1961 1958//1958
f 1958//1958 1873//1873 1875//1875
f 1876//1876 1963//1963 1959//1959
f 1959//1959 1874//1874 1876//1876
f 1878//1878 1966//1966 1964//1964
f 1964//1964 1877//1877 1878//1878
f 1880//1880 1969//1969 1967//1967
f 1967//1967 1879//1879 1880//1880
f 1883//1883 1973//1973 1970//1970
f 1970//1970 1881//1881 1883//1883
f 1885//1885 1976//1976 1972//1972
f 1972//1972 1882//1882 1885//1885
f 1887//1887 1979//1979 1974//1974
f 1974//1974 1884//1884 1887//1887
f 1888//1888 1978//1978 1886//1886
f 1898//1898 1981//1981 1695//1695
f 1695//1695 1635//1635 1898//1898
f 1900//1900 1982//1982 1980//1980
f 1980//1980 1897//1897 1900//1900
f 1902//1902 1984//1984 1983//1983
f 1983//1983 1899//1899 1902//1902
f 1904//1904 1986//1986 1985//1985
f 1985//1985 1901//1901 1904//1904
f 1906//1906 1988//1988 1987//1987
f 1987//1987 1903//1903 1906//1906
f 1907//1907 1991//1991 1989//1989
f 1989//1989 1905//1905 1907//1907
f 1910//1910 1993//1993 1990//1990
f 1990//1990 1908//1908 1910//1910
f 1912//1912 1995//1995 1992//1992
f 1992//1992 1909//1909 1912//1912
f 1913//1913 1996//1996 1994//1994
f 1994//1994 1911//1911 1913//1913
f 1915//1915 1999//1999 1997//1997
f 1997//1997 1914//1914 1915//1915
f 1917//1917 2000//2000 1998//1998
f 1998//1998 1916//1916 1917//1917
f 1919//1919 2002//2002 2001//2001
f 2001//2001 1918//1918 1919//1919
f 1921//1921 2004//2004 2003//2003
f 2003//2003 1920//1920 1921//1921
f 1923//1923 2007//2007 2005//2005
f 2005//2005 1922//1922 1923//1923
f 1925//1925 2009//2009 2006//2006
f 2006//2006 1924//1924 1925//1925
f 1929//1929 2015//2015 2012//2012
f 2012//2012 1926//1926 1929//1929
f 1931//1931 2017//2017 2013//2013
f 2013//2013 1930//1930 1931//1931
f 1934//1934 2018//2018 1933//1933
f 1981//1981 2020//2020 1805//1805
f 1805//1805 1695//1695 1981//1981
f 1982//1982 2023//2023 2021//2021
f 2021//2021 1980//1980 1982//1982
f 1984//1984 2027//2027 2022//2022
f 2022//2022 1983//1983 1984//1984
f 1986//1986 2030//2030 2026//2026
f 2026//2026 1985//1985 1986//1986
f 1988//1988 2033//2033 2028//2028
f 2028//2028 1987//1987 1988//1988
f 1991//1991 2034//2034 2031//2031
f 2031//2031 1989//1989 1991//1991
f 1993//1993 2039//2039 2035//2035
f 2035//2035 1990//1990 1993//1993
f 1995//1995 2041//2041 2037//2037
f 2037//2037 1992//1992 1995//1995
f 1996//1996 2043//2043 2040//2040
f 2040//2040 1994//1994 1996//1996
f 1999//1999 2047//2047 2045//2045
f 2045//2045 1997//1997 1999//1999
f 2000//2000 2051//2051 2048//2048
f 2048//2048 1998//1998 2000//2000
f 2002//2002 2053//2053 2050//2050
f 2050//2050 2001//2001 2002//2002
f 2004//2004 2056//2056 2052//2052
f 2052//2052 2003//2003 2004//2004
f 2007//2007 2060//2060 2057//2057
f 2057//2057 2005//2005 2007//2007
f 2011//2011 2058//2058 2008//2008
f 2024//2024 2025//2025 2019//2019
f 2025//2025 1803//1803 2019//2019
f 2025//2025 2029//2029 1803//1803
f 2029//2029 1894//1894 1803//1803
f 2029//2029 2032//2032 1894//1894
f 2032//2032 1891//1891 1894//1894
f 2032//2032 2036//2036 1891//1891
f 2036//2036 1889//1889 1891//1891
f 2036//2036 2038//2038 1889//1889
f 2038//2038 1977//1977 1889//1889
f 2038//2038 2042//2042 1977//1977
f 2042//2042 1975//1975 1977//1977
f 2042//2042 2044//2044 1975//1975
f 2044//2044 1971//1971 1975//1975
f 2044//2044 2046//2046 1971//1971
f 2046//2046 1968//1968 1971//1971
f 2046//2046 2049//2049 1968//1968
f 2049//2049 1965//1965 1968//1968
f 2049//2049 2054//2054 1965//1965
f 2054//2054 1962//1962 1965//1965
f 2054//2054 2055//2055 1962//1962
f 2055//2055 1960//1960 1962//1962
f 2055//2055 2059//2059 1960//1960
f 2059//2059 1956//1956 1960//1960
f 2059//2059 2010//2010 1956//1956
f 2010//2010 1953//1953 1956//1956
f 2010//2010 2014//2014 1953//1953
f 2014//2014 1950//1950 1953//1953
f 2014//2014 2016//2016 1950//1950
f 2016//2016 1948//1948 1950//1950
f 2016//2016 1935//1935 1948//1948
f 1935//1935 1944//1944 1948//1948
f 1935//1935 1938//1938 1944//1944
f 1938//1938 1941//1941 1944//1944

