# https://github.com/mikedh/trimesh
mtllib material.mtl
usemtl material_0
v -5.83740000 2.97860000 -52.59790000
v -5.79860000 2.66530000 -52.59790000
v -5.79860000 2.66530000 -52.47660000
v -5.83740000 2.97860000 -52.47660000
v -5.77200000 2.39540000 -52.59790000
v -5.77200000 2.39540000 -52.47660000
v -5.74530000 2.15840000 -52.59790000
v -5.74530000 2.15840000 -52.47660000
v -5.70630000 1.94420000 -52.59790000
v -5.70630000 1.94420000 -52.47660000
v -5.64280000 1.74250000 -52.59790000
v -5.64280000 1.74250000 -52.47660000
v -5.54260000 1.54310000 -52.59790000
v -5.54260000 1.54310000 -52.47660000
v -5.39360000 1.33570000 -52.59790000
v -5.39360000 1.33570000 -52.47660000
v -5.25920000 1.19060000 -52.59790000
v -5.25920000 1.19060000 -52.47660000
v -5.09810000 1.04960000 -52.59790000
v -5.09810000 1.04960000 -52.47660000
v -4.91250000 0.91720000 -52.59790000
v -4.91250000 0.91720000 -52.47660000
v -4.70470000 0.79830000 -52.59790000
v -4.70470000 0.79830000 -52.47660000
v -4.47700000 0.69740000 -52.59790000
v -4.47700000 0.69740000 -52.47660000
v -4.23160000 0.61920000 -52.59790000
v -4.23160000 0.61920000 -52.47660000
v -3.97070000 0.56850000 -52.59790000
v -3.97070000 0.56850000 -52.47660000
v -3.78490000 0.69800000 -52.59790000
v -3.78490000 0.69800000 -52.47660000
v -3.56180000 0.86790000 -52.59790000
v -3.56180000 0.86790000 -52.47660000
v -3.32280000 1.06670000 -52.59790000
v -3.32280000 1.06670000 -52.47660000
v -3.08960000 1.28300000 -52.59790000
v -3.08960000 1.28300000 -52.47660000
v -2.88370000 1.50530000 -52.59790000
v -2.88370000 1.50530000 -52.47660000
v -2.72680000 1.72220000 -52.59790000
v -2.72680000 1.72220000 -52.47660000
v -2.64040000 1.92200000 -52.59790000
v -2.64040000 1.92200000 -52.47660000
v -2.62430000 1.92720000 -52.59790000
v -2.62430000 1.92720000 -52.47660000
v -2.59490000 1.93700000 -52.59790000
v -2.59490000 1.93700000 -52.47660000
v -2.55720000 1.96200000 -52.59790000
v -2.55720000 1.96200000 -52.47660000
v -2.51590000 2.01250000 -52.59790000
v -2.51590000 2.01250000 -52.47660000
v -2.47620000 2.09900000 -52.59790000
v -2.47620000 2.09900000 -52.47660000
v -2.44290000 2.23180000 -52.59790000
v -2.44290000 2.23180000 -52.47660000
v -2.42100000 2.42140000 -52.59790000
v -2.42100000 2.42140000 -52.47660000
v -2.41900000 2.51120000 -52.59790000
v -2.41900000 2.51120000 -52.47660000
v -2.42420000 2.59860000 -52.59790000
v -2.42420000 2.59860000 -52.47660000
v -2.43480000 2.68570000 -52.59790000
v -2.43480000 2.68570000 -52.47660000
v -2.44890000 2.77490000 -52.59790000
v -2.44890000 2.77490000 -52.47660000
v -2.46490000 2.86830000 -52.59790000
v -2.46490000 2.86830000 -52.47660000
v -2.48080000 2.96830000 -52.59790000
v -2.48080000 2.96830000 -52.47660000
v -2.49490000 3.07690000 -52.59790000
v -2.49490000 3.07690000 -52.47660000
v -2.51220000 3.27830000 -52.59790000
v -2.51220000 3.27830000 -52.47660000
v -2.52100000 3.47940000 -52.59790000
v -2.52100000 3.47940000 -52.47660000
v -2.52320000 3.68030000 -52.59790000
v -2.52320000 3.68030000 -52.47660000
v -2.52080000 3.88110000 -52.59790000
v -2.52080000 3.88110000 -52.47660000
v -2.51590000 4.08200000 -52.59790000
v -2.51590000 4.08200000 -52.47660000
v -2.51030000 4.28310000 -52.59790000
v -2.51030000 4.28310000 -52.47660000
v -2.50620000 4.48460000 -52.59790000
v -2.50620000 4.48460000 -52.47660000
v -2.51780000 4.87310000 -52.59790000
v -2.51780000 4.87310000 -52.47660000
v -2.55630000 5.24180000 -52.59790000
v -2.55630000 5.24180000 -52.47660000
v -2.61110000 5.59270000 -52.59790000
v -2.61110000 5.59270000 -52.47660000
v -2.67140000 5.92760000 -52.59790000
v -2.67140000 5.92760000 -52.47660000
v -2.72670000 6.24820000 -52.59790000
v -2.72670000 6.24820000 -52.47660000
v -2.76630000 6.55650000 -52.59790000
v -2.76630000 6.55650000 -52.47660000
v -2.77960000 6.85430000 -52.59790000
v -2.77960000 6.85430000 -52.47660000
v -2.76750000 7.05460000 -52.59790000
v -2.76750000 7.05460000 -52.47660000
v -2.73950000 7.21760000 -52.59790000
v -2.73950000 7.21760000 -52.47660000
v -2.70130000 7.35650000 -52.59790000
v -2.70130000 7.35650000 -52.47660000
v -2.65810000 7.48460000 -52.59790000
v -2.65810000 7.48460000 -52.47660000
v -2.61530000 7.61510000 -52.59790000
v -2.61530000 7.61510000 -52.47660000
v -2.57860000 7.76140000 -52.59790000
v -2.57860000 7.76140000 -52.47660000
v -2.55310000 7.93680000 -52.59790000
v -2.55310000 7.93680000 -52.47660000
v -2.54520000 8.12810000 -52.59790000
v -2.54520000 8.12810000 -52.47660000
v -2.55410000 8.30880000 -52.59790000
v -2.55410000 8.30880000 -52.47660000
v -2.57380000 8.48380000 -52.59790000
v -2.57380000 8.48380000 -52.47660000
v -2.59780000 8.65800000 -52.59790000
v -2.59780000 8.65800000 -52.47660000
v -2.62030000 8.83640000 -52.59790000
v -2.62030000 8.83640000 -52.47660000
v -2.63480000 9.02390000 -52.59790000
v -2.63480000 9.02390000 -52.47660000
v -2.63530000 9.22540000 -52.59790000
v -2.63530000 9.22540000 -52.47660000
v -2.60200000 9.52610000 -52.59790000
v -2.60200000 9.52610000 -52.47660000
v -2.53270000 9.84240000 -52.59790000
v -2.53270000 9.84240000 -52.47660000
v -2.43830000 10.16720000 -52.59790000
v -2.43830000 10.16720000 -52.47660000
v -2.32920000 10.49350000 -52.59790000
v -2.32920000 10.49350000 -52.47660000
v -2.21600000 10.81410000 -52.59790000
v -2.21600000 10.81410000 -52.47660000
v -2.10930000 11.12210000 -52.59790000
v -2.10930000 11.12210000 -52.47660000
v -2.01970000 11.41020000 -52.59790000
v -2.01970000 11.41020000 -52.47660000
v -1.83190000 11.44030000 -52.59790000
v -1.83190000 11.44030000 -52.47660000
v -1.72430000 11.47450000 -52.59790000
v -1.72430000 11.47450000 -52.47660000
v -1.66810000 11.51850000 -52.59790000
v -1.66810000 11.51850000 -52.47660000
v -1.63450000 11.57810000 -52.59790000
v -1.63450000 11.57810000 -52.47660000
v -1.59480000 11.65890000 -52.59790000
v -1.59480000 11.65890000 -52.47660000
v -1.52010000 11.76660000 -52.59790000
v -1.52010000 11.76660000 -52.47660000
v -1.38170000 11.90700000 -52.59790000
v -1.38170000 11.90700000 -52.47660000
v -1.22050000 11.69900000 -52.59790000
v -1.22050000 11.69900000 -52.47660000
v -1.09760000 11.50030000 -52.59790000
v -1.09760000 11.50030000 -52.47660000
v -0.98870000 11.31450000 -52.59790000
v -0.98870000 11.31450000 -52.47660000
v -0.86890000 11.14520000 -52.59790000
v -0.86890000 11.14520000 -52.47660000
v -0.71400000 10.99610000 -52.59790000
v -0.71400000 10.99610000 -52.47660000
v -0.49940000 10.87090000 -52.59790000
v -0.49940000 10.87090000 -52.47660000
v -0.20050000 10.77310000 -52.59790000
v -0.20050000 10.77310000 -52.47660000
v -0.11950000 10.60420000 -52.59790000
v -0.11950000 10.60420000 -52.47660000
v -0.02530000 10.44370000 -52.59790000
v -0.02530000 10.44370000 -52.47660000
v 0.07850000 10.28720000 -52.59790000
v 0.07850000 10.28720000 -52.47660000
v 0.18810000 10.13030000 -52.59790000
v 0.18810000 10.13030000 -52.47660000
v 0.29980000 9.96860000 -52.59790000
v 0.29980000 9.96860000 -52.47660000
v 0.40990000 9.79790000 -52.59790000
v 0.40990000 9.79790000 -52.47660000
v 0.51470000 9.61350000 -52.59790000
v 0.51470000 9.61350000 -52.47660000
v 1.03020000 8.40410000 -52.59790000
v 1.03020000 8.40410000 -52.47660000
v 1.16580000 8.12730000 -52.59790000
v 1.16580000 8.12730000 -52.47660000
v 1.25030000 7.94900000 -52.59790000
v 1.25030000 7.94900000 -52.47660000
v 1.29960000 7.82560000 -52.59790000
v 1.29960000 7.82560000 -52.47660000
v 1.32970000 7.71350000 -52.59790000
v 1.32970000 7.71350000 -52.47660000
v 1.35640000 7.56900000 -52.59790000
v 1.35640000 7.56900000 -52.47660000
v 1.39600000 7.34870000 -52.59790000
v 1.39600000 7.34870000 -52.47660000
v 1.46410000 7.00880000 -52.59790000
v 1.46410000 7.00880000 -52.47660000
v 1.53090000 6.75790000 -52.59790000
v 1.53090000 6.75790000 -52.47660000
v 1.60100000 6.56900000 -52.59790000
v 1.60100000 6.56900000 -52.47660000
v 1.66350000 6.41740000 -52.59790000
v 1.66350000 6.41740000 -52.47660000
v 1.70750000 6.27840000 -52.59790000
v 1.70750000 6.27840000 -52.47660000
v 1.72220000 6.12710000 -52.59790000
v 1.72220000 6.12710000 -52.47660000
v 1.69670000 5.93880000 -52.59790000
v 1.69670000 5.93880000 -52.47660000
v 1.62010000 5.68880000 -52.59790000
v 1.62010000 5.68880000 -52.47660000
v 1.58470000 5.47440000 -52.59790000
v 1.58470000 5.47440000 -52.47660000
v 1.55520000 5.32160000 -52.59790000
v 1.55520000 5.32160000 -52.47660000
v 1.53570000 5.20470000 -52.59790000
v 1.53570000 5.20470000 -52.47660000
v 1.53060000 5.09870000 -52.59790000
v 1.53060000 5.09870000 -52.47660000
v 1.54400000 4.97800000 -52.59790000
v 1.54400000 4.97800000 -52.47660000
v 1.58030000 4.81730000 -52.59790000
v 1.58030000 4.81730000 -52.47660000
v 1.64360000 4.59120000 -52.59790000
v 1.64360000 4.59120000 -52.47660000
v 1.70520000 4.35730000 -52.59790000
v 1.70520000 4.35730000 -52.47660000
v 1.73380000 4.19200000 -52.59790000
v 1.73380000 4.19200000 -52.47660000
v 1.73840000 4.07030000 -52.59790000
v 1.73840000 4.07030000 -52.47660000
v 1.72840000 3.96730000 -52.59790000
v 1.72840000 3.96730000 -52.47660000
v 1.71280000 3.85790000 -52.59790000
v 1.71280000 3.85790000 -52.47660000
v 1.70060000 3.71730000 -52.59790000
v 1.70060000 3.71730000 -52.47660000
v 1.70100000 3.52040000 -52.59790000
v 1.70100000 3.52040000 -52.47660000
v 2.17830000 1.47280000 -52.59790000
v 2.17830000 1.47280000 -52.47660000
v 2.47170000 1.50440000 -52.59790000
v 2.47170000 1.50440000 -52.47660000
v 2.82090000 1.60450000 -52.59790000
v 2.82090000 1.60450000 -52.47660000
v 3.19750000 1.75400000 -52.59790000
v 3.19750000 1.75400000 -52.47660000
v 3.57290000 1.93390000 -52.59790000
v 3.57290000 1.93390000 -52.47660000
v 3.91880000 2.12520000 -52.59790000
v 3.91880000 2.12520000 -52.47660000
v 4.20660000 2.30900000 -52.59790000
v 4.20660000 2.30900000 -52.47660000
v 4.40780000 2.46610000 -52.59790000
v 4.40780000 2.46610000 -52.47660000
v 4.59340000 2.67870000 -52.59790000
v 4.59340000 2.67870000 -52.47660000
v 4.77060000 2.96130000 -52.59790000
v 4.77060000 2.96130000 -52.47660000
v 4.92250000 3.29290000 -52.59790000
v 4.92250000 3.29290000 -52.47660000
v 5.03290000 3.65310000 -52.59790000
v 5.03290000 3.65310000 -52.47660000
v 5.08470000 4.02090000 -52.59790000
v 5.08470000 4.02090000 -52.47660000
v 5.06160000 4.37570000 -52.59790000
v 5.06160000 4.37570000 -52.47660000
v 4.94680000 4.69670000 -52.59790000
v 4.94680000 4.69670000 -52.47660000
v 4.93540000 4.70730000 -52.59790000
v 4.93540000 4.70730000 -52.47660000
v 4.92290000 4.72040000 -52.59790000
v 4.92290000 4.72040000 -52.47660000
v 4.91000000 4.73410000 -52.59790000
v 4.91000000 4.73410000 -52.47660000
v 4.89760000 4.74640000 -52.59790000
v 4.89760000 4.74640000 -52.47660000
v 4.88640000 4.75520000 -52.59790000
v 4.88640000 4.75520000 -52.47660000
v 4.87720000 4.75840000 -52.59790000
v 4.87720000 4.75840000 -52.47660000
v 4.87060000 4.75400000 -52.59790000
v 4.87060000 4.75400000 -52.47660000
v 4.82970000 4.74260000 -52.59790000
v 4.82970000 4.74260000 -52.47660000
v 4.77150000 4.80350000 -52.59790000
v 4.77150000 4.80350000 -52.47660000
v 4.70250000 4.91900000 -52.59790000
v 4.70250000 4.91900000 -52.47660000
v 4.62940000 5.07190000 -52.59790000
v 4.62940000 5.07190000 -52.47660000
v 4.55870000 5.24470000 -52.59790000
v 4.55870000 5.24470000 -52.47660000
v 4.49700000 5.41980000 -52.59790000
v 4.49700000 5.41980000 -52.47660000
v 4.45080000 5.57980000 -52.59790000
v 4.45080000 5.57980000 -52.47660000
v 4.23030000 6.61500000 -52.59790000
v 4.23030000 6.61500000 -52.47660000
v 4.15700000 7.28580000 -52.59790000
v 4.15700000 7.28580000 -52.47660000
v 4.18570000 7.70830000 -52.59790000
v 4.18570000 7.70830000 -52.47660000
v 4.27080000 7.99860000 -52.59790000
v 4.27080000 7.99860000 -52.47660000
v 4.36700000 8.27240000 -52.59790000
v 4.36700000 8.27240000 -52.47660000
v 4.42880000 8.64590000 -52.59790000
v 4.42880000 8.64590000 -52.47660000
v 4.41080000 9.23500000 -52.59790000
v 4.41080000 9.23500000 -52.47660000
v 4.35310000 9.60420000 -52.59790000
v 4.35310000 9.60420000 -52.47660000
v 4.26920000 9.87400000 -52.59790000
v 4.26920000 9.87400000 -52.47660000
v 4.16560000 10.06680000 -52.59790000
v 4.16560000 10.06680000 -52.47660000
v 4.04900000 10.20500000 -52.59790000
v 4.04900000 10.20500000 -52.47660000
v 3.92590000 10.31080000 -52.59790000
v 3.92590000 10.31080000 -52.47660000
v 3.80290000 10.40660000 -52.59790000
v 3.80290000 10.40660000 -52.47660000
v 3.68650000 10.51470000 -52.59790000
v 3.68650000 10.51470000 -52.47660000
v 3.35520000 10.83790000 -52.59790000
v 3.35520000 10.83790000 -52.47660000
v 3.13460000 10.97600000 -52.59790000
v 3.13460000 10.97600000 -52.47660000
v 2.98540000 10.99830000 -52.59790000
v 2.98540000 10.99830000 -52.47660000
v 2.86900000 10.97420000 -52.59790000
v 2.86900000 10.97420000 -52.47660000
v 2.74610000 10.97280000 -52.59790000
v 2.74610000 10.97280000 -52.47660000
v 2.57770000 11.06350000 -52.59790000
v 2.57770000 11.06350000 -52.47660000
v 2.32480000 11.31550000 -52.59790000
v 2.32480000 11.31550000 -52.47660000
v 2.21950000 11.44580000 -52.59790000
v 2.21950000 11.44580000 -52.47660000
v 2.13200000 11.57610000 -52.59790000
v 2.13200000 11.57610000 -52.47660000
v 2.06160000 11.71210000 -52.59790000
v 2.06160000 11.71210000 -52.47660000
v 2.00760000 11.85950000 -52.59790000
v 2.00760000 11.85950000 -52.47660000
v 1.96900000 12.02400000 -52.59790000
v 1.96900000 12.02400000 -52.47660000
v 1.94510000 12.21120000 -52.59790000
v 1.94510000 12.21120000 -52.47660000
v 1.93520000 12.42700000 -52.59790000
v 1.93520000 12.42700000 -52.47660000
v 1.90890000 12.66310000 -52.59790000
v 1.90890000 12.66310000 -52.47660000
v 1.84840000 12.89870000 -52.59790000
v 1.84840000 12.89870000 -52.47660000
v 1.76310000 13.13580000 -52.59790000
v 1.76310000 13.13580000 -52.47660000
v 1.66240000 13.37640000 -52.59790000
v 1.66240000 13.37640000 -52.47660000
v 1.55580000 13.62230000 -52.59790000
v 1.55580000 13.62230000 -52.47660000
v 1.45250000 13.87530000 -52.59790000
v 1.45250000 13.87530000 -52.47660000
v 1.36220000 14.13750000 -52.59790000
v 1.36220000 14.13750000 -52.47660000
v 0.85880000 16.11900000 -52.59790000
v 0.85880000 16.11900000 -52.47660000
v 0.46710000 17.09970000 -52.59790000
v 0.46710000 17.09970000 -52.47660000
v 0.17370000 17.56490000 -52.59790000
v 0.17370000 17.56490000 -52.47660000
v -0.02740000 17.80080000 -52.59790000
v -0.02740000 17.80080000 -52.47660000
v -0.14150000 18.09370000 -52.59790000
v -0.14150000 18.09370000 -52.47660000
v -0.17450000 18.72950000 -52.59790000
v -0.17450000 18.72950000 -52.47660000
v -0.13180000 19.99460000 -52.59790000
v -0.13180000 19.99460000 -52.47660000
v -0.01930000 22.17510000 -52.59790000
v -0.01930000 22.17510000 -52.47660000
v -0.00750000 22.36420000 -52.59790000
v -0.00750000 22.36420000 -52.47660000
v 0.00610000 22.52540000 -52.59790000
v 0.00610000 22.52540000 -52.47660000
v 0.02210000 22.66810000 -52.59790000
v 0.02210000 22.66810000 -52.47660000
v 0.04100000 22.80170000 -52.59790000
v 0.04100000 22.80170000 -52.47660000
v 0.06320000 22.93540000 -52.59790000
v 0.06320000 22.93540000 -52.47660000
v 0.08950000 23.07860000 -52.59790000
v 0.08950000 23.07860000 -52.47660000
v 0.12030000 23.24060000 -52.59790000
v 0.12030000 23.24060000 -52.47660000
v 0.14470000 23.40480000 -52.59790000
v 0.14470000 23.40480000 -52.47660000
v 0.15350000 23.54610000 -52.59790000
v 0.15350000 23.54610000 -52.47660000
v 0.15260000 23.67490000 -52.59790000
v 0.15260000 23.67490000 -52.47660000
v 0.14770000 23.80200000 -52.59790000
v 0.14770000 23.80200000 -52.47660000
v 0.14450000 23.93790000 -52.59790000
v 0.14450000 23.93790000 -52.47660000
v 0.14890000 24.09310000 -52.59790000
v 0.14890000 24.09310000 -52.47660000
v 0.16650000 24.27840000 -52.59790000
v 0.16650000 24.27840000 -52.47660000
v 0.25810000 24.93700000 -52.59790000
v 0.25810000 24.93700000 -52.47660000
v 0.35580000 25.54480000 -52.59790000
v 0.35580000 25.54480000 -52.47660000
v 0.46050000 26.11930000 -52.59790000
v 0.46050000 26.11930000 -52.47660000
v 0.57350000 26.67830000 -52.59790000
v 0.57350000 26.67830000 -52.47660000
v 0.69540000 27.23900000 -52.59790000
v 0.69540000 27.23900000 -52.47660000
v 0.82740000 27.81940000 -52.59790000
v 0.82740000 27.81940000 -52.47660000
v 0.97040000 28.43670000 -52.59790000
v 0.97040000 28.43670000 -52.47660000
v 2.61290000 36.60250000 -52.59790000
v 2.61290000 36.60250000 -52.47660000
v 2.82610000 38.07200000 -52.59790000
v 2.82610000 38.07200000 -52.47660000
v 2.83510000 39.30760000 -52.59790000
v 2.83510000 39.30760000 -52.47660000
v 2.70180000 40.33440000 -52.59790000
v 2.70180000 40.33440000 -52.47660000
v 2.48840000 41.17780000 -52.59790000
v 2.48840000 41.17780000 -52.47660000
v 2.25710000 41.86300000 -52.59790000
v 2.25710000 41.86300000 -52.47660000
v 2.06970000 42.41520000 -52.59790000
v 2.06970000 42.41520000 -52.47660000
v 1.98860000 42.85960000 -52.59790000
v 1.98860000 42.85960000 -52.47660000
v 1.94790000 43.23340000 -52.59790000
v 1.94790000 43.23340000 -52.47660000
v 1.85870000 43.52730000 -52.59790000
v 1.85870000 43.52730000 -52.47660000
v 1.74660000 43.76490000 -52.59790000
v 1.74660000 43.76490000 -52.47660000
v 1.63730000 43.97030000 -52.59790000
v 1.63730000 43.97030000 -52.47660000
v 1.55640000 44.16720000 -52.59790000
v 1.55640000 44.16720000 -52.47660000
v 1.52960000 44.37950000 -52.59790000
v 1.52960000 44.37950000 -52.47660000
v 1.58250000 44.63110000 -52.59790000
v 1.58250000 44.63110000 -52.47660000
v 1.59010000 44.60960000 -52.59790000
v 1.59010000 44.60960000 -52.47660000
v 1.61900000 44.55870000 -52.59790000
v 1.61900000 44.55870000 -52.47660000
v 1.67990000 44.49680000 -52.59790000
v 1.67990000 44.49680000 -52.47660000
v 1.78380000 44.44290000 -52.59790000
v 1.78380000 44.44290000 -52.47660000
v 1.94100000 44.41560000 -52.59790000
v 1.94100000 44.41560000 -52.47660000
v 2.16250000 44.43350000 -52.59790000
v 2.16250000 44.43350000 -52.47660000
v 2.45900000 44.51550000 -52.59790000
v 2.45900000 44.51550000 -52.47660000
v 2.90300000 44.73190000 -52.59790000
v 2.90300000 44.73190000 -52.47660000
v 3.52840000 45.10820000 -52.59790000
v 3.52840000 45.10820000 -52.47660000
v 4.25850000 45.58500000 -52.59790000
v 4.25850000 45.58500000 -52.47660000
v 5.01690000 46.10340000 -52.59790000
v 5.01690000 46.10340000 -52.47660000
v 5.72730000 46.60410000 -52.59790000
v 5.72730000 46.60410000 -52.47660000
v 6.31300000 47.02800000 -52.59790000
v 6.31300000 47.02800000 -52.47660000
v 6.69780000 47.31600000 -52.59790000
v 6.69780000 47.31600000 -52.47660000
v 8.87670000 49.12920000 -52.59790000
v 8.87670000 49.12920000 -52.47660000
v 9.17770000 49.35810000 -52.59790000
v 9.17770000 49.35810000 -52.47660000
v 9.51430000 49.60470000 -52.59790000
v 9.51430000 49.60470000 -52.47660000
v 9.84820000 49.88170000 -52.59790000
v 9.84820000 49.88170000 -52.47660000
v 10.14160000 50.20160000 -52.59790000
v 10.14160000 50.20160000 -52.47660000
v 10.35660000 50.57680000 -52.59790000
v 10.35660000 50.57680000 -52.47660000
v 10.45500000 51.02000000 -52.59790000
v 10.45500000 51.02000000 -52.47660000
v 10.39910000 51.54350000 -52.59790000
v 10.39910000 51.54350000 -52.47660000
v 10.13780000 52.12780000 -52.59790000
v 10.13780000 52.12780000 -52.47660000
v 9.66440000 52.82400000 -52.59790000
v 9.66440000 52.82400000 -52.47660000
v 9.05240000 53.57280000 -52.59790000
v 9.05240000 53.57280000 -52.47660000
v 8.37570000 54.31560000 -52.59790000
v 8.37570000 54.31560000 -52.47660000
v 7.70760000 54.99340000 -52.59790000
v 7.70760000 54.99340000 -52.47660000
v 7.12180000 55.54700000 -52.59790000
v 7.12180000 55.54700000 -52.47660000
v 6.69190000 55.91770000 -52.59790000
v 6.69190000 55.91770000 -52.47660000
v 6.25900000 56.29910000 -52.59790000
v 6.25900000 56.29910000 -52.47660000
v 5.91310000 56.67200000 -52.59790000
v 5.91310000 56.67200000 -52.47660000
v 5.60410000 57.05330000 -52.59790000
v 5.60410000 57.05330000 -52.47660000
v 5.28170000 57.45980000 -52.59790000
v 5.28170000 57.45980000 -52.47660000
v 4.89560000 57.90820000 -52.59790000
v 4.89560000 57.90820000 -52.47660000
v 4.39550000 58.41540000 -52.59790000
v 4.39550000 58.41540000 -52.47660000
v 3.73130000 58.99790000 -52.59790000
v 3.73130000 58.99790000 -52.47660000
v 3.53140000 59.16050000 -52.59790000
v 3.53140000 59.16050000 -52.47660000
v 3.39010000 59.27590000 -52.59790000
v 3.39010000 59.27590000 -52.47660000
v 3.28830000 59.36540000 -52.59790000
v 3.28830000 59.36540000 -52.47660000
v 3.20700000 59.45060000 -52.59790000
v 3.20700000 59.45060000 -52.47660000
v 3.12690000 59.55270000 -52.59790000
v 3.12690000 59.55270000 -52.47660000
v 3.02890000 59.69310000 -52.59790000
v 3.02890000 59.69310000 -52.47660000
v 2.89410000 59.89320000 -52.59790000
v 2.89410000 59.89320000 -52.47660000
v 2.86240000 59.94040000 -52.59790000
v 2.86240000 59.94040000 -52.47660000
v 2.83490000 59.98140000 -52.59790000
v 2.83490000 59.98140000 -52.47660000
v 2.81050000 60.01730000 -52.59790000
v 2.81050000 60.01730000 -52.47660000
v 2.78870000 60.04910000 -52.59790000
v 2.78870000 60.04910000 -52.47660000
v 2.76840000 60.07750000 -52.59790000
v 2.76840000 60.07750000 -52.47660000
v 2.74900000 60.10380000 -52.59790000
v 2.74900000 60.10380000 -52.47660000
v 2.72950000 60.12860000 -52.59790000
v 2.72950000 60.12860000 -52.47660000
v 2.56380000 60.31040000 -52.59790000
v 2.56380000 60.31040000 -52.47660000
v 2.28470000 60.50660000 -52.59790000
v 2.28470000 60.50660000 -52.47660000
v 1.92960000 60.70570000 -52.59790000
v 1.92960000 60.70570000 -52.47660000
v 1.53600000 60.89640000 -52.59790000
v 1.53600000 60.89640000 -52.47660000
v 1.14130000 61.06720000 -52.59790000
v 1.14130000 61.06720000 -52.47660000
v 0.78300000 61.20660000 -52.59790000
v 0.78300000 61.20660000 -52.47660000
v 0.49850000 61.30340000 -52.59790000
v 0.49850000 61.30340000 -52.47660000
v 0.40270000 61.66160000 -52.59790000
v 0.40270000 61.66160000 -52.47660000
v 0.25030000 61.99090000 -52.59790000
v 0.25030000 61.99090000 -52.47660000
v 0.08020000 62.30300000 -52.59790000
v 0.08020000 62.30300000 -52.47660000
v -0.06900000 62.60990000 -52.59790000
v -0.06900000 62.60990000 -52.47660000
v -0.15860000 62.92300000 -52.59790000
v -0.15860000 62.92300000 -52.47660000
v -0.14980000 63.25430000 -52.59790000
v -0.14980000 63.25430000 -52.47660000
v -0.00380000 63.61530000 -52.59790000
v -0.00380000 63.61530000 -52.47660000
v 0.14510000 63.80430000 -52.59790000
v 0.14510000 63.80430000 -52.47660000
v 0.34420000 64.07250000 -52.59790000
v 0.34420000 64.07250000 -52.47660000
v 0.41880000 64.25660000 -52.59790000
v 0.41880000 64.25660000 -52.47660000
v 0.41730000 64.38130000 -52.59790000
v 0.41730000 64.38130000 -52.47660000
v 0.38840000 64.47160000 -52.59790000
v 0.38840000 64.47160000 -52.47660000
v 0.38040000 64.55220000 -52.59790000
v 0.38040000 64.55220000 -52.47660000
v 0.44200000 64.64790000 -52.59790000
v 0.44200000 64.64790000 -52.47660000
v 0.62160000 64.78350000 -52.59790000
v 0.62160000 64.78350000 -52.47660000
v 0.36070000 65.10200000 -52.59790000
v 0.36070000 65.10200000 -52.47660000
v 0.32040000 65.39610000 -52.59790000
v 0.32040000 65.39610000 -52.47660000
v 0.42360000 65.70520000 -52.59790000
v 0.42360000 65.70520000 -52.47660000
v 0.59380000 66.06870000 -52.59790000
v 0.59380000 66.06870000 -52.47660000
v 0.75380000 66.52600000 -52.59790000
v 0.75380000 66.52600000 -52.47660000
v 0.82710000 67.11630000 -52.59790000
v 0.82710000 67.11630000 -52.47660000
v 0.73670000 67.87920000 -52.59790000
v 0.73670000 67.87920000 -52.47660000
v 0.62220000 68.28340000 -52.59790000
v 0.62220000 68.28340000 -52.47660000
v 0.47320000 68.68400000 -52.59790000
v 0.47320000 68.68400000 -52.47660000
v 0.30120000 69.08700000 -52.59790000
v 0.30120000 69.08700000 -52.47660000
v 0.11740000 69.49880000 -52.59790000
v 0.11740000 69.49880000 -52.47660000
v -0.06690000 69.92560000 -52.59790000
v -0.06690000 69.92560000 -52.47660000
v -0.24030000 70.37340000 -52.59790000
v -0.24030000 70.37340000 -52.47660000
v -0.39150000 70.84870000 -52.59790000
v -0.39150000 70.84870000 -52.47660000
v -0.54980000 71.33190000 -52.59790000
v -0.54980000 71.33190000 -52.47660000
v -0.73680000 71.76040000 -52.59790000
v -0.73680000 71.76040000 -52.47660000
v -0.94890000 72.14210000 -52.59790000
v -0.94890000 72.14210000 -52.47660000
v -1.18220000 72.48530000 -52.59790000
v -1.18220000 72.48530000 -52.47660000
v -1.43300000 72.79790000 -52.59790000
v -1.43300000 72.79790000 -52.47660000
v -1.69740000 73.08810000 -52.59790000
v -1.69740000 73.08810000 -52.47660000
v -1.97190000 73.36380000 -52.59790000
v -1.97190000 73.36380000 -52.47660000
v -2.09920000 73.47580000 -52.59790000
v -2.09920000 73.47580000 -52.47660000
v -2.25640000 73.59530000 -52.59790000
v -2.25640000 73.59530000 -52.47660000
v -2.43490000 73.71880000 -52.59790000
v -2.43490000 73.71880000 -52.47660000
v -2.62640000 73.84310000 -52.59790000
v -2.62640000 73.84310000 -52.47660000
v -2.82260000 73.96460000 -52.59790000
v -2.82260000 73.96460000 -52.47660000
v -3.01510000 74.07980000 -52.59790000
v -3.01510000 74.07980000 -52.47660000
v -3.19570000 74.18530000 -52.59790000
v -3.19570000 74.18530000 -52.47660000
v -3.52690000 74.35110000 -52.59790000
v -3.52690000 74.35110000 -52.47660000
v -3.79340000 74.43120000 -52.59790000
v -3.79340000 74.43120000 -52.47660000
v -4.01900000 74.44460000 -52.59790000
v -4.01900000 74.44460000 -52.47660000
v -4.22750000 74.41060000 -52.59790000
v -4.22750000 74.41060000 -52.47660000
v -4.44280000 74.34840000 -52.59790000
v -4.44280000 74.34840000 -52.47660000
v -4.68850000 74.27720000 -52.59790000
v -4.68850000 74.27720000 -52.47660000
v -4.98860000 74.21620000 -52.59790000
v -4.98860000 74.21620000 -52.47660000
v -5.38550000 74.21380000 -52.59790000
v -5.38550000 74.21380000 -52.47660000
v -5.70330000 74.28860000 -52.59790000
v -5.70330000 74.28860000 -52.47660000
v -5.98430000 74.36420000 -52.59790000
v -5.98430000 74.36420000 -52.47660000
v -6.27060000 74.36420000 -52.59790000
v -6.27060000 74.36420000 -52.47660000
v -6.60480000 74.21200000 -52.59790000
v -6.60480000 74.21200000 -52.47660000
v -7.02890000 73.83120000 -52.59790000
v -7.02890000 73.83120000 -52.47660000
v -7.58520000 73.14520000 -52.59790000
v -7.58520000 73.14520000 -52.47660000
v -8.28110000 72.33220000 -52.59790000
v -8.28110000 72.33220000 -52.47660000
v -8.42070000 72.11170000 -52.59790000
v -8.42070000 72.11170000 -52.47660000
v -8.52650000 71.83960000 -52.59790000
v -8.52650000 71.83960000 -52.47660000
v -8.60620000 71.53270000 -52.59790000
v -8.60620000 71.53270000 -52.47660000
v -8.66720000 71.20760000 -52.59790000
v -8.66720000 71.20760000 -52.47660000
v -8.71710000 70.88110000 -52.59790000
v -8.71710000 70.88110000 -52.47660000
v -8.76350000 70.57000000 -52.59790000
v -8.76350000 70.57000000 -52.47660000
v -8.81390000 70.29100000 -52.59790000
v -8.81390000 70.29100000 -52.47660000
v -8.91660000 69.84710000 -52.59790000
v -8.91660000 69.84710000 -52.47660000
v -9.04100000 69.34890000 -52.59790000
v -9.04100000 69.34890000 -52.47660000
v -9.17330000 68.81900000 -52.59790000
v -9.17330000 68.81900000 -52.47660000
v -9.29950000 68.27980000 -52.59790000
v -9.29950000 68.27980000 -52.47660000
v -9.40580000 67.75380000 -52.59790000
v -9.40580000 67.75380000 -52.47660000
v -9.47830000 67.26340000 -52.59790000
v -9.47830000 67.26340000 -52.47660000
v -9.50320000 66.83130000 -52.59790000
v -9.50320000 66.83130000 -52.47660000
v -9.50000000 66.68960000 -52.59790000
v -9.50000000 66.68960000 -52.47660000
v -9.49260000 66.55400000 -52.59790000
v -9.49260000 66.55400000 -52.47660000
v -9.48100000 66.42360000 -52.59790000
v -9.48100000 66.42360000 -52.47660000
v -9.46440000 66.29800000 -52.59790000
v -9.46440000 66.29800000 -52.47660000
v -9.44280000 66.17600000 -52.59790000
v -9.44280000 66.17600000 -52.47660000
v -9.41580000 66.05710000 -52.59790000
v -9.41580000 66.05710000 -52.47660000
v -9.38290000 65.94040000 -52.59790000
v -9.38290000 65.94040000 -52.47660000
v -9.32740000 65.78690000 -52.59790000
v -9.32740000 65.78690000 -52.47660000
v -9.26900000 65.66480000 -52.59790000
v -9.26900000 65.66480000 -52.47660000
v -9.21020000 65.56640000 -52.59790000
v -9.21020000 65.56640000 -52.47660000
v -9.15350000 65.48420000 -52.59790000
v -9.15350000 65.48420000 -52.47660000
v -9.10130000 65.41040000 -52.59790000
v -9.10130000 65.41040000 -52.47660000
v -9.05620000 65.33740000 -52.59790000
v -9.05620000 65.33740000 -52.47660000
v -9.02060000 65.25760000 -52.59790000
v -9.02060000 65.25760000 -52.47660000
v -8.98210000 65.12460000 -52.59790000
v -8.98210000 65.12460000 -52.47660000
v -8.96210000 65.01150000 -52.59790000
v -8.96210000 65.01150000 -52.47660000
v -8.95040000 64.90820000 -52.59790000
v -8.95040000 64.90820000 -52.47660000
v -8.93640000 64.80510000 -52.59790000
v -8.93640000 64.80510000 -52.47660000
v -8.90980000 64.69210000 -52.59790000
v -8.90980000 64.69210000 -52.47660000
v -8.86030000 64.55930000 -52.59790000
v -8.86030000 64.55930000 -52.47660000
v -8.77740000 64.39680000 -52.59790000
v -8.77740000 64.39680000 -52.47660000
v -8.71560000 64.29180000 -52.59790000
v -8.71560000 64.29180000 -52.47660000
v -8.65890000 64.19990000 -52.59790000
v -8.65890000 64.19990000 -52.47660000
v -8.60600000 64.11450000 -52.59790000
v -8.60600000 64.11450000 -52.47660000
v -8.55560000 64.02910000 -52.59790000
v -8.55560000 64.02910000 -52.47660000
v -8.50630000 63.93670000 -52.59790000
v -8.50630000 63.93670000 -52.47660000
v -8.45670000 63.83080000 -52.59790000
v -8.45670000 63.83080000 -52.47660000
v -8.40560000 63.70470000 -52.59790000
v -8.40560000 63.70470000 -52.47660000
v -9.02320000 63.17840000 -52.59790000
v -9.02320000 63.17840000 -52.47660000
v -8.78570000 62.91540000 -52.59790000
v -8.78570000 62.91540000 -52.47660000
v -9.53700000 62.56670000 -52.59790000
v -9.53700000 62.56670000 -52.47660000
v -9.79690000 62.52530000 -52.59790000
v -9.79690000 62.52530000 -52.47660000
v -10.12330000 62.47090000 -52.59790000
v -10.12330000 62.47090000 -52.47660000
v -10.48530000 62.41030000 -52.59790000
v -10.48530000 62.41030000 -52.47660000
v -10.85230000 62.35090000 -52.59790000
v -10.85230000 62.35090000 -52.47660000
v -11.19340000 62.29960000 -52.59790000
v -11.19340000 62.29960000 -52.47660000
v -11.47800000 62.26350000 -52.59790000
v -11.47800000 62.26350000 -52.47660000
v -11.67540000 62.24970000 -52.59790000
v -11.67540000 62.24970000 -52.47660000
v -11.84360000 62.20040000 -52.59790000
v -11.84360000 62.20040000 -52.47660000
v -11.95430000 62.15000000 -52.59790000
v -11.95430000 62.15000000 -52.47660000
v -12.02710000 62.09330000 -52.59790000
v -12.02710000 62.09330000 -52.47660000
v -12.08140000 62.02540000 -52.59790000
v -12.08140000 62.02540000 -52.47660000
v -12.13660000 61.94130000 -52.59790000
v -12.13660000 61.94130000 -52.47660000
v -12.21230000 61.83580000 -52.59790000
v -12.21230000 61.83580000 -52.47660000
v -12.32800000 61.70410000 -52.59790000
v -12.32800000 61.70410000 -52.47660000
v -14.23990000 60.05810000 -52.59790000
v -14.23990000 60.05810000 -52.47660000
v -14.57930000 59.70750000 -52.59790000
v -14.57930000 59.70750000 -52.47660000
v -14.89430000 59.35160000 -52.59790000
v -14.89430000 59.35160000 -52.47660000
v -15.19780000 58.99410000 -52.59790000
v -15.19780000 58.99410000 -52.47660000
v -15.50270000 58.63910000 -52.59790000
v -15.50270000 58.63910000 -52.47660000
v -15.82190000 58.29010000 -52.59790000
v -15.82190000 58.29010000 -52.47660000
v -16.16830000 57.95120000 -52.59790000
v -16.16830000 57.95120000 -52.47660000
v -16.55480000 57.62610000 -52.59790000
v -16.55480000 57.62610000 -52.47660000
v -17.14920000 57.14130000 -52.59790000
v -17.14920000 57.14130000 -52.47660000
v -17.89360000 56.47830000 -52.59790000
v -17.89360000 56.47830000 -52.47660000
v -18.69940000 55.69110000 -52.59790000
v -18.69940000 55.69110000 -52.47660000
v -19.47780000 54.83390000 -52.59790000
v -19.47780000 54.83390000 -52.47660000
v -20.14040000 53.96050000 -52.59790000
v -20.14040000 53.96050000 -52.47660000
v -20.59850000 53.12500000 -52.59790000
v -20.59850000 53.12500000 -52.47660000
v -20.76340000 52.38150000 -52.59790000
v -20.76340000 52.38150000 -52.47660000
v -20.72840000 52.16160000 -52.59790000
v -20.72840000 52.16160000 -52.47660000
v -20.64030000 51.93100000 -52.59790000
v -20.64030000 51.93100000 -52.47660000
v -20.51390000 51.69700000 -52.59790000
v -20.51390000 51.69700000 -52.47660000
v -20.36420000 51.46750000 -52.59790000
v -20.36420000 51.46750000 -52.47660000
v -20.20610000 51.24980000 -52.59790000
v -20.20610000 51.24980000 -52.47660000
v -20.05450000 51.05170000 -52.59790000
v -20.05450000 51.05170000 -52.47660000
v -19.92430000 50.88070000 -52.59790000
v -19.92430000 50.88070000 -52.47660000
v -19.13050000 49.79680000 -52.59790000
v -19.13050000 49.79680000 -52.47660000
v -18.42720000 48.83210000 -52.59790000
v -18.42720000 48.83210000 -52.47660000
v -17.76680000 47.94480000 -52.59790000
v -17.76680000 47.94480000 -52.47660000
v -17.10140000 47.09350000 -52.59790000
v -17.10140000 47.09350000 -52.47660000
v -16.38350000 46.23650000 -52.59790000
v -16.38350000 46.23650000 -52.47660000
v -15.56510000 45.33220000 -52.59790000
v -15.56510000 45.33220000 -52.47660000
v -14.59860000 44.33900000 -52.59790000
v -14.59860000 44.33900000 -52.47660000
v -13.91610000 43.74640000 -52.59790000
v -13.91610000 43.74640000 -52.47660000
v -13.39980000 43.47190000 -52.59790000
v -13.39980000 43.47190000 -52.47660000
v -12.98860000 43.42340000 -52.59790000
v -12.98860000 43.42340000 -52.47660000
v -12.62130000 43.50860000 -52.59790000
v -12.62130000 43.50860000 -52.47660000
v -12.23680000 43.63530000 -52.59790000
v -12.23680000 43.63530000 -52.47660000
v -11.77400000 43.71150000 -52.59790000
v -11.77400000 43.71150000 -52.47660000
v -11.17170000 43.64490000 -52.59790000
v -11.17170000 43.64490000 -52.47660000
v -11.16680000 43.47170000 -52.59790000
v -11.16680000 43.47170000 -52.47660000
v -11.17540000 43.32030000 -52.59790000
v -11.17540000 43.32030000 -52.47660000
v -11.19130000 43.18450000 -52.59790000
v -11.19130000 43.18450000 -52.47660000
v -11.20850000 43.05820000 -52.59790000
v -11.20850000 43.05820000 -52.47660000
v -11.22090000 42.93510000 -52.59790000
v -11.22090000 42.93510000 -52.47660000
v -11.22230000 42.80940000 -52.59790000
v -11.22230000 42.80940000 -52.47660000
v -11.20660000 42.67460000 -52.59790000
v -11.20660000 42.67460000 -52.47660000
v -11.18380000 42.53990000 -52.59790000
v -11.18380000 42.53990000 -52.47660000
v -11.17480000 42.46960000 -52.59790000
v -11.17480000 42.46960000 -52.47660000
v -11.17170000 42.44280000 -52.59790000
v -11.17170000 42.44280000 -52.47660000
v -11.16670000 42.43890000 -52.59790000
v -11.16670000 42.43890000 -52.47660000
v -11.15200000 42.43680000 -52.59790000
v -11.15200000 42.43680000 -52.47660000
v -11.11960000 42.41580000 -52.59790000
v -11.11960000 42.41580000 -52.47660000
v -11.06170000 42.35490000 -52.59790000
v -11.06170000 42.35490000 -52.47660000
v -11.06560000 41.48140000 -52.59790000
v -11.06560000 41.48140000 -52.47660000
v -11.06570000 40.94090000 -52.59790000
v -11.06570000 40.94090000 -52.47660000
v -11.06120000 40.43260000 -52.59790000
v -11.06120000 40.43260000 -52.47660000
v -11.04440000 39.94830000 -52.59790000
v -11.04440000 39.94830000 -52.47660000
v -11.00780000 39.48020000 -52.59790000
v -11.00780000 39.48020000 -52.47660000
v -10.94360000 39.01990000 -52.59790000
v -10.94360000 39.01990000 -52.47660000
v -10.84430000 38.55940000 -52.59790000
v -10.84430000 38.55940000 -52.47660000
v -10.70230000 38.09060000 -52.59790000
v -10.70230000 38.09060000 -52.47660000
v -10.50580000 37.33360000 -52.59790000
v -10.50580000 37.33360000 -52.47660000
v -10.32700000 36.31060000 -52.59790000
v -10.32700000 36.31060000 -52.47660000
v -10.15870000 35.10690000 -52.59790000
v -10.15870000 35.10690000 -52.47660000
v -9.99360000 33.80800000 -52.59790000
v -9.99360000 33.80800000 -52.47660000
v -9.82450000 32.49930000 -52.59790000
v -9.82450000 32.49930000 -52.47660000
v -9.64420000 31.26630000 -52.59790000
v -9.64420000 31.26630000 -52.47660000
v -9.44540000 30.19430000 -52.59790000
v -9.44540000 30.19430000 -52.47660000
v -9.00230000 28.70170000 -52.59790000
v -9.00230000 28.70170000 -52.47660000
v -8.97180000 28.08460000 -52.59790000
v -8.97180000 28.08460000 -52.47660000
v -8.77910000 27.24270000 -52.59790000
v -8.77910000 27.24270000 -52.47660000
v -8.47300000 26.26270000 -52.59790000
v -8.47300000 26.26270000 -52.47660000
v -8.10260000 25.23150000 -52.59790000
v -8.10260000 25.23150000 -52.47660000
v -7.71670000 24.23600000 -52.59790000
v -7.71670000 24.23600000 -52.47660000
v -7.36440000 23.36280000 -52.59790000
v -7.36440000 23.36280000 -52.47660000
v -7.09450000 22.69890000 -52.59790000
v -7.09450000 22.69890000 -52.47660000
v -6.98510000 22.40460000 -52.59790000
v -6.98510000 22.40460000 -52.47660000
v -6.89010000 22.11180000 -52.59790000
v -6.89010000 22.11180000 -52.47660000
v -6.80490000 21.81970000 -52.59790000
v -6.80490000 21.81970000 -52.47660000
v -6.72470000 21.52740000 -52.59790000
v -6.72470000 21.52740000 -52.47660000
v -6.64490000 21.23410000 -52.59790000
v -6.64490000 21.23410000 -52.47660000
v -6.56070000 20.93890000 -52.59790000
v -6.56070000 20.93890000 -52.47660000
v -6.46770000 20.64100000 -52.59790000
v -6.46770000 20.64100000 -52.47660000
v -6.33510000 20.32930000 -52.59790000
v -6.33510000 20.32930000 -52.47660000
v -6.13640000 19.95410000 -52.59790000
v -6.13640000 19.95410000 -52.47660000
v -5.90020000 19.53920000 -52.59790000
v -5.90020000 19.53920000 -52.47660000
v -5.65490000 19.10850000 -52.59790000
v -5.65490000 19.10850000 -52.47660000
v -5.42910000 18.68570000 -52.59790000
v -5.42910000 18.68570000 -52.47660000
v -5.25130000 18.29460000 -52.59790000
v -5.25130000 18.29460000 -52.47660000
v -5.14990000 17.95900000 -52.59790000
v -5.14990000 17.95900000 -52.47660000
v -5.09000000 17.66740000 -52.59790000
v -5.09000000 17.66740000 -52.47660000
v -5.03750000 17.50340000 -52.59790000
v -5.03750000 17.50340000 -52.47660000
v -4.98520000 17.42370000 -52.59790000
v -4.98520000 17.42370000 -52.47660000
v -4.92590000 17.38500000 -52.59790000
v -4.92590000 17.38500000 -52.47660000
v -4.85220000 17.34410000 -52.59790000
v -4.85220000 17.34410000 -52.47660000
v -4.75690000 17.25750000 -52.59790000
v -4.75690000 17.25750000 -52.47660000
v -4.63280000 17.08200000 -52.59790000
v -4.63280000 17.08200000 -52.47660000
v -4.49820000 16.61250000 -52.59790000
v -4.49820000 16.61250000 -52.47660000
v -4.43070000 15.86740000 -52.59790000
v -4.43070000 15.86740000 -52.47660000
v -4.40910000 14.96780000 -52.59790000
v -4.40910000 14.96780000 -52.47660000
v -4.41230000 14.03480000 -52.59790000
v -4.41230000 14.03480000 -52.47660000
v -4.41890000 13.18950000 -52.59790000
v -4.41890000 13.18950000 -52.47660000
v -4.40780000 12.55310000 -52.59790000
v -4.40780000 12.55310000 -52.47660000
v -4.35780000 12.24670000 -52.59790000
v -4.35780000 12.24670000 -52.47660000
v -4.31530000 11.52460000 -52.59790000
v -4.31530000 11.52460000 -52.47660000
v -4.34050000 10.94400000 -52.59790000
v -4.34050000 10.94400000 -52.47660000
v -4.42070000 10.46910000 -52.59790000
v -4.42070000 10.46910000 -52.47660000
v -4.54320000 10.06390000 -52.59790000
v -4.54320000 10.06390000 -52.47660000
v -4.69520000 9.69270000 -52.59790000
v -4.69520000 9.69270000 -52.47660000
v -4.86380000 9.31940000 -52.59790000
v -4.86380000 9.31940000 -52.47660000
v -5.03650000 8.90830000 -52.59790000
v -5.03650000 8.90830000 -52.47660000
v -5.11450000 8.52020000 -52.59790000
v -5.11450000 8.52020000 -52.47660000
v -5.18860000 7.84160000 -52.59790000
v -5.18860000 7.84160000 -52.47660000
v -5.26840000 6.95500000 -52.59790000
v -5.26840000 6.95500000 -52.47660000
v -5.36360000 5.94300000 -52.59790000
v -5.36360000 5.94300000 -52.47660000
v -5.48380000 4.88800000 -52.59790000
v -5.48380000 4.88800000 -52.47660000
v -5.63850000 3.87230000 -52.59790000
v -5.63850000 3.87230000 -52.47660000
v -17.37680000 52.67290000 -52.59790000
v -17.24720000 52.80920000 -52.59790000
v -17.24720000 52.80920000 -52.47660000
v -17.37680000 52.67290000 -52.47660000
v -17.09020000 52.95890000 -52.59790000
v -17.09020000 52.95890000 -52.47660000
v -16.91460000 53.11650000 -52.59790000
v -16.91460000 53.11650000 -52.47660000
v -16.72940000 53.27660000 -52.59790000
v -16.72940000 53.27660000 -52.47660000
v -16.54360000 53.43360000 -52.59790000
v -16.54360000 53.43360000 -52.47660000
v -16.36610000 53.58200000 -52.59790000
v -16.36610000 53.58200000 -52.47660000
v -16.20580000 53.71640000 -52.59790000
v -16.20580000 53.71640000 -52.47660000
v -16.00470000 53.88720000 -52.59790000
v -16.00470000 53.88720000 -52.47660000
v -15.82290000 54.04410000 -52.59790000
v -15.82290000 54.04410000 -52.47660000
v -15.65390000 54.19410000 -52.59790000
v -15.65390000 54.19410000 -52.47660000
v -15.49120000 54.34380000 -52.59790000
v -15.49120000 54.34380000 -52.47660000
v -15.32850000 54.50020000 -52.59790000
v -15.32850000 54.50020000 -52.47660000
v -15.15910000 54.66990000 -52.59790000
v -15.15910000 54.66990000 -52.47660000
v -14.97660000 54.85980000 -52.59790000
v -14.97660000 54.85980000 -52.47660000
v -14.65010000 55.19450000 -52.59790000
v -14.65010000 55.19450000 -52.47660000
v -14.31680000 55.51340000 -52.59790000
v -14.31680000 55.51340000 -52.47660000
v -13.97210000 55.81990000 -52.59790000
v -13.97210000 55.81990000 -52.47660000
v -13.61130000 56.11750000 -52.59790000
v -13.61130000 56.11750000 -52.47660000
v -13.22970000 56.40970000 -52.59790000
v -13.22970000 56.40970000 -52.47660000
v -12.82250000 56.69970000 -52.59790000
v -12.82250000 56.69970000 -52.47660000
v -12.38510000 56.99120000 -52.59790000
v -12.38510000 56.99120000 -52.47660000
v -12.09430000 56.80600000 -52.59790000
v -12.09430000 56.80600000 -52.47660000
v -11.94390000 56.67950000 -52.59790000
v -11.94390000 56.67950000 -52.47660000
v -11.80020000 56.48540000 -52.59790000
v -11.80020000 56.48540000 -52.47660000
v -11.66670000 56.24270000 -52.59790000
v -11.66670000 56.24270000 -52.47660000
v -11.54700000 55.97070000 -52.59790000
v -11.54700000 55.97070000 -52.47660000
v -11.44480000 55.68860000 -52.59790000
v -11.44480000 55.68860000 -52.47660000
v -11.36370000 55.41530000 -52.59790000
v -11.36370000 55.41530000 -52.47660000
v -11.30720000 55.17020000 -52.59790000
v -11.30720000 55.17020000 -52.47660000
v -11.25410000 54.86610000 -52.59790000
v -11.25410000 54.86610000 -52.47660000
v -11.20780000 54.54970000 -52.59790000
v -11.20780000 54.54970000 -52.47660000
v -11.16860000 54.22470000 -52.59790000
v -11.16860000 54.22470000 -52.47660000
v -11.13640000 53.89520000 -52.59790000
v -11.13640000 53.89520000 -52.47660000
v -11.11140000 53.56500000 -52.59790000
v -11.11140000 53.56500000 -52.47660000
v -11.09380000 53.23790000 -52.59790000
v -11.09380000 53.23790000 -52.47660000
v -11.08370000 52.91790000 -52.59790000
v -11.08370000 52.91790000 -52.47660000
v -11.05690000 52.35560000 -52.59790000
v -11.05690000 52.35560000 -52.47660000
v -11.00560000 51.66810000 -52.59790000
v -11.00560000 51.66810000 -52.47660000
v -10.94400000 50.91110000 -52.59790000
v -10.94400000 50.91110000 -52.47660000
v -10.88650000 50.14040000 -52.59790000
v -10.88650000 50.14040000 -52.47660000
v -10.84730000 49.41170000 -52.59790000
v -10.84730000 49.41170000 -52.47660000
v -10.84070000 48.78070000 -52.59790000
v -10.84070000 48.78070000 -52.47660000
v -10.88090000 48.30340000 -52.59790000
v -10.88090000 48.30340000 -52.47660000
v -10.88760000 46.66020000 -52.59790000
v -10.88760000 46.66020000 -52.47660000
v -11.12910000 46.47670000 -52.59790000
v -11.12910000 46.47670000 -52.47660000
v -11.42820000 46.26710000 -52.59790000
v -11.42820000 46.26710000 -52.47660000
v -11.76890000 46.06270000 -52.59790000
v -11.76890000 46.06270000 -52.47660000
v -12.13480000 45.89440000 -52.59790000
v -12.13480000 45.89440000 -52.47660000
v -12.51020000 45.79340000 -52.59790000
v -12.51020000 45.79340000 -52.47660000
v -12.87870000 45.79070000 -52.59790000
v -12.87870000 45.79070000 -52.47660000
v -13.22430000 45.91750000 -52.59790000
v -13.22430000 45.91750000 -52.47660000
v -13.37230000 46.02680000 -52.59790000
v -13.37230000 46.02680000 -52.47660000
v -13.50980000 46.16010000 -52.59790000
v -13.50980000 46.16010000 -52.47660000
v -13.63870000 46.30870000 -52.59790000
v -13.63870000 46.30870000 -52.47660000
v -13.76060000 46.46420000 -52.59790000
v -13.76060000 46.46420000 -52.47660000
v -13.87730000 46.61770000 -52.59790000
v -13.87730000 46.61770000 -52.47660000
v -13.99080000 46.76080000 -52.59790000
v -13.99080000 46.76080000 -52.47660000
v -14.10280000 46.88480000 -52.59790000
v -14.10280000 46.88480000 -52.47660000
v -14.26580000 47.04650000 -52.59790000
v -14.26580000 47.04650000 -52.47660000
v -14.40410000 47.18270000 -52.59790000
v -14.40410000 47.18270000 -52.47660000
v -14.52540000 47.30330000 -52.59790000
v -14.52540000 47.30330000 -52.47660000
v -14.63730000 47.41810000 -52.59790000
v -14.63730000 47.41810000 -52.47660000
v -14.74770000 47.53690000 -52.59790000
v -14.74770000 47.53690000 -52.47660000
v -14.86430000 47.66960000 -52.59790000
v -14.86430000 47.66960000 -52.47660000
v -14.99490000 47.82610000 -52.59790000
v -14.99490000 47.82610000 -52.47660000
v -15.30330000 48.24950000 -52.59790000
v -15.30330000 48.24950000 -52.47660000
v -15.72300000 48.89600000 -52.59790000
v -15.72300000 48.89600000 -52.47660000
v -16.19360000 49.68570000 -52.59790000
v -16.19360000 49.68570000 -52.47660000
v -16.65470000 50.53840000 -52.59790000
v -16.65470000 50.53840000 -52.47660000
v -17.04590000 51.37390000 -52.59790000
v -17.04590000 51.37390000 -52.47660000
v -17.30670000 52.11210000 -52.59790000
v -17.30670000 52.11210000 -52.47660000
v -0.52190000 48.89320000 -52.59790000
v -0.75960000 49.03340000 -52.59790000
v -0.75960000 49.03340000 -52.47660000
v -0.52190000 48.89320000 -52.47660000
v -0.75870000 49.27760000 -52.59790000
v -0.75870000 49.27760000 -52.47660000
v -0.73600000 49.42500000 -52.59790000
v -0.73600000 49.42500000 -52.47660000
v -0.69790000 49.51280000 -52.59790000
v -0.69790000 49.51280000 -52.47660000
v -0.65060000 49.57800000 -52.59790000
v -0.65060000 49.57800000 -52.47660000
v -0.60060000 49.65780000 -52.59790000
v -0.60060000 49.65780000 -52.47660000
v -0.55410000 49.78920000 -52.59790000
v -0.55410000 49.78920000 -52.47660000
v -0.51750000 50.00930000 -52.59790000
v -0.51750000 50.00930000 -52.47660000
v -0.50700000 50.19980000 -52.59790000
v -0.50700000 50.19980000 -52.47660000
v -0.51560000 50.36100000 -52.59790000
v -0.51560000 50.36100000 -52.47660000
v -0.53640000 50.50260000 -52.59790000
v -0.53640000 50.50260000 -52.47660000
v -0.56260000 50.63480000 -52.59790000
v -0.56260000 50.63480000 -52.47660000
v -0.58720000 50.76730000 -52.59790000
v -0.58720000 50.76730000 -52.47660000
v -0.60360000 50.91000000 -52.59790000
v -0.60360000 50.91000000 -52.47660000
v -0.60480000 51.07280000 -52.59790000
v -0.60480000 51.07280000 -52.47660000
v -0.59100000 51.21390000 -52.59790000
v -0.59100000 51.21390000 -52.47660000
v -0.56690000 51.34240000 -52.59790000
v -0.56690000 51.34240000 -52.47660000
v -0.53680000 51.46570000 -52.59790000
v -0.53680000 51.46570000 -52.47660000
v -0.50490000 51.59120000 -52.59790000
v -0.50490000 51.59120000 -52.47660000
v -0.47530000 51.72610000 -52.59790000
v -0.47530000 51.72610000 -52.47660000
v -0.45240000 51.87810000 -52.59790000
v -0.45240000 51.87810000 -52.47660000
v -0.44030000 52.05430000 -52.59790000
v -0.44030000 52.05430000 -52.47660000
v -0.40020000 53.13680000 -52.59790000
v -0.40020000 53.13680000 -52.47660000
v -0.31690000 53.56970000 -52.59790000
v -0.31690000 53.56970000 -52.47660000
v -0.14320000 54.03160000 -52.59790000
v -0.14320000 54.03160000 -52.47660000
v 0.10560000 54.48930000 -52.59790000
v 0.10560000 54.48930000 -52.47660000
v 0.41470000 54.90970000 -52.59790000
v 0.41470000 54.90970000 -52.47660000
v 0.76890000 55.25940000 -52.59790000
v 0.76890000 55.25940000 -52.47660000
v 1.15320000 55.50550000 -52.59790000
v 1.15320000 55.50550000 -52.47660000
v 1.55250000 55.61450000 -52.59790000
v 1.55250000 55.61450000 -52.47660000
v 1.86860000 55.74920000 -52.59790000
v 1.86860000 55.74920000 -52.47660000
v 2.16700000 55.76670000 -52.59790000
v 2.16700000 55.76670000 -52.47660000
v 2.44660000 55.69450000 -52.59790000
v 2.44660000 55.69450000 -52.47660000
v 2.70630000 55.56060000 -52.59790000
v 2.70630000 55.56060000 -52.47660000
v 2.94490000 55.39250000 -52.59790000
v 2.94490000 55.39250000 -52.47660000
v 3.16130000 55.21800000 -52.59790000
v 3.16130000 55.21800000 -52.47660000
v 3.35440000 55.06470000 -52.59790000
v 3.35440000 55.06470000 -52.47660000
v 3.60120000 54.88240000 -52.59790000
v 3.60120000 54.88240000 -52.47660000
v 3.80930000 54.72630000 -52.59790000
v 3.80930000 54.72630000 -52.47660000
v 3.99120000 54.58490000 -52.59790000
v 3.99120000 54.58490000 -52.47660000
v 4.15950000 54.44670000 -52.59790000
v 4.15950000 54.44670000 -52.47660000
v 4.32690000 54.30040000 -52.59790000
v 4.32690000 54.30040000 -52.47660000
v 4.50580000 54.13450000 -52.59790000
v 4.50580000 54.13450000 -52.47660000
v 4.70900000 53.93770000 -52.59790000
v 4.70900000 53.93770000 -52.47660000
v 4.96280000 53.68110000 -52.59790000
v 4.96280000 53.68110000 -52.47660000
v 5.33400000 53.29610000 -52.59790000
v 5.33400000 53.29610000 -52.47660000
v 5.76940000 52.83550000 -52.59790000
v 5.76940000 52.83550000 -52.47660000
v 6.21560000 52.35260000 -52.59790000
v 6.21560000 52.35260000 -52.47660000
v 6.61940000 51.90020000 -52.59790000
v 6.61940000 51.90020000 -52.47660000
v 6.92760000 51.53140000 -52.59790000
v 6.92760000 51.53140000 -52.47660000
v 7.08680000 51.29930000 -52.59790000
v 7.08680000 51.29930000 -52.47660000
v 7.06340000 51.11750000 -52.59790000
v 7.06340000 51.11750000 -52.47660000
v 6.96280000 50.90770000 -52.59790000
v 6.96280000 50.90770000 -52.47660000
v 6.80850000 50.68430000 -52.59790000
v 6.80850000 50.68430000 -52.47660000
v 6.62390000 50.46170000 -52.59790000
v 6.62390000 50.46170000 -52.47660000
v 6.43260000 50.25420000 -52.59790000
v 6.43260000 50.25420000 -52.47660000
v 6.25790000 50.07630000 -52.59790000
v 6.25790000 50.07630000 -52.47660000
v 6.12350000 49.94230000 -52.59790000
v 6.12350000 49.94230000 -52.47660000
v 5.62420000 49.42230000 -52.59790000
v 5.62420000 49.42230000 -52.47660000
v 5.30820000 49.06850000 -52.59790000
v 5.30820000 49.06850000 -52.47660000
v 5.09150000 48.81720000 -52.59790000
v 5.09150000 48.81720000 -52.47660000
v 4.88990000 48.60490000 -52.59790000
v 4.88990000 48.60490000 -52.47660000
v 4.61920000 48.36820000 -52.59790000
v 4.61920000 48.36820000 -52.47660000
v 4.19550000 48.04360000 -52.59790000
v 4.19550000 48.04360000 -52.47660000
v 3.53440000 47.56750000 -52.59790000
v 3.53440000 47.56750000 -52.47660000
v 2.73990000 47.03630000 -52.59790000
v 2.73990000 47.03630000 -52.47660000
v 2.21440000 46.76630000 -52.59790000
v 2.21440000 46.76630000 -52.47660000
v 1.88350000 46.71260000 -52.59790000
v 1.88350000 46.71260000 -52.47660000
v 1.67280000 46.83060000 -52.59790000
v 1.67280000 46.83060000 -52.47660000
v 1.50790000 47.07530000 -52.59790000
v 1.50790000 47.07530000 -52.47660000
v 1.31420000 47.40210000 -52.59790000
v 1.31420000 47.40210000 -52.47660000
v 1.01740000 47.76610000 -52.59790000
v 1.01740000 47.76610000 -52.47660000
v 0.83210000 47.93690000 -52.59790000
v 0.83210000 47.93690000 -52.47660000
v 0.67500000 48.05360000 -52.59790000
v 0.67500000 48.05360000 -52.47660000
v 0.52850000 48.13000000 -52.59790000
v 0.52850000 48.13000000 -52.47660000
v 0.37520000 48.17960000 -52.59790000
v 0.37520000 48.17960000 -52.47660000
v 0.19720000 48.21610000 -52.59790000
v 0.19720000 48.21610000 -52.47660000
v -0.02300000 48.25290000 -52.59790000
v -0.02300000 48.25290000 -52.47660000
v -0.30300000 48.30380000 -52.59790000
v -0.30300000 48.30380000 -52.47660000
v -0.38260000 48.61050000 -52.59790000
v -0.38260000 48.61050000 -52.47660000
v -0.42230000 48.70120000 -52.59790000
v -0.42230000 48.70120000 -52.47660000
vt 0.16458333 0.34821429
vt 0.16458333 0.34821429
vt 0.16458333 0.34821429
vt 0.16458333 0.34821429
vt 0.16458333 0.34821429
vt 0.16458333 0.34821429
vt 0.16458333 0.34821429
vt 0.16458333 0.34821429
vt 0.16458333 0.34821429
vt 0.16458333 0.34821429
vt 0.16458333 0.34821429
vt 0.16458333 0.34821429
vt 0.16458333 0.34821429
vt 0.16458333 0.34821429
vt 0.16458333 0.34821429
vt 0.16458333 0.34821429
vt 0.16458333 0.34821429
vt 0.16458333 0.34821429
vt 0.16458333 0.34821429
vt 0.16458333 0.34821429
vt 0.16458333 0.34821429
vt 0.16458333 0.34821429
vt 0.16458333 0.34821429
vt 0.16458333 0.34821429
vt 0.16458333 0.34821429
vt 0.16458333 0.34821429
vt 0.16458333 0.34821429
vt 0.16458333 0.34821429
vt 0.16458333 0.34821429
vt 0.16458333 0.34821429
vt 0.16458333 0.34821429
vt 0.16458333 0.34821429
vt 0.16458333 0.34821429
vt 0.16458333 0.34821429
vt 0.16458333 0.34821429
vt 0.16458333 0.34821429
vt 0.16458333 0.34821429
vt 0.16458333 0.34821429
vt 0.16458333 0.34821429
vt 0.16458333 0.34821429
vt 0.16458333 0.34821429
vt 0.16458333 0.34821429
vt 0.16458333 0.34821429
vt 0.16458333 0.34821429
vt 0.16458333 0.34821429
vt 0.16458333 0.34821429
vt 0.16458333 0.34821429
vt 0.16458333 0.34821429
vt 0.16458333 0.34821429
vt 0.16458333 0.34821429
vt 0.16458333 0.34821429
vt 0.16458333 0.34821429
vt 0.16458333 0.34821429
vt 0.16458333 0.34821429
vt 0.16458333 0.34821429
vt 0.16458333 0.34821429
vt 0.16458333 0.34821429
vt 0.16458333 0.34821429
vt 0.16458333 0.34821429
vt 0.16458333 0.34821429
vt 0.16458333 0.34821429
vt 0.16458333 0.34821429
vt 0.16458333 0.34821429
vt 0.16458333 0.34821429
vt 0.16458333 0.34821429
vt 0.16458333 0.34821429
vt 0.16458333 0.34821429
vt 0.16458333 0.34821429
vt 0.16458333 0.34821429
vt 0.16458333 0.34821429
vt 0.16458333 0.34821429
vt 0.16458333 0.34821429
vt 0.16458333 0.34821429
vt 0.16458333 0.34821429
vt 0.16458333 0.34821429
vt 0.16458333 0.34821429
vt 0.16458333 0.34821429
vt 0.16458333 0.34821429
vt 0.16458333 0.34821429
vt 0.16458333 0.34821429
vt 0.16458333 0.34821429
vt 0.16458333 0.34821429
vt 0.16458333 0.34821429
vt 0.16458333 0.34821429
vt 0.16458333 0.34821429
vt 0.16458333 0.34821429
vt 0.16458333 0.34821429
vt 0.16458333 0.34821429
vt 0.16458333 0.34821429
vt 0.16458333 0.34821429
vt 0.16458333 0.34821429
vt 0.16458333 0.34821429
vt 0.16458333 0.34821429
vt 0.16458333 0.34821429
vt 0.16458333 0.34821429
vt 0.16458333 0.34821429
vt 0.16458333 0.34821429
vt 0.16458333 0.34821429
vt 0.16458333 0.34821429
vt 0.16458333 0.34821429
vt 0.16458333 0.34821429
vt 0.16458333 0.34821429
vt 0.16458333 0.34821429
vt 0.16458333 0.34821429
vt 0.16458333 0.34821429
vt 0.16458333 0.34821429
vt 0.16458333 0.34821429
vt 0.16458333 0.34821429
vt 0.16458333 0.34821429
vt 0.16458333 0.34821429
vt 0.16458333 0.34821429
vt 0.16458333 0.34821429
vt 0.16458333 0.34821429
vt 0.16458333 0.34821429
vt 0.16458333 0.34821429
vt 0.16458333 0.34821429
vt 0.16458333 0.34821429
vt 0.16458333 0.34821429
vt 0.16458333 0.34821429
vt 0.16458333 0.34821429
vt 0.16458333 0.34821429
vt 0.16458333 0.34821429
vt 0.16458333 0.34821429
vt 0.16458333 0.34821429
vt 0.16458333 0.34821429
vt 0.16458333 0.34821429
vt 0.16458333 0.34821429
vt 0.16458333 0.34821429
vt 0.16458333 0.34821429
vt 0.16458333 0.34821429
vt 0.16458333 0.34821429
vt 0.16458333 0.34821429
vt 0.16458333 0.34821429
vt 0.16458333 0.34821429
vt 0.16458333 0.34821429
vt 0.16458333 0.34821429
vt 0.16458333 0.34821429
vt 0.16458333 0.34821429
vt 0.16458333 0.34821429
vt 0.16458333 0.34821429
vt 0.16458333 0.34821429
vt 0.16458333 0.34821429
vt 0.16458333 0.34821429
vt 0.16458333 0.34821429
vt 0.16458333 0.34821429
vt 0.16458333 0.34821429
vt 0.16458333 0.34821429
vt 0.16458333 0.34821429
vt 0.16458333 0.34821429
vt 0.16458333 0.34821429
vt 0.16458333 0.34821429
vt 0.16458333 0.34821429
vt 0.16458333 0.34821429
vt 0.16458333 0.34821429
vt 0.16458333 0.34821429
vt 0.16458333 0.34821429
vt 0.16458333 0.34821429
vt 0.16458333 0.34821429
vt 0.16458333 0.34821429
vt 0.16458333 0.34821429
vt 0.16458333 0.34821429
vt 0.16458333 0.34821429
vt 0.16458333 0.34821429
vt 0.16458333 0.34821429
vt 0.16458333 0.34821429
vt 0.16458333 0.34821429
vt 0.16458333 0.34821429
vt 0.16458333 0.34821429
vt 0.16458333 0.34821429
vt 0.16458333 0.34821429
vt 0.16458333 0.34821429
vt 0.16458333 0.34821429
vt 0.16458333 0.34821429
vt 0.16458333 0.34821429
vt 0.16458333 0.34821429
vt 0.16458333 0.34821429
vt 0.16458333 0.34821429
vt 0.16458333 0.34821429
vt 0.16458333 0.34821429
vt 0.16458333 0.34821429
vt 0.16458333 0.34821429
vt 0.16458333 0.34821429
vt 0.16458333 0.34821429
vt 0.16458333 0.34821429
vt 0.16458333 0.34821429
vt 0.16458333 0.34821429
vt 0.16458333 0.34821429
vt 0.16458333 0.34821429
vt 0.16458333 0.34821429
vt 0.16458333 0.34821429
vt 0.16458333 0.34821429
vt 0.16458333 0.34821429
vt 0.16458333 0.34821429
vt 0.16458333 0.34821429
vt 0.16458333 0.34821429
vt 0.16458333 0.34821429
vt 0.16458333 0.34821429
vt 0.16458333 0.34821429
vt 0.16458333 0.34821429
vt 0.16458333 0.34821429
vt 0.16458333 0.34821429
vt 0.16458333 0.34821429
vt 0.16458333 0.34821429
vt 0.16458333 0.34821429
vt 0.16458333 0.34821429
vt 0.16458333 0.34821429
vt 0.16458333 0.34821429
vt 0.16458333 0.34821429
vt 0.16458333 0.34821429
vt 0.16458333 0.34821429
vt 0.16458333 0.34821429
vt 0.16458333 0.34821429
vt 0.16458333 0.34821429
vt 0.16458333 0.34821429
vt 0.16458333 0.34821429
vt 0.16458333 0.34821429
vt 0.16458333 0.34821429
vt 0.16458333 0.34821429
vt 0.16458333 0.34821429
vt 0.16458333 0.34821429
vt 0.16458333 0.34821429
vt 0.16458333 0.34821429
vt 0.16458333 0.34821429
vt 0.16458333 0.34821429
vt 0.16458333 0.34821429
vt 0.16458333 0.34821429
vt 0.16458333 0.34821429
vt 0.16458333 0.34821429
vt 0.16458333 0.34821429
vt 0.16458333 0.34821429
vt 0.16458333 0.34821429
vt 0.16458333 0.34821429
vt 0.16458333 0.34821429
vt 0.16458333 0.34821429
vt 0.16458333 0.34821429
vt 0.16458333 0.34821429
vt 0.16458333 0.34821429
vt 0.16458333 0.34821429
vt 0.16458333 0.34821429
vt 0.16458333 0.34821429
vt 0.16458333 0.34821429
vt 0.16458333 0.34821429
vt 0.16458333 0.34821429
vt 0.16458333 0.34821429
vt 0.16458333 0.34821429
vt 0.16458333 0.34821429
vt 0.16458333 0.34821429
vt 0.16458333 0.34821429
vt 0.16458333 0.34821429
vt 0.16458333 0.34821429
vt 0.16458333 0.34821429
vt 0.16458333 0.34821429
vt 0.16458333 0.34821429
vt 0.16458333 0.34821429
vt 0.16458333 0.34821429
vt 0.16458333 0.34821429
vt 0.16458333 0.34821429
vt 0.16458333 0.34821429
vt 0.16458333 0.34821429
vt 0.16458333 0.34821429
vt 0.16458333 0.34821429
vt 0.16458333 0.34821429
vt 0.16458333 0.34821429
vt 0.16458333 0.34821429
vt 0.16458333 0.34821429
vt 0.16458333 0.34821429
vt 0.16458333 0.34821429
vt 0.16458333 0.34821429
vt 0.16458333 0.34821429
vt 0.16458333 0.34821429
vt 0.16458333 0.34821429
vt 0.16458333 0.34821429
vt 0.16458333 0.34821429
vt 0.16458333 0.34821429
vt 0.16458333 0.34821429
vt 0.16458333 0.34821429
vt 0.16458333 0.34821429
vt 0.16458333 0.34821429
vt 0.16458333 0.34821429
vt 0.16458333 0.34821429
vt 0.16458333 0.34821429
vt 0.16458333 0.34821429
vt 0.16458333 0.34821429
vt 0.16458333 0.34821429
vt 0.16458333 0.34821429
vt 0.16458333 0.34821429
vt 0.16458333 0.34821429
vt 0.16458333 0.34821429
vt 0.16458333 0.34821429
vt 0.16458333 0.34821429
vt 0.16458333 0.34821429
vt 0.16458333 0.34821429
vt 0.16458333 0.34821429
vt 0.16458333 0.34821429
vt 0.16458333 0.34821429
vt 0.16458333 0.34821429
vt 0.16458333 0.34821429
vt 0.16458333 0.34821429
vt 0.16458333 0.34821429
vt 0.16458333 0.34821429
vt 0.16458333 0.34821429
vt 0.16458333 0.34821429
vt 0.16458333 0.34821429
vt 0.16458333 0.34821429
vt 0.16458333 0.34821429
vt 0.16458333 0.34821429
vt 0.16458333 0.34821429
vt 0.16458333 0.34821429
vt 0.16458333 0.34821429
vt 0.16458333 0.34821429
vt 0.16458333 0.34821429
vt 0.16458333 0.34821429
vt 0.16458333 0.34821429
vt 0.16458333 0.34821429
vt 0.16458333 0.34821429
vt 0.16458333 0.34821429
vt 0.16458333 0.34821429
vt 0.16458333 0.34821429
vt 0.16458333 0.34821429
vt 0.16458333 0.34821429
vt 0.16458333 0.34821429
vt 0.16458333 0.34821429
vt 0.16458333 0.34821429
vt 0.16458333 0.34821429
vt 0.16458333 0.34821429
vt 0.16458333 0.34821429
vt 0.16458333 0.34821429
vt 0.16458333 0.34821429
vt 0.16458333 0.34821429
vt 0.16458333 0.34821429
vt 0.16458333 0.34821429
vt 0.16458333 0.34821429
vt 0.16458333 0.34821429
vt 0.16458333 0.34821429
vt 0.16458333 0.34821429
vt 0.16458333 0.34821429
vt 0.16458333 0.34821429
vt 0.16458333 0.34821429
vt 0.16458333 0.34821429
vt 0.16458333 0.34821429
vt 0.16458333 0.34821429
vt 0.16458333 0.34821429
vt 0.16458333 0.34821429
vt 0.16458333 0.34821429
vt 0.16458333 0.34821429
vt 0.16458333 0.34821429
vt 0.16458333 0.34821429
vt 0.16458333 0.34821429
vt 0.16458333 0.34821429
vt 0.16458333 0.34821429
vt 0.16458333 0.34821429
vt 0.16458333 0.34821429
vt 0.16458333 0.34821429
vt 0.16458333 0.34821429
vt 0.16458333 0.34821429
vt 0.16458333 0.34821429
vt 0.16458333 0.34821429
vt 0.16458333 0.34821429
vt 0.16458333 0.34821429
vt 0.16458333 0.34821429
vt 0.16458333 0.34821429
vt 0.16458333 0.34821429
vt 0.16458333 0.34821429
vt 0.16458333 0.34821429
vt 0.16458333 0.34821429
vt 0.16458333 0.34821429
vt 0.16458333 0.34821429
vt 0.16458333 0.34821429
vt 0.16458333 0.34821429
vt 0.16458333 0.34821429
vt 0.16458333 0.34821429
vt 0.16458333 0.34821429
vt 0.16458333 0.34821429
vt 0.16458333 0.34821429
vt 0.16458333 0.34821429
vt 0.16458333 0.34821429
vt 0.16458333 0.34821429
vt 0.16458333 0.34821429
vt 0.16458333 0.34821429
vt 0.16458333 0.34821429
vt 0.16458333 0.34821429
vt 0.16458333 0.34821429
vt 0.16458333 0.34821429
vt 0.16458333 0.34821429
vt 0.16458333 0.34821429
vt 0.16458333 0.34821429
vt 0.16458333 0.34821429
vt 0.16458333 0.34821429
vt 0.16458333 0.34821429
vt 0.16458333 0.34821429
vt 0.16458333 0.34821429
vt 0.16458333 0.34821429
vt 0.16458333 0.34821429
vt 0.16458333 0.34821429
vt 0.16458333 0.34821429
vt 0.16458333 0.34821429
vt 0.16458333 0.34821429
vt 0.16458333 0.34821429
vt 0.16458333 0.34821429
vt 0.16458333 0.34821429
vt 0.16458333 0.34821429
vt 0.16458333 0.34821429
vt 0.16458333 0.34821429
vt 0.16458333 0.34821429
vt 0.16458333 0.34821429
vt 0.16458333 0.34821429
vt 0.16458333 0.34821429
vt 0.16458333 0.34821429
vt 0.16458333 0.34821429
vt 0.16458333 0.34821429
vt 0.16458333 0.34821429
vt 0.16458333 0.34821429
vt 0.16458333 0.34821429
vt 0.16458333 0.34821429
vt 0.16458333 0.34821429
vt 0.16458333 0.34821429
vt 0.16458333 0.34821429
vt 0.16458333 0.34821429
vt 0.16458333 0.34821429
vt 0.16458333 0.34821429
vt 0.16458333 0.34821429
vt 0.16458333 0.34821429
vt 0.16458333 0.34821429
vt 0.16458333 0.34821429
vt 0.16458333 0.34821429
vt 0.16458333 0.34821429
vt 0.16458333 0.34821429
vt 0.16458333 0.34821429
vt 0.16458333 0.34821429
vt 0.16458333 0.34821429
vt 0.16458333 0.34821429
vt 0.16458333 0.34821429
vt 0.16458333 0.34821429
vt 0.16458333 0.34821429
vt 0.16458333 0.34821429
vt 0.16458333 0.34821429
vt 0.16458333 0.34821429
vt 0.16458333 0.34821429
vt 0.16458333 0.34821429
vt 0.16458333 0.34821429
vt 0.16458333 0.34821429
vt 0.16458333 0.34821429
vt 0.16458333 0.34821429
vt 0.16458333 0.34821429
vt 0.16458333 0.34821429
vt 0.16458333 0.34821429
vt 0.16458333 0.34821429
vt 0.16458333 0.34821429
vt 0.16458333 0.34821429
vt 0.16458333 0.34821429
vt 0.16458333 0.34821429
vt 0.16458333 0.34821429
vt 0.16458333 0.34821429
vt 0.16458333 0.34821429
vt 0.16458333 0.34821429
vt 0.16458333 0.34821429
vt 0.16458333 0.34821429
vt 0.16458333 0.34821429
vt 0.16458333 0.34821429
vt 0.16458333 0.34821429
vt 0.16458333 0.34821429
vt 0.16458333 0.34821429
vt 0.16458333 0.34821429
vt 0.16458333 0.34821429
vt 0.16458333 0.34821429
vt 0.16458333 0.34821429
vt 0.16458333 0.34821429
vt 0.16458333 0.34821429
vt 0.16458333 0.34821429
vt 0.16458333 0.34821429
vt 0.16458333 0.34821429
vt 0.16458333 0.34821429
vt 0.16458333 0.34821429
vt 0.16458333 0.34821429
vt 0.16458333 0.34821429
vt 0.16458333 0.34821429
vt 0.16458333 0.34821429
vt 0.16458333 0.34821429
vt 0.16458333 0.34821429
vt 0.16458333 0.34821429
vt 0.16458333 0.34821429
vt 0.16458333 0.34821429
vt 0.16458333 0.34821429
vt 0.16458333 0.34821429
vt 0.16458333 0.34821429
vt 0.16458333 0.34821429
vt 0.16458333 0.34821429
vt 0.16458333 0.34821429
vt 0.16458333 0.34821429
vt 0.16458333 0.34821429
vt 0.16458333 0.34821429
vt 0.16458333 0.34821429
vt 0.16458333 0.34821429
vt 0.16458333 0.34821429
vt 0.16458333 0.34821429
vt 0.16458333 0.34821429
vt 0.16458333 0.34821429
vt 0.16458333 0.34821429
vt 0.16458333 0.34821429
vt 0.16458333 0.34821429
vt 0.16458333 0.34821429
vt 0.16458333 0.34821429
vt 0.16458333 0.34821429
vt 0.16458333 0.34821429
vt 0.16458333 0.34821429
vt 0.16458333 0.34821429
vt 0.16458333 0.34821429
vt 0.16458333 0.34821429
vt 0.16458333 0.34821429
vt 0.16458333 0.34821429
vt 0.16458333 0.34821429
vt 0.16458333 0.34821429
vt 0.16458333 0.34821429
vt 0.16458333 0.34821429
vt 0.16458333 0.34821429
vt 0.16458333 0.34821429
vt 0.16458333 0.34821429
vt 0.16458333 0.34821429
vt 0.16458333 0.34821429
vt 0.16458333 0.34821429
vt 0.16458333 0.34821429
vt 0.16458333 0.34821429
vt 0.16458333 0.34821429
vt 0.16458333 0.34821429
vt 0.16458333 0.34821429
vt 0.16458333 0.34821429
vt 0.16458333 0.34821429
vt 0.16458333 0.34821429
vt 0.16458333 0.34821429
vt 0.16458333 0.34821429
vt 0.16458333 0.34821429
vt 0.16458333 0.34821429
vt 0.16458333 0.34821429
vt 0.16458333 0.34821429
vt 0.16458333 0.34821429
vt 0.16458333 0.34821429
vt 0.16458333 0.34821429
vt 0.16458333 0.34821429
vt 0.16458333 0.34821429
vt 0.16458333 0.34821429
vt 0.16458333 0.34821429
vt 0.16458333 0.34821429
vt 0.16458333 0.34821429
vt 0.16458333 0.34821429
vt 0.16458333 0.34821429
vt 0.16458333 0.34821429
vt 0.16458333 0.34821429
vt 0.16458333 0.34821429
vt 0.16458333 0.34821429
vt 0.16458333 0.34821429
vt 0.16458333 0.34821429
vt 0.16458333 0.34821429
vt 0.16458333 0.34821429
vt 0.16458333 0.34821429
vt 0.16458333 0.34821429
vt 0.16458333 0.34821429
vt 0.16458333 0.34821429
vt 0.16458333 0.34821429
vt 0.16458333 0.34821429
vt 0.16458333 0.34821429
vt 0.16458333 0.34821429
vt 0.16458333 0.34821429
vt 0.16458333 0.34821429
vt 0.16458333 0.34821429
vt 0.16458333 0.34821429
vt 0.16458333 0.34821429
vt 0.16458333 0.34821429
vt 0.16458333 0.34821429
vt 0.16458333 0.34821429
vt 0.16458333 0.34821429
vt 0.16458333 0.34821429
vt 0.16458333 0.34821429
vt 0.16458333 0.34821429
vt 0.16458333 0.34821429
vt 0.16458333 0.34821429
vt 0.16458333 0.34821429
vt 0.16458333 0.34821429
vt 0.16458333 0.34821429
vt 0.16458333 0.34821429
vt 0.16458333 0.34821429
vt 0.16458333 0.34821429
vt 0.16458333 0.34821429
vt 0.16458333 0.34821429
vt 0.16458333 0.34821429
vt 0.16458333 0.34821429
vt 0.16458333 0.34821429
vt 0.16458333 0.34821429
vt 0.16458333 0.34821429
vt 0.16458333 0.34821429
vt 0.16458333 0.34821429
vt 0.16458333 0.34821429
vt 0.16458333 0.34821429
vt 0.16458333 0.34821429
vt 0.16458333 0.34821429
vt 0.16458333 0.34821429
vt 0.16458333 0.34821429
vt 0.16458333 0.34821429
vt 0.16458333 0.34821429
vt 0.16458333 0.34821429
vt 0.16458333 0.34821429
vt 0.16458333 0.34821429
vt 0.16458333 0.34821429
vt 0.16458333 0.34821429
vt 0.16458333 0.34821429
vt 0.16458333 0.34821429
vt 0.16458333 0.34821429
vt 0.16458333 0.34821429
vt 0.16458333 0.34821429
vt 0.16458333 0.34821429
vt 0.16458333 0.34821429
vt 0.16458333 0.34821429
vt 0.16458333 0.34821429
vt 0.16458333 0.34821429
vt 0.16458333 0.34821429
vt 0.16458333 0.34821429
vt 0.16458333 0.34821429
vt 0.16458333 0.34821429
vt 0.16458333 0.34821429
vt 0.16458333 0.34821429
vt 0.16458333 0.34821429
vt 0.16458333 0.34821429
vt 0.16458333 0.34821429
vt 0.16458333 0.34821429
vt 0.16458333 0.34821429
vt 0.16458333 0.34821429
vt 0.16458333 0.34821429
vt 0.16458333 0.34821429
vt 0.16458333 0.34821429
vt 0.16458333 0.34821429
vt 0.16458333 0.34821429
vt 0.16458333 0.34821429
vt 0.16458333 0.34821429
vt 0.16458333 0.34821429
vt 0.16458333 0.34821429
vt 0.16458333 0.34821429
vt 0.16458333 0.34821429
vt 0.16458333 0.34821429
vt 0.16458333 0.34821429
vt 0.16458333 0.34821429
vt 0.16458333 0.34821429
vt 0.16458333 0.34821429
vt 0.16458333 0.34821429
vt 0.16458333 0.34821429
vt 0.16458333 0.34821429
vt 0.16458333 0.34821429
vt 0.16458333 0.34821429
vt 0.16458333 0.34821429
vt 0.16458333 0.34821429
vt 0.16458333 0.34821429
vt 0.16458333 0.34821429
vt 0.16458333 0.34821429
vt 0.16458333 0.34821429
vt 0.16458333 0.34821429
vt 0.16458333 0.34821429
vt 0.16458333 0.34821429
vt 0.16458333 0.34821429
vt 0.16458333 0.34821429
vt 0.16458333 0.34821429
vt 0.16458333 0.34821429
vt 0.16458333 0.34821429
vt 0.16458333 0.34821429
vt 0.16458333 0.34821429
vt 0.16458333 0.34821429
vt 0.16458333 0.34821429
vt 0.16458333 0.34821429
vt 0.16458333 0.34821429
vt 0.16458333 0.34821429
vt 0.16458333 0.34821429
vt 0.16458333 0.34821429
vt 0.16458333 0.34821429
vt 0.16458333 0.34821429
vt 0.16458333 0.34821429
vt 0.16458333 0.34821429
vt 0.16458333 0.34821429
vt 0.16458333 0.34821429
vt 0.16458333 0.34821429
vt 0.16458333 0.34821429
vt 0.16458333 0.34821429
vt 0.16458333 0.34821429
vt 0.16458333 0.34821429
vt 0.16458333 0.34821429
vt 0.16458333 0.34821429
vt 0.16458333 0.34821429
vt 0.16458333 0.34821429
vt 0.16458333 0.34821429
vt 0.16458333 0.34821429
vt 0.16458333 0.34821429
vt 0.16458333 0.34821429
vt 0.16458333 0.34821429
vt 0.16458333 0.34821429
vt 0.16458333 0.34821429
vt 0.16458333 0.34821429
vt 0.16458333 0.34821429
vt 0.16458333 0.34821429
vt 0.16458333 0.34821429
vt 0.16458333 0.34821429
vt 0.16458333 0.34821429
vt 0.16458333 0.34821429
vt 0.16458333 0.34821429
vt 0.16458333 0.34821429
vt 0.16458333 0.34821429
vt 0.16458333 0.34821429
vt 0.16458333 0.34821429
vt 0.16458333 0.34821429
vt 0.16458333 0.34821429
vt 0.16458333 0.34821429
vt 0.16458333 0.34821429
vt 0.16458333 0.34821429
vt 0.16458333 0.34821429
vt 0.16458333 0.34821429
vt 0.16458333 0.34821429
vt 0.16458333 0.34821429
vt 0.16458333 0.34821429
vt 0.16458333 0.34821429
vt 0.16458333 0.34821429
vt 0.16458333 0.34821429
vt 0.16458333 0.34821429
vt 0.16458333 0.34821429
vt 0.16458333 0.34821429
vt 0.16458333 0.34821429
vt 0.16458333 0.34821429
vt 0.16458333 0.34821429
vt 0.16458333 0.34821429
vt 0.16458333 0.34821429
vt 0.16458333 0.34821429
vt 0.16458333 0.34821429
vt 0.16458333 0.34821429
vt 0.16458333 0.34821429
vt 0.16458333 0.34821429
vt 0.16458333 0.34821429
vt 0.16458333 0.34821429
vt 0.16458333 0.34821429
vt 0.16458333 0.34821429
vt 0.16458333 0.34821429
vt 0.16458333 0.34821429
vt 0.16458333 0.34821429
vt 0.16458333 0.34821429
vt 0.16458333 0.34821429
vt 0.16458333 0.34821429
vt 0.16458333 0.34821429
vt 0.16458333 0.34821429
vt 0.16458333 0.34821429
vt 0.16458333 0.34821429
vt 0.16458333 0.34821429
vt 0.16458333 0.34821429
vt 0.16458333 0.34821429
vt 0.16458333 0.34821429
vt 0.16458333 0.34821429
vt 0.16458333 0.34821429
vt 0.16458333 0.34821429
vt 0.16458333 0.34821429
vt 0.16458333 0.34821429
vt 0.16458333 0.34821429
vt 0.16458333 0.34821429
vt 0.16458333 0.34821429
vt 0.16458333 0.34821429
vt 0.16458333 0.34821429
vt 0.16458333 0.34821429
vt 0.16458333 0.34821429
vt 0.16458333 0.34821429
vt 0.16458333 0.34821429
vt 0.16458333 0.34821429
vt 0.16458333 0.34821429
vt 0.16458333 0.34821429
vt 0.16458333 0.34821429
vt 0.16458333 0.34821429
vt 0.16458333 0.34821429
vt 0.16458333 0.34821429
vt 0.16458333 0.34821429
vt 0.16458333 0.34821429
vt 0.16458333 0.34821429
vt 0.16458333 0.34821429
vt 0.16458333 0.34821429
vt 0.16458333 0.34821429
vt 0.16458333 0.34821429
vt 0.16458333 0.34821429
vt 0.16458333 0.34821429
vt 0.16458333 0.34821429
vt 0.16458333 0.34821429
vt 0.16458333 0.34821429
vt 0.16458333 0.34821429
vt 0.16458333 0.34821429
vt 0.16458333 0.34821429
vt 0.16458333 0.34821429
vt 0.16458333 0.34821429
vt 0.16458333 0.34821429
vt 0.16458333 0.34821429
vt 0.16458333 0.34821429
vt 0.16458333 0.34821429
vt 0.16458333 0.34821429
vt 0.16458333 0.34821429
vt 0.16458333 0.34821429
vt 0.16458333 0.34821429
vt 0.16458333 0.34821429
vt 0.16458333 0.34821429
vt 0.16458333 0.34821429
vt 0.16458333 0.34821429
vt 0.16458333 0.34821429
vt 0.16458333 0.34821429
vt 0.16458333 0.34821429
vt 0.16458333 0.34821429
vt 0.16458333 0.34821429
vt 0.16458333 0.34821429
vt 0.16458333 0.34821429
vt 0.16458333 0.34821429
vt 0.16458333 0.34821429
vt 0.16458333 0.34821429
vt 0.16458333 0.34821429
vt 0.16458333 0.34821429
vt 0.16458333 0.34821429
vt 0.16458333 0.34821429
vt 0.16458333 0.34821429
vt 0.16458333 0.34821429
vt 0.16458333 0.34821429
vt 0.16458333 0.34821429
vt 0.16458333 0.34821429
vt 0.16458333 0.34821429
vt 0.16458333 0.34821429
vt 0.16458333 0.34821429
vt 0.16458333 0.34821429
vt 0.16458333 0.34821429
vt 0.16458333 0.34821429
vt 0.16458333 0.34821429
vt 0.16458333 0.34821429
vt 0.16458333 0.34821429
vt 0.16458333 0.34821429
vt 0.16458333 0.34821429
vt 0.16458333 0.34821429
vt 0.16458333 0.34821429
vt 0.16458333 0.34821429
vt 0.16458333 0.34821429
vt 0.16458333 0.34821429
vt 0.16458333 0.34821429
vt 0.16458333 0.34821429
vt 0.16458333 0.34821429
vt 0.16458333 0.34821429
vt 0.16458333 0.34821429
vt 0.16458333 0.34821429
vt 0.16458333 0.34821429
vt 0.16458333 0.34821429
vt 0.16458333 0.34821429
vt 0.16458333 0.34821429
vt 0.16458333 0.34821429
vt 0.16458333 0.34821429
vt 0.16458333 0.34821429
vt 0.16458333 0.34821429
vt 0.16458333 0.34821429
vt 0.16458333 0.34821429
vt 0.16458333 0.34821429
vt 0.16458333 0.34821429
vt 0.16458333 0.34821429
vt 0.16458333 0.34821429
vt 0.16458333 0.34821429
vt 0.16458333 0.34821429
vt 0.16458333 0.34821429
vt 0.16458333 0.34821429
vt 0.16458333 0.34821429
vt 0.16458333 0.34821429
vt 0.16458333 0.34821429
vt 0.16458333 0.34821429
vt 0.16458333 0.34821429
vt 0.16458333 0.34821429
vt 0.16458333 0.34821429
vt 0.16458333 0.34821429
vt 0.16458333 0.34821429
vt 0.16458333 0.34821429
vt 0.16458333 0.34821429
vt 0.16458333 0.34821429
vt 0.16458333 0.34821429
vt 0.16458333 0.34821429
vt 0.16458333 0.34821429
vt 0.16458333 0.34821429
vt 0.16458333 0.34821429
vt 0.16458333 0.34821429
vt 0.16458333 0.34821429
vt 0.16458333 0.34821429
vt 0.16458333 0.34821429
vt 0.16458333 0.34821429
vt 0.16458333 0.34821429
vt 0.16458333 0.34821429
vt 0.16458333 0.34821429
vt 0.16458333 0.34821429
vt 0.16458333 0.34821429
vt 0.16458333 0.34821429
vt 0.16458333 0.34821429
vt 0.16458333 0.34821429
vt 0.16458333 0.34821429
vt 0.16458333 0.34821429
vt 0.16458333 0.34821429
vt 0.16458333 0.34821429
vt 0.16458333 0.34821429
vt 0.16458333 0.34821429
vt 0.16458333 0.34821429
vt 0.16458333 0.34821429
vt 0.16458333 0.34821429
vt 0.16458333 0.34821429
vt 0.16458333 0.34821429
vt 0.16458333 0.34821429
vt 0.16458333 0.34821429
vt 0.16458333 0.34821429
vt 0.16458333 0.34821429
vt 0.16458333 0.34821429
vt 0.16458333 0.34821429
vt 0.16458333 0.34821429
vt 0.16458333 0.34821429
vt 0.16458333 0.34821429
vt 0.16458333 0.34821429
vt 0.16458333 0.34821429
vt 0.16458333 0.34821429
vt 0.16458333 0.34821429
vt 0.16458333 0.34821429
vt 0.16458333 0.34821429
vt 0.16458333 0.34821429
vt 0.16458333 0.34821429
vt 0.16458333 0.34821429
vt 0.16458333 0.34821429
vt 0.16458333 0.34821429
vt 0.16458333 0.34821429
vt 0.16458333 0.34821429
vt 0.16458333 0.34821429
vt 0.16458333 0.34821429
vt 0.16458333 0.34821429
vt 0.16458333 0.34821429
vt 0.16458333 0.34821429
vt 0.16458333 0.34821429
vt 0.16458333 0.34821429
vt 0.16458333 0.34821429
vt 0.16458333 0.34821429
vt 0.16458333 0.34821429
vt 0.16458333 0.34821429
vt 0.16458333 0.34821429
vt 0.16458333 0.34821429
vt 0.16458333 0.34821429
vt 0.16458333 0.34821429
vt 0.16458333 0.34821429
vt 0.16458333 0.34821429
vt 0.16458333 0.34821429
vt 0.16458333 0.34821429
vt 0.16458333 0.34821429
vt 0.16458333 0.34821429
vt 0.16458333 0.34821429
vt 0.16458333 0.34821429
vt 0.16458333 0.34821429
vt 0.16458333 0.34821429
vt 0.16458333 0.34821429
vt 0.16458333 0.34821429
vt 0.16458333 0.34821429
vt 0.16458333 0.34821429
vt 0.16458333 0.34821429
vt 0.16458333 0.34821429
vt 0.16458333 0.34821429
vt 0.16458333 0.34821429
vt 0.16458333 0.34821429
vt 0.16458333 0.34821429
vt 0.16458333 0.34821429
vt 0.16458333 0.34821429
vt 0.16458333 0.34821429
vt 0.16458333 0.34821429
vt 0.16458333 0.34821429
vt 0.16458333 0.34821429
vt 0.16458333 0.34821429
vt 0.16458333 0.34821429
vt 0.16458333 0.34821429
vt 0.16458333 0.34821429
vt 0.16458333 0.34821429
vt 0.16458333 0.34821429
vt 0.16458333 0.34821429
vt 0.16458333 0.34821429
vt 0.16458333 0.34821429
vt 0.16458333 0.34821429
vt 0.16458333 0.34821429
vt 0.16458333 0.34821429
vt 0.16458333 0.34821429
vt 0.16458333 0.34821429
vt 0.16458333 0.34821429
vt 0.16458333 0.34821429
vt 0.16458333 0.34821429
vt 0.16458333 0.34821429
vt 0.16458333 0.34821429
vt 0.16458333 0.34821429
vt 0.16458333 0.34821429
vt 0.16458333 0.34821429
vt 0.16458333 0.34821429
vt 0.16458333 0.34821429
vt 0.16458333 0.34821429
vt 0.16458333 0.34821429
vt 0.16458333 0.34821429
vt 0.16458333 0.34821429
vt 0.16458333 0.34821429
vt 0.16458333 0.34821429
vt 0.16458333 0.34821429
vt 0.16458333 0.34821429
vt 0.16458333 0.34821429
vt 0.16458333 0.34821429
vt 0.16458333 0.34821429
vt 0.16458333 0.34821429
vt 0.16458333 0.34821429
vt 0.16458333 0.34821429
vt 0.16458333 0.34821429
vt 0.16458333 0.34821429
vt 0.16458333 0.34821429
vt 0.16458333 0.34821429
vt 0.16458333 0.34821429
vt 0.16458333 0.34821429
vt 0.16458333 0.34821429
vt 0.16458333 0.34821429
vt 0.16458333 0.34821429
vt 0.16458333 0.34821429
vt 0.16458333 0.34821429
vt 0.16458333 0.34821429
vt 0.16458333 0.34821429
vt 0.16458333 0.34821429
vt 0.16458333 0.34821429
vt 0.16458333 0.34821429
vt 0.16458333 0.34821429
vt 0.16458333 0.34821429
vt 0.16458333 0.34821429
vt 0.16458333 0.34821429
vt 0.16458333 0.34821429
vt 0.16458333 0.34821429
vt 0.16458333 0.34821429
vt 0.16458333 0.34821429
vt 0.16458333 0.34821429
vt 0.16458333 0.34821429
vt 0.16458333 0.34821429
vt 0.16458333 0.34821429
vt 0.16458333 0.34821429
vt 0.16458333 0.34821429
vt 0.16458333 0.34821429
vt 0.16458333 0.34821429
vt 0.16458333 0.34821429
vt 0.16458333 0.34821429
vt 0.16458333 0.34821429
vt 0.16458333 0.34821429
vt 0.16458333 0.34821429
vt 0.16458333 0.34821429
vt 0.16458333 0.34821429
vt 0.16458333 0.34821429
vt 0.16458333 0.34821429
vt 0.16458333 0.34821429
vt 0.16458333 0.34821429
vt 0.16458333 0.34821429
vt 0.16458333 0.34821429
vt 0.16458333 0.34821429
vt 0.16458333 0.34821429
vt 0.16458333 0.34821429
vt 0.16458333 0.34821429
vt 0.16458333 0.34821429
vt 0.16458333 0.34821429
vt 0.16458333 0.34821429
vt 0.16458333 0.34821429
vt 0.16458333 0.34821429
vt 0.16458333 0.34821429
vt 0.16458333 0.34821429
vt 0.16458333 0.34821429
vt 0.16458333 0.34821429
vt 0.16458333 0.34821429
vt 0.16458333 0.34821429
vt 0.16458333 0.34821429
vt 0.16458333 0.34821429
vt 0.16458333 0.34821429
vt 0.16458333 0.34821429
vt 0.16458333 0.34821429
vt 0.16458333 0.34821429
vt 0.16458333 0.34821429
vt 0.16458333 0.34821429
vt 0.16458333 0.34821429
vt 0.16458333 0.34821429
vt 0.16458333 0.34821429
vt 0.16458333 0.34821429
vt 0.16458333 0.34821429
vt 0.16458333 0.34821429
vt 0.16458333 0.34821429
vt 0.16458333 0.34821429
vt 0.16458333 0.34821429
vt 0.16458333 0.34821429
vt 0.16458333 0.34821429
vt 0.16458333 0.34821429
vt 0.16458333 0.34821429
vt 0.16458333 0.34821429
vt 0.16458333 0.34821429
vt 0.16458333 0.34821429
vt 0.16458333 0.34821429
vt 0.16458333 0.34821429
vt 0.16458333 0.34821429
vt 0.16458333 0.34821429
vt 0.16458333 0.34821429
vt 0.16458333 0.34821429
vt 0.16458333 0.34821429
vt 0.16458333 0.34821429
vt 0.16458333 0.34821429
vt 0.16458333 0.34821429
vt 0.16458333 0.34821429
vt 0.16458333 0.34821429
vt 0.16458333 0.34821429
vt 0.16458333 0.34821429
vt 0.16458333 0.34821429
vt 0.16458333 0.34821429
vt 0.16458333 0.34821429
vt 0.16458333 0.34821429
vt 0.16458333 0.34821429
vt 0.16458333 0.34821429
vt 0.16458333 0.34821429
vt 0.16458333 0.34821429
vt 0.16458333 0.34821429
vt 0.16458333 0.34821429
vt 0.16458333 0.34821429
vt 0.16458333 0.34821429
vt 0.16458333 0.34821429
vt 0.16458333 0.34821429
vt 0.16458333 0.34821429
vt 0.16458333 0.34821429
vt 0.16458333 0.34821429
vt 0.16458333 0.34821429
vt 0.16458333 0.34821429
vt 0.16458333 0.34821429
vt 0.16458333 0.34821429
vt 0.16458333 0.34821429
vt 0.16458333 0.34821429
vt 0.16458333 0.34821429
vt 0.16458333 0.34821429
vt 0.16458333 0.34821429
vt 0.16458333 0.34821429
vt 0.16458333 0.34821429
vt 0.16458333 0.34821429
vt 0.16458333 0.34821429
vt 0.16458333 0.34821429
vt 0.16458333 0.34821429
vt 0.16458333 0.34821429
vt 0.16458333 0.34821429
vt 0.16458333 0.34821429
vt 0.16458333 0.34821429
vt 0.16458333 0.34821429
vt 0.16458333 0.34821429
vt 0.16458333 0.34821429
vt 0.16458333 0.34821429
vt 0.16458333 0.34821429
vt 0.16458333 0.34821429
vt 0.16458333 0.34821429
vt 0.16458333 0.34821429
vt 0.16458333 0.34821429
vt 0.16458333 0.34821429
vt 0.16458333 0.34821429
vt 0.16458333 0.34821429
vt 0.16458333 0.34821429
vt 0.16458333 0.34821429
vt 0.16458333 0.34821429
vt 0.16458333 0.34821429
vt 0.16458333 0.34821429
vt 0.16458333 0.34821429
vt 0.16458333 0.34821429
vt 0.16458333 0.34821429
vt 0.16458333 0.34821429
vt 0.16458333 0.34821429
vt 0.16458333 0.34821429
vt 0.16458333 0.34821429
vt 0.16458333 0.34821429
vt 0.16458333 0.34821429
vt 0.16458333 0.34821429
vt 0.16458333 0.34821429
vt 0.16458333 0.34821429
vt 0.16458333 0.34821429
vt 0.16458333 0.34821429
vt 0.16458333 0.34821429
vt 0.16458333 0.34821429
vt 0.16458333 0.34821429
vt 0.16458333 0.34821429
vt 0.16458333 0.34821429
vt 0.16458333 0.34821429
vt 0.16458333 0.34821429
vt 0.16458333 0.34821429
vt 0.16458333 0.34821429
vt 0.16458333 0.34821429
vt 0.16458333 0.34821429
vt 0.16458333 0.34821429
vt 0.16458333 0.34821429
vt 0.16458333 0.34821429
vt 0.16458333 0.34821429
vt 0.16458333 0.34821429
vt 0.16458333 0.34821429
vt 0.16458333 0.34821429
vt 0.16458333 0.34821429
vt 0.16458333 0.34821429
vt 0.16458333 0.34821429
vt 0.16458333 0.34821429
vt 0.16458333 0.34821429
vt 0.16458333 0.34821429
vt 0.16458333 0.34821429
vt 0.16458333 0.34821429
vt 0.16458333 0.34821429
vt 0.16458333 0.34821429
vt 0.16458333 0.34821429
vt 0.16458333 0.34821429
vt 0.16458333 0.34821429
vt 0.16458333 0.34821429
vt 0.16458333 0.34821429
vt 0.16458333 0.34821429
vt 0.16458333 0.34821429
vt 0.16458333 0.34821429
vt 0.16458333 0.34821429
vt 0.16458333 0.34821429
vt 0.16458333 0.34821429
vt 0.16458333 0.34821429
vt 0.16458333 0.34821429
vt 0.16458333 0.34821429
vt 0.16458333 0.34821429
vt 0.16458333 0.34821429
vt 0.16458333 0.34821429
vt 0.16458333 0.34821429
vt 0.16458333 0.34821429
vt 0.16458333 0.34821429
vt 0.16458333 0.34821429
vt 0.16458333 0.34821429
vt 0.16458333 0.34821429
vt 0.16458333 0.34821429
vt 0.16458333 0.34821429
vt 0.16458333 0.34821429
vt 0.16458333 0.34821429
vt 0.16458333 0.34821429
vt 0.16458333 0.34821429
vt 0.16458333 0.34821429
vt 0.16458333 0.34821429
vt 0.16458333 0.34821429
vt 0.16458333 0.34821429
vt 0.16458333 0.34821429
vt 0.16458333 0.34821429
vt 0.16458333 0.34821429
vt 0.16458333 0.34821429
vt 0.16458333 0.34821429
vt 0.16458333 0.34821429
vt 0.16458333 0.34821429
vt 0.16458333 0.34821429
vt 0.16458333 0.34821429
vt 0.16458333 0.34821429
vt 0.16458333 0.34821429
vt 0.16458333 0.34821429
vt 0.16458333 0.34821429
vt 0.16458333 0.34821429
vt 0.16458333 0.34821429
vt 0.16458333 0.34821429
vt 0.16458333 0.34821429
vt 0.16458333 0.34821429
vt 0.16458333 0.34821429
vt 0.16458333 0.34821429
vt 0.16458333 0.34821429
vt 0.16458333 0.34821429
vt 0.16458333 0.34821429
vt 0.16458333 0.34821429
vt 0.16458333 0.34821429
vt 0.16458333 0.34821429
vt 0.16458333 0.34821429
vt 0.16458333 0.34821429
vt 0.16458333 0.34821429
vt 0.16458333 0.34821429
vt 0.16458333 0.34821429
vt 0.16458333 0.34821429
vt 0.16458333 0.34821429
vt 0.16458333 0.34821429
vt 0.16458333 0.34821429
vt 0.16458333 0.34821429
vt 0.16458333 0.34821429
vt 0.16458333 0.34821429
vt 0.16458333 0.34821429
vt 0.16458333 0.34821429
vt 0.16458333 0.34821429
vt 0.16458333 0.34821429
vt 0.16458333 0.34821429
vt 0.16458333 0.34821429
vt 0.16458333 0.34821429
vt 0.16458333 0.34821429
vt 0.16458333 0.34821429
vt 0.16458333 0.34821429
vt 0.16458333 0.34821429
vt 0.16458333 0.34821429
vt 0.16458333 0.34821429
vt 0.16458333 0.34821429
vt 0.16458333 0.34821429
vt 0.16458333 0.34821429
vt 0.16458333 0.34821429
vt 0.16458333 0.34821429
vt 0.16458333 0.34821429
vt 0.16458333 0.34821429
vt 0.16458333 0.34821429
vt 0.16458333 0.34821429
vt 0.16458333 0.34821429
vt 0.16458333 0.34821429
vt 0.16458333 0.34821429
vt 0.16458333 0.34821429
vt 0.16458333 0.34821429
vt 0.16458333 0.34821429
vt 0.16458333 0.34821429
vt 0.16458333 0.34821429
vt 0.16458333 0.34821429
vt 0.16458333 0.34821429
vt 0.16458333 0.34821429
vt 0.16458333 0.34821429
vt 0.16458333 0.34821429
vt 0.16458333 0.34821429
vt 0.16458333 0.34821429
vt 0.16458333 0.34821429
vt 0.16458333 0.34821429
vt 0.16458333 0.34821429
vt 0.16458333 0.34821429
vt 0.16458333 0.34821429
vt 0.16458333 0.34821429
vt 0.16458333 0.34821429
vt 0.16458333 0.34821429
vt 0.16458333 0.34821429
vt 0.16458333 0.34821429
vt 0.16458333 0.34821429
vt 0.16458333 0.34821429
vt 0.16458333 0.34821429
vt 0.16458333 0.34821429
vt 0.16458333 0.34821429
vt 0.16458333 0.34821429
vt 0.16458333 0.34821429
vt 0.16458333 0.34821429
vt 0.16458333 0.34821429
vt 0.16458333 0.34821429
vt 0.16458333 0.34821429
vt 0.16458333 0.34821429
vt 0.16458333 0.34821429
vt 0.16458333 0.34821429
vt 0.16458333 0.34821429
vt 0.16458333 0.34821429
vt 0.16458333 0.34821429
vt 0.16458333 0.34821429
vt 0.16458333 0.34821429
vt 0.16458333 0.34821429
vt 0.16458333 0.34821429
vt 0.16458333 0.34821429
vt 0.16458333 0.34821429
vt 0.16458333 0.34821429
vt 0.16458333 0.34821429
vt 0.16458333 0.34821429
vt 0.16458333 0.34821429
vt 0.16458333 0.34821429
vt 0.16458333 0.34821429
vt 0.16458333 0.34821429
vt 0.16458333 0.34821429
vt 0.16458333 0.34821429
vt 0.16458333 0.34821429
f 1/1 2/2 3/3
f 3/3 4/4 1/1
f 2/2 5/5 6/6
f 6/6 3/3 2/2
f 5/5 7/7 8/8
f 8/8 6/6 5/5
f 7/7 9/9 10/10
f 10/10 8/8 7/7
f 9/9 11/11 12/12
f 12/12 10/10 9/9
f 11/11 13/13 14/14
f 14/14 12/12 11/11
f 13/13 15/15 16/16
f 16/16 14/14 13/13
f 15/15 17/17 18/18
f 18/18 16/16 15/15
f 17/17 19/19 20/20
f 20/20 18/18 17/17
f 19/19 21/21 22/22
f 22/22 20/20 19/19
f 21/21 23/23 24/24
f 24/24 22/22 21/21
f 23/23 25/25 26/26
f 26/26 24/24 23/23
f 25/25 27/27 28/28
f 28/28 26/26 25/25
f 27/27 29/29 30/30
f 30/30 28/28 27/27
f 29/29 31/31 32/32
f 32/32 30/30 29/29
f 31/31 33/33 34/34
f 34/34 32/32 31/31
f 33/33 35/35 36/36
f 36/36 34/34 33/33
f 35/35 37/37 38/38
f 38/38 36/36 35/35
f 37/37 39/39 40/40
f 40/40 38/38 37/37
f 39/39 41/41 42/42
f 42/42 40/40 39/39
f 41/41 43/43 44/44
f 44/44 42/42 41/41
f 43/43 45/45 46/46
f 46/46 44/44 43/43
f 45/45 47/47 48/48
f 48/48 46/46 45/45
f 47/47 49/49 50/50
f 50/50 48/48 47/47
f 49/49 51/51 52/52
f 52/52 50/50 49/49
f 51/51 53/53 54/54
f 54/54 52/52 51/51
f 53/53 55/55 56/56
f 56/56 54/54 53/53
f 55/55 57/57 58/58
f 58/58 56/56 55/55
f 57/57 59/59 60/60
f 60/60 58/58 57/57
f 59/59 61/61 62/62
f 62/62 60/60 59/59
f 61/61 63/63 64/64
f 64/64 62/62 61/61
f 63/63 65/65 66/66
f 66/66 64/64 63/63
f 65/65 67/67 68/68
f 68/68 66/66 65/65
f 67/67 69/69 70/70
f 70/70 68/68 67/67
f 69/69 71/71 72/72
f 72/72 70/70 69/69
f 71/71 73/73 74/74
f 74/74 72/72 71/71
f 73/73 75/75 76/76
f 76/76 74/74 73/73
f 75/75 77/77 78/78
f 78/78 76/76 75/75
f 77/77 79/79 80/80
f 80/80 78/78 77/77
f 79/79 81/81 82/82
f 82/82 80/80 79/79
f 81/81 83/83 84/84
f 84/84 82/82 81/81
f 83/83 85/85 86/86
f 86/86 84/84 83/83
f 85/85 87/87 88/88
f 88/88 86/86 85/85
f 87/87 89/89 90/90
f 90/90 88/88 87/87
f 89/89 91/91 92/92
f 92/92 90/90 89/89
f 91/91 93/93 94/94
f 94/94 92/92 91/91
f 93/93 95/95 96/96
f 96/96 94/94 93/93
f 95/95 97/97 98/98
f 98/98 96/96 95/95
f 97/97 99/99 100/100
f 100/100 98/98 97/97
f 99/99 101/101 102/102
f 102/102 100/100 99/99
f 101/101 103/103 104/104
f 104/104 102/102 101/101
f 103/103 105/105 106/106
f 106/106 104/104 103/103
f 105/105 107/107 108/108
f 108/108 106/106 105/105
f 107/107 109/109 110/110
f 110/110 108/108 107/107
f 109/109 111/111 112/112
f 112/112 110/110 109/109
f 111/111 113/113 114/114
f 114/114 112/112 111/111
f 113/113 115/115 116/116
f 116/116 114/114 113/113
f 115/115 117/117 118/118
f 118/118 116/116 115/115
f 117/117 119/119 120/120
f 120/120 118/118 117/117
f 119/119 121/121 122/122
f 122/122 120/120 119/119
f 121/121 123/123 124/124
f 124/124 122/122 121/121
f 123/123 125/125 126/126
f 126/126 124/124 123/123
f 125/125 127/127 128/128
f 128/128 126/126 125/125
f 127/127 129/129 130/130
f 130/130 128/128 127/127
f 129/129 131/131 132/132
f 132/132 130/130 129/129
f 131/131 133/133 134/134
f 134/134 132/132 131/131
f 133/133 135/135 136/136
f 136/136 134/134 133/133
f 135/135 137/137 138/138
f 138/138 136/136 135/135
f 137/137 139/139 140/140
f 140/140 138/138 137/137
f 139/139 141/141 142/142
f 142/142 140/140 139/139
f 141/141 143/143 144/144
f 144/144 142/142 141/141
f 143/143 145/145 146/146
f 146/146 144/144 143/143
f 145/145 147/147 148/148
f 148/148 146/146 145/145
f 147/147 149/149 150/150
f 150/150 148/148 147/147
f 149/149 151/151 152/152
f 152/152 150/150 149/149
f 151/151 153/153 154/154
f 154/154 152/152 151/151
f 153/153 155/155 156/156
f 156/156 154/154 153/153
f 155/155 157/157 158/158
f 158/158 156/156 155/155
f 157/157 159/159 160/160
f 160/160 158/158 157/157
f 159/159 161/161 162/162
f 162/162 160/160 159/159
f 161/161 163/163 164/164
f 164/164 162/162 161/161
f 163/163 165/165 166/166
f 166/166 164/164 163/163
f 165/165 167/167 168/168
f 168/168 166/166 165/165
f 167/167 169/169 170/170
f 170/170 168/168 167/167
f 169/169 171/171 172/172
f 172/172 170/170 169/169
f 171/171 173/173 174/174
f 174/174 172/172 171/171
f 173/173 175/175 176/176
f 176/176 174/174 173/173
f 175/175 177/177 178/178
f 178/178 176/176 175/175
f 177/177 179/179 180/180
f 180/180 178/178 177/177
f 179/179 181/181 182/182
f 182/182 180/180 179/179
f 181/181 183/183 184/184
f 184/184 182/182 181/181
f 183/183 185/185 186/186
f 186/186 184/184 183/183
f 185/185 187/187 188/188
f 188/188 186/186 185/185
f 187/187 189/189 190/190
f 190/190 188/188 187/187
f 189/189 191/191 192/192
f 192/192 190/190 189/189
f 191/191 193/193 194/194
f 194/194 192/192 191/191
f 193/193 195/195 196/196
f 196/196 194/194 193/193
f 195/195 197/197 198/198
f 198/198 196/196 195/195
f 197/197 199/199 200/200
f 200/200 198/198 197/197
f 199/199 201/201 202/202
f 202/202 200/200 199/199
f 201/201 203/203 204/204
f 204/204 202/202 201/201
f 203/203 205/205 206/206
f 206/206 204/204 203/203
f 205/205 207/207 208/208
f 208/208 206/206 205/205
f 207/207 209/209 210/210
f 210/210 208/208 207/207
f 209/209 211/211 212/212
f 212/212 210/210 209/209
f 211/211 213/213 214/214
f 214/214 212/212 211/211
f 213/213 215/215 216/216
f 216/216 214/214 213/213
f 215/215 217/217 218/218
f 218/218 216/216 215/215
f 217/217 219/219 220/220
f 220/220 218/218 217/217
f 219/219 221/221 222/222
f 222/222 220/220 219/219
f 221/221 223/223 224/224
f 224/224 222/222 221/221
f 223/223 225/225 226/226
f 226/226 224/224 223/223
f 225/225 227/227 228/228
f 228/228 226/226 225/225
f 227/227 229/229 230/230
f 230/230 228/228 227/227
f 229/229 231/231 232/232
f 232/232 230/230 229/229
f 231/231 233/233 234/234
f 234/234 232/232 231/231
f 233/233 235/235 236/236
f 236/236 234/234 233/233
f 235/235 237/237 238/238
f 238/238 236/236 235/235
f 237/237 239/239 240/240
f 240/240 238/238 237/237
f 239/239 241/241 242/242
f 242/242 240/240 239/239
f 241/241 243/243 244/244
f 244/244 242/242 241/241
f 243/243 245/245 246/246
f 246/246 244/244 243/243
f 245/245 247/247 248/248
f 248/248 246/246 245/245
f 247/247 249/249 250/250
f 250/250 248/248 247/247
f 249/249 251/251 252/252
f 252/252 250/250 249/249
f 251/251 253/253 254/254
f 254/254 252/252 251/251
f 253/253 255/255 256/256
f 256/256 254/254 253/253
f 255/255 257/257 258/258
f 258/258 256/256 255/255
f 257/257 259/259 260/260
f 260/260 258/258 257/257
f 259/259 261/261 262/262
f 262/262 260/260 259/259
f 261/261 263/263 264/264
f 264/264 262/262 261/261
f 263/263 265/265 266/266
f 266/266 264/264 263/263
f 265/265 267/267 268/268
f 268/268 266/266 265/265
f 267/267 269/269 270/270
f 270/270 268/268 267/267
f 269/269 271/271 272/272
f 272/272 270/270 269/269
f 271/271 273/273 274/274
f 274/274 272/272 271/271
f 273/273 275/275 276/276
f 276/276 274/274 273/273
f 275/275 277/277 278/278
f 278/278 276/276 275/275
f 277/277 279/279 280/280
f 280/280 278/278 277/277
f 279/279 281/281 282/282
f 282/282 280/280 279/279
f 281/281 283/283 284/284
f 284/284 282/282 281/281
f 283/283 285/285 286/286
f 286/286 284/284 283/283
f 285/285 287/287 288/288
f 288/288 286/286 285/285
f 287/287 289/289 290/290
f 290/290 288/288 287/287
f 289/289 291/291 292/292
f 292/292 290/290 289/289
f 291/291 293/293 294/294
f 294/294 292/292 291/291
f 293/293 295/295 296/296
f 296/296 294/294 293/293
f 295/295 297/297 298/298
f 298/298 296/296 295/295
f 297/297 299/299 300/300
f 300/300 298/298 297/297
f 299/299 301/301 302/302
f 302/302 300/300 299/299
f 301/301 303/303 304/304
f 304/304 302/302 301/301
f 303/303 305/305 306/306
f 306/306 304/304 303/303
f 305/305 307/307 308/308
f 308/308 306/306 305/305
f 307/307 309/309 310/310
f 310/310 308/308 307/307
f 309/309 311/311 312/312
f 312/312 310/310 309/309
f 311/311 313/313 314/314
f 314/314 312/312 311/311
f 313/313 315/315 316/316
f 316/316 314/314 313/313
f 315/315 317/317 318/318
f 318/318 316/316 315/315
f 317/317 319/319 320/320
f 320/320 318/318 317/317
f 319/319 321/321 322/322
f 322/322 320/320 319/319
f 321/321 323/323 324/324
f 324/324 322/322 321/321
f 323/323 325/325 326/326
f 326/326 324/324 323/323
f 325/325 327/327 328/328
f 328/328 326/326 325/325
f 327/327 329/329 330/330
f 330/330 328/328 327/327
f 329/329 331/331 332/332
f 332/332 330/330 329/329
f 331/331 333/333 334/334
f 334/334 332/332 331/331
f 333/333 335/335 336/336
f 336/336 334/334 333/333
f 335/335 337/337 338/338
f 338/338 336/336 335/335
f 337/337 339/339 340/340
f 340/340 338/338 337/337
f 339/339 341/341 342/342
f 342/342 340/340 339/339
f 341/341 343/343 344/344
f 344/344 342/342 341/341
f 343/343 345/345 346/346
f 346/346 344/344 343/343
f 345/345 347/347 348/348
f 348/348 346/346 345/345
f 347/347 349/349 350/350
f 350/350 348/348 347/347
f 349/349 351/351 352/352
f 352/352 350/350 349/349
f 351/351 353/353 354/354
f 354/354 352/352 351/351
f 353/353 355/355 356/356
f 356/356 354/354 353/353
f 355/355 357/357 358/358
f 358/358 356/356 355/355
f 357/357 359/359 360/360
f 360/360 358/358 357/357
f 359/359 361/361 362/362
f 362/362 360/360 359/359
f 361/361 363/363 364/364
f 364/364 362/362 361/361
f 363/363 365/365 366/366
f 366/366 364/364 363/363
f 365/365 367/367 368/368
f 368/368 366/366 365/365
f 367/367 369/369 370/370
f 370/370 368/368 367/367
f 369/369 371/371 372/372
f 372/372 370/370 369/369
f 371/371 373/373 374/374
f 374/374 372/372 371/371
f 373/373 375/375 376/376
f 376/376 374/374 373/373
f 375/375 377/377 378/378
f 378/378 376/376 375/375
f 377/377 379/379 380/380
f 380/380 378/378 377/377
f 379/379 381/381 382/382
f 382/382 380/380 379/379
f 381/381 383/383 384/384
f 384/384 382/382 381/381
f 383/383 385/385 386/386
f 386/386 384/384 383/383
f 385/385 387/387 388/388
f 388/388 386/386 385/385
f 387/387 389/389 390/390
f 390/390 388/388 387/387
f 389/389 391/391 392/392
f 392/392 390/390 389/389
f 391/391 393/393 394/394
f 394/394 392/392 391/391
f 393/393 395/395 396/396
f 396/396 394/394 393/393
f 395/395 397/397 398/398
f 398/398 396/396 395/395
f 397/397 399/399 400/400
f 400/400 398/398 397/397
f 399/399 401/401 402/402
f 402/402 400/400 399/399
f 401/401 403/403 404/404
f 404/404 402/402 401/401
f 403/403 405/405 406/406
f 406/406 404/404 403/403
f 405/405 407/407 408/408
f 408/408 406/406 405/405
f 407/407 409/409 410/410
f 410/410 408/408 407/407
f 409/409 411/411 412/412
f 412/412 410/410 409/409
f 411/411 413/413 414/414
f 414/414 412/412 411/411
f 413/413 415/415 416/416
f 416/416 414/414 413/413
f 415/415 417/417 418/418
f 418/418 416/416 415/415
f 417/417 419/419 420/420
f 420/420 418/418 417/417
f 419/419 421/421 422/422
f 422/422 420/420 419/419
f 421/421 423/423 424/424
f 424/424 422/422 421/421
f 423/423 425/425 426/426
f 426/426 424/424 423/423
f 425/425 427/427 428/428
f 428/428 426/426 425/425
f 427/427 429/429 430/430
f 430/430 428/428 427/427
f 429/429 431/431 432/432
f 432/432 430/430 429/429
f 431/431 433/433 434/434
f 434/434 432/432 431/431
f 433/433 435/435 436/436
f 436/436 434/434 433/433
f 435/435 437/437 438/438
f 438/438 436/436 435/435
f 437/437 439/439 440/440
f 440/440 438/438 437/437
f 439/439 441/441 442/442
f 442/442 440/440 439/439
f 441/441 443/443 444/444
f 444/444 442/442 441/441
f 443/443 445/445 446/446
f 446/446 444/444 443/443
f 445/445 447/447 448/448
f 448/448 446/446 445/445
f 447/447 449/449 450/450
f 450/450 448/448 447/447
f 449/449 451/451 452/452
f 452/452 450/450 449/449
f 451/451 453/453 454/454
f 454/454 452/452 451/451
f 453/453 455/455 456/456
f 456/456 454/454 453/453
f 455/455 457/457 458/458
f 458/458 456/456 455/455
f 457/457 459/459 460/460
f 460/460 458/458 457/457
f 459/459 461/461 462/462
f 462/462 460/460 459/459
f 461/461 463/463 464/464
f 464/464 462/462 461/461
f 463/463 465/465 466/466
f 466/466 464/464 463/463
f 465/465 467/467 468/468
f 468/468 466/466 465/465
f 467/467 469/469 470/470
f 470/470 468/468 467/467
f 469/469 471/471 472/472
f 472/472 470/470 469/469
f 471/471 473/473 474/474
f 474/474 472/472 471/471
f 473/473 475/475 476/476
f 476/476 474/474 473/473
f 475/475 477/477 478/478
f 478/478 476/476 475/475
f 477/477 479/479 480/480
f 480/480 478/478 477/477
f 479/479 481/481 482/482
f 482/482 480/480 479/479
f 481/481 483/483 484/484
f 484/484 482/482 481/481
f 483/483 485/485 486/486
f 486/486 484/484 483/483
f 485/485 487/487 488/488
f 488/488 486/486 485/485
f 487/487 489/489 490/490
f 490/490 488/488 487/487
f 489/489 491/491 492/492
f 492/492 490/490 489/489
f 491/491 493/493 494/494
f 494/494 492/492 491/491
f 493/493 495/495 496/496
f 496/496 494/494 493/493
f 495/495 497/497 498/498
f 498/498 496/496 495/495
f 497/497 499/499 500/500
f 500/500 498/498 497/497
f 499/499 501/501 502/502
f 502/502 500/500 499/499
f 501/501 503/503 504/504
f 504/504 502/502 501/501
f 503/503 505/505 506/506
f 506/506 504/504 503/503
f 505/505 507/507 508/508
f 508/508 506/506 505/505
f 507/507 509/509 510/510
f 510/510 508/508 507/507
f 509/509 511/511 512/512
f 512/512 510/510 509/509
f 511/511 513/513 514/514
f 514/514 512/512 511/511
f 513/513 515/515 516/516
f 516/516 514/514 513/513
f 515/515 517/517 518/518
f 518/518 516/516 515/515
f 517/517 519/519 520/520
f 520/520 518/518 517/517
f 519/519 521/521 522/522
f 522/522 520/520 519/519
f 521/521 523/523 524/524
f 524/524 522/522 521/521
f 523/523 525/525 526/526
f 526/526 524/524 523/523
f 525/525 527/527 528/528
f 528/528 526/526 525/525
f 527/527 529/529 530/530
f 530/530 528/528 527/527
f 529/529 531/531 532/532
f 532/532 530/530 529/529
f 531/531 533/533 534/534
f 534/534 532/532 531/531
f 533/533 535/535 536/536
f 536/536 534/534 533/533
f 535/535 537/537 538/538
f 538/538 536/536 535/535
f 537/537 539/539 540/540
f 540/540 538/538 537/537
f 539/539 541/541 542/542
f 542/542 540/540 539/539
f 541/541 543/543 544/544
f 544/544 542/542 541/541
f 543/543 545/545 546/546
f 546/546 544/544 543/543
f 545/545 547/547 548/548
f 548/548 546/546 545/545
f 547/547 549/549 550/550
f 550/550 548/548 547/547
f 549/549 551/551 552/552
f 552/552 550/550 549/549
f 551/551 553/553 554/554
f 554/554 552/552 551/551
f 553/553 555/555 556/556
f 556/556 554/554 553/553
f 555/555 557/557 558/558
f 558/558 556/556 555/555
f 557/557 559/559 560/560
f 560/560 558/558 557/557
f 559/559 561/561 562/562
f 562/562 560/560 559/559
f 561/561 563/563 564/564
f 564/564 562/562 561/561
f 563/563 565/565 566/566
f 566/566 564/564 563/563
f 565/565 567/567 568/568
f 568/568 566/566 565/565
f 567/567 569/569 570/570
f 570/570 568/568 567/567
f 569/569 571/571 572/572
f 572/572 570/570 569/569
f 571/571 573/573 574/574
f 574/574 572/572 571/571
f 573/573 575/575 576/576
f 576/576 574/574 573/573
f 575/575 577/577 578/578
f 578/578 576/576 575/575
f 577/577 579/579 580/580
f 580/580 578/578 577/577
f 579/579 581/581 582/582
f 582/582 580/580 579/579
f 581/581 583/583 584/584
f 584/584 582/582 581/581
f 583/583 585/585 586/586
f 586/586 584/584 583/583
f 585/585 587/587 588/588
f 588/588 586/586 585/585
f 587/587 589/589 590/590
f 590/590 588/588 587/587
f 589/589 591/591 592/592
f 592/592 590/590 589/589
f 591/591 593/593 594/594
f 594/594 592/592 591/591
f 593/593 595/595 596/596
f 596/596 594/594 593/593
f 595/595 597/597 598/598
f 598/598 596/596 595/595
f 597/597 599/599 600/600
f 600/600 598/598 597/597
f 599/599 601/601 602/602
f 602/602 600/600 599/599
f 601/601 603/603 604/604
f 604/604 602/602 601/601
f 603/603 605/605 606/606
f 606/606 604/604 603/603
f 605/605 607/607 608/608
f 608/608 606/606 605/605
f 607/607 609/609 610/610
f 610/610 608/608 607/607
f 609/609 611/611 612/612
f 612/612 610/610 609/609
f 611/611 613/613 614/614
f 614/614 612/612 611/611
f 613/613 615/615 616/616
f 616/616 614/614 613/613
f 615/615 617/617 618/618
f 618/618 616/616 615/615
f 617/617 619/619 620/620
f 620/620 618/618 617/617
f 619/619 621/621 622/622
f 622/622 620/620 619/619
f 621/621 623/623 624/624
f 624/624 622/622 621/621
f 623/623 625/625 626/626
f 626/626 624/624 623/623
f 625/625 627/627 628/628
f 628/628 626/626 625/625
f 627/627 629/629 630/630
f 630/630 628/628 627/627
f 629/629 631/631 632/632
f 632/632 630/630 629/629
f 631/631 633/633 634/634
f 634/634 632/632 631/631
f 633/633 635/635 636/636
f 636/636 634/634 633/633
f 635/635 637/637 638/638
f 638/638 636/636 635/635
f 637/637 639/639 640/640
f 640/640 638/638 637/637
f 639/639 641/641 642/642
f 642/642 640/640 639/639
f 641/641 643/643 644/644
f 644/644 642/642 641/641
f 643/643 645/645 646/646
f 646/646 644/644 643/643
f 645/645 647/647 648/648
f 648/648 646/646 645/645
f 647/647 649/649 650/650
f 650/650 648/648 647/647
f 649/649 651/651 652/652
f 652/652 650/650 649/649
f 651/651 653/653 654/654
f 654/654 652/652 651/651
f 653/653 655/655 656/656
f 656/656 654/654 653/653
f 655/655 657/657 658/658
f 658/658 656/656 655/655
f 657/657 659/659 660/660
f 660/660 658/658 657/657
f 659/659 661/661 662/662
f 662/662 660/660 659/659
f 661/661 663/663 664/664
f 664/664 662/662 661/661
f 663/663 665/665 666/666
f 666/666 664/664 663/663
f 665/665 667/667 668/668
f 668/668 666/666 665/665
f 667/667 669/669 670/670
f 670/670 668/668 667/667
f 669/669 671/671 672/672
f 672/672 670/670 669/669
f 671/671 673/673 674/674
f 674/674 672/672 671/671
f 673/673 675/675 676/676
f 676/676 674/674 673/673
f 675/675 677/677 678/678
f 678/678 676/676 675/675
f 677/677 679/679 680/680
f 680/680 678/678 677/677
f 679/679 681/681 682/682
f 682/682 680/680 679/679
f 681/681 683/683 684/684
f 684/684 682/682 681/681
f 683/683 685/685 686/686
f 686/686 684/684 683/683
f 685/685 687/687 688/688
f 688/688 686/686 685/685
f 687/687 689/689 690/690
f 690/690 688/688 687/687
f 689/689 691/691 692/692
f 692/692 690/690 689/689
f 691/691 693/693 694/694
f 694/694 692/692 691/691
f 693/693 695/695 696/696
f 696/696 694/694 693/693
f 695/695 697/697 698/698
f 698/698 696/696 695/695
f 697/697 699/699 700/700
f 700/700 698/698 697/697
f 699/699 701/701 702/702
f 702/702 700/700 699/699
f 701/701 703/703 704/704
f 704/704 702/702 701/701
f 703/703 705/705 706/706
f 706/706 704/704 703/703
f 705/705 707/707 708/708
f 708/708 706/706 705/705
f 707/707 709/709 710/710
f 710/710 708/708 707/707
f 709/709 711/711 712/712
f 712/712 710/710 709/709
f 711/711 713/713 714/714
f 714/714 712/712 711/711
f 713/713 715/715 716/716
f 716/716 714/714 713/713
f 715/715 717/717 718/718
f 718/718 716/716 715/715
f 717/717 719/719 720/720
f 720/720 718/718 717/717
f 719/719 721/721 722/722
f 722/722 720/720 719/719
f 721/721 723/723 724/724
f 724/724 722/722 721/721
f 723/723 725/725 726/726
f 726/726 724/724 723/723
f 725/725 727/727 728/728
f 728/728 726/726 725/725
f 727/727 729/729 730/730
f 730/730 728/728 727/727
f 729/729 731/731 732/732
f 732/732 730/730 729/729
f 731/731 733/733 734/734
f 734/734 732/732 731/731
f 733/733 735/735 736/736
f 736/736 734/734 733/733
f 735/735 737/737 738/738
f 738/738 736/736 735/735
f 737/737 739/739 740/740
f 740/740 738/738 737/737
f 739/739 741/741 742/742
f 742/742 740/740 739/739
f 741/741 743/743 744/744
f 744/744 742/742 741/741
f 743/743 745/745 746/746
f 746/746 744/744 743/743
f 745/745 747/747 748/748
f 748/748 746/746 745/745
f 747/747 749/749 750/750
f 750/750 748/748 747/747
f 749/749 751/751 752/752
f 752/752 750/750 749/749
f 751/751 753/753 754/754
f 754/754 752/752 751/751
f 753/753 755/755 756/756
f 756/756 754/754 753/753
f 755/755 757/757 758/758
f 758/758 756/756 755/755
f 757/757 759/759 760/760
f 760/760 758/758 757/757
f 759/759 761/761 762/762
f 762/762 760/760 759/759
f 761/761 763/763 764/764
f 764/764 762/762 761/761
f 763/763 765/765 766/766
f 766/766 764/764 763/763
f 765/765 767/767 768/768
f 768/768 766/766 765/765
f 767/767 769/769 770/770
f 770/770 768/768 767/767
f 769/769 771/771 772/772
f 772/772 770/770 769/769
f 771/771 773/773 774/774
f 774/774 772/772 771/771
f 773/773 775/775 776/776
f 776/776 774/774 773/773
f 775/775 777/777 778/778
f 778/778 776/776 775/775
f 777/777 779/779 780/780
f 780/780 778/778 777/777
f 779/779 781/781 782/782
f 782/782 780/780 779/779
f 781/781 783/783 784/784
f 784/784 782/782 781/781
f 783/783 785/785 786/786
f 786/786 784/784 783/783
f 785/785 787/787 788/788
f 788/788 786/786 785/785
f 787/787 789/789 790/790
f 790/790 788/788 787/787
f 789/789 791/791 792/792
f 792/792 790/790 789/789
f 791/791 793/793 794/794
f 794/794 792/792 791/791
f 793/793 795/795 796/796
f 796/796 794/794 793/793
f 795/795 797/797 798/798
f 798/798 796/796 795/795
f 797/797 799/799 800/800
f 800/800 798/798 797/797
f 799/799 801/801 802/802
f 802/802 800/800 799/799
f 801/801 803/803 804/804
f 804/804 802/802 801/801
f 803/803 805/805 806/806
f 806/806 804/804 803/803
f 805/805 807/807 808/808
f 808/808 806/806 805/805
f 807/807 809/809 810/810
f 810/810 808/808 807/807
f 809/809 811/811 812/812
f 812/812 810/810 809/809
f 811/811 813/813 814/814
f 814/814 812/812 811/811
f 813/813 815/815 816/816
f 816/816 814/814 813/813
f 815/815 817/817 818/818
f 818/818 816/816 815/815
f 817/817 819/819 820/820
f 820/820 818/818 817/817
f 819/819 821/821 822/822
f 822/822 820/820 819/819
f 821/821 823/823 824/824
f 824/824 822/822 821/821
f 823/823 825/825 826/826
f 826/826 824/824 823/823
f 825/825 827/827 828/828
f 828/828 826/826 825/825
f 827/827 829/829 830/830
f 830/830 828/828 827/827
f 829/829 831/831 832/832
f 832/832 830/830 829/829
f 831/831 833/833 834/834
f 834/834 832/832 831/831
f 833/833 835/835 836/836
f 836/836 834/834 833/833
f 835/835 837/837 838/838
f 838/838 836/836 835/835
f 837/837 839/839 840/840
f 840/840 838/838 837/837
f 839/839 841/841 842/842
f 842/842 840/840 839/839
f 841/841 843/843 844/844
f 844/844 842/842 841/841
f 843/843 845/845 846/846
f 846/846 844/844 843/843
f 845/845 847/847 848/848
f 848/848 846/846 845/845
f 847/847 849/849 850/850
f 850/850 848/848 847/847
f 849/849 851/851 852/852
f 852/852 850/850 849/849
f 851/851 853/853 854/854
f 854/854 852/852 851/851
f 853/853 855/855 856/856
f 856/856 854/854 853/853
f 855/855 857/857 858/858
f 858/858 856/856 855/855
f 857/857 859/859 860/860
f 860/860 858/858 857/857
f 859/859 861/861 862/862
f 862/862 860/860 859/859
f 861/861 863/863 864/864
f 864/864 862/862 861/861
f 863/863 865/865 866/866
f 866/866 864/864 863/863
f 865/865 867/867 868/868
f 868/868 866/866 865/865
f 867/867 869/869 870/870
f 870/870 868/868 867/867
f 869/869 871/871 872/872
f 872/872 870/870 869/869
f 871/871 873/873 874/874
f 874/874 872/872 871/871
f 873/873 875/875 876/876
f 876/876 874/874 873/873
f 875/875 877/877 878/878
f 878/878 876/876 875/875
f 877/877 879/879 880/880
f 880/880 878/878 877/877
f 879/879 881/881 882/882
f 882/882 880/880 879/879
f 881/881 883/883 884/884
f 884/884 882/882 881/881
f 883/883 885/885 886/886
f 886/886 884/884 883/883
f 885/885 887/887 888/888
f 888/888 886/886 885/885
f 887/887 889/889 890/890
f 890/890 888/888 887/887
f 889/889 891/891 892/892
f 892/892 890/890 889/889
f 891/891 893/893 894/894
f 894/894 892/892 891/891
f 893/893 895/895 896/896
f 896/896 894/894 893/893
f 895/895 897/897 898/898
f 898/898 896/896 895/895
f 897/897 899/899 900/900
f 900/900 898/898 897/897
f 899/899 901/901 902/902
f 902/902 900/900 899/899
f 901/901 903/903 904/904
f 904/904 902/902 901/901
f 903/903 905/905 906/906
f 906/906 904/904 903/903
f 905/905 907/907 908/908
f 908/908 906/906 905/905
f 907/907 909/909 910/910
f 910/910 908/908 907/907
f 909/909 911/911 912/912
f 912/912 910/910 909/909
f 911/911 913/913 914/914
f 914/914 912/912 911/911
f 913/913 915/915 916/916
f 916/916 914/914 913/913
f 915/915 917/917 918/918
f 918/918 916/916 915/915
f 917/917 919/919 920/920
f 920/920 918/918 917/917
f 919/919 921/921 922/922
f 922/922 920/920 919/919
f 921/921 923/923 924/924
f 924/924 922/922 921/921
f 923/923 925/925 926/926
f 926/926 924/924 923/923
f 925/925 927/927 928/928
f 928/928 926/926 925/925
f 927/927 929/929 930/930
f 930/930 928/928 927/927
f 929/929 931/931 932/932
f 932/932 930/930 929/929
f 931/931 933/933 934/934
f 934/934 932/932 931/931
f 933/933 935/935 936/936
f 936/936 934/934 933/933
f 935/935 937/937 938/938
f 938/938 936/936 935/935
f 937/937 939/939 940/940
f 940/940 938/938 937/937
f 939/939 941/941 942/942
f 942/942 940/940 939/939
f 941/941 943/943 944/944
f 944/944 942/942 941/941
f 943/943 945/945 946/946
f 946/946 944/944 943/943
f 945/945 947/947 948/948
f 948/948 946/946 945/945
f 947/947 949/949 950/950
f 950/950 948/948 947/947
f 949/949 951/951 952/952
f 952/952 950/950 949/949
f 951/951 953/953 954/954
f 954/954 952/952 951/951
f 953/953 955/955 956/956
f 956/956 954/954 953/953
f 955/955 957/957 958/958
f 958/958 956/956 955/955
f 957/957 959/959 960/960
f 960/960 958/958 957/957
f 959/959 961/961 962/962
f 962/962 960/960 959/959
f 961/961 963/963 964/964
f 964/964 962/962 961/961
f 963/963 965/965 966/966
f 966/966 964/964 963/963
f 965/965 967/967 968/968
f 968/968 966/966 965/965
f 967/967 969/969 970/970
f 970/970 968/968 967/967
f 969/969 971/971 972/972
f 972/972 970/970 969/969
f 971/971 973/973 974/974
f 974/974 972/972 971/971
f 973/973 975/975 976/976
f 976/976 974/974 973/973
f 975/975 977/977 978/978
f 978/978 976/976 975/975
f 977/977 979/979 980/980
f 980/980 978/978 977/977
f 979/979 981/981 982/982
f 982/982 980/980 979/979
f 981/981 983/983 984/984
f 984/984 982/982 981/981
f 983/983 985/985 986/986
f 986/986 984/984 983/983
f 985/985 987/987 988/988
f 988/988 986/986 985/985
f 987/987 989/989 990/990
f 990/990 988/988 987/987
f 989/989 991/991 992/992
f 992/992 990/990 989/989
f 991/991 993/993 994/994
f 994/994 992/992 991/991
f 993/993 995/995 996/996
f 996/996 994/994 993/993
f 995/995 997/997 998/998
f 998/998 996/996 995/995
f 997/997 999/999 1000/1000
f 1000/1000 998/998 997/997
f 999/999 1001/1001 1002/1002
f 1002/1002 1000/1000 999/999
f 1001/1001 1003/1003 1004/1004
f 1004/1004 1002/1002 1001/1001
f 1003/1003 1005/1005 1006/1006
f 1006/1006 1004/1004 1003/1003
f 1005/1005 1007/1007 1008/1008
f 1008/1008 1006/1006 1005/1005
f 1007/1007 1009/1009 1010/1010
f 1010/1010 1008/1008 1007/1007
f 1009/1009 1011/1011 1012/1012
f 1012/1012 1010/1010 1009/1009
f 1011/1011 1013/1013 1014/1014
f 1014/1014 1012/1012 1011/1011
f 1013/1013 1015/1015 1016/1016
f 1016/1016 1014/1014 1013/1013
f 1015/1015 1017/1017 1018/1018
f 1018/1018 1016/1016 1015/1015
f 1017/1017 1019/1019 1020/1020
f 1020/1020 1018/1018 1017/1017
f 1019/1019 1021/1021 1022/1022
f 1022/1022 1020/1020 1019/1019
f 1021/1021 1023/1023 1024/1024
f 1024/1024 1022/1022 1021/1021
f 1023/1023 1025/1025 1026/1026
f 1026/1026 1024/1024 1023/1023
f 1025/1025 1027/1027 1028/1028
f 1028/1028 1026/1026 1025/1025
f 1027/1027 1029/1029 1030/1030
f 1030/1030 1028/1028 1027/1027
f 1029/1029 1031/1031 1032/1032
f 1032/1032 1030/1030 1029/1029
f 1031/1031 1033/1033 1034/1034
f 1034/1034 1032/1032 1031/1031
f 1033/1033 1/1 4/4
f 4/4 1034/1034 1033/1033
f 1035/1035 1036/1036 1037/1037
f 1037/1037 1038/1038 1035/1035
f 1036/1036 1039/1039 1040/1040
f 1040/1040 1037/1037 1036/1036
f 1039/1039 1041/1041 1042/1042
f 1042/1042 1040/1040 1039/1039
f 1041/1041 1043/1043 1044/1044
f 1044/1044 1042/1042 1041/1041
f 1043/1043 1045/1045 1046/1046
f 1046/1046 1044/1044 1043/1043
f 1045/1045 1047/1047 1048/1048
f 1048/1048 1046/1046 1045/1045
f 1047/1047 1049/1049 1050/1050
f 1050/1050 1048/1048 1047/1047
f 1049/1049 1051/1051 1052/1052
f 1052/1052 1050/1050 1049/1049
f 1051/1051 1053/1053 1054/1054
f 1054/1054 1052/1052 1051/1051
f 1053/1053 1055/1055 1056/1056
f 1056/1056 1054/1054 1053/1053
f 1055/1055 1057/1057 1058/1058
f 1058/1058 1056/1056 1055/1055
f 1057/1057 1059/1059 1060/1060
f 1060/1060 1058/1058 1057/1057
f 1059/1059 1061/1061 1062/1062
f 1062/1062 1060/1060 1059/1059
f 1061/1061 1063/1063 1064/1064
f 1064/1064 1062/1062 1061/1061
f 1063/1063 1065/1065 1066/1066
f 1066/1066 1064/1064 1063/1063
f 1065/1065 1067/1067 1068/1068
f 1068/1068 1066/1066 1065/1065
f 1067/1067 1069/1069 1070/1070
f 1070/1070 1068/1068 1067/1067
f 1069/1069 1071/1071 1072/1072
f 1072/1072 1070/1070 1069/1069
f 1071/1071 1073/1073 1074/1074
f 1074/1074 1072/1072 1071/1071
f 1073/1073 1075/1075 1076/1076
f 1076/1076 1074/1074 1073/1073
f 1075/1075 1077/1077 1078/1078
f 1078/1078 1076/1076 1075/1075
f 1077/1077 1079/1079 1080/1080
f 1080/1080 1078/1078 1077/1077
f 1079/1079 1081/1081 1082/1082
f 1082/1082 1080/1080 1079/1079
f 1081/1081 1083/1083 1084/1084
f 1084/1084 1082/1082 1081/1081
f 1083/1083 1085/1085 1086/1086
f 1086/1086 1084/1084 1083/1083
f 1085/1085 1087/1087 1088/1088
f 1088/1088 1086/1086 1085/1085
f 1087/1087 1089/1089 1090/1090
f 1090/1090 1088/1088 1087/1087
f 1089/1089 1091/1091 1092/1092
f 1092/1092 1090/1090 1089/1089
f 1091/1091 1093/1093 1094/1094
f 1094/1094 1092/1092 1091/1091
f 1093/1093 1095/1095 1096/1096
f 1096/1096 1094/1094 1093/1093
f 1095/1095 1097/1097 1098/1098
f 1098/1098 1096/1096 1095/1095
f 1097/1097 1099/1099 1100/1100
f 1100/1100 1098/1098 1097/1097
f 1099/1099 1101/1101 1102/1102
f 1102/1102 1100/1100 1099/1099
f 1101/1101 1103/1103 1104/1104
f 1104/1104 1102/1102 1101/1101
f 1103/1103 1105/1105 1106/1106
f 1106/1106 1104/1104 1103/1103
f 1105/1105 1107/1107 1108/1108
f 1108/1108 1106/1106 1105/1105
f 1107/1107 1109/1109 1110/1110
f 1110/1110 1108/1108 1107/1107
f 1109/1109 1111/1111 1112/1112
f 1112/1112 1110/1110 1109/1109
f 1111/1111 1113/1113 1114/1114
f 1114/1114 1112/1112 1111/1111
f 1113/1113 1115/1115 1116/1116
f 1116/1116 1114/1114 1113/1113
f 1115/1115 1117/1117 1118/1118
f 1118/1118 1116/1116 1115/1115
f 1117/1117 1119/1119 1120/1120
f 1120/1120 1118/1118 1117/1117
f 1119/1119 1121/1121 1122/1122
f 1122/1122 1120/1120 1119/1119
f 1121/1121 1123/1123 1124/1124
f 1124/1124 1122/1122 1121/1121
f 1123/1123 1125/1125 1126/1126
f 1126/1126 1124/1124 1123/1123
f 1125/1125 1127/1127 1128/1128
f 1128/1128 1126/1126 1125/1125
f 1127/1127 1129/1129 1130/1130
f 1130/1130 1128/1128 1127/1127
f 1129/1129 1131/1131 1132/1132
f 1132/1132 1130/1130 1129/1129
f 1131/1131 1133/1133 1134/1134
f 1134/1134 1132/1132 1131/1131
f 1133/1133 1135/1135 1136/1136
f 1136/1136 1134/1134 1133/1133
f 1135/1135 1137/1137 1138/1138
f 1138/1138 1136/1136 1135/1135
f 1137/1137 1139/1139 1140/1140
f 1140/1140 1138/1138 1137/1137
f 1139/1139 1141/1141 1142/1142
f 1142/1142 1140/1140 1139/1139
f 1141/1141 1143/1143 1144/1144
f 1144/1144 1142/1142 1141/1141
f 1143/1143 1145/1145 1146/1146
f 1146/1146 1144/1144 1143/1143
f 1145/1145 1147/1147 1148/1148
f 1148/1148 1146/1146 1145/1145
f 1147/1147 1149/1149 1150/1150
f 1150/1150 1148/1148 1147/1147
f 1149/1149 1151/1151 1152/1152
f 1152/1152 1150/1150 1149/1149
f 1151/1151 1153/1153 1154/1154
f 1154/1154 1152/1152 1151/1151
f 1153/1153 1155/1155 1156/1156
f 1156/1156 1154/1154 1153/1153
f 1155/1155 1157/1157 1158/1158
f 1158/1158 1156/1156 1155/1155
f 1157/1157 1159/1159 1160/1160
f 1160/1160 1158/1158 1157/1157
f 1159/1159 1161/1161 1162/1162
f 1162/1162 1160/1160 1159/1159
f 1161/1161 1163/1163 1164/1164
f 1164/1164 1162/1162 1161/1161
f 1163/1163 1165/1165 1166/1166
f 1166/1166 1164/1164 1163/1163
f 1165/1165 1167/1167 1168/1168
f 1168/1168 1166/1166 1165/1165
f 1167/1167 1169/1169 1170/1170
f 1170/1170 1168/1168 1167/1167
f 1169/1169 1171/1171 1172/1172
f 1172/1172 1170/1170 1169/1169
f 1171/1171 1173/1173 1174/1174
f 1174/1174 1172/1172 1171/1171
f 1173/1173 1175/1175 1176/1176
f 1176/1176 1174/1174 1173/1173
f 1175/1175 1177/1177 1178/1178
f 1178/1178 1176/1176 1175/1175
f 1177/1177 1035/1035 1038/1038
f 1038/1038 1178/1178 1177/1177
f 1179/1179 1180/1180 1181/1181
f 1181/1181 1182/1182 1179/1179
f 1180/1180 1183/1183 1184/1184
f 1184/1184 1181/1181 1180/1180
f 1183/1183 1185/1185 1186/1186
f 1186/1186 1184/1184 1183/1183
f 1185/1185 1187/1187 1188/1188
f 1188/1188 1186/1186 1185/1185
f 1187/1187 1189/1189 1190/1190
f 1190/1190 1188/1188 1187/1187
f 1189/1189 1191/1191 1192/1192
f 1192/1192 1190/1190 1189/1189
f 1191/1191 1193/1193 1194/1194
f 1194/1194 1192/1192 1191/1191
f 1193/1193 1195/1195 1196/1196
f 1196/1196 1194/1194 1193/1193
f 1195/1195 1197/1197 1198/1198
f 1198/1198 1196/1196 1195/1195
f 1197/1197 1199/1199 1200/1200
f 1200/1200 1198/1198 1197/1197
f 1199/1199 1201/1201 1202/1202
f 1202/1202 1200/1200 1199/1199
f 1201/1201 1203/1203 1204/1204
f 1204/1204 1202/1202 1201/1201
f 1203/1203 1205/1205 1206/1206
f 1206/1206 1204/1204 1203/1203
f 1205/1205 1207/1207 1208/1208
f 1208/1208 1206/1206 1205/1205
f 1207/1207 1209/1209 1210/1210
f 1210/1210 1208/1208 1207/1207
f 1209/1209 1211/1211 1212/1212
f 1212/1212 1210/1210 1209/1209
f 1211/1211 1213/1213 1214/1214
f 1214/1214 1212/1212 1211/1211
f 1213/1213 1215/1215 1216/1216
f 1216/1216 1214/1214 1213/1213
f 1215/1215 1217/1217 1218/1218
f 1218/1218 1216/1216 1215/1215
f 1217/1217 1219/1219 1220/1220
f 1220/1220 1218/1218 1217/1217
f 1219/1219 1221/1221 1222/1222
f 1222/1222 1220/1220 1219/1219
f 1221/1221 1223/1223 1224/1224
f 1224/1224 1222/1222 1221/1221
f 1223/1223 1225/1225 1226/1226
f 1226/1226 1224/1224 1223/1223
f 1225/1225 1227/1227 1228/1228
f 1228/1228 1226/1226 1225/1225
f 1227/1227 1229/1229 1230/1230
f 1230/1230 1228/1228 1227/1227
f 1229/1229 1231/1231 1232/1232
f 1232/1232 1230/1230 1229/1229
f 1231/1231 1233/1233 1234/1234
f 1234/1234 1232/1232 1231/1231
f 1233/1233 1235/1235 1236/1236
f 1236/1236 1234/1234 1233/1233
f 1235/1235 1237/1237 1238/1238
f 1238/1238 1236/1236 1235/1235
f 1237/1237 1239/1239 1240/1240
f 1240/1240 1238/1238 1237/1237
f 1239/1239 1241/1241 1242/1242
f 1242/1242 1240/1240 1239/1239
f 1241/1241 1243/1243 1244/1244
f 1244/1244 1242/1242 1241/1241
f 1243/1243 1245/1245 1246/1246
f 1246/1246 1244/1244 1243/1243
f 1245/1245 1247/1247 1248/1248
f 1248/1248 1246/1246 1245/1245
f 1247/1247 1249/1249 1250/1250
f 1250/1250 1248/1248 1247/1247
f 1249/1249 1251/1251 1252/1252
f 1252/1252 1250/1250 1249/1249
f 1251/1251 1253/1253 1254/1254
f 1254/1254 1252/1252 1251/1251
f 1253/1253 1255/1255 1256/1256
f 1256/1256 1254/1254 1253/1253
f 1255/1255 1257/1257 1258/1258
f 1258/1258 1256/1256 1255/1255
f 1257/1257 1259/1259 1260/1260
f 1260/1260 1258/1258 1257/1257
f 1259/1259 1261/1261 1262/1262
f 1262/1262 1260/1260 1259/1259
f 1261/1261 1263/1263 1264/1264
f 1264/1264 1262/1262 1261/1261
f 1263/1263 1265/1265 1266/1266
f 1266/1266 1264/1264 1263/1263
f 1265/1265 1267/1267 1268/1268
f 1268/1268 1266/1266 1265/1265
f 1267/1267 1269/1269 1270/1270
f 1270/1270 1268/1268 1267/1267
f 1269/1269 1271/1271 1272/1272
f 1272/1272 1270/1270 1269/1269
f 1271/1271 1273/1273 1274/1274
f 1274/1274 1272/1272 1271/1271
f 1273/1273 1275/1275 1276/1276
f 1276/1276 1274/1274 1273/1273
f 1275/1275 1277/1277 1278/1278
f 1278/1278 1276/1276 1275/1275
f 1277/1277 1279/1279 1280/1280
f 1280/1280 1278/1278 1277/1277
f 1279/1279 1281/1281 1282/1282
f 1282/1282 1280/1280 1279/1279
f 1281/1281 1283/1283 1284/1284
f 1284/1284 1282/1282 1281/1281
f 1283/1283 1285/1285 1286/1286
f 1286/1286 1284/1284 1283/1283
f 1285/1285 1287/1287 1288/1288
f 1288/1288 1286/1286 1285/1285
f 1287/1287 1289/1289 1290/1290
f 1290/1290 1288/1288 1287/1287
f 1289/1289 1291/1291 1292/1292
f 1292/1292 1290/1290 1289/1289
f 1291/1291 1293/1293 1294/1294
f 1294/1294 1292/1292 1291/1291
f 1293/1293 1295/1295 1296/1296
f 1296/1296 1294/1294 1293/1293
f 1295/1295 1297/1297 1298/1298
f 1298/1298 1296/1296 1295/1295
f 1297/1297 1299/1299 1300/1300
f 1300/1300 1298/1298 1297/1297
f 1299/1299 1301/1301 1302/1302
f 1302/1302 1300/1300 1299/1299
f 1301/1301 1303/1303 1304/1304
f 1304/1304 1302/1302 1301/1301
f 1303/1303 1305/1305 1306/1306
f 1306/1306 1304/1304 1303/1303
f 1305/1305 1307/1307 1308/1308
f 1308/1308 1306/1306 1305/1305
f 1307/1307 1309/1309 1310/1310
f 1310/1310 1308/1308 1307/1307
f 1309/1309 1311/1311 1312/1312
f 1312/1312 1310/1310 1309/1309
f 1311/1311 1313/1313 1314/1314
f 1314/1314 1312/1312 1311/1311
f 1313/1313 1315/1315 1316/1316
f 1316/1316 1314/1314 1313/1313
f 1315/1315 1317/1317 1318/1318
f 1318/1318 1316/1316 1315/1315
f 1317/1317 1319/1319 1320/1320
f 1320/1320 1318/1318 1317/1317
f 1319/1319 1321/1321 1322/1322
f 1322/1322 1320/1320 1319/1319
f 1321/1321 1323/1323 1324/1324
f 1324/1324 1322/1322 1321/1321
f 1323/1323 1325/1325 1326/1326
f 1326/1326 1324/1324 1323/1323
f 1325/1325 1327/1327 1328/1328
f 1328/1328 1326/1326 1325/1325
f 1327/1327 1329/1329 1330/1330
f 1330/1330 1328/1328 1327/1327
f 1329/1329 1331/1331 1332/1332
f 1332/1332 1330/1330 1329/1329
f 1331/1331 1333/1333 1334/1334
f 1334/1334 1332/1332 1331/1331
f 1333/1333 1335/1335 1336/1336
f 1336/1336 1334/1334 1333/1333
f 1335/1335 1337/1337 1338/1338
f 1338/1338 1336/1336 1335/1335
f 1337/1337 1339/1339 1340/1340
f 1340/1340 1338/1338 1337/1337
f 1339/1339 1341/1341 1342/1342
f 1342/1342 1340/1340 1339/1339
f 1341/1341 1179/1179 1182/1182
f 1182/1182 1342/1342 1341/1341
f 113/113 1097/1097 1095/1095
f 1095/1095 1093/1093 113/113
f 1195/1195 1081/1081 1079/1079
f 1079/1079 1077/1077 1195/1195
f 113/113 1101/1101 1099/1099
f 1099/1099 1097/1097 113/113
f 113/113 1105/1105 1103/1103
f 1103/1103 1101/1101 113/113
f 113/113 1109/1109 1107/1107
f 1107/1107 1105/1105 113/113
f 113/113 1113/1113 1111/1111
f 1111/1111 1109/1109 113/113
f 113/113 1117/1117 1115/1115
f 1115/1115 1113/1113 113/113
f 113/113 1121/1121 1119/1119
f 1119/1119 1117/1117 113/113
f 1093/1093 117/117 115/115
f 115/115 113/113 1093/1093
f 1093/1093 121/121 119/119
f 119/119 117/117 1093/1093
f 1093/1093 125/125 123/123
f 123/123 121/121 1093/1093
f 1093/1093 129/129 127/127
f 127/127 125/125 1093/1093
f 113/113 1125/1125 1123/1123
f 1123/1123 1121/1121 113/113
f 1093/1093 133/133 131/131
f 131/131 129/129 1093/1093
f 1195/1195 1085/1085 1083/1083
f 1083/1083 1081/1081 1195/1195
f 1093/1093 137/137 135/135
f 135/135 133/133 1093/1093
f 1093/1093 141/141 139/139
f 139/139 137/137 1093/1093
f 1195/1195 1089/1089 1087/1087
f 1087/1087 1085/1085 1195/1195
f 1195/1195 1093/1093 1091/1091
f 1091/1091 1089/1089 1195/1195
f 1077/1077 1199/1199 1197/1197
f 1197/1197 1195/1195 1077/1077
f 1077/1077 1203/1203 1201/1201
f 1201/1201 1199/1199 1077/1077
f 1077/1077 1207/1207 1205/1205
f 1205/1205 1203/1203 1077/1077
f 1077/1077 1211/1211 1209/1209
f 1209/1209 1207/1207 1077/1077
f 1077/1077 1215/1215 1213/1213
f 1213/1213 1211/1211 1077/1077
f 1077/1077 1219/1219 1217/1217
f 1217/1217 1215/1215 1077/1077
f 1077/1077 1223/1223 1221/1221
f 1221/1221 1219/1219 1077/1077
f 1077/1077 1227/1227 1225/1225
f 1225/1225 1223/1223 1077/1077
f 599/599 597/597 603/603
f 603/603 601/601 599/599
f 771/771 581/581 775/775
f 775/775 773/773 771/771
f 1093/1093 145/145 143/143
f 143/143 141/141 1093/1093
f 1093/1093 149/149 147/147
f 147/147 145/145 1093/1093
f 1093/1093 153/153 151/151
f 151/151 149/149 1093/1093
f 1093/1093 1183/1183 155/155
f 155/155 153/153 1093/1093
f 1077/1077 1231/1231 1229/1229
f 1229/1229 1227/1227 1077/1077
f 241/241 247/247 245/245
f 245/245 243/243 241/241
f 241/241 251/251 249/249
f 249/249 247/247 241/241
f 1193/1193 1191/1191 1093/1093
f 1093/1093 1195/1195 1193/1193
f 1189/1189 1187/1187 1093/1093
f 1093/1093 1191/1191 1189/1189
f 1185/1185 1183/1183 1093/1093
f 1093/1093 1187/1187 1185/1185
f 1180/1180 1179/1179 155/155
f 155/155 1183/1183 1180/1180
f 1341/1341 1339/1339 155/155
f 155/155 1179/1179 1341/1341
f 1337/1337 1335/1335 155/155
f 155/155 1339/1339 1337/1337
f 1333/1333 1331/1331 155/155
f 155/155 1335/1335 1333/1333
f 1329/1329 1327/1327 155/155
f 155/155 1331/1331 1329/1329
f 1325/1325 1323/1323 155/155
f 155/155 1327/1327 1325/1325
f 1321/1321 1319/1319 155/155
f 155/155 1323/1323 1321/1321
f 1317/1317 157/157 155/155
f 155/155 1319/1319 1317/1317
f 241/241 255/255 253/253
f 253/253 251/251 241/241
f 1077/1077 1235/1235 1233/1233
f 1233/1233 1231/1231 1077/1077
f 239/239 257/257 255/255
f 255/255 241/241 239/239
f 239/239 261/261 259/259
f 259/259 257/257 239/239
f 237/237 235/235 261/261
f 261/261 239/239 237/237
f 235/235 265/265 263/263
f 263/263 261/261 235/235
f 233/233 267/267 265/265
f 265/265 235/235 233/233
f 233/233 271/271 269/269
f 269/269 267/267 233/233
f 233/233 275/275 273/273
f 273/273 271/271 233/233
f 233/233 279/279 277/277
f 277/277 275/275 233/233
f 231/231 229/229 279/279
f 279/279 233/233 231/231
f 281/281 279/279 285/285
f 285/285 283/283 281/281
f 27/27 25/25 31/31
f 31/31 29/29 27/27
f 895/895 901/901 899/899
f 899/899 897/897 895/895
f 1077/1077 1239/1239 1237/1237
f 1237/1237 1235/1235 1077/1077
f 1317/1317 161/161 159/159
f 159/159 157/157 1317/1317
f 1317/1317 455/455 163/163
f 163/163 161/161 1317/1317
f 279/279 229/229 287/287
f 287/287 285/285 279/279
f 229/229 291/291 289/289
f 289/289 287/287 229/229
f 229/229 295/295 293/293
f 293/293 291/291 229/229
f 227/227 297/297 295/295
f 295/295 229/229 227/227
f 225/225 299/299 297/297
f 297/297 227/227 225/225
f 223/223 221/221 299/299
f 299/299 225/225 223/223
f 219/219 217/217 299/299
f 299/299 221/221 219/219
f 215/215 213/213 299/299
f 299/299 217/217 215/215
f 211/211 301/301 299/299
f 299/299 213/213 211/211
f 209/209 207/207 301/301
f 301/301 211/211 209/209
f 207/207 205/205 303/303
f 303/303 301/301 207/207
f 203/203 201/201 303/303
f 303/303 205/205 203/203
f 199/199 197/197 303/303
f 303/303 201/201 199/199
f 197/197 195/195 305/305
f 305/305 303/303 197/197
f 193/193 191/191 305/305
f 305/305 195/195 193/193
f 191/191 189/189 307/307
f 307/307 305/305 191/191
f 189/189 311/311 309/309
f 309/309 307/307 189/189
f 189/189 187/187 313/313
f 313/313 311/311 189/189
f 185/185 315/315 313/313
f 313/313 187/187 185/185
f 185/185 319/319 317/317
f 317/317 315/315 185/185
f 185/185 323/323 321/321
f 321/321 319/319 185/185
f 185/185 183/183 325/325
f 325/325 323/323 185/185
f 183/183 329/329 327/327
f 327/327 325/325 183/183
f 183/183 333/333 331/331
f 331/331 329/329 183/183
f 183/183 337/337 335/335
f 335/335 333/333 183/183
f 183/183 341/341 339/339
f 339/339 337/337 183/183
f 181/181 179/179 341/341
f 341/341 183/183 181/181
f 179/179 177/177 343/343
f 343/343 341/341 179/179
f 177/177 175/175 345/345
f 345/345 343/343 177/177
f 173/173 347/347 345/345
f 345/345 175/175 173/173
f 171/171 169/169 347/347
f 347/347 173/173 171/171
f 169/169 351/351 349/349
f 349/349 347/347 169/169
f 169/169 355/355 353/353
f 353/353 351/351 169/169
f 169/169 359/359 357/357
f 357/357 355/355 169/169
f 167/167 165/165 359/359
f 359/359 169/169 167/167
f 163/163 361/361 359/359
f 359/359 165/165 163/163
f 163/163 365/365 363/363
f 363/363 361/361 163/163
f 163/163 369/369 367/367
f 367/367 365/365 163/163
f 163/163 373/373 371/371
f 371/371 369/369 163/163
f 163/163 377/377 375/375
f 375/375 373/373 163/163
f 163/163 381/381 379/379
f 379/379 377/377 163/163
f 25/25 23/23 33/33
f 33/33 31/31 25/25
f 23/23 21/21 35/35
f 35/35 33/33 23/23
f 19/19 37/37 35/35
f 35/35 21/21 19/19
f 17/17 15/15 37/37
f 37/37 19/19 17/17
f 13/13 11/11 37/37
f 37/37 15/15 13/13
f 9/9 7/7 37/37
f 37/37 11/11 9/9
f 7/7 5/5 39/39
f 39/39 37/37 7/7
f 5/5 43/43 41/41
f 41/41 39/39 5/5
f 2/2 1/1 43/43
f 43/43 5/5 2/2
f 1033/1033 1031/1031 43/43
f 43/43 1/1 1033/1033
f 1031/1031 47/47 45/45
f 45/45 43/43 1031/1031
f 1031/1031 51/51 49/49
f 49/49 47/47 1031/1031
f 1031/1031 55/55 53/53
f 53/53 51/51 1031/1031
f 1031/1031 59/59 57/57
f 57/57 55/55 1031/1031
f 1031/1031 63/63 61/61
f 61/61 59/59 1031/1031
f 1031/1031 67/67 65/65
f 65/65 63/63 1031/1031
f 1031/1031 71/71 69/69
f 69/69 67/67 1031/1031
f 1031/1031 75/75 73/73
f 73/73 71/71 1031/1031
f 1031/1031 79/79 77/77
f 77/77 75/75 1031/1031
f 1031/1031 83/83 81/81
f 81/81 79/79 1031/1031
f 1031/1031 87/87 85/85
f 85/85 83/83 1031/1031
f 1031/1031 1029/1029 89/89
f 89/89 87/87 1031/1031
f 1029/1029 93/93 91/91
f 91/91 89/89 1029/1029
f 1029/1029 1027/1027 95/95
f 95/95 93/93 1029/1029
f 1027/1027 99/99 97/97
f 97/97 95/95 1027/1027
f 1025/1025 101/101 99/99
f 99/99 1027/1027 1025/1025
f 1025/1025 105/105 103/103
f 103/103 101/101 1025/1025
f 1023/1023 107/107 105/105
f 105/105 1025/1025 1023/1023
f 1023/1023 111/111 109/109
f 109/109 107/107 1023/1023
f 1023/1023 1021/1021 113/113
f 113/113 111/111 1023/1023
f 1019/1019 1017/1017 113/113
f 113/113 1021/1021 1019/1019
f 1015/1015 1013/1013 113/113
f 113/113 1017/1017 1015/1015
f 1011/1011 1009/1009 113/113
f 113/113 1013/1013 1011/1011
f 893/893 903/903 901/901
f 901/901 895/895 893/893
f 677/677 675/675 681/681
f 681/681 679/679 677/677
f 675/675 673/673 683/683
f 683/683 681/681 675/675
f 673/673 671/671 685/685
f 685/685 683/683 673/673
f 671/671 689/689 687/687
f 687/687 685/685 671/671
f 671/671 693/693 691/691
f 691/691 689/689 671/671
f 671/671 697/697 695/695
f 695/695 693/693 671/671
f 671/671 701/701 699/699
f 699/699 697/697 671/671
f 669/669 703/703 701/701
f 701/701 671/671 669/669
f 667/667 705/705 703/703
f 703/703 669/669 667/667
f 665/665 663/663 705/705
f 705/705 667/667 665/665
f 661/661 659/659 705/705
f 705/705 663/663 661/661
f 657/657 655/655 705/705
f 705/705 659/659 657/657
f 653/653 651/651 705/705
f 705/705 655/655 653/653
f 649/649 647/647 705/705
f 705/705 651/651 649/649
f 645/645 643/643 705/705
f 705/705 647/647 645/645
f 641/641 639/639 705/705
f 705/705 643/643 641/641
f 637/637 635/635 705/705
f 705/705 639/639 637/637
f 633/633 631/631 705/705
f 705/705 635/635 633/633
f 629/629 627/627 705/705
f 705/705 631/631 629/629
f 625/625 707/707 705/705
f 705/705 627/627 625/625
f 623/623 709/709 707/707
f 707/707 625/625 623/623
f 621/621 711/711 709/709
f 709/709 623/623 621/621
f 619/619 713/713 711/711
f 711/711 621/621 619/619
f 619/619 717/717 715/715
f 715/715 713/713 619/619
f 619/619 721/721 719/719
f 719/719 717/717 619/619
f 619/619 725/725 723/723
f 723/723 721/721 619/619
f 619/619 729/729 727/727
f 727/727 725/725 619/619
f 619/619 733/733 731/731
f 731/731 729/729 619/619
f 619/619 737/737 735/735
f 735/735 733/733 619/619
f 619/619 741/741 739/739
f 739/739 737/737 619/619
f 619/619 617/617 743/743
f 743/743 741/741 619/619
f 615/615 613/613 743/743
f 743/743 617/617 615/615
f 611/611 609/609 743/743
f 743/743 613/613 611/611
f 607/607 605/605 743/743
f 743/743 609/609 607/607
f 605/605 747/747 745/745
f 745/745 743/743 605/605
f 605/605 751/751 749/749
f 749/749 747/747 605/605
f 605/605 755/755 753/753
f 753/753 751/751 605/605
f 605/605 759/759 757/757
f 757/757 755/755 605/605
f 605/605 763/763 761/761
f 761/761 759/759 605/605
f 605/605 767/767 765/765
f 765/765 763/763 605/605
f 605/605 771/771 769/769
f 769/769 767/767 605/605
f 603/603 597/597 771/771
f 771/771 605/605 603/603
f 595/595 593/593 771/771
f 771/771 597/597 595/595
f 591/591 589/589 771/771
f 771/771 593/593 591/591
f 587/587 585/585 771/771
f 771/771 589/589 587/587
f 583/583 581/581 771/771
f 771/771 585/585 583/583
f 579/579 577/577 775/775
f 775/775 581/581 579/579
f 575/575 573/573 775/775
f 775/775 577/577 575/575
f 571/571 777/777 775/775
f 775/775 573/573 571/571
f 983/983 981/981 987/987
f 987/987 985/985 983/983
f 981/981 979/979 989/989
f 989/989 987/987 981/981
f 1007/1007 1005/1005 113/113
f 113/113 1009/1009 1007/1007
f 979/979 977/977 991/991
f 991/991 989/989 979/979
f 833/833 839/839 837/837
f 837/837 835/835 833/833
f 833/833 831/831 841/841
f 841/841 839/839 833/833
f 831/831 845/845 843/843
f 843/843 841/841 831/831
f 831/831 829/829 847/847
f 847/847 845/845 831/831
f 829/829 851/851 849/849
f 849/849 847/847 829/829
f 827/827 825/825 851/851
f 851/851 829/829 827/827
f 825/825 823/823 853/853
f 853/853 851/851 825/825
f 823/823 1035/1035 855/855
f 855/855 853/853 823/823
f 1077/1077 1243/1243 1241/1241
f 1241/1241 1239/1239 1077/1077
f 865/865 871/871 869/869
f 869/869 867/867 865/865
f 863/863 873/873 871/871
f 871/871 865/865 863/863
f 861/861 875/875 873/873
f 873/873 863/863 861/861
f 859/859 877/877 875/875
f 875/875 861/861 859/859
f 857/857 855/855 877/877
f 877/877 859/859 857/857
f 497/497 495/495 501/501
f 501/501 499/499 497/497
f 495/495 493/493 503/503
f 503/503 501/501 495/495
f 491/491 505/505 503/503
f 503/503 493/493 491/491
f 489/489 507/507 505/505
f 505/505 491/491 489/489
f 487/487 485/485 507/507
f 507/507 489/489 487/487
f 485/485 511/511 509/509
f 509/509 507/507 485/485
f 461/461 459/459 465/465
f 465/465 463/463 461/461
f 459/459 457/457 467/467
f 467/467 465/465 459/459
f 457/457 471/471 469/469
f 469/469 467/467 457/457
f 457/457 475/475 473/473
f 473/473 471/471 457/457
f 457/457 479/479 477/477
f 477/477 475/475 457/457
f 891/891 905/905 903/903
f 903/903 893/893 891/891
f 889/889 887/887 905/905
f 905/905 891/891 889/889
f 885/885 883/883 905/905
f 905/905 887/887 885/885
f 571/571 781/781 779/779
f 779/779 777/777 571/571
f 571/571 785/785 783/783
f 783/783 781/781 571/571
f 881/881 879/879 905/905
f 905/905 883/883 881/881
f 571/571 569/569 787/787
f 787/787 785/785 571/571
f 567/567 565/565 787/787
f 787/787 569/569 567/567
f 563/563 561/561 787/787
f 787/787 565/565 563/563
f 559/559 557/557 787/787
f 787/787 561/561 559/559
f 555/555 553/553 787/787
f 787/787 557/557 555/555
f 551/551 549/549 787/787
f 787/787 553/553 551/551
f 547/547 545/545 787/787
f 787/787 549/549 547/547
f 543/543 541/541 787/787
f 787/787 545/545 543/543
f 539/539 537/537 787/787
f 787/787 541/541 539/539
f 535/535 533/533 787/787
f 787/787 537/537 535/535
f 531/531 529/529 787/787
f 787/787 533/533 531/531
f 527/527 525/525 787/787
f 787/787 529/529 527/527
f 523/523 521/521 787/787
f 787/787 525/525 523/523
f 519/519 517/517 787/787
f 787/787 521/521 519/519
f 517/517 515/515 789/789
f 789/789 787/787 517/517
f 515/515 793/793 791/791
f 791/791 789/789 515/515
f 515/515 797/797 795/795
f 795/795 793/793 515/515
f 515/515 801/801 799/799
f 799/799 797/797 515/515
f 515/515 805/805 803/803
f 803/803 801/801 515/515
f 515/515 809/809 807/807
f 807/807 805/805 515/515
f 515/515 813/813 811/811
f 811/811 809/809 515/515
f 515/515 817/817 815/815
f 815/815 813/813 515/515
f 515/515 821/821 819/819
f 819/819 817/817 515/515
f 513/513 1077/1077 821/821
f 821/821 515/515 513/513
f 1003/1003 1001/1001 113/113
f 113/113 1005/1005 1003/1003
f 999/999 997/997 113/113
f 113/113 1001/1001 999/999
f 457/457 483/483 481/481
f 481/481 479/479 457/457
f 443/443 449/449 447/447
f 447/447 445/445 443/443
f 443/443 427/427 451/451
f 451/451 449/449 443/443
f 937/937 943/943 941/941
f 941/941 939/939 937/937
f 457/457 1301/1301 485/485
f 485/485 483/483 457/457
f 977/977 1125/1125 993/993
f 993/993 991/991 977/977
f 995/995 1125/1125 113/113
f 113/113 997/997 995/995
f 993/993 1125/1125 995/995
f 975/975 973/973 1125/1125
f 1125/1125 977/977 975/975
f 971/971 969/969 1125/1125
f 1125/1125 973/973 971/971
f 967/967 965/965 1125/1125
f 1125/1125 969/969 967/967
f 963/963 961/961 1125/1125
f 1125/1125 965/965 963/963
f 959/959 957/957 1125/1125
f 1125/1125 961/961 959/959
f 955/955 953/953 1125/1125
f 1125/1125 957/957 955/955
f 951/951 949/949 1125/1125
f 1125/1125 953/953 951/951
f 947/947 945/945 1125/1125
f 1125/1125 949/949 947/947
f 943/943 937/937 1125/1125
f 1125/1125 945/945 943/943
f 935/935 933/933 1125/1125
f 1125/1125 937/937 935/935
f 931/931 929/929 1125/1125
f 1125/1125 933/933 931/931
f 927/927 925/925 1125/1125
f 1125/1125 929/929 927/927
f 923/923 921/921 1125/1125
f 1125/1125 925/925 923/923
f 919/919 917/917 1125/1125
f 1125/1125 921/921 919/919
f 915/915 905/905 1125/1125
f 1125/1125 917/917 915/915
f 429/429 435/435 433/433
f 433/433 431/431 429/429
f 429/429 439/439 437/437
f 437/437 435/435 429/429
f 427/427 441/441 439/439
f 439/439 429/429 427/427
f 427/427 443/443 441/441
f 427/427 425/425 453/453
f 453/453 451/451 427/427
f 423/423 455/455 453/453
f 453/453 425/425 423/423
f 421/421 419/419 455/455
f 455/455 423/423 421/421
f 417/417 415/415 455/455
f 455/455 419/419 417/417
f 399/399 405/405 403/403
f 403/403 401/401 399/399
f 397/397 407/407 405/405
f 405/405 399/399 397/397
f 397/397 395/395 409/409
f 409/409 407/407 397/397
f 393/393 411/411 409/409
f 409/409 395/395 393/393
f 413/413 411/411 455/455
f 455/455 415/415 413/413
f 877/877 1125/1125 905/905
f 905/905 879/879 877/877
f 1147/1147 1153/1153 1151/1151
f 1151/1151 1149/1149 1147/1147
f 1145/1145 1155/1155 1153/1153
f 1153/1153 1147/1147 1145/1145
f 1143/1143 1157/1157 1155/1155
f 1155/1155 1145/1145 1143/1143
f 163/163 385/385 383/383
f 383/383 381/381 163/163
f 391/391 389/389 411/411
f 411/411 393/393 391/391
f 1143/1143 855/855 1159/1159
f 1159/1159 1157/1157 1143/1143
f 911/911 909/909 915/915
f 915/915 913/913 911/911
f 907/907 905/905 915/915
f 915/915 909/909 907/907
f 1295/1295 1301/1301 1299/1299
f 1299/1299 1297/1297 1295/1295
f 1293/1293 485/485 1301/1301
f 1301/1301 1295/1295 1293/1293
f 1251/1251 513/513 1255/1255
f 1255/1255 1253/1253 1251/1251
f 877/877 1129/1129 1127/1127
f 1127/1127 1125/1125 877/877
f 877/877 1133/1133 1131/1131
f 1131/1131 1129/1129 877/877
f 877/877 1137/1137 1135/1135
f 1135/1135 1133/1133 877/877
f 855/855 1139/1139 1137/1137
f 1137/1137 877/877 855/855
f 855/855 1143/1143 1141/1141
f 1141/1141 1139/1139 855/855
f 855/855 1163/1163 1161/1161
f 1161/1161 1159/1159 855/855
f 855/855 1167/1167 1165/1165
f 1165/1165 1163/1163 855/855
f 855/855 1171/1171 1169/1169
f 1169/1169 1167/1167 855/855
f 855/855 1175/1175 1173/1173
f 1173/1173 1171/1171 855/855
f 855/855 1035/1035 1177/1177
f 1177/1177 1175/1175 855/855
f 823/823 1039/1039 1036/1036
f 1036/1036 1035/1035 823/823
f 823/823 1043/1043 1041/1041
f 1041/1041 1039/1039 823/823
f 823/823 1047/1047 1045/1045
f 1045/1045 1043/1043 823/823
f 823/823 1051/1051 1049/1049
f 1049/1049 1047/1047 823/823
f 823/823 1055/1055 1053/1053
f 1053/1053 1051/1051 823/823
f 823/823 1059/1059 1057/1057
f 1057/1057 1055/1055 823/823
f 823/823 1063/1063 1061/1061
f 1061/1061 1059/1059 823/823
f 821/821 1065/1065 1063/1063
f 1063/1063 823/823 821/821
f 821/821 1069/1069 1067/1067
f 1067/1067 1065/1065 821/821
f 821/821 1073/1073 1071/1071
f 1071/1071 1069/1069 821/821
f 821/821 1077/1077 1075/1075
f 1075/1075 1073/1073 821/821
f 513/513 1245/1245 1243/1243
f 1243/1243 1077/1077 513/513
f 513/513 1249/1249 1247/1247
f 1247/1247 1245/1245 513/513
f 513/513 1251/1251 1249/1249
f 513/513 1259/1259 1257/1257
f 1257/1257 1255/1255 513/513
f 513/513 1263/1263 1261/1261
f 1261/1261 1259/1259 513/513
f 513/513 1267/1267 1265/1265
f 1265/1265 1263/1263 513/513
f 513/513 1271/1271 1269/1269
f 1269/1269 1267/1267 513/513
f 511/511 1273/1273 1271/1271
f 1271/1271 513/513 511/511
f 511/511 1277/1277 1275/1275
f 1275/1275 1273/1273 511/511
f 511/511 1281/1281 1279/1279
f 1279/1279 1277/1277 511/511
f 485/485 1283/1283 1281/1281
f 1281/1281 511/511 485/485
f 485/485 1287/1287 1285/1285
f 1285/1285 1283/1283 485/485
f 485/485 1291/1291 1289/1289
f 1289/1289 1287/1287 485/485
f 485/485 1293/1293 1291/1291
f 457/457 1305/1305 1303/1303
f 1303/1303 1301/1301 457/457
f 457/457 1309/1309 1307/1307
f 1307/1307 1305/1305 457/457
f 457/457 1313/1313 1311/1311
f 1311/1311 1309/1309 457/457
f 457/457 1317/1317 1315/1315
f 1315/1315 1313/1313 457/457
f 455/455 1317/1317 457/457
f 389/389 387/387 455/455
f 455/455 411/411 389/389
f 163/163 455/455 387/387
f 387/387 385/385 163/163
f 114/114 116/116 1094/1094
f 1094/1094 1096/1096 114/114
f 1196/1196 1198/1198 1078/1078
f 1078/1078 1080/1080 1196/1196
f 114/114 1096/1096 1098/1098
f 1098/1098 1100/1100 114/114
f 114/114 1100/1100 1102/1102
f 1102/1102 1104/1104 114/114
f 114/114 1104/1104 1106/1106
f 1106/1106 1108/1108 114/114
f 114/114 1108/1108 1110/1110
f 1110/1110 1112/1112 114/114
f 114/114 1112/1112 1114/1114
f 1114/1114 1116/1116 114/114
f 114/114 1116/1116 1118/1118
f 1118/1118 1120/1120 114/114
f 1196/1196 1080/1080 1082/1082
f 1082/1082 1084/1084 1196/1196
f 1094/1094 116/116 118/118
f 118/118 120/120 1094/1094
f 1094/1094 120/120 122/122
f 122/122 124/124 1094/1094
f 1094/1094 124/124 126/126
f 126/126 128/128 1094/1094
f 114/114 1120/1120 1122/1122
f 1122/1122 1124/1124 114/114
f 1094/1094 128/128 130/130
f 130/130 132/132 1094/1094
f 1094/1094 132/132 134/134
f 134/134 136/136 1094/1094
f 1094/1094 136/136 138/138
f 138/138 140/140 1094/1094
f 1094/1094 140/140 142/142
f 142/142 144/144 1094/1094
f 1196/1196 1084/1084 1086/1086
f 1086/1086 1088/1088 1196/1196
f 1196/1196 1088/1088 1090/1090
f 1090/1090 1092/1092 1196/1196
f 1196/1196 1092/1092 1094/1094
f 1094/1094 1194/1194 1196/1196
f 1078/1078 1198/1198 1200/1200
f 1200/1200 1202/1202 1078/1078
f 1078/1078 1202/1202 1204/1204
f 1204/1204 1206/1206 1078/1078
f 1078/1078 1206/1206 1208/1208
f 1208/1208 1210/1210 1078/1078
f 114/114 1124/1124 1126/1126
f 1126/1126 996/996 114/114
f 1078/1078 1210/1210 1212/1212
f 1212/1212 1214/1214 1078/1078
f 1078/1078 1214/1214 1216/1216
f 1216/1216 1218/1218 1078/1078
f 1078/1078 1218/1218 1220/1220
f 1220/1220 1222/1222 1078/1078
f 1078/1078 1222/1222 1224/1224
f 1224/1224 1226/1226 1078/1078
f 1078/1078 1226/1226 1228/1228
f 1228/1228 1230/1230 1078/1078
f 600/600 602/602 604/604
f 604/604 598/598 600/600
f 772/772 774/774 776/776
f 776/776 582/582 772/772
f 1094/1094 144/144 146/146
f 146/146 148/148 1094/1094
f 1094/1094 148/148 150/150
f 150/150 152/152 1094/1094
f 1094/1094 152/152 154/154
f 154/154 156/156 1094/1094
f 242/242 244/244 246/246
f 246/246 248/248 242/242
f 242/242 248/248 250/250
f 250/250 252/252 242/242
f 1078/1078 1230/1230 1232/1232
f 1232/1232 1234/1234 1078/1078
f 1192/1192 1194/1194 1094/1094
f 1094/1094 1190/1190 1192/1192
f 1188/1188 1190/1190 1094/1094
f 1094/1094 1186/1186 1188/1188
f 1184/1184 1186/1186 1094/1094
f 1094/1094 156/156 1184/1184
f 1181/1181 1184/1184 156/156
f 156/156 1182/1182 1181/1181
f 1342/1342 1182/1182 156/156
f 156/156 1340/1340 1342/1342
f 1338/1338 1340/1340 156/156
f 156/156 1336/1336 1338/1338
f 1334/1334 1336/1336 156/156
f 156/156 1332/1332 1334/1334
f 1330/1330 1332/1332 156/156
f 156/156 1328/1328 1330/1330
f 1326/1326 1328/1328 156/156
f 156/156 1324/1324 1326/1326
f 1322/1322 1324/1324 156/156
f 156/156 1320/1320 1322/1322
f 1318/1318 1320/1320 156/156
f 156/156 158/158 1318/1318
f 242/242 252/252 254/254
f 254/254 256/256 242/242
f 240/240 242/242 256/256
f 256/256 258/258 240/240
f 240/240 258/258 260/260
f 260/260 262/262 240/240
f 238/238 240/240 262/262
f 262/262 236/236 238/238
f 236/236 262/262 264/264
f 264/264 266/266 236/236
f 234/234 236/236 266/266
f 266/266 268/268 234/234
f 234/234 268/268 270/270
f 270/270 272/272 234/234
f 234/234 272/272 274/274
f 274/274 276/276 234/234
f 234/234 276/276 278/278
f 278/278 280/280 234/234
f 232/232 234/234 280/280
f 280/280 230/230 232/232
f 1078/1078 1234/1234 1236/1236
f 1236/1236 1238/1238 1078/1078
f 282/282 284/284 286/286
f 286/286 280/280 282/282
f 28/28 30/30 32/32
f 32/32 26/26 28/28
f 896/896 898/898 900/900
f 900/900 902/902 896/896
f 1318/1318 158/158 160/160
f 160/160 162/162 1318/1318
f 1318/1318 162/162 164/164
f 164/164 456/456 1318/1318
f 280/280 286/286 288/288
f 288/288 230/230 280/280
f 230/230 288/288 290/290
f 290/290 292/292 230/230
f 230/230 292/292 294/294
f 294/294 296/296 230/230
f 228/228 230/230 296/296
f 296/296 298/298 228/228
f 226/226 228/228 298/298
f 298/298 300/300 226/226
f 224/224 226/226 300/300
f 300/300 222/222 224/224
f 220/220 222/222 300/300
f 300/300 218/218 220/220
f 216/216 218/218 300/300
f 300/300 214/214 216/216
f 212/212 214/214 300/300
f 300/300 302/302 212/212
f 210/210 212/212 302/302
f 302/302 208/208 210/210
f 208/208 302/302 304/304
f 304/304 206/206 208/208
f 204/204 206/206 304/304
f 304/304 202/202 204/204
f 200/200 202/202 304/304
f 304/304 198/198 200/200
f 198/198 304/304 306/306
f 306/306 196/196 198/198
f 194/194 196/196 306/306
f 306/306 192/192 194/194
f 192/192 306/306 308/308
f 308/308 190/190 192/192
f 190/190 308/308 310/310
f 310/310 312/312 190/190
f 190/190 312/312 314/314
f 314/314 188/188 190/190
f 186/186 188/188 314/314
f 314/314 316/316 186/186
f 186/186 316/316 318/318
f 318/318 320/320 186/186
f 186/186 320/320 322/322
f 322/322 324/324 186/186
f 186/186 324/324 326/326
f 326/326 184/184 186/186
f 184/184 326/326 328/328
f 328/328 330/330 184/184
f 184/184 330/330 332/332
f 332/332 334/334 184/184
f 184/184 334/334 336/336
f 336/336 338/338 184/184
f 184/184 338/338 340/340
f 340/340 342/342 184/184
f 182/182 184/184 342/342
f 342/342 180/180 182/182
f 180/180 342/342 344/344
f 344/344 178/178 180/180
f 178/178 344/344 346/346
f 346/346 176/176 178/178
f 174/174 176/176 346/346
f 346/346 348/348 174/174
f 172/172 174/174 348/348
f 348/348 170/170 172/172
f 170/170 348/348 350/350
f 350/350 352/352 170/170
f 170/170 352/352 354/354
f 354/354 356/356 170/170
f 170/170 356/356 358/358
f 358/358 360/360 170/170
f 168/168 170/170 360/360
f 360/360 166/166 168/168
f 164/164 166/166 360/360
f 360/360 362/362 164/164
f 164/164 362/362 364/364
f 364/364 366/366 164/164
f 164/164 366/366 368/368
f 368/368 370/370 164/164
f 164/164 370/370 372/372
f 372/372 374/374 164/164
f 164/164 374/374 376/376
f 376/376 378/378 164/164
f 164/164 378/378 380/380
f 380/380 382/382 164/164
f 26/26 32/32 34/34
f 34/34 24/24 26/26
f 24/24 34/34 36/36
f 36/36 22/22 24/24
f 20/20 22/22 36/36
f 36/36 38/38 20/20
f 18/18 20/20 38/38
f 38/38 16/16 18/18
f 14/14 16/16 38/38
f 38/38 12/12 14/14
f 10/10 12/12 38/38
f 38/38 8/8 10/10
f 8/8 38/38 40/40
f 40/40 6/6 8/8
f 6/6 40/40 42/42
f 42/42 44/44 6/6
f 3/3 6/6 44/44
f 44/44 4/4 3/3
f 1034/1034 4/4 44/44
f 44/44 1032/1032 1034/1034
f 1032/1032 44/44 46/46
f 46/46 48/48 1032/1032
f 1032/1032 48/48 50/50
f 50/50 52/52 1032/1032
f 1032/1032 52/52 54/54
f 54/54 56/56 1032/1032
f 1032/1032 56/56 58/58
f 58/58 60/60 1032/1032
f 1032/1032 60/60 62/62
f 62/62 64/64 1032/1032
f 1032/1032 64/64 66/66
f 66/66 68/68 1032/1032
f 1032/1032 68/68 70/70
f 70/70 72/72 1032/1032
f 1032/1032 72/72 74/74
f 74/74 76/76 1032/1032
f 1032/1032 76/76 78/78
f 78/78 80/80 1032/1032
f 1032/1032 80/80 82/82
f 82/82 84/84 1032/1032
f 1032/1032 84/84 86/86
f 86/86 88/88 1032/1032
f 1032/1032 88/88 90/90
f 90/90 1030/1030 1032/1032
f 1030/1030 90/90 92/92
f 92/92 94/94 1030/1030
f 1030/1030 94/94 96/96
f 96/96 1028/1028 1030/1030
f 1028/1028 96/96 98/98
f 98/98 100/100 1028/1028
f 1026/1026 1028/1028 100/100
f 100/100 102/102 1026/1026
f 1026/1026 102/102 104/104
f 104/104 106/106 1026/1026
f 1024/1024 1026/1026 106/106
f 106/106 108/108 1024/1024
f 1024/1024 108/108 110/110
f 110/110 112/112 1024/1024
f 1024/1024 112/112 114/114
f 114/114 1022/1022 1024/1024
f 1020/1020 1022/1022 114/114
f 114/114 1018/1018 1020/1020
f 1016/1016 1018/1018 114/114
f 114/114 1014/1014 1016/1016
f 1012/1012 1014/1014 114/114
f 114/114 1010/1010 1012/1012
f 894/894 896/896 902/902
f 902/902 904/904 894/894
f 678/678 680/680 682/682
f 682/682 676/676 678/678
f 676/676 682/682 684/684
f 684/684 674/674 676/676
f 674/674 684/684 686/686
f 686/686 672/672 674/674
f 672/672 686/686 688/688
f 688/688 690/690 672/672
f 672/672 690/690 692/692
f 692/692 694/694 672/672
f 672/672 694/694 696/696
f 696/696 698/698 672/672
f 672/672 698/698 700/700
f 700/700 702/702 672/672
f 670/670 672/672 702/702
f 702/702 704/704 670/670
f 668/668 670/670 704/704
f 704/704 706/706 668/668
f 666/666 668/668 706/706
f 706/706 664/664 666/666
f 662/662 664/664 706/706
f 706/706 660/660 662/662
f 658/658 660/660 706/706
f 706/706 656/656 658/658
f 654/654 656/656 706/706
f 706/706 652/652 654/654
f 650/650 652/652 706/706
f 706/706 648/648 650/650
f 646/646 648/648 706/706
f 706/706 644/644 646/646
f 642/642 644/644 706/706
f 706/706 640/640 642/642
f 638/638 640/640 706/706
f 706/706 636/636 638/638
f 634/634 636/636 706/706
f 706/706 632/632 634/634
f 630/630 632/632 706/706
f 706/706 628/628 630/630
f 626/626 628/628 706/706
f 706/706 708/708 626/626
f 624/624 626/626 708/708
f 708/708 710/710 624/624
f 622/622 624/624 710/710
f 710/710 712/712 622/622
f 620/620 622/622 712/712
f 712/712 714/714 620/620
f 620/620 714/714 716/716
f 716/716 718/718 620/620
f 620/620 718/718 720/720
f 720/720 722/722 620/620
f 620/620 722/722 724/724
f 724/724 726/726 620/620
f 620/620 726/726 728/728
f 728/728 730/730 620/620
f 620/620 730/730 732/732
f 732/732 734/734 620/620
f 620/620 734/734 736/736
f 736/736 738/738 620/620
f 620/620 738/738 740/740
f 740/740 742/742 620/620
f 620/620 742/742 744/744
f 744/744 618/618 620/620
f 616/616 618/618 744/744
f 744/744 614/614 616/616
f 612/612 614/614 744/744
f 744/744 610/610 612/612
f 608/608 610/610 744/744
f 744/744 606/606 608/608
f 606/606 744/744 746/746
f 746/746 748/748 606/606
f 606/606 748/748 750/750
f 750/750 752/752 606/606
f 606/606 752/752 754/754
f 754/754 756/756 606/606
f 606/606 756/756 758/758
f 758/758 760/760 606/606
f 606/606 760/760 762/762
f 762/762 764/764 606/606
f 606/606 764/764 766/766
f 766/766 768/768 606/606
f 606/606 768/768 770/770
f 770/770 772/772 606/606
f 604/604 606/606 772/772
f 772/772 598/598 604/604
f 596/596 598/598 772/772
f 772/772 594/594 596/596
f 592/592 594/594 772/772
f 772/772 590/590 592/592
f 588/588 590/590 772/772
f 772/772 586/586 588/588
f 584/584 586/586 772/772
f 772/772 582/582 584/584
f 580/580 582/582 776/776
f 776/776 578/578 580/580
f 576/576 578/578 776/776
f 776/776 574/574 576/576
f 572/572 574/574 776/776
f 776/776 778/778 572/572
f 984/984 986/986 988/988
f 988/988 982/982 984/984
f 982/982 988/988 990/990
f 990/990 980/980 982/982
f 1008/1008 1010/1010 114/114
f 114/114 1006/1006 1008/1008
f 980/980 990/990 992/992
f 992/992 978/978 980/980
f 834/834 836/836 838/838
f 838/838 840/840 834/834
f 834/834 840/840 842/842
f 842/842 832/832 834/834
f 832/832 842/842 844/844
f 844/844 846/846 832/832
f 832/832 846/846 848/848
f 848/848 830/830 832/832
f 830/830 848/848 850/850
f 850/850 852/852 830/830
f 828/828 830/830 852/852
f 852/852 826/826 828/828
f 826/826 852/852 854/854
f 854/854 824/824 826/826
f 824/824 854/854 856/856
f 856/856 1038/1038 824/824
f 1078/1078 1238/1238 1240/1240
f 1240/1240 1242/1242 1078/1078
f 866/866 868/868 870/870
f 870/870 872/872 866/866
f 864/864 866/866 872/872
f 872/872 874/874 864/864
f 862/862 864/864 874/874
f 874/874 876/876 862/862
f 860/860 862/862 876/876
f 876/876 878/878 860/860
f 858/858 860/860 878/878
f 878/878 856/856 858/858
f 498/498 500/500 502/502
f 502/502 496/496 498/498
f 496/496 502/502 504/504
f 504/504 494/494 496/496
f 492/492 494/494 504/504
f 504/504 506/506 492/492
f 490/490 492/492 506/506
f 506/506 508/508 490/490
f 488/488 490/490 508/508
f 508/508 486/486 488/488
f 486/486 508/508 510/510
f 510/510 512/512 486/486
f 462/462 464/464 466/466
f 466/466 460/460 462/462
f 460/460 466/466 468/468
f 468/468 458/458 460/460
f 458/458 468/468 470/470
f 470/470 472/472 458/458
f 458/458 472/472 474/474
f 474/474 476/476 458/458
f 458/458 476/476 478/478
f 478/478 480/480 458/458
f 892/892 894/894 904/904
f 904/904 906/906 892/892
f 890/890 892/892 906/906
f 906/906 888/888 890/890
f 886/886 888/888 906/906
f 906/906 884/884 886/886
f 572/572 778/778 780/780
f 780/780 782/782 572/572
f 572/572 782/782 784/784
f 784/784 786/786 572/572
f 882/882 884/884 906/906
f 906/906 880/880 882/882
f 572/572 786/786 788/788
f 788/788 570/570 572/572
f 568/568 570/570 788/788
f 788/788 566/566 568/568
f 564/564 566/566 788/788
f 788/788 562/562 564/564
f 560/560 562/562 788/788
f 788/788 558/558 560/560
f 556/556 558/558 788/788
f 788/788 554/554 556/556
f 552/552 554/554 788/788
f 788/788 550/550 552/552
f 548/548 550/550 788/788
f 788/788 546/546 548/548
f 544/544 546/546 788/788
f 788/788 542/542 544/544
f 540/540 542/542 788/788
f 788/788 538/538 540/540
f 536/536 538/538 788/788
f 788/788 534/534 536/536
f 532/532 534/534 788/788
f 788/788 530/530 532/532
f 528/528 530/530 788/788
f 788/788 526/526 528/528
f 524/524 526/526 788/788
f 788/788 522/522 524/524
f 520/520 522/522 788/788
f 788/788 518/518 520/520
f 518/518 788/788 790/790
f 790/790 516/516 518/518
f 516/516 790/790 792/792
f 792/792 794/794 516/516
f 516/516 794/794 796/796
f 796/796 798/798 516/516
f 516/516 798/798 800/800
f 800/800 802/802 516/516
f 516/516 802/802 804/804
f 804/804 806/806 516/516
f 516/516 806/806 808/808
f 808/808 810/810 516/516
f 516/516 810/810 812/812
f 812/812 814/814 516/516
f 516/516 814/814 816/816
f 816/816 818/818 516/516
f 516/516 818/818 820/820
f 820/820 822/822 516/516
f 514/514 516/516 822/822
f 822/822 1078/1078 514/514
f 1004/1004 1006/1006 114/114
f 114/114 1002/1002 1004/1004
f 1000/1000 1002/1002 114/114
f 114/114 998/998 1000/1000
f 458/458 480/480 482/482
f 482/482 484/484 458/458
f 444/444 446/446 448/448
f 448/448 450/450 444/444
f 444/444 450/450 452/452
f 452/452 428/428 444/444
f 938/938 940/940 942/942
f 942/942 944/944 938/938
f 458/458 484/484 486/486
f 486/486 1302/1302 458/458
f 978/978 992/992 994/994
f 994/994 1126/1126 978/978
f 1078/1078 1242/1242 1244/1244
f 1244/1244 514/514 1078/1078
f 996/996 998/998 114/114
f 994/994 996/996 1126/1126
f 976/976 978/978 1126/1126
f 1126/1126 974/974 976/976
f 972/972 974/974 1126/1126
f 1126/1126 970/970 972/972
f 968/968 970/970 1126/1126
f 1126/1126 966/966 968/968
f 964/964 966/966 1126/1126
f 1126/1126 962/962 964/964
f 960/960 962/962 1126/1126
f 1126/1126 958/958 960/960
f 956/956 958/958 1126/1126
f 1126/1126 954/954 956/956
f 952/952 954/954 1126/1126
f 1126/1126 950/950 952/952
f 948/948 950/950 1126/1126
f 1126/1126 946/946 948/948
f 944/944 946/946 1126/1126
f 1126/1126 938/938 944/944
f 936/936 938/938 1126/1126
f 1126/1126 934/934 936/936
f 932/932 934/934 1126/1126
f 1126/1126 930/930 932/932
f 928/928 930/930 1126/1126
f 1126/1126 926/926 928/928
f 924/924 926/926 1126/1126
f 1126/1126 922/922 924/924
f 920/920 922/922 1126/1126
f 1126/1126 918/918 920/920
f 916/916 918/918 1126/1126
f 1126/1126 906/906 916/916
f 430/430 432/432 434/434
f 434/434 436/436 430/430
f 430/430 436/436 438/438
f 438/438 440/440 430/430
f 428/428 430/430 440/440
f 440/440 442/442 428/428
f 428/428 442/442 444/444
f 428/428 452/452 454/454
f 454/454 426/426 428/428
f 424/424 426/426 454/454
f 454/454 456/456 424/424
f 422/422 424/424 456/456
f 456/456 420/420 422/422
f 418/418 420/420 456/456
f 456/456 416/416 418/418
f 400/400 402/402 404/404
f 404/404 406/406 400/400
f 398/398 400/400 406/406
f 406/406 408/408 398/398
f 398/398 408/408 410/410
f 410/410 396/396 398/398
f 394/394 396/396 410/410
f 410/410 412/412 394/394
f 414/414 416/416 456/456
f 456/456 412/412 414/414
f 878/878 880/880 906/906
f 906/906 1126/1126 878/878
f 1148/1148 1150/1150 1152/1152
f 1152/1152 1154/1154 1148/1148
f 1146/1146 1148/1148 1154/1154
f 1154/1154 1156/1156 1146/1146
f 1144/1144 1146/1146 1156/1156
f 1156/1156 1158/1158 1144/1144
f 164/164 382/382 384/384
f 384/384 386/386 164/164
f 392/392 394/394 412/412
f 412/412 390/390 392/392
f 1144/1144 1158/1158 1160/1160
f 1160/1160 856/856 1144/1144
f 912/912 914/914 916/916
f 916/916 910/910 912/912
f 908/908 910/910 916/916
f 916/916 906/906 908/908
f 1296/1296 1298/1298 1300/1300
f 1300/1300 1302/1302 1296/1296
f 1294/1294 1296/1296 1302/1302
f 1302/1302 486/486 1294/1294
f 1252/1252 1254/1254 1256/1256
f 1256/1256 514/514 1252/1252
f 878/878 1126/1126 1128/1128
f 1128/1128 1130/1130 878/878
f 878/878 1130/1130 1132/1132
f 1132/1132 1134/1134 878/878
f 878/878 1134/1134 1136/1136
f 1136/1136 1138/1138 878/878
f 856/856 878/878 1138/1138
f 1138/1138 1140/1140 856/856
f 856/856 1140/1140 1142/1142
f 1142/1142 1144/1144 856/856
f 856/856 1160/1160 1162/1162
f 1162/1162 1164/1164 856/856
f 856/856 1164/1164 1166/1166
f 1166/1166 1168/1168 856/856
f 856/856 1168/1168 1170/1170
f 1170/1170 1172/1172 856/856
f 856/856 1172/1172 1174/1174
f 1174/1174 1176/1176 856/856
f 856/856 1176/1176 1178/1178
f 1178/1178 1038/1038 856/856
f 824/824 1038/1038 1037/1037
f 1037/1037 1040/1040 824/824
f 824/824 1040/1040 1042/1042
f 1042/1042 1044/1044 824/824
f 824/824 1044/1044 1046/1046
f 1046/1046 1048/1048 824/824
f 824/824 1048/1048 1050/1050
f 1050/1050 1052/1052 824/824
f 824/824 1052/1052 1054/1054
f 1054/1054 1056/1056 824/824
f 824/824 1056/1056 1058/1058
f 1058/1058 1060/1060 824/824
f 824/824 1060/1060 1062/1062
f 1062/1062 1064/1064 824/824
f 822/822 824/824 1064/1064
f 1064/1064 1066/1066 822/822
f 822/822 1066/1066 1068/1068
f 1068/1068 1070/1070 822/822
f 822/822 1070/1070 1072/1072
f 1072/1072 1074/1074 822/822
f 822/822 1074/1074 1076/1076
f 1076/1076 1078/1078 822/822
f 514/514 1244/1244 1246/1246
f 1246/1246 1248/1248 514/514
f 514/514 1248/1248 1250/1250
f 1250/1250 1252/1252 514/514
f 514/514 1256/1256 1258/1258
f 1258/1258 1260/1260 514/514
f 514/514 1260/1260 1262/1262
f 1262/1262 1264/1264 514/514
f 514/514 1264/1264 1266/1266
f 1266/1266 1268/1268 514/514
f 514/514 1268/1268 1270/1270
f 1270/1270 1272/1272 514/514
f 512/512 514/514 1272/1272
f 1272/1272 1274/1274 512/512
f 512/512 1274/1274 1276/1276
f 1276/1276 1278/1278 512/512
f 512/512 1278/1278 1280/1280
f 1280/1280 1282/1282 512/512
f 486/486 512/512 1282/1282
f 1282/1282 1284/1284 486/486
f 486/486 1284/1284 1286/1286
f 1286/1286 1288/1288 486/486
f 486/486 1288/1288 1290/1290
f 1290/1290 1292/1292 486/486
f 486/486 1292/1292 1294/1294
f 458/458 1302/1302 1304/1304
f 1304/1304 1306/1306 458/458
f 458/458 1306/1306 1308/1308
f 1308/1308 1310/1310 458/458
f 458/458 1310/1310 1312/1312
f 1312/1312 1314/1314 458/458
f 458/458 1314/1314 1316/1316
f 1316/1316 1318/1318 458/458
f 456/456 458/458 1318/1318
f 390/390 412/412 456/456
f 456/456 388/388 390/390
f 164/164 386/386 388/388
f 388/388 456/456 164/164

