# https://github.com/mikedh/trimesh
v -137.64470000 63.17400000 -87.77660000
v -156.69530000 63.18450000 -87.77660000
v -156.69530000 63.18450000 -82.77660000
v -137.64470000 63.17400000 -82.77660000
v -156.27300000 62.62850000 -87.77660000
v -155.81910000 62.09910000 -87.77660000
v -155.33480000 61.59780000 -87.77660000
v -154.82180000 61.12580000 -87.77660000
v -154.42970000 60.80060000 -87.77660000
v -154.02350000 60.49240000 -87.77660000
v -153.60380000 60.20170000 -87.77660000
v -153.17110000 59.92910000 -87.77660000
v -152.72590000 59.67510000 -87.77660000
v -152.26890000 59.44040000 -87.77660000
v -151.80060000 59.22540000 -87.77660000
v -151.32150000 59.03070000 -87.77660000
v -150.83210000 58.85680000 -87.77660000
v -150.33300000 58.70430000 -87.77660000
v -149.82490000 58.57380000 -87.77660000
v -149.30810000 58.46580000 -87.77660000
v -148.78330000 58.38080000 -87.77660000
v -148.25100000 58.31950000 -87.77660000
v -147.71180000 58.28220000 -87.77660000
v -147.16620000 58.26970000 -87.77660000
v -146.43610000 58.29220000 -87.77660000
v -145.71790000 58.35870000 -87.77660000
v -145.01280000 58.46800000 -87.77660000
v -144.32210000 58.61860000 -87.77660000
v -143.64720000 58.80940000 -87.77660000
v -142.98950000 59.03890000 -87.77660000
v -142.35010000 59.30580000 -87.77660000
v -141.73060000 59.60890000 -87.77660000
v -141.13210000 59.94670000 -87.77660000
v -140.55610000 60.31800000 -87.77660000
v -140.00370000 60.72140000 -87.77660000
v -139.47650000 61.15560000 -87.77660000
v -138.97560000 61.61930000 -87.77660000
v -138.50250000 62.11110000 -87.77660000
v -138.05840000 62.62980000 -87.77660000
v -156.27300000 62.62850000 -82.77660000
v -155.81910000 62.09910000 -82.77660000
v -155.33480000 61.59780000 -82.77660000
v -154.82180000 61.12580000 -82.77660000
v -154.42970000 60.80060000 -82.77660000
v -154.02350000 60.49240000 -82.77660000
v -153.60380000 60.20170000 -82.77660000
v -153.17110000 59.92910000 -82.77660000
v -152.72590000 59.67510000 -82.77660000
v -152.26890000 59.44040000 -82.77660000
v -151.80060000 59.22540000 -82.77660000
v -151.32150000 59.03070000 -82.77660000
v -150.83210000 58.85680000 -82.77660000
v -150.33300000 58.70430000 -82.77660000
v -149.82490000 58.57380000 -82.77660000
v -149.30810000 58.46580000 -82.77660000
v -148.78330000 58.38080000 -82.77660000
v -148.25100000 58.31950000 -82.77660000
v -147.71180000 58.28220000 -82.77660000
v -147.16620000 58.26970000 -82.77660000
v -146.43610000 58.29220000 -82.77660000
v -145.71790000 58.35870000 -82.77660000
v -145.01280000 58.46800000 -82.77660000
v -144.32210000 58.61860000 -82.77660000
v -143.64720000 58.80940000 -82.77660000
v -142.98950000 59.03890000 -82.77660000
v -142.35010000 59.30580000 -82.77660000
v -141.73060000 59.60890000 -82.77660000
v -141.13210000 59.94670000 -82.77660000
v -140.55610000 60.31800000 -82.77660000
v -140.00370000 60.72140000 -82.77660000
v -139.47650000 61.15560000 -82.77660000
v -138.97560000 61.61930000 -82.77660000
v -138.50250000 62.11110000 -82.77660000
v -138.05840000 62.62980000 -82.77660000
v -134.46660000 69.96930000 -87.77660000
v -134.48310000 70.62230000 -87.77660000
v -134.48310000 70.62230000 -81.77660000
v -134.46660000 69.96930000 -81.77660000
v -134.53220000 71.26680000 -87.77660000
v -134.53220000 71.26680000 -81.77660000
v -134.61300000 71.90190000 -87.77660000
v -134.61300000 71.90190000 -81.77660000
v -134.72480000 72.52700000 -87.77660000
v -134.72480000 72.52700000 -81.77660000
v -134.86680000 73.14110000 -87.77660000
v -134.86680000 73.14110000 -81.77660000
v -135.03800000 73.74350000 -87.77660000
v -135.03800000 73.74350000 -81.77660000
v -135.23790000 74.33340000 -87.77660000
v -135.23790000 74.33340000 -81.77660000
v -135.46540000 74.91000000 -87.77660000
v -135.46540000 74.91000000 -81.77660000
v -135.72000000 75.47240000 -87.77660000
v -135.72000000 75.47240000 -81.77660000
v -136.00060000 76.02000000 -87.77660000
v -136.00060000 76.02000000 -81.77660000
v -136.30660000 76.55180000 -87.77660000
v -136.30660000 76.55180000 -81.77660000
v -136.63710000 77.06710000 -87.77660000
v -136.63710000 77.06710000 -81.77660000
v -136.99140000 77.56500000 -87.77660000
v -136.99140000 77.56500000 -81.77660000
v -137.36860000 78.04490000 -87.77660000
v -137.36860000 78.04490000 -81.77660000
v -137.76790000 78.50580000 -87.77660000
v -137.76790000 78.50580000 -81.77660000
v -138.18860000 78.94700000 -87.77660000
v -138.18860000 78.94700000 -81.77660000
v -138.18860000 60.99170000 -87.77660000
v -138.18860000 60.99170000 -81.77660000
v -137.76790000 61.43290000 -87.77660000
v -137.76790000 61.43290000 -81.77660000
v -137.36860000 61.89380000 -87.77660000
v -137.36860000 61.89380000 -81.77660000
v -136.99140000 62.37370000 -87.77660000
v -136.99140000 62.37370000 -81.77660000
v -136.63710000 62.87160000 -87.77660000
v -136.63710000 62.87160000 -81.77660000
v -136.30660000 63.38690000 -87.77660000
v -136.30660000 63.38690000 -81.77660000
v -136.00060000 63.91870000 -87.77660000
v -136.00060000 63.91870000 -81.77660000
v -135.72000000 64.46630000 -87.77660000
v -135.72000000 64.46630000 -81.77660000
v -135.46540000 65.02870000 -87.77660000
v -135.46540000 65.02870000 -81.77660000
v -135.23790000 65.60530000 -87.77660000
v -135.23790000 65.60530000 -81.77660000
v -135.03800000 66.19520000 -87.77660000
v -135.03800000 66.19520000 -81.77660000
v -134.86680000 66.79760000 -87.77660000
v -134.86680000 66.79760000 -81.77660000
v -134.72480000 67.41170000 -87.77660000
v -134.72480000 67.41170000 -81.77660000
v -134.61300000 68.03680000 -87.77660000
v -134.61300000 68.03680000 -81.77660000
v -134.53220000 68.67190000 -87.77660000
v -134.53220000 68.67190000 -81.77660000
v -134.48310000 69.31640000 -87.77660000
v -134.48310000 69.31640000 -81.77660000
v -138.62980000 79.36770000 -87.77660000
v -138.62980000 79.36770000 -81.77660000
v -139.09070000 79.76700000 -87.77660000
v -139.09070000 79.76700000 -81.77660000
v -139.57050000 80.14420000 -87.77660000
v -139.57050000 80.14420000 -81.77660000
v -140.06850000 80.49840000 -87.77660000
v -140.06850000 80.49840000 -81.77660000
v -140.58380000 80.82900000 -87.77660000
v -140.58380000 80.82900000 -81.77660000
v -141.11560000 81.13500000 -87.77660000
v -141.11560000 81.13500000 -81.77660000
v -141.66310000 81.41560000 -87.77660000
v -141.66310000 81.41560000 -81.77660000
v -142.22560000 81.67010000 -87.77660000
v -142.22560000 81.67010000 -81.77660000
v -142.80220000 81.89770000 -87.77660000
v -142.80220000 81.89770000 -81.77660000
v -143.39210000 82.09750000 -87.77660000
v -143.39210000 82.09750000 -81.77660000
v -143.99450000 82.26880000 -87.77660000
v -143.99450000 82.26880000 -81.77660000
v -144.60860000 82.41070000 -87.77660000
v -144.60860000 82.41070000 -81.77660000
v -145.23360000 82.52250000 -87.77660000
v -145.23360000 82.52250000 -81.77660000
v -145.86880000 82.60340000 -87.77660000
v -145.86880000 82.60340000 -81.77660000
v -146.51320000 82.65250000 -87.77660000
v -146.51320000 82.65250000 -81.77660000
v -147.16620000 82.66900000 -87.77660000
v -147.16620000 82.66900000 -81.77660000
v -147.81920000 82.65250000 -87.77660000
v -147.81920000 82.65250000 -81.77660000
v -148.46360000 82.60340000 -87.77660000
v -148.46360000 82.60340000 -81.77660000
v -149.09880000 82.52250000 -87.77660000
v -149.09880000 82.52250000 -81.77660000
v -149.72380000 82.41070000 -87.77660000
v -149.72380000 82.41070000 -81.77660000
v -150.33800000 82.26880000 -87.77660000
v -150.33800000 82.26880000 -81.77660000
v -150.94040000 82.09750000 -87.77660000
v -150.94040000 82.09750000 -81.77660000
v -151.53020000 81.89770000 -87.77660000
v -151.53020000 81.89770000 -81.77660000
v -152.10680000 81.67010000 -87.77660000
v -152.10680000 81.67010000 -81.77660000
v -152.66930000 81.41560000 -87.77660000
v -152.66930000 81.41560000 -81.77660000
v -153.21680000 81.13500000 -87.77660000
v -153.21680000 81.13500000 -81.77660000
v -153.74860000 80.82900000 -87.77660000
v -153.74860000 80.82900000 -81.77660000
v -154.26390000 80.49840000 -87.77660000
v -154.26390000 80.49840000 -81.77660000
v -154.76190000 80.14420000 -87.77660000
v -154.76190000 80.14420000 -81.77660000
v -155.24170000 79.76700000 -87.77660000
v -155.24170000 79.76700000 -81.77660000
v -155.70270000 79.36770000 -87.77660000
v -155.70270000 79.36760000 -81.77660000
v -156.14390000 78.94700000 -87.77660000
v -156.14390000 78.94700000 -81.77660000
v -156.56450000 78.50580000 -87.77660000
v -156.56450000 78.50580000 -81.77660000
v -156.96390000 78.04490000 -87.77660000
v -156.96390000 78.04490000 -81.77660000
v -157.34100000 77.56500000 -87.77660000
v -157.34100000 77.56500000 -81.77660000
v -157.69530000 77.06710000 -87.77660000
v -157.69530000 77.06710000 -81.77660000
v -158.02580000 76.55180000 -87.77660000
v -158.02580000 76.55180000 -81.77660000
v -158.33180000 76.02000000 -87.77660000
v -158.33180000 76.02000000 -81.77660000
v -158.61250000 75.47240000 -87.77660000
v -158.61250000 75.47240000 -81.77660000
v -158.86700000 74.91000000 -87.77660000
v -158.86700000 74.91000000 -81.77660000
v -159.09460000 74.33340000 -87.77660000
v -159.09460000 74.33340000 -81.77660000
v -159.29440000 73.74350000 -87.77660000
v -159.29440000 73.74350000 -81.77660000
v -159.46570000 73.14110000 -87.77660000
v -159.46570000 73.14110000 -81.77660000
v -159.60760000 72.52700000 -87.77660000
v -159.60760000 72.52700000 -81.77660000
v -159.71940000 71.90190000 -87.77660000
v -159.71940000 71.90190000 -81.77660000
v -159.80020000 71.26680000 -87.77660000
v -159.80020000 71.26680000 -81.77660000
v -159.84930000 70.62230000 -87.77660000
v -159.84930000 70.62230000 -81.77660000
v -159.86590000 69.96930000 -87.77660000
v -159.86590000 69.96930000 -81.77660000
v -159.84930000 69.31640000 -87.77660000
v -159.84930000 69.31640000 -81.77660000
v -159.80020000 68.67190000 -87.77660000
v -159.80020000 68.67190000 -81.77660000
v -159.71940000 68.03680000 -87.77660000
v -159.71940000 68.03680000 -81.77660000
v -159.60760000 67.41170000 -87.77660000
v -159.60760000 67.41170000 -81.77660000
v -159.46570000 66.79760000 -87.77660000
v -159.46570000 66.79760000 -81.77660000
v -159.29440000 66.19520000 -87.77660000
v -159.29440000 66.19520000 -81.77660000
v -159.09460000 65.60530000 -87.77660000
v -159.09460000 65.60530000 -81.77660000
v -158.86700000 65.02870000 -87.77660000
v -158.86700000 65.02870000 -81.77660000
v -158.61250000 64.46630000 -87.77660000
v -158.61250000 64.46630000 -81.77660000
v -158.33180000 63.91870000 -87.77660000
v -158.33180000 63.91870000 -81.77660000
v -158.02580000 63.38690000 -87.77660000
v -158.02580000 63.38690000 -81.77660000
v -157.69530000 62.87160000 -87.77660000
v -157.69530000 62.87160000 -81.77660000
v -157.34100000 62.37370000 -87.77660000
v -157.34100000 62.37360000 -81.77660000
v -156.96390000 61.89380000 -87.77660000
v -156.96390000 61.89380000 -81.77660000
v -156.56450000 61.43290000 -87.77660000
v -156.56450000 61.43290000 -81.77660000
v -156.14390000 60.99170000 -87.77660000
v -156.14390000 60.99170000 -81.77660000
v -155.70270000 60.57100000 -87.77660000
v -155.70270000 60.57100000 -81.77660000
v -155.24170000 60.17170000 -87.77660000
v -155.24170000 60.17170000 -81.77660000
v -154.76190000 59.79450000 -87.77660000
v -154.76190000 59.79450000 -81.77660000
v -154.26390000 59.44030000 -87.77660000
v -154.26390000 59.44030000 -81.77660000
v -153.74860000 59.10970000 -87.77660000
v -153.74860000 59.10970000 -81.77660000
v -153.21680000 58.80370000 -87.77660000
v -153.21680000 58.80370000 -81.77660000
v -152.66930000 58.52310000 -87.77660000
v -152.66930000 58.52310000 -81.77660000
v -152.10680000 58.26860000 -87.77660000
v -152.10680000 58.26860000 -81.77660000
v -151.53020000 58.04100000 -87.77660000
v -151.53020000 58.04100000 -81.77660000
v -150.94040000 57.84120000 -87.77660000
v -150.94040000 57.84120000 -81.77660000
v -150.33800000 57.66990000 -87.77660000
v -150.33800000 57.66990000 -81.77660000
v -149.72380000 57.52800000 -87.77660000
v -149.72380000 57.52800000 -81.77660000
v -149.09880000 57.41620000 -87.77660000
v -149.09880000 57.41620000 -81.77660000
v -148.46360000 57.33530000 -87.77660000
v -148.46360000 57.33530000 -81.77660000
v -147.81920000 57.28620000 -87.77660000
v -147.81920000 57.28620000 -81.77660000
v -147.16620000 57.26970000 -87.77660000
v -147.16620000 57.26970000 -81.77660000
v -146.51320000 57.28620000 -87.77660000
v -146.51320000 57.28620000 -81.77660000
v -145.86880000 57.33530000 -87.77660000
v -145.86880000 57.33530000 -81.77660000
v -145.23360000 57.41620000 -87.77660000
v -145.23360000 57.41620000 -81.77660000
v -144.60860000 57.52800000 -87.77660000
v -144.60860000 57.52800000 -81.77660000
v -143.99450000 57.66990000 -87.77660000
v -143.99450000 57.66990000 -81.77660000
v -143.39210000 57.84120000 -87.77660000
v -143.39210000 57.84120000 -81.77660000
v -142.80220000 58.04100000 -87.77660000
v -142.80220000 58.04100000 -81.77660000
v -142.22560000 58.26860000 -87.77660000
v -142.22560000 58.26860000 -81.77660000
v -141.66310000 58.52310000 -87.77660000
v -141.66310000 58.52310000 -81.77660000
v -141.11560000 58.80370000 -87.77660000
v -141.11560000 58.80370000 -81.77660000
v -140.58380000 59.10970000 -87.77660000
v -140.58380000 59.10970000 -81.77660000
v -140.06850000 59.44030000 -87.77660000
v -140.06850000 59.44030000 -81.77660000
v -139.57050000 59.79450000 -87.77660000
v -139.57050000 59.79450000 -81.77660000
v -139.09070000 60.17170000 -87.77660000
v -139.09070000 60.17170000 -81.77660000
v -138.62980000 60.57100000 -87.77660000
v -138.62980000 60.57100000 -81.77660000
v -135.52710000 68.77410000 -81.77660000
v -135.48180000 69.36780000 -81.77660000
v -135.60150000 68.18890000 -81.77660000
v -135.70450000 67.61310000 -81.77660000
v -135.83530000 67.04740000 -81.77660000
v -135.99310000 66.49240000 -81.77660000
v -136.17720000 65.94890000 -81.77660000
v -136.38680000 65.41780000 -81.77660000
v -136.62130000 64.89960000 -81.77660000
v -136.87980000 64.39520000 -81.77660000
v -137.16170000 63.90520000 -81.77660000
v -137.46620000 63.43050000 -81.77660000
v -137.79260000 62.97180000 -81.77660000
v -138.14010000 62.52970000 -81.77660000
v -138.50800000 62.10510000 -81.77660000
v -138.89550000 61.69860000 -81.77660000
v -139.30200000 61.31110000 -81.77660000
v -139.72660000 60.94320000 -81.77660000
v -140.16860000 60.59570000 -81.77660000
v -140.62740000 60.26940000 -81.77660000
v -141.10210000 59.96490000 -81.77660000
v -141.59210000 59.68300000 -81.77660000
v -142.09650000 59.42440000 -81.77660000
v -142.61460000 59.18990000 -81.77660000
v -143.14580000 58.98030000 -81.77660000
v -143.68930000 58.79620000 -81.77660000
v -144.24420000 58.63840000 -81.77660000
v -144.81000000 58.50760000 -81.77660000
v -145.38580000 58.40470000 -81.77660000
v -145.97100000 58.33020000 -81.77660000
v -146.56470000 58.28500000 -81.77660000
v -147.16620000 58.26970000 -81.77660000
v -147.76780000 58.28500000 -81.77660000
v -148.36150000 58.33020000 -81.77660000
v -148.94660000 58.40470000 -81.77660000
v -149.52240000 58.50760000 -81.77660000
v -150.08820000 58.63840000 -81.77660000
v -150.64320000 58.79620000 -81.77660000
v -151.18660000 58.98030000 -81.77660000
v -151.71780000 59.18990000 -81.77660000
v -152.23600000 59.42440000 -81.77660000
v -152.74040000 59.68300000 -81.77660000
v -153.23030000 59.96490000 -81.77660000
v -153.70500000 60.26940000 -81.77660000
v -154.16380000 60.59570000 -81.77660000
v -154.60590000 60.94320000 -81.77660000
v -155.03050000 61.31110000 -81.77660000
v -155.43690000 61.69860000 -81.77660000
v -155.82450000 62.10510000 -81.77660000
v -156.19230000 62.52970000 -81.77660000
v -156.53980000 62.97180000 -81.77660000
v -156.86620000 63.43050000 -81.77660000
v -157.17070000 63.90520000 -81.77660000
v -157.45260000 64.39520000 -81.77660000
v -157.71120000 64.89960000 -81.77660000
v -157.94560000 65.41780000 -81.77660000
v -158.15530000 65.94900000 -81.77660000
v -158.33940000 66.49240000 -81.77660000
v -158.49710000 67.04740000 -81.77660000
v -158.62790000 67.61310000 -81.77660000
v -158.73090000 68.18890000 -81.77660000
v -158.80540000 68.77410000 -81.77660000
v -158.85060000 69.36780000 -81.77660000
v -158.86580000 69.96930000 -81.77660000
v -158.85060000 70.57090000 -81.77660000
v -158.80540000 71.16460000 -81.77660000
v -158.73090000 71.74970000 -81.77660000
v -158.62790000 72.32560000 -81.77660000
v -158.49710000 72.89130000 -81.77660000
v -158.33940000 73.44630000 -81.77660000
v -158.15530000 73.98970000 -81.77660000
v -157.94560000 74.52090000 -81.77660000
v -157.71120000 75.03910000 -81.77660000
v -157.45260000 75.54350000 -81.77660000
v -157.17070000 76.03340000 -81.77660000
v -156.86620000 76.50820000 -81.77660000
v -156.53980000 76.96690000 -81.77660000
v -156.19230000 77.40900000 -81.77660000
v -155.82450000 77.83360000 -81.77660000
v -155.43690000 78.24010000 -81.77660000
v -155.03050000 78.62760000 -81.77660000
v -154.60590000 78.99550000 -81.77660000
v -154.16380000 79.34300000 -81.77660000
v -153.70500000 79.66930000 -81.77660000
v -153.23030000 79.97380000 -81.77660000
v -152.74040000 80.25570000 -81.77660000
v -152.23590000 80.51430000 -81.77660000
v -151.71780000 80.74870000 -81.77660000
v -151.18660000 80.95840000 -81.77660000
v -150.64320000 81.14250000 -81.77660000
v -150.08820000 81.30030000 -81.77660000
v -149.52240000 81.43100000 -81.77660000
v -148.94660000 81.53400000 -81.77660000
v -148.36150000 81.60850000 -81.77660000
v -147.76780000 81.65370000 -81.77660000
v -147.16620000 81.66900000 -81.77660000
v -146.56470000 81.65370000 -81.77660000
v -145.97090000 81.60850000 -81.77660000
v -145.38580000 81.53400000 -81.77660000
v -144.81000000 81.43100000 -81.77660000
v -144.24420000 81.30030000 -81.77660000
v -143.68930000 81.14250000 -81.77660000
v -143.14580000 80.95840000 -81.77660000
v -142.61460000 80.74870000 -81.77660000
v -142.09650000 80.51430000 -81.77660000
v -141.59210000 80.25570000 -81.77660000
v -141.10210000 79.97380000 -81.77660000
v -140.62740000 79.66930000 -81.77660000
v -140.16860000 79.34300000 -81.77660000
v -139.72660000 78.99550000 -81.77660000
v -139.30200000 78.62760000 -81.77660000
v -138.89550000 78.24010000 -81.77660000
v -138.50800000 77.83360000 -81.77660000
v -138.14010000 77.40900000 -81.77660000
v -137.79260000 76.96690000 -81.77660000
v -137.46620000 76.50820000 -81.77660000
v -137.16170000 76.03340000 -81.77660000
v -136.87980000 75.54350000 -81.77660000
v -136.62130000 75.03910000 -81.77660000
v -136.38680000 74.52090000 -81.77660000
v -136.17720000 73.98970000 -81.77660000
v -135.99310000 73.44630000 -81.77660000
v -135.83530000 72.89130000 -81.77660000
v -135.70450000 72.32560000 -81.77660000
v -135.60150000 71.74970000 -81.77660000
v -135.52710000 71.16460000 -81.77660000
v -135.48180000 70.57090000 -81.77660000
v -135.46660000 69.96930000 -81.77660000
v -135.48180000 69.36780000 -87.77660000
v -135.52710000 68.77410000 -87.77660000
v -135.60150000 68.18890000 -87.77660000
v -135.70450000 67.61310000 -87.77660000
v -135.83530000 67.04740000 -87.77660000
v -135.99310000 66.49240000 -87.77660000
v -136.17720000 65.94890000 -87.77660000
v -136.38680000 65.41780000 -87.77660000
v -136.62130000 64.89960000 -87.77660000
v -136.87980000 64.39520000 -87.77660000
v -137.16170000 63.90520000 -87.77660000
v -137.46620000 63.43050000 -87.77660000
v -137.79260000 62.97180000 -87.77660000
v -138.14010000 62.52970000 -87.77660000
v -138.50800000 62.10510000 -87.77660000
v -138.89550000 61.69860000 -87.77660000
v -139.30200000 61.31110000 -87.77660000
v -139.72660000 60.94320000 -87.77660000
v -140.16860000 60.59570000 -87.77660000
v -140.62740000 60.26940000 -87.77660000
v -141.10210000 59.96490000 -87.77660000
v -141.59210000 59.68300000 -87.77660000
v -142.09650000 59.42440000 -87.77660000
v -142.61460000 59.18990000 -87.77660000
v -143.14580000 58.98030000 -87.77660000
v -143.68930000 58.79620000 -87.77660000
v -144.24420000 58.63840000 -87.77660000
v -144.81000000 58.50760000 -87.77660000
v -145.38580000 58.40470000 -87.77660000
v -145.97100000 58.33020000 -87.77660000
v -146.56470000 58.28500000 -87.77660000
v -147.76780000 58.28500000 -87.77660000
v -148.36150000 58.33020000 -87.77660000
v -148.94660000 58.40470000 -87.77660000
v -149.52240000 58.50760000 -87.77660000
v -150.08820000 58.63840000 -87.77660000
v -150.64320000 58.79620000 -87.77660000
v -151.18660000 58.98030000 -87.77660000
v -151.71780000 59.18990000 -87.77660000
v -152.23600000 59.42440000 -87.77660000
v -152.74040000 59.68300000 -87.77660000
v -153.23030000 59.96490000 -87.77660000
v -153.70500000 60.26940000 -87.77660000
v -154.16380000 60.59570000 -87.77660000
v -154.60590000 60.94320000 -87.77660000
v -155.03050000 61.31110000 -87.77660000
v -155.43690000 61.69860000 -87.77660000
v -155.82450000 62.10510000 -87.77660000
v -156.19230000 62.52970000 -87.77660000
v -156.53980000 62.97180000 -87.77660000
v -156.86620000 63.43050000 -87.77660000
v -157.17070000 63.90520000 -87.77660000
v -157.45260000 64.39520000 -87.77660000
v -157.71120000 64.89960000 -87.77660000
v -157.94560000 65.41780000 -87.77660000
v -158.15530000 65.94900000 -87.77660000
v -158.33940000 66.49240000 -87.77660000
v -158.49710000 67.04740000 -87.77660000
v -158.62790000 67.61310000 -87.77660000
v -158.73090000 68.18890000 -87.77660000
v -158.80540000 68.77410000 -87.77660000
v -158.85060000 69.36780000 -87.77660000
v -158.86580000 69.96930000 -87.77660000
v -158.85060000 70.57090000 -87.77660000
v -158.80540000 71.16460000 -87.77660000
v -158.73090000 71.74970000 -87.77660000
v -158.62790000 72.32560000 -87.77660000
v -158.49710000 72.89130000 -87.77660000
v -158.33940000 73.44630000 -87.77660000
v -158.15530000 73.98970000 -87.77660000
v -157.94560000 74.52090000 -87.77660000
v -157.71120000 75.03910000 -87.77660000
v -157.45260000 75.54350000 -87.77660000
v -157.17070000 76.03340000 -87.77660000
v -156.86620000 76.50820000 -87.77660000
v -156.53980000 76.96690000 -87.77660000
v -156.19230000 77.40900000 -87.77660000
v -155.82450000 77.83360000 -87.77660000
v -155.43690000 78.24010000 -87.77660000
v -155.03050000 78.62760000 -87.77660000
v -154.60590000 78.99550000 -87.77660000
v -154.16380000 79.34300000 -87.77660000
v -153.70500000 79.66930000 -87.77660000
v -153.23030000 79.97380000 -87.77660000
v -152.74040000 80.25570000 -87.77660000
v -152.23590000 80.51430000 -87.77660000
v -151.71780000 80.74870000 -87.77660000
v -151.18660000 80.95840000 -87.77660000
v -150.64320000 81.14250000 -87.77660000
v -150.08820000 81.30030000 -87.77660000
v -149.52240000 81.43100000 -87.77660000
v -148.94660000 81.53400000 -87.77660000
v -148.36150000 81.60850000 -87.77660000
v -147.76780000 81.65370000 -87.77660000
v -147.16620000 81.66900000 -87.77660000
v -146.56470000 81.65370000 -87.77660000
v -145.97090000 81.60850000 -87.77660000
v -145.38580000 81.53400000 -87.77660000
v -144.81000000 81.43100000 -87.77660000
v -144.24420000 81.30030000 -87.77660000
v -143.68930000 81.14250000 -87.77660000
v -143.14580000 80.95840000 -87.77660000
v -142.61460000 80.74870000 -87.77660000
v -142.09650000 80.51430000 -87.77660000
v -141.59210000 80.25570000 -87.77660000
v -141.10210000 79.97380000 -87.77660000
v -140.62740000 79.66930000 -87.77660000
v -140.16860000 79.34300000 -87.77660000
v -139.72660000 78.99550000 -87.77660000
v -139.30200000 78.62760000 -87.77660000
v -138.89550000 78.24010000 -87.77660000
v -138.50800000 77.83360000 -87.77660000
v -138.14010000 77.40900000 -87.77660000
v -137.79260000 76.96690000 -87.77660000
v -137.46620000 76.50820000 -87.77660000
v -137.16170000 76.03340000 -87.77660000
v -136.87980000 75.54350000 -87.77660000
v -136.62130000 75.03910000 -87.77660000
v -136.38680000 74.52090000 -87.77660000
v -136.17720000 73.98970000 -87.77660000
v -135.99310000 73.44630000 -87.77660000
v -135.83530000 72.89130000 -87.77660000
v -135.70450000 72.32560000 -87.77660000
v -135.60150000 71.74970000 -87.77660000
v -135.52710000 71.16460000 -87.77660000
v -135.48180000 70.57090000 -87.77660000
v -135.46660000 69.96930000 -87.77660000
v -107.62200000 87.19880000 -87.77660000
v -107.63860000 87.85180000 -87.77660000
v -107.63860000 87.85180000 -81.77660000
v -107.62200000 87.19880000 -81.77660000
v -107.68770000 88.49620000 -87.77660000
v -107.68770000 88.49620000 -81.77660000
v -107.76850000 89.13140000 -87.77660000
v -107.76850000 89.13140000 -81.77660000
v -107.88030000 89.75640000 -87.77660000
v -107.88030000 89.75640000 -81.77660000
v -108.02220000 90.37060000 -87.77660000
v -108.02220000 90.37060000 -81.77660000
v -108.19350000 90.97300000 -87.77660000
v -108.19350000 90.97300000 -81.77660000
v -108.39340000 91.56290000 -87.77660000
v -108.39340000 91.56290000 -81.77660000
v -108.62090000 92.13940000 -87.77660000
v -108.62090000 92.13940000 -81.77660000
v -108.87540000 92.70190000 -87.77660000
v -108.87540000 92.70190000 -81.77660000
v -109.15610000 93.24940000 -87.77660000
v -109.15610000 93.24940000 -81.77660000
v -109.46210000 93.78130000 -87.77660000
v -109.46210000 93.78130000 -81.77660000
v -109.79260000 94.29650000 -87.77660000
v -109.79260000 94.29650000 -81.77660000
v -110.14690000 94.79450000 -87.77660000
v -110.14690000 94.79450000 -81.77660000
v -110.52410000 95.27440000 -87.77660000
v -110.52410000 95.27440000 -81.77660000
v -110.92340000 95.73530000 -87.77660000
v -110.92340000 95.73530000 -81.77660000
v -111.34410000 96.17650000 -87.77660000
v -111.34410000 96.17650000 -81.77660000
v -111.34410000 78.22120000 -87.77660000
v -111.34410000 78.22120000 -81.77660000
v -110.92340000 78.66240000 -87.77660000
v -110.92340000 78.66240000 -81.77660000
v -110.52410000 79.12330000 -87.77660000
v -110.52410000 79.12330000 -81.77660000
v -110.14690000 79.60310000 -87.77660000
v -110.14690000 79.60310000 -81.77660000
v -109.79260000 80.10110000 -87.77660000
v -109.79260000 80.10110000 -81.77660000
v -109.46210000 80.61640000 -87.77660000
v -109.46210000 80.61640000 -81.77660000
v -109.15610000 81.14820000 -87.77660000
v -109.15610000 81.14820000 -81.77660000
v -108.87540000 81.69580000 -87.77660000
v -108.87540000 81.69570000 -81.77660000
v -108.62090000 82.25820000 -87.77660000
v -108.62090000 82.25820000 -81.77660000
v -108.39340000 82.83480000 -87.77660000
v -108.39340000 82.83480000 -81.77660000
v -108.19350000 83.42470000 -87.77660000
v -108.19350000 83.42470000 -81.77660000
v -108.02220000 84.02710000 -87.77660000
v -108.02220000 84.02710000 -81.77660000
v -107.88030000 84.64120000 -87.77660000
v -107.88030000 84.64120000 -81.77660000
v -107.76850000 85.26630000 -87.77660000
v -107.76850000 85.26630000 -81.77660000
v -107.68770000 85.90140000 -87.77660000
v -107.68770000 85.90140000 -81.77660000
v -107.63860000 86.54590000 -87.77660000
v -107.63860000 86.54590000 -81.77660000
v -111.78520000 96.59710000 -87.77660000
v -111.78520000 96.59710000 -81.77660000
v -112.24620000 96.99650000 -87.77660000
v -112.24620000 96.99650000 -81.77660000
v -112.72600000 97.37370000 -87.77660000
v -112.72600000 97.37360000 -81.77660000
v -113.22400000 97.72790000 -87.77660000
v -113.22400000 97.72790000 -81.77660000
v -113.73930000 98.05840000 -87.77660000
v -113.73930000 98.05840000 -81.77660000
v -114.27110000 98.36440000 -87.77660000
v -114.27110000 98.36440000 -81.77660000
v -114.81860000 98.64510000 -87.77660000
v -114.81860000 98.64510000 -81.77660000
v -115.38110000 98.89960000 -87.77660000
v -115.38110000 98.89960000 -81.77660000
v -115.95770000 99.12720000 -87.77660000
v -115.95770000 99.12720000 -81.77660000
v -116.54760000 99.32700000 -87.77660000
v -116.54760000 99.32700000 -81.77660000
v -117.15000000 99.49830000 -87.77660000
v -117.15000000 99.49830000 -81.77660000
v -117.76410000 99.64020000 -87.77660000
v -117.76410000 99.64020000 -81.77660000
v -118.38910000 99.75200000 -87.77660000
v -118.38910000 99.75200000 -81.77660000
v -119.02430000 99.83290000 -87.77660000
v -119.02430000 99.83280000 -81.77660000
v -119.66870000 99.88190000 -87.77660000
v -119.66870000 99.88190000 -81.77660000
v -120.32170000 99.89850000 -87.77660000
v -120.32170000 99.89850000 -81.77660000
v -120.97470000 99.88190000 -87.77660000
v -120.97470000 99.88190000 -81.77660000
v -121.61910000 99.83290000 -87.77660000
v -121.61910000 99.83280000 -81.77660000
v -122.25430000 99.75200000 -87.77660000
v -122.25430000 99.75200000 -81.77660000
v -122.87930000 99.64020000 -87.77660000
v -122.87930000 99.64020000 -81.77660000
v -123.49340000 99.49830000 -87.77660000
v -123.49340000 99.49830000 -81.77660000
v -124.09580000 99.32700000 -87.77660000
v -124.09580000 99.32700000 -81.77660000
v -124.68570000 99.12720000 -87.77660000
v -124.68570000 99.12720000 -81.77660000
v -125.26230000 98.89960000 -87.77660000
v -125.26230000 98.89960000 -81.77660000
v -125.82480000 98.64510000 -87.77660000
v -125.82480000 98.64510000 -81.77660000
v -126.37230000 98.36440000 -87.77660000
v -126.37230000 98.36440000 -81.77660000
v -126.90410000 98.05840000 -87.77660000
v -126.90410000 98.05840000 -81.77660000
v -127.41940000 97.72790000 -87.77660000
v -127.41940000 97.72790000 -81.77660000
v -127.91740000 97.37360000 -87.77660000
v -127.91740000 97.37360000 -81.77660000
v -128.39720000 96.99650000 -87.77660000
v -128.39720000 96.99650000 -81.77660000
v -128.85820000 96.59710000 -87.77660000
v -128.85820000 96.59710000 -81.77660000
v -129.29930000 96.17650000 -87.77660000
v -129.29930000 96.17650000 -81.77660000
v -129.72000000 95.73530000 -87.77660000
v -129.72000000 95.73530000 -81.77660000
v -130.11930000 95.27440000 -87.77660000
v -130.11930000 95.27440000 -81.77660000
v -130.49650000 94.79450000 -87.77660000
v -130.49650000 94.79450000 -81.77660000
v -130.85080000 94.29650000 -87.77660000
v -130.85080000 94.29650000 -81.77660000
v -131.18130000 93.78130000 -87.77660000
v -131.18130000 93.78130000 -81.77660000
v -131.48730000 93.24940000 -87.77660000
v -131.48730000 93.24940000 -81.77660000
v -131.76800000 92.70190000 -87.77660000
v -131.76800000 92.70190000 -81.77660000
v -132.02250000 92.13940000 -87.77660000
v -132.02250000 92.13940000 -81.77660000
v -132.25000000 91.56290000 -87.77660000
v -132.25000000 91.56290000 -81.77660000
v -132.44990000 90.97300000 -87.77660000
v -132.44990000 90.97300000 -81.77660000
v -132.62120000 90.37060000 -87.77660000
v -132.62120000 90.37060000 -81.77660000
v -132.76310000 89.75640000 -87.77660000
v -132.76310000 89.75640000 -81.77660000
v -132.87490000 89.13140000 -87.77660000
v -132.87490000 89.13140000 -81.77660000
v -132.95570000 88.49620000 -87.77660000
v -132.95570000 88.49620000 -81.77660000
v -133.00480000 87.85180000 -87.77660000
v -133.00480000 87.85180000 -81.77660000
v -133.02140000 87.19880000 -87.77660000
v -133.02140000 87.19880000 -81.77660000
v -133.00480000 86.54590000 -87.77660000
v -133.00480000 86.54590000 -81.77660000
v -132.95570000 85.90140000 -87.77660000
v -132.95570000 85.90140000 -81.77660000
v -132.87490000 85.26630000 -87.77660000
v -132.87490000 85.26630000 -81.77660000
v -132.76310000 84.64120000 -87.77660000
v -132.76310000 84.64120000 -81.77660000
v -132.62120000 84.02710000 -87.77660000
v -132.62120000 84.02710000 -81.77660000
v -132.44990000 83.42470000 -87.77660000
v -132.44990000 83.42470000 -81.77660000
v -132.25000000 82.83480000 -87.77660000
v -132.25000000 82.83480000 -81.77660000
v -132.02250000 82.25820000 -87.77660000
v -132.02250000 82.25820000 -81.77660000
v -131.76800000 81.69570000 -87.77660000
v -131.76800000 81.69570000 -81.77660000
v -131.48730000 81.14820000 -87.77660000
v -131.48730000 81.14820000 -81.77660000
v -131.18130000 80.61640000 -87.77660000
v -131.18130000 80.61640000 -81.77660000
v -130.85080000 80.10110000 -87.77660000
v -130.85080000 80.10110000 -81.77660000
v -130.49650000 79.60310000 -87.77660000
v -130.49650000 79.60310000 -81.77660000
v -130.11930000 79.12330000 -87.77660000
v -130.11930000 79.12330000 -81.77660000
v -129.72000000 78.66240000 -87.77660000
v -129.72000000 78.66240000 -81.77660000
v -129.29930000 78.22120000 -87.77660000
v -129.29930000 78.22120000 -81.77660000
v -128.85820000 77.80050000 -87.77660000
v -128.85820000 77.80050000 -81.77660000
v -128.39720000 77.40120000 -87.77660000
v -128.39720000 77.40120000 -81.77660000
v -127.91740000 77.02400000 -87.77660000
v -127.91740000 77.02400000 -81.77660000
v -127.41940000 76.66970000 -87.77660000
v -127.41940000 76.66970000 -81.77660000
v -126.90410000 76.33920000 -87.77660000
v -126.90410000 76.33920000 -81.77660000
v -126.37230000 76.03320000 -87.77660000
v -126.37230000 76.03320000 -81.77660000
v -125.82480000 75.75260000 -87.77660000
v -125.82480000 75.75260000 -81.77660000
v -125.26230000 75.49800000 -87.77660000
v -125.26230000 75.49800000 -81.77660000
v -124.68570000 75.27050000 -87.77660000
v -124.68570000 75.27050000 -81.77660000
v -124.09580000 75.07060000 -87.77660000
v -124.09580000 75.07060000 -81.77660000
v -123.49340000 74.89940000 -87.77660000
v -123.49340000 74.89940000 -81.77660000
v -122.87930000 74.75740000 -87.77660000
v -122.87930000 74.75740000 -81.77660000
v -122.25430000 74.64560000 -87.77660000
v -122.25430000 74.64560000 -81.77660000
v -121.61910000 74.56480000 -87.77660000
v -121.61910000 74.56480000 -81.77660000
v -120.97470000 74.51570000 -87.77660000
v -120.97470000 74.51570000 -81.77660000
v -120.32170000 74.49920000 -87.77660000
v -120.32170000 74.49920000 -81.77660000
v -119.66870000 74.51570000 -87.77660000
v -119.66870000 74.51570000 -81.77660000
v -119.02430000 74.56480000 -87.77660000
v -119.02430000 74.56480000 -81.77660000
v -118.38910000 74.64560000 -87.77660000
v -118.38910000 74.64560000 -81.77660000
v -117.76410000 74.75740000 -87.77660000
v -117.76410000 74.75740000 -81.77660000
v -117.15000000 74.89940000 -87.77660000
v -117.15000000 74.89940000 -81.77660000
v -116.54760000 75.07060000 -87.77660000
v -116.54760000 75.07060000 -81.77660000
v -115.95770000 75.27050000 -87.77660000
v -115.95770000 75.27050000 -81.77660000
v -115.38110000 75.49800000 -87.77660000
v -115.38110000 75.49800000 -81.77660000
v -114.81860000 75.75260000 -87.77660000
v -114.81860000 75.75260000 -81.77660000
v -114.27110000 76.03320000 -87.77660000
v -114.27110000 76.03320000 -81.77660000
v -113.73930000 76.33920000 -87.77660000
v -113.73930000 76.33920000 -81.77660000
v -113.22400000 76.66970000 -87.77660000
v -113.22400000 76.66970000 -81.77660000
v -112.72600000 77.02400000 -87.77660000
v -112.72600000 77.02400000 -81.77660000
v -112.24620000 77.40120000 -87.77660000
v -112.24620000 77.40120000 -81.77660000
v -111.78520000 77.80050000 -87.77660000
v -111.78520000 77.80050000 -81.77660000
v -108.68250000 86.00360000 -81.77660000
v -108.63730000 86.59730000 -81.77660000
v -108.75700000 85.41840000 -81.77660000
v -108.86000000 84.84260000 -81.77660000
v -108.99080000 84.27680000 -81.77660000
v -109.14860000 83.72190000 -81.77660000
v -109.33260000 83.17840000 -81.77660000
v -109.54230000 82.64720000 -81.77660000
v -109.77680000 82.12910000 -81.77660000
v -110.03530000 81.62470000 -81.77660000
v -110.31720000 81.13470000 -81.77660000
v -110.62170000 80.66000000 -81.77660000
v -110.94810000 80.20120000 -81.77660000
v -111.29560000 79.75920000 -81.77660000
v -111.66350000 79.33460000 -81.77660000
v -112.05100000 78.92810000 -81.77660000
v -112.45740000 78.54060000 -81.77660000
v -112.88210000 78.17270000 -81.77660000
v -113.32410000 77.82520000 -81.77660000
v -113.78290000 77.49880000 -81.77660000
v -114.25760000 77.19430000 -81.77660000
v -114.74750000 76.91240000 -81.77660000
v -115.25200000 76.65390000 -81.77660000
v -115.77010000 76.41940000 -81.77660000
v -116.30130000 76.20980000 -81.77660000
v -116.84470000 76.02570000 -81.77660000
v -117.39970000 75.86790000 -81.77660000
v -117.96550000 75.73710000 -81.77660000
v -118.54130000 75.63410000 -81.77660000
v -119.12640000 75.55970000 -81.77660000
v -119.72020000 75.51440000 -81.77660000
v -120.32170000 75.49920000 -81.77660000
v -120.92330000 75.51440000 -81.77660000
v -121.51700000 75.55970000 -81.77660000
v -122.10210000 75.63410000 -81.77660000
v -122.67790000 75.73710000 -81.77660000
v -123.24370000 75.86790000 -81.77660000
v -123.79870000 76.02570000 -81.77660000
v -124.34210000 76.20980000 -81.77660000
v -124.87330000 76.41940000 -81.77660000
v -125.39140000 76.65390000 -81.77660000
v -125.89590000 76.91240000 -81.77660000
v -126.38580000 77.19430000 -81.77660000
v -126.86050000 77.49880000 -81.77660000
v -127.31930000 77.82520000 -81.77660000
v -127.76130000 78.17270000 -81.77660000
v -128.18600000 78.54060000 -81.77660000
v -128.59240000 78.92810000 -81.77660000
v -128.97990000 79.33460000 -81.77660000
v -129.34780000 79.75920000 -81.77660000
v -129.69530000 80.20120000 -81.77660000
v -130.02170000 80.66000000 -81.77660000
v -130.32620000 81.13470000 -81.77660000
v -130.60810000 81.62470000 -81.77660000
v -130.86660000 82.12910000 -81.77660000
v -131.10110000 82.64720000 -81.77660000
v -131.31070000 83.17840000 -81.77660000
v -131.49480000 83.72190000 -81.77660000
v -131.65260000 84.27680000 -81.77660000
v -131.78340000 84.84260000 -81.77660000
v -131.88640000 85.41840000 -81.77660000
v -131.96090000 86.00360000 -81.77660000
v -132.00610000 86.59730000 -81.77660000
v -132.02130000 87.19880000 -81.77660000
v -132.00610000 87.80040000 -81.77660000
v -131.96090000 88.39410000 -81.77660000
v -131.88640000 88.97920000 -81.77660000
v -131.78340000 89.55500000 -81.77660000
v -131.65260000 90.12080000 -81.77660000
v -131.49480000 90.67580000 -81.77660000
v -131.31070000 91.21920000 -81.77660000
v -131.10110000 91.75040000 -81.77660000
v -130.86660000 92.26860000 -81.77660000
v -130.60810000 92.77300000 -81.77660000
v -130.32620000 93.26290000 -81.77660000
v -130.02170000 93.73760000 -81.77660000
v -129.69530000 94.19640000 -81.77660000
v -129.34780000 94.63850000 -81.77660000
v -128.97990000 95.06310000 -81.77660000
v -128.59240000 95.46950000 -81.77660000
v -128.18600000 95.85710000 -81.77660000
v -127.76130000 96.22490000 -81.77660000
v -127.31930000 96.57240000 -81.77660000
v -126.86050000 96.89880000 -81.77660000
v -126.38580000 97.20330000 -81.77660000
v -125.89590000 97.48520000 -81.77660000
v -125.39140000 97.74380000 -81.77660000
v -124.87330000 97.97820000 -81.77660000
v -124.34210000 98.18790000 -81.77660000
v -123.79870000 98.37200000 -81.77660000
v -123.24370000 98.52980000 -81.77660000
v -122.67790000 98.66050000 -81.77660000
v -122.10210000 98.76350000 -81.77660000
v -121.51700000 98.83800000 -81.77660000
v -120.92320000 98.88320000 -81.77660000
v -120.32170000 98.89850000 -81.77660000
v -119.72010000 98.88320000 -81.77660000
v -119.12640000 98.83800000 -81.77660000
v -118.54130000 98.76350000 -81.77660000
v -117.96550000 98.66050000 -81.77660000
v -117.39970000 98.52980000 -81.77660000
v -116.84470000 98.37200000 -81.77660000
v -116.30130000 98.18790000 -81.77660000
v -115.77010000 97.97820000 -81.77660000
v -115.25200000 97.74380000 -81.77660000
v -114.74750000 97.48520000 -81.77660000
v -114.25760000 97.20330000 -81.77660000
v -113.78290000 96.89880000 -81.77660000
v -113.32410000 96.57240000 -81.77660000
v -112.88210000 96.22490000 -81.77660000
v -112.45740000 95.85710000 -81.77660000
v -112.05100000 95.46950000 -81.77660000
v -111.66350000 95.06310000 -81.77660000
v -111.29560000 94.63850000 -81.77660000
v -110.94810000 94.19640000 -81.77660000
v -110.62170000 93.73760000 -81.77660000
v -110.31720000 93.26290000 -81.77660000
v -110.03530000 92.77300000 -81.77660000
v -109.77680000 92.26860000 -81.77660000
v -109.54230000 91.75040000 -81.77660000
v -109.33260000 91.21920000 -81.77660000
v -109.14860000 90.67580000 -81.77660000
v -108.99080000 90.12080000 -81.77660000
v -108.86000000 89.55500000 -81.77660000
v -108.75700000 88.97920000 -81.77660000
v -108.68250000 88.39410000 -81.77660000
v -108.63730000 87.80040000 -81.77660000
v -108.62210000 87.19880000 -81.77660000
v -108.63730000 86.59730000 -87.77660000
v -108.68250000 86.00360000 -87.77660000
v -108.75700000 85.41840000 -87.77660000
v -108.86000000 84.84260000 -87.77660000
v -108.99080000 84.27680000 -87.77660000
v -109.14860000 83.72190000 -87.77660000
v -109.33260000 83.17840000 -87.77660000
v -109.54230000 82.64720000 -87.77660000
v -109.77680000 82.12910000 -87.77660000
v -110.03530000 81.62470000 -87.77660000
v -110.31720000 81.13470000 -87.77660000
v -110.62170000 80.66000000 -87.77660000
v -110.94810000 80.20120000 -87.77660000
v -111.29560000 79.75920000 -87.77660000
v -111.66350000 79.33460000 -87.77660000
v -112.05100000 78.92810000 -87.77660000
v -112.45740000 78.54060000 -87.77660000
v -112.88210000 78.17270000 -87.77660000
v -113.32410000 77.82520000 -87.77660000
v -113.78290000 77.49880000 -87.77660000
v -114.25760000 77.19430000 -87.77660000
v -114.74750000 76.91240000 -87.77660000
v -115.25200000 76.65390000 -87.77660000
v -115.77010000 76.41940000 -87.77660000
v -116.30130000 76.20980000 -87.77660000
v -116.84470000 76.02570000 -87.77660000
v -117.39970000 75.86790000 -87.77660000
v -117.96550000 75.73710000 -87.77660000
v -118.54130000 75.63410000 -87.77660000
v -119.12640000 75.55970000 -87.77660000
v -119.72020000 75.51440000 -87.77660000
v -120.32170000 75.49920000 -87.77660000
v -120.92330000 75.51440000 -87.77660000
v -121.51700000 75.55970000 -87.77660000
v -122.10210000 75.63410000 -87.77660000
v -122.67790000 75.73710000 -87.77660000
v -123.24370000 75.86790000 -87.77660000
v -123.79870000 76.02570000 -87.77660000
v -124.34210000 76.20980000 -87.77660000
v -124.87330000 76.41940000 -87.77660000
v -125.39140000 76.65390000 -87.77660000
v -125.89590000 76.91240000 -87.77660000
v -126.38580000 77.19430000 -87.77660000
v -126.86050000 77.49880000 -87.77660000
v -127.31930000 77.82520000 -87.77660000
v -127.76130000 78.17270000 -87.77660000
v -128.18600000 78.54060000 -87.77660000
v -128.59240000 78.92810000 -87.77660000
v -128.97990000 79.33460000 -87.77660000
v -129.34780000 79.75920000 -87.77660000
v -129.69530000 80.20120000 -87.77660000
v -130.02170000 80.66000000 -87.77660000
v -130.32620000 81.13470000 -87.77660000
v -130.60810000 81.62470000 -87.77660000
v -130.86660000 82.12910000 -87.77660000
v -131.10110000 82.64720000 -87.77660000
v -131.31070000 83.17840000 -87.77660000
v -131.49480000 83.72190000 -87.77660000
v -131.65260000 84.27680000 -87.77660000
v -131.78340000 84.84260000 -87.77660000
v -131.88640000 85.41840000 -87.77660000
v -131.96090000 86.00360000 -87.77660000
v -132.00610000 86.59730000 -87.77660000
v -132.02130000 87.19880000 -87.77660000
v -132.00610000 87.80040000 -87.77660000
v -131.96090000 88.39410000 -87.77660000
v -131.88640000 88.97920000 -87.77660000
v -131.78340000 89.55500000 -87.77660000
v -131.65260000 90.12080000 -87.77660000
v -131.49480000 90.67580000 -87.77660000
v -131.31070000 91.21920000 -87.77660000
v -131.10110000 91.75040000 -87.77660000
v -130.86660000 92.26860000 -87.77660000
v -130.60810000 92.77300000 -87.77660000
v -130.32620000 93.26290000 -87.77660000
v -130.02170000 93.73760000 -87.77660000
v -129.69530000 94.19640000 -87.77660000
v -129.34780000 94.63850000 -87.77660000
v -128.97990000 95.06310000 -87.77660000
v -128.59240000 95.46950000 -87.77660000
v -128.18600000 95.85710000 -87.77660000
v -127.76130000 96.22500000 -87.77660000
v -127.31930000 96.57240000 -87.77660000
v -126.86050000 96.89880000 -87.77660000
v -126.38580000 97.20330000 -87.77660000
v -125.89590000 97.48520000 -87.77660000
v -125.39140000 97.74380000 -87.77660000
v -124.87330000 97.97820000 -87.77660000
v -124.34210000 98.18790000 -87.77660000
v -123.79870000 98.37200000 -87.77660000
v -123.24370000 98.52980000 -87.77660000
v -122.67790000 98.66050000 -87.77660000
v -122.10210000 98.76350000 -87.77660000
v -121.51700000 98.83800000 -87.77660000
v -120.92320000 98.88320000 -87.77660000
v -120.32170000 98.89850000 -87.77660000
v -119.72010000 98.88320000 -87.77660000
v -119.12640000 98.83800000 -87.77660000
v -118.54130000 98.76350000 -87.77660000
v -117.96550000 98.66050000 -87.77660000
v -117.39970000 98.52980000 -87.77660000
v -116.84470000 98.37200000 -87.77660000
v -116.30130000 98.18790000 -87.77660000
v -115.77010000 97.97820000 -87.77660000
v -115.25200000 97.74380000 -87.77660000
v -114.74750000 97.48520000 -87.77660000
v -114.25760000 97.20330000 -87.77660000
v -113.78290000 96.89880000 -87.77660000
v -113.32410000 96.57240000 -87.77660000
v -112.88210000 96.22490000 -87.77660000
v -112.45740000 95.85710000 -87.77660000
v -112.05100000 95.46950000 -87.77660000
v -111.66350000 95.06310000 -87.77660000
v -111.29560000 94.63850000 -87.77660000
v -110.94810000 94.19640000 -87.77660000
v -110.62170000 93.73760000 -87.77660000
v -110.31720000 93.26290000 -87.77660000
v -110.03530000 92.77300000 -87.77660000
v -109.77680000 92.26860000 -87.77660000
v -109.54230000 91.75040000 -87.77660000
v -109.33260000 91.21920000 -87.77660000
v -109.14860000 90.67580000 -87.77660000
v -108.99080000 90.12080000 -87.77660000
v -108.86000000 89.55500000 -87.77660000
v -108.75700000 88.97920000 -87.77660000
v -108.68250000 88.39410000 -87.77660000
v -108.63730000 87.80040000 -87.77660000
v -108.62210000 87.19880000 -87.77660000
v -110.80020000 80.40340000 -87.77660000
v -129.85080000 80.41400000 -87.77660000
v -129.85080000 80.41400000 -82.77660000
v -110.80020000 80.40340000 -82.77660000
v -129.42850000 79.85800000 -87.77660000
v -128.97450000 79.32860000 -87.77660000
v -128.49030000 78.82730000 -87.77660000
v -127.97730000 78.35530000 -87.77660000
v -127.58520000 78.03010000 -87.77660000
v -127.17900000 77.72180000 -87.77660000
v -126.75930000 77.43110000 -87.77660000
v -126.32660000 77.15850000 -87.77660000
v -125.88140000 76.90460000 -87.77660000
v -125.42440000 76.66980000 -87.77660000
v -124.95610000 76.45480000 -87.77660000
v -124.47690000 76.26010000 -87.77660000
v -123.98760000 76.08630000 -87.77660000
v -123.48850000 75.93380000 -87.77660000
v -122.98040000 75.80330000 -87.77660000
v -122.46360000 75.69530000 -87.77660000
v -121.93880000 75.61030000 -87.77660000
v -121.40650000 75.54890000 -87.77660000
v -120.86730000 75.51170000 -87.77660000
v -119.59160000 75.52170000 -87.77660000
v -118.87340000 75.58820000 -87.77660000
v -118.16820000 75.69740000 -87.77660000
v -117.47760000 75.84810000 -87.77660000
v -116.80270000 76.03890000 -87.77660000
v -116.14490000 76.26840000 -87.77660000
v -115.50560000 76.53530000 -87.77660000
v -114.88610000 76.83830000 -87.77660000
v -114.28760000 77.17620000 -87.77660000
v -113.71150000 77.54740000 -87.77660000
v -113.15920000 77.95080000 -87.77660000
v -112.63200000 78.38500000 -87.77660000
v -112.13110000 78.84870000 -87.77660000
v -111.65800000 79.34060000 -87.77660000
v -111.21390000 79.85930000 -87.77660000
v -129.42850000 79.85800000 -82.77660000
v -128.97450000 79.32860000 -82.77660000
v -128.49030000 78.82730000 -82.77660000
v -127.97730000 78.35530000 -82.77660000
v -127.58520000 78.03010000 -82.77660000
v -127.17900000 77.72180000 -82.77660000
v -126.75930000 77.43110000 -82.77660000
v -126.32660000 77.15850000 -82.77660000
v -125.88140000 76.90460000 -82.77660000
v -125.42440000 76.66980000 -82.77660000
v -124.95610000 76.45480000 -82.77660000
v -124.47690000 76.26010000 -82.77660000
v -123.98760000 76.08630000 -82.77660000
v -123.48850000 75.93380000 -82.77660000
v -122.98040000 75.80330000 -82.77660000
v -122.46360000 75.69530000 -82.77660000
v -121.93880000 75.61030000 -82.77660000
v -121.40650000 75.54890000 -82.77660000
v -120.86730000 75.51170000 -82.77660000
v -120.32170000 75.49920000 -82.77660000
v -119.59160000 75.52170000 -82.77660000
v -118.87340000 75.58820000 -82.77660000
v -118.16820000 75.69740000 -82.77660000
v -117.47760000 75.84810000 -82.77660000
v -116.80270000 76.03890000 -82.77660000
v -116.14490000 76.26840000 -82.77660000
v -115.50560000 76.53530000 -82.77660000
v -114.88610000 76.83830000 -82.77660000
v -114.28760000 77.17620000 -82.77660000
v -113.71150000 77.54740000 -82.77660000
v -113.15920000 77.95080000 -82.77660000
v -112.63200000 78.38500000 -82.77660000
v -112.13110000 78.84870000 -82.77660000
v -111.65800000 79.34060000 -82.77660000
v -111.21390000 79.85930000 -82.77660000
v -81.75120000 69.96930000 -87.77660000
v -81.76780000 70.62230000 -87.77660000
v -81.76780000 70.62230000 -81.77660000
v -81.75120000 69.96930000 -81.77660000
v -81.81690000 71.26680000 -87.77660000
v -81.81690000 71.26680000 -81.77660000
v -81.89770000 71.90190000 -87.77660000
v -81.89770000 71.90190000 -81.77660000
v -82.00950000 72.52700000 -87.77660000
v -82.00950000 72.52700000 -81.77660000
v -82.15140000 73.14110000 -87.77660000
v -82.15140000 73.14110000 -81.77660000
v -82.32270000 73.74350000 -87.77660000
v -82.32270000 73.74350000 -81.77660000
v -82.52260000 74.33340000 -87.77660000
v -82.52260000 74.33340000 -81.77660000
v -82.75010000 74.91000000 -87.77660000
v -82.75010000 74.91000000 -81.77660000
v -83.00460000 75.47240000 -87.77660000
v -83.00460000 75.47240000 -81.77660000
v -83.28530000 76.02000000 -87.77660000
v -83.28530000 76.02000000 -81.77660000
v -83.59130000 76.55180000 -87.77660000
v -83.59130000 76.55180000 -81.77660000
v -83.92180000 77.06710000 -87.77660000
v -83.92180000 77.06710000 -81.77660000
v -84.27610000 77.56500000 -87.77660000
v -84.27610000 77.56500000 -81.77660000
v -84.65330000 78.04490000 -87.77660000
v -84.65330000 78.04490000 -81.77660000
v -85.05260000 78.50580000 -87.77660000
v -85.05260000 78.50580000 -81.77660000
v -85.47330000 78.94700000 -87.77660000
v -85.47330000 78.94700000 -81.77660000
v -85.47330000 60.99170000 -87.77660000
v -85.47330000 60.99170000 -81.77660000
v -85.05260000 61.43290000 -87.77660000
v -85.05260000 61.43290000 -81.77660000
v -84.65330000 61.89380000 -87.77660000
v -84.65330000 61.89380000 -81.77660000
v -84.27610000 62.37370000 -87.77660000
v -84.27610000 62.37370000 -81.77660000
v -83.92180000 62.87160000 -87.77660000
v -83.92180000 62.87160000 -81.77660000
v -83.59130000 63.38690000 -87.77660000
v -83.59130000 63.38690000 -81.77660000
v -83.28530000 63.91870000 -87.77660000
v -83.28530000 63.91870000 -81.77660000
v -83.00460000 64.46630000 -87.77660000
v -83.00460000 64.46630000 -81.77660000
v -82.75010000 65.02870000 -87.77660000
v -82.75010000 65.02870000 -81.77660000
v -82.52260000 65.60530000 -87.77660000
v -82.52260000 65.60530000 -81.77660000
v -82.32270000 66.19520000 -87.77660000
v -82.32270000 66.19520000 -81.77660000
v -82.15140000 66.79760000 -87.77660000
v -82.15140000 66.79760000 -81.77660000
v -82.00950000 67.41170000 -87.77660000
v -82.00950000 67.41170000 -81.77660000
v -81.89770000 68.03680000 -87.77660000
v -81.89770000 68.03680000 -81.77660000
v -81.81690000 68.67190000 -87.77660000
v -81.81690000 68.67190000 -81.77660000
v -81.76780000 69.31640000 -87.77660000
v -81.76780000 69.31640000 -81.77660000
v -85.91440000 79.36770000 -87.77660000
v -85.91440000 79.36770000 -81.77660000
v -86.37540000 79.76700000 -87.77660000
v -86.37540000 79.76700000 -81.77660000
v -86.85520000 80.14420000 -87.77660000
v -86.85520000 80.14420000 -81.77660000
v -87.35320000 80.49840000 -87.77660000
v -87.35320000 80.49840000 -81.77660000
v -87.86850000 80.82900000 -87.77660000
v -87.86850000 80.82900000 -81.77660000
v -88.40030000 81.13500000 -87.77660000
v -88.40030000 81.13500000 -81.77660000
v -88.94780000 81.41560000 -87.77660000
v -88.94780000 81.41560000 -81.77660000
v -89.51030000 81.67010000 -87.77660000
v -89.51030000 81.67010000 -81.77660000
v -90.08690000 81.89770000 -87.77660000
v -90.08690000 81.89770000 -81.77660000
v -90.67680000 82.09750000 -87.77660000
v -90.67680000 82.09750000 -81.77660000
v -91.27920000 82.26880000 -87.77660000
v -91.27920000 82.26880000 -81.77660000
v -91.89330000 82.41070000 -87.77660000
v -91.89330000 82.41070000 -81.77660000
v -92.51830000 82.52250000 -87.77660000
v -92.51830000 82.52250000 -81.77660000
v -93.15350000 82.60340000 -87.77660000
v -93.15350000 82.60340000 -81.77660000
v -93.79790000 82.65250000 -87.77660000
v -93.79790000 82.65250000 -81.77660000
v -94.45090000 82.66900000 -87.77660000
v -94.45090000 82.66900000 -81.77660000
v -95.10390000 82.65250000 -87.77660000
v -95.10390000 82.65250000 -81.77660000
v -95.74830000 82.60340000 -87.77660000
v -95.74830000 82.60340000 -81.77660000
v -96.38350000 82.52250000 -87.77660000
v -96.38350000 82.52250000 -81.77660000
v -97.00850000 82.41070000 -87.77660000
v -97.00850000 82.41070000 -81.77660000
v -97.62260000 82.26880000 -87.77660000
v -97.62260000 82.26880000 -81.77660000
v -98.22500000 82.09750000 -87.77660000
v -98.22500000 82.09750000 -81.77660000
v -98.81490000 81.89770000 -87.77660000
v -98.81490000 81.89770000 -81.77660000
v -99.39150000 81.67010000 -87.77660000
v -99.39150000 81.67010000 -81.77660000
v -99.95400000 81.41560000 -87.77660000
v -99.95400000 81.41560000 -81.77660000
v -100.50150000 81.13500000 -87.77660000
v -100.50150000 81.13500000 -81.77660000
v -101.03330000 80.82900000 -87.77660000
v -101.03330000 80.82900000 -81.77660000
v -101.54860000 80.49840000 -87.77660000
v -101.54860000 80.49840000 -81.77660000
v -102.04660000 80.14420000 -87.77660000
v -102.04660000 80.14420000 -81.77660000
v -102.52640000 79.76700000 -87.77660000
v -102.52640000 79.76700000 -81.77660000
v -102.98740000 79.36770000 -87.77660000
v -102.98740000 79.36760000 -81.77660000
v -103.42850000 78.94700000 -87.77660000
v -103.42850000 78.94700000 -81.77660000
v -103.84920000 78.50580000 -87.77660000
v -103.84920000 78.50580000 -81.77660000
v -104.24850000 78.04490000 -87.77660000
v -104.24850000 78.04490000 -81.77660000
v -104.62570000 77.56500000 -87.77660000
v -104.62570000 77.56500000 -81.77660000
v -104.98000000 77.06710000 -87.77660000
v -104.98000000 77.06710000 -81.77660000
v -105.31050000 76.55180000 -87.77660000
v -105.31050000 76.55180000 -81.77660000
v -105.61650000 76.02000000 -87.77660000
v -105.61650000 76.02000000 -81.77660000
v -105.89720000 75.47240000 -87.77660000
v -105.89720000 75.47240000 -81.77660000
v -106.15170000 74.91000000 -87.77660000
v -106.15170000 74.91000000 -81.77660000
v -106.37920000 74.33340000 -87.77660000
v -106.37920000 74.33340000 -81.77660000
v -106.57910000 73.74350000 -87.77660000
v -106.57910000 73.74350000 -81.77660000
v -106.75040000 73.14110000 -87.77660000
v -106.75040000 73.14110000 -81.77660000
v -106.89230000 72.52700000 -87.77660000
v -106.89230000 72.52700000 -81.77660000
v -107.00410000 71.90190000 -87.77660000
v -107.00410000 71.90190000 -81.77660000
v -107.08490000 71.26680000 -87.77660000
v -107.08490000 71.26680000 -81.77660000
v -107.13400000 70.62230000 -87.77660000
v -107.13400000 70.62230000 -81.77660000
v -107.15060000 69.96930000 -87.77660000
v -107.15060000 69.96930000 -81.77660000
v -107.13400000 69.31640000 -87.77660000
v -107.13400000 69.31640000 -81.77660000
v -107.08490000 68.67190000 -87.77660000
v -107.08490000 68.67190000 -81.77660000
v -107.00410000 68.03680000 -87.77660000
v -107.00410000 68.03680000 -81.77660000
v -106.89230000 67.41170000 -87.77660000
v -106.89230000 67.41170000 -81.77660000
v -106.75040000 66.79760000 -87.77660000
v -106.75040000 66.79760000 -81.77660000
v -106.57910000 66.19520000 -87.77660000
v -106.57910000 66.19520000 -81.77660000
v -106.37920000 65.60530000 -87.77660000
v -106.37920000 65.60530000 -81.77660000
v -106.15170000 65.02870000 -87.77660000
v -106.15170000 65.02870000 -81.77660000
v -105.89720000 64.46630000 -87.77660000
v -105.89720000 64.46630000 -81.77660000
v -105.61650000 63.91870000 -87.77660000
v -105.61650000 63.91870000 -81.77660000
v -105.31050000 63.38690000 -87.77660000
v -105.31050000 63.38690000 -81.77660000
v -104.98000000 62.87160000 -87.77660000
v -104.98000000 62.87160000 -81.77660000
v -104.62570000 62.37370000 -87.77660000
v -104.62570000 62.37360000 -81.77660000
v -104.24850000 61.89380000 -87.77660000
v -104.24850000 61.89380000 -81.77660000
v -103.84920000 61.43290000 -87.77660000
v -103.84920000 61.43290000 -81.77660000
v -103.42850000 60.99170000 -87.77660000
v -103.42850000 60.99170000 -81.77660000
v -102.98740000 60.57100000 -87.77660000
v -102.98740000 60.57100000 -81.77660000
v -102.52640000 60.17170000 -87.77660000
v -102.52640000 60.17170000 -81.77660000
v -102.04660000 59.79450000 -87.77660000
v -102.04660000 59.79450000 -81.77660000
v -101.54860000 59.44030000 -87.77660000
v -101.54860000 59.44030000 -81.77660000
v -101.03330000 59.10970000 -87.77660000
v -101.03330000 59.10970000 -81.77660000
v -100.50150000 58.80370000 -87.77660000
v -100.50150000 58.80370000 -81.77660000
v -99.95400000 58.52310000 -87.77660000
v -99.95400000 58.52310000 -81.77660000
v -99.39150000 58.26860000 -87.77660000
v -99.39150000 58.26860000 -81.77660000
v -98.81490000 58.04100000 -87.77660000
v -98.81490000 58.04100000 -81.77660000
v -98.22500000 57.84120000 -87.77660000
v -98.22500000 57.84120000 -81.77660000
v -97.62260000 57.66990000 -87.77660000
v -97.62260000 57.66990000 -81.77660000
v -97.00850000 57.52800000 -87.77660000
v -97.00850000 57.52800000 -81.77660000
v -96.38350000 57.41620000 -87.77660000
v -96.38350000 57.41620000 -81.77660000
v -95.74830000 57.33530000 -87.77660000
v -95.74830000 57.33530000 -81.77660000
v -95.10390000 57.28620000 -87.77660000
v -95.10390000 57.28620000 -81.77660000
v -94.45090000 57.26970000 -87.77660000
v -94.45090000 57.26970000 -81.77660000
v -93.79790000 57.28620000 -87.77660000
v -93.79790000 57.28620000 -81.77660000
v -93.15350000 57.33530000 -87.77660000
v -93.15350000 57.33530000 -81.77660000
v -92.51830000 57.41620000 -87.77660000
v -92.51830000 57.41620000 -81.77660000
v -91.89330000 57.52800000 -87.77660000
v -91.89330000 57.52800000 -81.77660000
v -91.27920000 57.66990000 -87.77660000
v -91.27920000 57.66990000 -81.77660000
v -90.67680000 57.84120000 -87.77660000
v -90.67680000 57.84120000 -81.77660000
v -90.08690000 58.04100000 -87.77660000
v -90.08690000 58.04100000 -81.77660000
v -89.51030000 58.26860000 -87.77660000
v -89.51030000 58.26860000 -81.77660000
v -88.94780000 58.52310000 -87.77660000
v -88.94780000 58.52310000 -81.77660000
v -88.40030000 58.80370000 -87.77660000
v -88.40030000 58.80370000 -81.77660000
v -87.86850000 59.10970000 -87.77660000
v -87.86850000 59.10970000 -81.77660000
v -87.35320000 59.44030000 -87.77660000
v -87.35320000 59.44030000 -81.77660000
v -86.85520000 59.79450000 -87.77660000
v -86.85520000 59.79450000 -81.77660000
v -86.37540000 60.17170000 -87.77660000
v -86.37540000 60.17170000 -81.77660000
v -85.91440000 60.57100000 -87.77660000
v -85.91440000 60.57100000 -81.77660000
v -82.81170000 68.77410000 -81.77660000
v -82.76650000 69.36780000 -81.77660000
v -82.88620000 68.18890000 -81.77660000
v -82.98920000 67.61310000 -81.77660000
v -83.12000000 67.04740000 -81.77660000
v -83.27780000 66.49240000 -81.77660000
v -83.46180000 65.94890000 -81.77660000
v -83.67150000 65.41780000 -81.77660000
v -83.90600000 64.89960000 -81.77660000
v -84.16450000 64.39520000 -81.77660000
v -84.44640000 63.90520000 -81.77660000
v -84.75090000 63.43050000 -81.77660000
v -85.07730000 62.97180000 -81.77660000
v -85.42480000 62.52970000 -81.77660000
v -85.79270000 62.10510000 -81.77660000
v -86.18020000 61.69860000 -81.77660000
v -86.58660000 61.31110000 -81.77660000
v -87.01130000 60.94320000 -81.77660000
v -87.45330000 60.59570000 -81.77660000
v -87.91210000 60.26940000 -81.77660000
v -88.38680000 59.96490000 -81.77660000
v -88.87670000 59.68300000 -81.77660000
v -89.38120000 59.42440000 -81.77660000
v -89.89930000 59.18990000 -81.77660000
v -90.43050000 58.98030000 -81.77660000
v -90.97390000 58.79620000 -81.77660000
v -91.52890000 58.63840000 -81.77660000
v -92.09470000 58.50760000 -81.77660000
v -92.67050000 58.40470000 -81.77660000
v -93.25560000 58.33020000 -81.77660000
v -93.84930000 58.28500000 -81.77660000
v -94.45090000 58.26970000 -81.77660000
v -95.05250000 58.28500000 -81.77660000
v -95.64620000 58.33020000 -81.77660000
v -96.23130000 58.40470000 -81.77660000
v -96.80710000 58.50760000 -81.77660000
v -97.37290000 58.63840000 -81.77660000
v -97.92790000 58.79620000 -81.77660000
v -98.47130000 58.98030000 -81.77660000
v -99.00250000 59.18990000 -81.77660000
v -99.52060000 59.42440000 -81.77660000
v -100.02510000 59.68300000 -81.77660000
v -100.51500000 59.96490000 -81.77660000
v -100.98970000 60.26940000 -81.77660000
v -101.44850000 60.59570000 -81.77660000
v -101.89050000 60.94320000 -81.77660000
v -102.31520000 61.31110000 -81.77660000
v -102.72160000 61.69860000 -81.77660000
v -103.10910000 62.10510000 -81.77660000
v -103.47700000 62.52970000 -81.77660000
v -103.82450000 62.97180000 -81.77660000
v -104.15090000 63.43050000 -81.77660000
v -104.45540000 63.90520000 -81.77660000
v -104.73730000 64.39520000 -81.77660000
v -104.99580000 64.89960000 -81.77660000
v -105.23030000 65.41780000 -81.77660000
v -105.43990000 65.94900000 -81.77660000
v -105.62400000 66.49240000 -81.77660000
v -105.78180000 67.04740000 -81.77660000
v -105.91260000 67.61310000 -81.77660000
v -106.01560000 68.18890000 -81.77660000
v -106.09010000 68.77410000 -81.77660000
v -106.13530000 69.36780000 -81.77660000
v -106.15050000 69.96930000 -81.77660000
v -106.13530000 70.57090000 -81.77660000
v -106.09010000 71.16460000 -81.77660000
v -106.01560000 71.74970000 -81.77660000
v -105.91260000 72.32560000 -81.77660000
v -105.78180000 72.89130000 -81.77660000
v -105.62400000 73.44630000 -81.77660000
v -105.43990000 73.98970000 -81.77660000
v -105.23030000 74.52090000 -81.77660000
v -104.99580000 75.03910000 -81.77660000
v -104.73730000 75.54350000 -81.77660000
v -104.45540000 76.03340000 -81.77660000
v -104.15090000 76.50820000 -81.77660000
v -103.82450000 76.96690000 -81.77660000
v -103.47700000 77.40900000 -81.77660000
v -103.10910000 77.83360000 -81.77660000
v -102.72160000 78.24010000 -81.77660000
v -102.31520000 78.62760000 -81.77660000
v -101.89050000 78.99550000 -81.77660000
v -101.44850000 79.34300000 -81.77660000
v -100.98970000 79.66930000 -81.77660000
v -100.51500000 79.97380000 -81.77660000
v -100.02510000 80.25570000 -81.77660000
v -99.52060000 80.51430000 -81.77660000
v -99.00250000 80.74870000 -81.77660000
v -98.47130000 80.95840000 -81.77660000
v -97.92780000 81.14250000 -81.77660000
v -97.37290000 81.30030000 -81.77660000
v -96.80710000 81.43100000 -81.77660000
v -96.23130000 81.53400000 -81.77660000
v -95.64620000 81.60850000 -81.77660000
v -95.05240000 81.65370000 -81.77660000
v -94.45090000 81.66900000 -81.77660000
v -93.84930000 81.65370000 -81.77660000
v -93.25560000 81.60850000 -81.77660000
v -92.67050000 81.53400000 -81.77660000
v -92.09470000 81.43100000 -81.77660000
v -91.52890000 81.30030000 -81.77660000
v -90.97390000 81.14250000 -81.77660000
v -90.43050000 80.95840000 -81.77660000
v -89.89930000 80.74870000 -81.77660000
v -89.38120000 80.51430000 -81.77660000
v -88.87670000 80.25570000 -81.77660000
v -88.38680000 79.97380000 -81.77660000
v -87.91210000 79.66930000 -81.77660000
v -87.45330000 79.34300000 -81.77660000
v -87.01130000 78.99550000 -81.77660000
v -86.58660000 78.62760000 -81.77660000
v -86.18020000 78.24010000 -81.77660000
v -85.79270000 77.83360000 -81.77660000
v -85.42480000 77.40900000 -81.77660000
v -85.07730000 76.96690000 -81.77660000
v -84.75090000 76.50820000 -81.77660000
v -84.44640000 76.03340000 -81.77660000
v -84.16450000 75.54350000 -81.77660000
v -83.90600000 75.03910000 -81.77660000
v -83.67150000 74.52090000 -81.77660000
v -83.46180000 73.98970000 -81.77660000
v -83.27780000 73.44630000 -81.77660000
v -83.12000000 72.89130000 -81.77660000
v -82.98920000 72.32560000 -81.77660000
v -82.88620000 71.74970000 -81.77660000
v -82.81170000 71.16460000 -81.77660000
v -82.76650000 70.57090000 -81.77660000
v -82.75130000 69.96930000 -81.77660000
v -82.76650000 69.36780000 -87.77660000
v -82.81170000 68.77410000 -87.77660000
v -82.88620000 68.18890000 -87.77660000
v -82.98920000 67.61310000 -87.77660000
v -83.12000000 67.04740000 -87.77660000
v -83.27780000 66.49240000 -87.77660000
v -83.46180000 65.94890000 -87.77660000
v -83.67150000 65.41780000 -87.77660000
v -83.90600000 64.89960000 -87.77660000
v -84.16450000 64.39520000 -87.77660000
v -84.44640000 63.90520000 -87.77660000
v -84.75090000 63.43050000 -87.77660000
v -85.07730000 62.97180000 -87.77660000
v -85.42480000 62.52970000 -87.77660000
v -85.79270000 62.10510000 -87.77660000
v -86.18020000 61.69860000 -87.77660000
v -86.58660000 61.31110000 -87.77660000
v -87.01130000 60.94320000 -87.77660000
v -87.45330000 60.59570000 -87.77660000
v -87.91210000 60.26940000 -87.77660000
v -88.38680000 59.96490000 -87.77660000
v -88.87670000 59.68300000 -87.77660000
v -89.38120000 59.42440000 -87.77660000
v -89.89930000 59.18990000 -87.77660000
v -90.43050000 58.98030000 -87.77660000
v -90.97390000 58.79620000 -87.77660000
v -91.52890000 58.63840000 -87.77660000
v -92.09470000 58.50760000 -87.77660000
v -92.67050000 58.40470000 -87.77660000
v -93.25560000 58.33020000 -87.77660000
v -93.84930000 58.28500000 -87.77660000
v -94.45090000 58.26970000 -87.77660000
v -95.05250000 58.28500000 -87.77660000
v -95.64620000 58.33020000 -87.77660000
v -96.23130000 58.40470000 -87.77660000
v -96.80710000 58.50760000 -87.77660000
v -97.37290000 58.63840000 -87.77660000
v -97.92790000 58.79620000 -87.77660000
v -98.47130000 58.98030000 -87.77660000
v -99.00250000 59.18990000 -87.77660000
v -99.52060000 59.42440000 -87.77660000
v -100.02510000 59.68300000 -87.77660000
v -100.51500000 59.96490000 -87.77660000
v -100.98970000 60.26940000 -87.77660000
v -101.44850000 60.59570000 -87.77660000
v -101.89050000 60.94320000 -87.77660000
v -102.31520000 61.31110000 -87.77660000
v -102.72160000 61.69860000 -87.77660000
v -103.10910000 62.10510000 -87.77660000
v -103.47700000 62.52970000 -87.77660000
v -103.82450000 62.97180000 -87.77660000
v -104.15090000 63.43050000 -87.77660000
v -104.45540000 63.90520000 -87.77660000
v -104.73730000 64.39520000 -87.77660000
v -104.99580000 64.89960000 -87.77660000
v -105.23030000 65.41780000 -87.77660000
v -105.43990000 65.94900000 -87.77660000
v -105.62400000 66.49240000 -87.77660000
v -105.78180000 67.04740000 -87.77660000
v -105.91260000 67.61310000 -87.77660000
v -106.01560000 68.18890000 -87.77660000
v -106.09010000 68.77410000 -87.77660000
v -106.13530000 69.36780000 -87.77660000
v -106.15050000 69.96930000 -87.77660000
v -106.13530000 70.57090000 -87.77660000
v -106.09010000 71.16460000 -87.77660000
v -106.01560000 71.74970000 -87.77660000
v -105.91260000 72.32560000 -87.77660000
v -105.78180000 72.89130000 -87.77660000
v -105.62400000 73.44630000 -87.77660000
v -105.43990000 73.98970000 -87.77660000
v -105.23030000 74.52090000 -87.77660000
v -104.99580000 75.03910000 -87.77660000
v -104.73730000 75.54350000 -87.77660000
v -104.45540000 76.03340000 -87.77660000
v -104.15090000 76.50820000 -87.77660000
v -103.82450000 76.96690000 -87.77660000
v -103.47700000 77.40900000 -87.77660000
v -103.10910000 77.83360000 -87.77660000
v -102.72160000 78.24010000 -87.77660000
v -102.31520000 78.62760000 -87.77660000
v -101.89050000 78.99550000 -87.77660000
v -101.44850000 79.34300000 -87.77660000
v -100.98970000 79.66930000 -87.77660000
v -100.51500000 79.97380000 -87.77660000
v -100.02510000 80.25570000 -87.77660000
v -99.52060000 80.51430000 -87.77660000
v -99.00250000 80.74870000 -87.77660000
v -98.47130000 80.95840000 -87.77660000
v -97.92780000 81.14250000 -87.77660000
v -97.37290000 81.30030000 -87.77660000
v -96.80710000 81.43100000 -87.77660000
v -96.23130000 81.53400000 -87.77660000
v -95.64620000 81.60850000 -87.77660000
v -95.05240000 81.65370000 -87.77660000
v -94.45090000 81.66900000 -87.77660000
v -93.84930000 81.65370000 -87.77660000
v -93.25560000 81.60850000 -87.77660000
v -92.67050000 81.53400000 -87.77660000
v -92.09470000 81.43100000 -87.77660000
v -91.52890000 81.30030000 -87.77660000
v -90.97390000 81.14250000 -87.77660000
v -90.43050000 80.95840000 -87.77660000
v -89.89930000 80.74870000 -87.77660000
v -89.38120000 80.51430000 -87.77660000
v -88.87670000 80.25570000 -87.77660000
v -88.38680000 79.97380000 -87.77660000
v -87.91210000 79.66930000 -87.77660000
v -87.45330000 79.34300000 -87.77660000
v -87.01130000 78.99550000 -87.77660000
v -86.58660000 78.62760000 -87.77660000
v -86.18020000 78.24010000 -87.77660000
v -85.79270000 77.83360000 -87.77660000
v -85.42480000 77.40900000 -87.77660000
v -85.07730000 76.96690000 -87.77660000
v -84.75090000 76.50820000 -87.77660000
v -84.44640000 76.03340000 -87.77660000
v -84.16450000 75.54350000 -87.77660000
v -83.90600000 75.03910000 -87.77660000
v -83.67150000 74.52090000 -87.77660000
v -83.46180000 73.98970000 -87.77660000
v -83.27780000 73.44630000 -87.77660000
v -83.12000000 72.89130000 -87.77660000
v -82.98920000 72.32560000 -87.77660000
v -82.88620000 71.74970000 -87.77660000
v -82.81170000 71.16460000 -87.77660000
v -82.76650000 70.57090000 -87.77660000
v -82.75130000 69.96930000 -87.77660000
v -84.92940000 63.17400000 -87.77660000
v -103.98000000 63.18450000 -87.77660000
v -103.98000000 63.18450000 -82.77660000
v -84.92940000 63.17400000 -82.77660000
v -103.55770000 62.62850000 -87.77660000
v -103.10370000 62.09910000 -87.77660000
v -102.61950000 61.59780000 -87.77660000
v -102.10650000 61.12580000 -87.77660000
v -101.71430000 60.80060000 -87.77660000
v -101.30820000 60.49240000 -87.77660000
v -100.88850000 60.20170000 -87.77660000
v -100.45580000 59.92910000 -87.77660000
v -100.01060000 59.67510000 -87.77660000
v -99.55360000 59.44040000 -87.77660000
v -99.08530000 59.22540000 -87.77660000
v -98.60610000 59.03070000 -87.77660000
v -98.11680000 58.85680000 -87.77660000
v -97.61770000 58.70430000 -87.77660000
v -97.10960000 58.57380000 -87.77660000
v -96.59280000 58.46580000 -87.77660000
v -96.06800000 58.38080000 -87.77660000
v -95.53570000 58.31950000 -87.77660000
v -94.99650000 58.28220000 -87.77660000
v -93.72080000 58.29220000 -87.77660000
v -93.00260000 58.35870000 -87.77660000
v -92.29740000 58.46800000 -87.77660000
v -91.60680000 58.61860000 -87.77660000
v -90.93190000 58.80940000 -87.77660000
v -90.27410000 59.03890000 -87.77660000
v -89.63480000 59.30580000 -87.77660000
v -89.01530000 59.60890000 -87.77660000
v -88.41680000 59.94670000 -87.77660000
v -87.84070000 60.31800000 -87.77660000
v -87.28840000 60.72140000 -87.77660000
v -86.76120000 61.15560000 -87.77660000
v -86.26030000 61.61930000 -87.77660000
v -85.78720000 62.11110000 -87.77660000
v -85.34310000 62.62980000 -87.77660000
v -103.55770000 62.62850000 -82.77660000
v -103.10370000 62.09910000 -82.77660000
v -102.61950000 61.59780000 -82.77660000
v -102.10650000 61.12580000 -82.77660000
v -101.71430000 60.80060000 -82.77660000
v -101.30820000 60.49240000 -82.77660000
v -100.88850000 60.20170000 -82.77660000
v -100.45580000 59.92910000 -82.77660000
v -100.01060000 59.67510000 -82.77660000
v -99.55360000 59.44040000 -82.77660000
v -99.08530000 59.22540000 -82.77660000
v -98.60610000 59.03070000 -82.77660000
v -98.11680000 58.85680000 -82.77660000
v -97.61770000 58.70430000 -82.77660000
v -97.10960000 58.57380000 -82.77660000
v -96.59280000 58.46580000 -82.77660000
v -96.06800000 58.38080000 -82.77660000
v -95.53570000 58.31950000 -82.77660000
v -94.99650000 58.28220000 -82.77660000
v -94.45090000 58.26970000 -82.77660000
v -93.72080000 58.29220000 -82.77660000
v -93.00260000 58.35870000 -82.77660000
v -92.29740000 58.46800000 -82.77660000
v -91.60680000 58.61860000 -82.77660000
v -90.93190000 58.80940000 -82.77660000
v -90.27410000 59.03890000 -82.77660000
v -89.63480000 59.30580000 -82.77660000
v -89.01530000 59.60890000 -82.77660000
v -88.41680000 59.94670000 -82.77660000
v -87.84070000 60.31800000 -82.77660000
v -87.28840000 60.72140000 -82.77660000
v -86.76120000 61.15560000 -82.77660000
v -86.26030000 61.61930000 -82.77660000
v -85.78720000 62.11110000 -82.77660000
v -85.34310000 62.62980000 -82.77660000
v -54.90670000 87.19880000 -87.77660000
v -54.92330000 87.85180000 -87.77660000
v -54.92330000 87.85180000 -81.77660000
v -54.90670000 87.19880000 -81.77660000
v -54.97240000 88.49620000 -87.77660000
v -54.97240000 88.49620000 -81.77660000
v -55.05320000 89.13140000 -87.77660000
v -55.05320000 89.13140000 -81.77660000
v -55.16500000 89.75640000 -87.77660000
v -55.16500000 89.75640000 -81.77660000
v -55.30690000 90.37060000 -87.77660000
v -55.30690000 90.37060000 -81.77660000
v -55.47820000 90.97300000 -87.77660000
v -55.47820000 90.97300000 -81.77660000
v -55.67800000 91.56290000 -87.77660000
v -55.67800000 91.56290000 -81.77660000
v -55.90560000 92.13940000 -87.77660000
v -55.90560000 92.13940000 -81.77660000
v -56.16010000 92.70190000 -87.77660000
v -56.16010000 92.70190000 -81.77660000
v -56.44080000 93.24940000 -87.77660000
v -56.44080000 93.24940000 -81.77660000
v -56.74680000 93.78130000 -87.77660000
v -56.74680000 93.78130000 -81.77660000
v -57.07730000 94.29650000 -87.77660000
v -57.07730000 94.29650000 -81.77660000
v -57.43160000 94.79450000 -87.77660000
v -57.43160000 94.79450000 -81.77660000
v -57.80880000 95.27440000 -87.77660000
v -57.80880000 95.27440000 -81.77660000
v -58.20810000 95.73530000 -87.77660000
v -58.20810000 95.73530000 -81.77660000
v -58.62870000 96.17650000 -87.77660000
v -58.62870000 96.17650000 -81.77660000
v -58.62870000 78.22120000 -87.77660000
v -58.62870000 78.22120000 -81.77660000
v -58.20810000 78.66240000 -87.77660000
v -58.20810000 78.66240000 -81.77660000
v -57.80880000 79.12330000 -87.77660000
v -57.80880000 79.12330000 -81.77660000
v -57.43160000 79.60310000 -87.77660000
v -57.43160000 79.60310000 -81.77660000
v -57.07730000 80.10110000 -87.77660000
v -57.07730000 80.10110000 -81.77660000
v -56.74680000 80.61640000 -87.77660000
v -56.74680000 80.61640000 -81.77660000
v -56.44080000 81.14820000 -87.77660000
v -56.44080000 81.14820000 -81.77660000
v -56.16010000 81.69580000 -87.77660000
v -56.16010000 81.69570000 -81.77660000
v -55.90560000 82.25820000 -87.77660000
v -55.90560000 82.25820000 -81.77660000
v -55.67800000 82.83480000 -87.77660000
v -55.67800000 82.83480000 -81.77660000
v -55.47820000 83.42470000 -87.77660000
v -55.47820000 83.42470000 -81.77660000
v -55.30690000 84.02710000 -87.77660000
v -55.30690000 84.02710000 -81.77660000
v -55.16500000 84.64120000 -87.77660000
v -55.16500000 84.64120000 -81.77660000
v -55.05320000 85.26630000 -87.77660000
v -55.05320000 85.26630000 -81.77660000
v -54.97240000 85.90140000 -87.77660000
v -54.97240000 85.90140000 -81.77660000
v -54.92330000 86.54590000 -87.77660000
v -54.92330000 86.54590000 -81.77660000
v -59.06990000 96.59710000 -87.77660000
v -59.06990000 96.59710000 -81.77660000
v -59.53080000 96.99650000 -87.77660000
v -59.53080000 96.99650000 -81.77660000
v -60.01070000 97.37370000 -87.77660000
v -60.01070000 97.37360000 -81.77660000
v -60.50870000 97.72790000 -87.77660000
v -60.50870000 97.72790000 -81.77660000
v -61.02400000 98.05840000 -87.77660000
v -61.02400000 98.05840000 -81.77660000
v -61.55580000 98.36440000 -87.77660000
v -61.55580000 98.36440000 -81.77660000
v -62.10330000 98.64510000 -87.77660000
v -62.10330000 98.64510000 -81.77660000
v -62.66580000 98.89960000 -87.77660000
v -62.66580000 98.89960000 -81.77660000
v -63.24240000 99.12720000 -87.77660000
v -63.24240000 99.12720000 -81.77660000
v -63.83220000 99.32700000 -87.77660000
v -63.83220000 99.32700000 -81.77660000
v -64.43470000 99.49830000 -87.77660000
v -64.43470000 99.49830000 -81.77660000
v -65.04880000 99.64020000 -87.77660000
v -65.04880000 99.64020000 -81.77660000
v -65.67380000 99.75200000 -87.77660000
v -65.67380000 99.75200000 -81.77660000
v -66.30900000 99.83290000 -87.77660000
v -66.30900000 99.83280000 -81.77660000
v -66.95340000 99.88190000 -87.77660000
v -66.95340000 99.88190000 -81.77660000
v -67.60640000 99.89850000 -87.77660000
v -67.60640000 99.89850000 -81.77660000
v -68.25940000 99.88190000 -87.77660000
v -68.25940000 99.88190000 -81.77660000
v -68.90380000 99.83290000 -87.77660000
v -68.90380000 99.83280000 -81.77660000
v -69.53900000 99.75200000 -87.77660000
v -69.53900000 99.75200000 -81.77660000
v -70.16400000 99.64020000 -87.77660000
v -70.16400000 99.64020000 -81.77660000
v -70.77810000 99.49830000 -87.77660000
v -70.77810000 99.49830000 -81.77660000
v -71.38050000 99.32700000 -87.77660000
v -71.38050000 99.32700000 -81.77660000
v -71.97040000 99.12720000 -87.77660000
v -71.97040000 99.12720000 -81.77660000
v -72.54700000 98.89960000 -87.77660000
v -72.54700000 98.89960000 -81.77660000
v -73.10950000 98.64510000 -87.77660000
v -73.10950000 98.64510000 -81.77660000
v -73.65700000 98.36440000 -87.77660000
v -73.65700000 98.36440000 -81.77660000
v -74.18880000 98.05840000 -87.77660000
v -74.18880000 98.05840000 -81.77660000
v -74.70410000 97.72790000 -87.77660000
v -74.70410000 97.72790000 -81.77660000
v -75.20210000 97.37360000 -87.77660000
v -75.20210000 97.37360000 -81.77660000
v -75.68190000 96.99650000 -87.77660000
v -75.68190000 96.99650000 -81.77660000
v -76.14280000 96.59710000 -87.77660000
v -76.14280000 96.59710000 -81.77660000
v -76.58400000 96.17650000 -87.77660000
v -76.58400000 96.17650000 -81.77660000
v -77.00470000 95.73530000 -87.77660000
v -77.00470000 95.73530000 -81.77660000
v -77.40400000 95.27440000 -87.77660000
v -77.40400000 95.27440000 -81.77660000
v -77.78120000 94.79450000 -87.77660000
v -77.78120000 94.79450000 -81.77660000
v -78.13550000 94.29650000 -87.77660000
v -78.13550000 94.29650000 -81.77660000
v -78.46600000 93.78130000 -87.77660000
v -78.46600000 93.78130000 -81.77660000
v -78.77200000 93.24940000 -87.77660000
v -78.77200000 93.24940000 -81.77660000
v -79.05260000 92.70190000 -87.77660000
v -79.05260000 92.70190000 -81.77660000
v -79.30720000 92.13940000 -87.77660000
v -79.30720000 92.13940000 -81.77660000
v -79.53470000 91.56290000 -87.77660000
v -79.53470000 91.56290000 -81.77660000
v -79.73460000 90.97300000 -87.77660000
v -79.73460000 90.97300000 -81.77660000
v -79.90580000 90.37060000 -87.77660000
v -79.90580000 90.37060000 -81.77660000
v -80.04780000 89.75640000 -87.77660000
v -80.04780000 89.75640000 -81.77660000
v -80.15960000 89.13140000 -87.77660000
v -80.15960000 89.13140000 -81.77660000
v -80.24040000 88.49620000 -87.77660000
v -80.24040000 88.49620000 -81.77660000
v -80.28950000 87.85180000 -87.77660000
v -80.28950000 87.85180000 -81.77660000
v -80.30610000 87.19880000 -87.77660000
v -80.30610000 87.19880000 -81.77660000
v -80.28950000 86.54590000 -87.77660000
v -80.28950000 86.54590000 -81.77660000
v -80.24040000 85.90140000 -87.77660000
v -80.24040000 85.90140000 -81.77660000
v -80.15960000 85.26630000 -87.77660000
v -80.15960000 85.26630000 -81.77660000
v -80.04780000 84.64120000 -87.77660000
v -80.04780000 84.64120000 -81.77660000
v -79.90580000 84.02710000 -87.77660000
v -79.90580000 84.02710000 -81.77660000
v -79.73460000 83.42470000 -87.77660000
v -79.73460000 83.42470000 -81.77660000
v -79.53470000 82.83480000 -87.77660000
v -79.53470000 82.83480000 -81.77660000
v -79.30720000 82.25820000 -87.77660000
v -79.30720000 82.25820000 -81.77660000
v -79.05260000 81.69570000 -87.77660000
v -79.05260000 81.69570000 -81.77660000
v -78.77200000 81.14820000 -87.77660000
v -78.77200000 81.14820000 -81.77660000
v -78.46600000 80.61640000 -87.77660000
v -78.46600000 80.61640000 -81.77660000
v -78.13550000 80.10110000 -87.77660000
v -78.13550000 80.10110000 -81.77660000
v -77.78120000 79.60310000 -87.77660000
v -77.78120000 79.60310000 -81.77660000
v -77.40400000 79.12330000 -87.77660000
v -77.40400000 79.12330000 -81.77660000
v -77.00470000 78.66240000 -87.77660000
v -77.00470000 78.66240000 -81.77660000
v -76.58400000 78.22120000 -87.77660000
v -76.58400000 78.22120000 -81.77660000
v -76.14280000 77.80050000 -87.77660000
v -76.14280000 77.80050000 -81.77660000
v -75.68190000 77.40120000 -87.77660000
v -75.68190000 77.40120000 -81.77660000
v -75.20210000 77.02400000 -87.77660000
v -75.20210000 77.02400000 -81.77660000
v -74.70410000 76.66970000 -87.77660000
v -74.70410000 76.66970000 -81.77660000
v -74.18880000 76.33920000 -87.77660000
v -74.18880000 76.33920000 -81.77660000
v -73.65700000 76.03320000 -87.77660000
v -73.65700000 76.03320000 -81.77660000
v -73.10950000 75.75260000 -87.77660000
v -73.10950000 75.75260000 -81.77660000
v -72.54700000 75.49800000 -87.77660000
v -72.54700000 75.49800000 -81.77660000
v -71.97040000 75.27050000 -87.77660000
v -71.97040000 75.27050000 -81.77660000
v -71.38050000 75.07060000 -87.77660000
v -71.38050000 75.07060000 -81.77660000
v -70.77810000 74.89940000 -87.77660000
v -70.77810000 74.89940000 -81.77660000
v -70.16400000 74.75740000 -87.77660000
v -70.16400000 74.75740000 -81.77660000
v -69.53900000 74.64560000 -87.77660000
v -69.53900000 74.64560000 -81.77660000
v -68.90380000 74.56480000 -87.77660000
v -68.90380000 74.56480000 -81.77660000
v -68.25940000 74.51570000 -87.77660000
v -68.25940000 74.51570000 -81.77660000
v -67.60640000 74.49920000 -87.77660000
v -67.60640000 74.49920000 -81.77660000
v -66.95340000 74.51570000 -87.77660000
v -66.95340000 74.51570000 -81.77660000
v -66.30900000 74.56480000 -87.77660000
v -66.30900000 74.56480000 -81.77660000
v -65.67380000 74.64560000 -87.77660000
v -65.67380000 74.64560000 -81.77660000
v -65.04880000 74.75740000 -87.77660000
v -65.04880000 74.75740000 -81.77660000
v -64.43470000 74.89940000 -87.77660000
v -64.43470000 74.89940000 -81.77660000
v -63.83220000 75.07060000 -87.77660000
v -63.83220000 75.07060000 -81.77660000
v -63.24230000 75.27050000 -87.77660000
v -63.24230000 75.27050000 -81.77660000
v -62.66580000 75.49800000 -87.77660000
v -62.66580000 75.49800000 -81.77660000
v -62.10330000 75.75260000 -87.77660000
v -62.10330000 75.75260000 -81.77660000
v -61.55580000 76.03320000 -87.77660000
v -61.55580000 76.03320000 -81.77660000
v -61.02400000 76.33920000 -87.77660000
v -61.02400000 76.33920000 -81.77660000
v -60.50870000 76.66970000 -87.77660000
v -60.50870000 76.66970000 -81.77660000
v -60.01070000 77.02400000 -87.77660000
v -60.01070000 77.02400000 -81.77660000
v -59.53080000 77.40120000 -87.77660000
v -59.53080000 77.40120000 -81.77660000
v -59.06990000 77.80050000 -87.77660000
v -59.06990000 77.80050000 -81.77660000
v -55.96720000 86.00360000 -81.77660000
v -55.92200000 86.59730000 -81.77660000
v -56.04170000 85.41840000 -81.77660000
v -56.14470000 84.84260000 -81.77660000
v -56.27540000 84.27680000 -81.77660000
v -56.43320000 83.72190000 -81.77660000
v -56.61730000 83.17840000 -81.77660000
v -56.82700000 82.64720000 -81.77660000
v -57.06150000 82.12910000 -81.77660000
v -57.32000000 81.62470000 -81.77660000
v -57.60190000 81.13470000 -81.77660000
v -57.90640000 80.66000000 -81.77660000
v -58.23280000 80.20120000 -81.77660000
v -58.58030000 79.75920000 -81.77660000
v -58.94810000 79.33460000 -81.77660000
v -59.33570000 78.92810000 -81.77660000
v -59.74210000 78.54060000 -81.77660000
v -60.16670000 78.17270000 -81.77660000
v -60.60880000 77.82520000 -81.77660000
v -61.06760000 77.49880000 -81.77660000
v -61.54230000 77.19430000 -81.77660000
v -62.03220000 76.91240000 -81.77660000
v -62.53660000 76.65390000 -81.77660000
v -63.05480000 76.41940000 -81.77660000
v -63.58600000 76.20980000 -81.77660000
v -64.12940000 76.02570000 -81.77660000
v -64.68440000 75.86790000 -81.77660000
v -65.25020000 75.73710000 -81.77660000
v -65.82600000 75.63410000 -81.77660000
v -66.41110000 75.55970000 -81.77660000
v -67.00480000 75.51440000 -81.77660000
v -67.60640000 75.49920000 -81.77660000
v -68.20790000 75.51440000 -81.77660000
v -68.80170000 75.55970000 -81.77660000
v -69.38680000 75.63410000 -81.77660000
v -69.96260000 75.73710000 -81.77660000
v -70.52840000 75.86790000 -81.77660000
v -71.08330000 76.02570000 -81.77660000
v -71.62680000 76.20980000 -81.77660000
v -72.15800000 76.41940000 -81.77660000
v -72.67610000 76.65390000 -81.77660000
v -73.18050000 76.91240000 -81.77660000
v -73.67050000 77.19430000 -81.77660000
v -74.14520000 77.49880000 -81.77660000
v -74.60400000 77.82520000 -81.77660000
v -75.04600000 78.17270000 -81.77660000
v -75.47060000 78.54060000 -81.77660000
v -75.87710000 78.92810000 -81.77660000
v -76.26460000 79.33460000 -81.77660000
v -76.63250000 79.75920000 -81.77660000
v -76.98000000 80.20120000 -81.77660000
v -77.30640000 80.66000000 -81.77660000
v -77.61090000 81.13470000 -81.77660000
v -77.89280000 81.62470000 -81.77660000
v -78.15130000 82.12910000 -81.77660000
v -78.38580000 82.64720000 -81.77660000
v -78.59540000 83.17840000 -81.77660000
v -78.77950000 83.72190000 -81.77660000
v -78.93730000 84.27680000 -81.77660000
v -79.06810000 84.84260000 -81.77660000
v -79.17110000 85.41840000 -81.77660000
v -79.24560000 86.00360000 -81.77660000
v -79.29080000 86.59730000 -81.77660000
v -79.30600000 87.19880000 -81.77660000
v -79.29080000 87.80040000 -81.77660000
v -79.24560000 88.39410000 -81.77660000
v -79.17110000 88.97920000 -81.77660000
v -79.06810000 89.55500000 -81.77660000
v -78.93730000 90.12080000 -81.77660000
v -78.77950000 90.67580000 -81.77660000
v -78.59540000 91.21920000 -81.77660000
v -78.38580000 91.75040000 -81.77660000
v -78.15130000 92.26860000 -81.77660000
v -77.89280000 92.77300000 -81.77660000
v -77.61090000 93.26290000 -81.77660000
v -77.30640000 93.73760000 -81.77660000
v -76.98000000 94.19640000 -81.77660000
v -76.63250000 94.63850000 -81.77660000
v -76.26460000 95.06310000 -81.77660000
v -75.87710000 95.46950000 -81.77660000
v -75.47060000 95.85710000 -81.77660000
v -75.04600000 96.22490000 -81.77660000
v -74.60400000 96.57240000 -81.77660000
v -74.14520000 96.89880000 -81.77660000
v -73.67050000 97.20330000 -81.77660000
v -73.18050000 97.48520000 -81.77660000
v -72.67610000 97.74380000 -81.77660000
v -72.15800000 97.97820000 -81.77660000
v -71.62680000 98.18790000 -81.77660000
v -71.08330000 98.37200000 -81.77660000
v -70.52840000 98.52980000 -81.77660000
v -69.96260000 98.66050000 -81.77660000
v -69.38680000 98.76350000 -81.77660000
v -68.80160000 98.83800000 -81.77660000
v -68.20790000 98.88320000 -81.77660000
v -67.60640000 98.89850000 -81.77660000
v -67.00480000 98.88320000 -81.77660000
v -66.41110000 98.83800000 -81.77660000
v -65.82600000 98.76350000 -81.77660000
v -65.25020000 98.66050000 -81.77660000
v -64.68440000 98.52980000 -81.77660000
v -64.12940000 98.37200000 -81.77660000
v -63.58600000 98.18790000 -81.77660000
v -63.05480000 97.97820000 -81.77660000
v -62.53660000 97.74380000 -81.77660000
v -62.03220000 97.48520000 -81.77660000
v -61.54230000 97.20330000 -81.77660000
v -61.06760000 96.89880000 -81.77660000
v -60.60880000 96.57240000 -81.77660000
v -60.16670000 96.22490000 -81.77660000
v -59.74210000 95.85710000 -81.77660000
v -59.33570000 95.46950000 -81.77660000
v -58.94810000 95.06310000 -81.77660000
v -58.58030000 94.63850000 -81.77660000
v -58.23280000 94.19640000 -81.77660000
v -57.90640000 93.73760000 -81.77660000
v -57.60190000 93.26290000 -81.77660000
v -57.32000000 92.77300000 -81.77660000
v -57.06150000 92.26860000 -81.77660000
v -56.82700000 91.75040000 -81.77660000
v -56.61730000 91.21920000 -81.77660000
v -56.43320000 90.67580000 -81.77660000
v -56.27540000 90.12080000 -81.77660000
v -56.14470000 89.55500000 -81.77660000
v -56.04170000 88.97920000 -81.77660000
v -55.96720000 88.39410000 -81.77660000
v -55.92200000 87.80040000 -81.77660000
v -55.90680000 87.19880000 -81.77660000
v -55.92200000 86.59730000 -87.77660000
v -55.96720000 86.00360000 -87.77660000
v -56.04170000 85.41840000 -87.77660000
v -56.14470000 84.84260000 -87.77660000
v -56.27540000 84.27680000 -87.77660000
v -56.43320000 83.72190000 -87.77660000
v -56.61730000 83.17840000 -87.77660000
v -56.82700000 82.64720000 -87.77660000
v -57.06150000 82.12910000 -87.77660000
v -57.32000000 81.62470000 -87.77660000
v -57.60190000 81.13470000 -87.77660000
v -57.90640000 80.66000000 -87.77660000
v -58.23280000 80.20120000 -87.77660000
v -58.58030000 79.75920000 -87.77660000
v -58.94810000 79.33460000 -87.77660000
v -59.33570000 78.92810000 -87.77660000
v -59.74210000 78.54060000 -87.77660000
v -60.16670000 78.17270000 -87.77660000
v -60.60880000 77.82520000 -87.77660000
v -61.06760000 77.49880000 -87.77660000
v -61.54230000 77.19430000 -87.77660000
v -62.03220000 76.91240000 -87.77660000
v -62.53660000 76.65390000 -87.77660000
v -63.05480000 76.41940000 -87.77660000
v -63.58600000 76.20980000 -87.77660000
v -64.12940000 76.02570000 -87.77660000
v -64.68440000 75.86790000 -87.77660000
v -65.25020000 75.73710000 -87.77660000
v -65.82600000 75.63410000 -87.77660000
v -66.41110000 75.55970000 -87.77660000
v -67.00480000 75.51440000 -87.77660000
v -67.60640000 75.49920000 -87.77660000
v -68.20790000 75.51440000 -87.77660000
v -68.80170000 75.55970000 -87.77660000
v -69.38680000 75.63410000 -87.77660000
v -69.96260000 75.73710000 -87.77660000
v -70.52840000 75.86790000 -87.77660000
v -71.08330000 76.02570000 -87.77660000
v -71.62680000 76.20980000 -87.77660000
v -72.15800000 76.41940000 -87.77660000
v -72.67610000 76.65390000 -87.77660000
v -73.18050000 76.91240000 -87.77660000
v -73.67050000 77.19430000 -87.77660000
v -74.14520000 77.49880000 -87.77660000
v -74.60400000 77.82520000 -87.77660000
v -75.04600000 78.17270000 -87.77660000
v -75.47060000 78.54060000 -87.77660000
v -75.87710000 78.92810000 -87.77660000
v -76.26460000 79.33460000 -87.77660000
v -76.63250000 79.75920000 -87.77660000
v -76.98000000 80.20120000 -87.77660000
v -77.30640000 80.66000000 -87.77660000
v -77.61090000 81.13470000 -87.77660000
v -77.89280000 81.62470000 -87.77660000
v -78.15130000 82.12910000 -87.77660000
v -78.38580000 82.64720000 -87.77660000
v -78.59540000 83.17840000 -87.77660000
v -78.77950000 83.72190000 -87.77660000
v -78.93730000 84.27680000 -87.77660000
v -79.06810000 84.84260000 -87.77660000
v -79.17110000 85.41840000 -87.77660000
v -79.24560000 86.00360000 -87.77660000
v -79.29080000 86.59730000 -87.77660000
v -79.30600000 87.19880000 -87.77660000
v -79.29080000 87.80040000 -87.77660000
v -79.24560000 88.39410000 -87.77660000
v -79.17110000 88.97920000 -87.77660000
v -79.06810000 89.55500000 -87.77660000
v -78.93730000 90.12080000 -87.77660000
v -78.77950000 90.67580000 -87.77660000
v -78.59540000 91.21920000 -87.77660000
v -78.38580000 91.75040000 -87.77660000
v -78.15130000 92.26860000 -87.77660000
v -77.89280000 92.77300000 -87.77660000
v -77.61090000 93.26290000 -87.77660000
v -77.30640000 93.73760000 -87.77660000
v -76.98000000 94.19640000 -87.77660000
v -76.63250000 94.63850000 -87.77660000
v -76.26460000 95.06310000 -87.77660000
v -75.87710000 95.46950000 -87.77660000
v -75.47060000 95.85710000 -87.77660000
v -75.04600000 96.22500000 -87.77660000
v -74.60400000 96.57240000 -87.77660000
v -74.14520000 96.89880000 -87.77660000
v -73.67050000 97.20330000 -87.77660000
v -73.18050000 97.48520000 -87.77660000
v -72.67610000 97.74380000 -87.77660000
v -72.15800000 97.97820000 -87.77660000
v -71.62680000 98.18790000 -87.77660000
v -71.08330000 98.37200000 -87.77660000
v -70.52840000 98.52980000 -87.77660000
v -69.96260000 98.66050000 -87.77660000
v -69.38680000 98.76350000 -87.77660000
v -68.80160000 98.83800000 -87.77660000
v -68.20790000 98.88320000 -87.77660000
v -67.60640000 98.89850000 -87.77660000
v -67.00480000 98.88320000 -87.77660000
v -66.41110000 98.83800000 -87.77660000
v -65.82600000 98.76350000 -87.77660000
v -65.25020000 98.66050000 -87.77660000
v -64.68440000 98.52980000 -87.77660000
v -64.12940000 98.37200000 -87.77660000
v -63.58600000 98.18790000 -87.77660000
v -63.05480000 97.97820000 -87.77660000
v -62.53660000 97.74380000 -87.77660000
v -62.03220000 97.48520000 -87.77660000
v -61.54230000 97.20330000 -87.77660000
v -61.06760000 96.89880000 -87.77660000
v -60.60880000 96.57240000 -87.77660000
v -60.16670000 96.22490000 -87.77660000
v -59.74210000 95.85710000 -87.77660000
v -59.33570000 95.46950000 -87.77660000
v -58.94810000 95.06310000 -87.77660000
v -58.58030000 94.63850000 -87.77660000
v -58.23280000 94.19640000 -87.77660000
v -57.90640000 93.73760000 -87.77660000
v -57.60190000 93.26290000 -87.77660000
v -57.32000000 92.77300000 -87.77660000
v -57.06150000 92.26860000 -87.77660000
v -56.82700000 91.75040000 -87.77660000
v -56.61730000 91.21920000 -87.77660000
v -56.43320000 90.67580000 -87.77660000
v -56.27540000 90.12080000 -87.77660000
v -56.14470000 89.55500000 -87.77660000
v -56.04170000 88.97920000 -87.77660000
v -55.96720000 88.39410000 -87.77660000
v -55.92200000 87.80040000 -87.77660000
v -55.90680000 87.19880000 -87.77660000
v -58.08480000 80.40340000 -87.77660000
v -77.13550000 80.41400000 -87.77660000
v -77.13550000 80.41400000 -82.77660000
v -58.08480000 80.40340000 -82.77660000
v -76.71320000 79.85800000 -87.77660000
v -76.25920000 79.32860000 -87.77660000
v -75.77500000 78.82730000 -87.77660000
v -75.26190000 78.35530000 -87.77660000
v -74.86980000 78.03010000 -87.77660000
v -74.46370000 77.72180000 -87.77660000
v -74.04390000 77.43110000 -87.77660000
v -73.61120000 77.15850000 -87.77660000
v -73.16610000 76.90460000 -87.77660000
v -72.70910000 76.66980000 -87.77660000
v -72.24080000 76.45480000 -87.77660000
v -71.76160000 76.26010000 -87.77660000
v -71.27230000 76.08630000 -87.77660000
v -70.77320000 75.93380000 -87.77660000
v -70.26500000 75.80330000 -87.77660000
v -69.74830000 75.69530000 -87.77660000
v -69.22350000 75.61030000 -87.77660000
v -68.69120000 75.54890000 -87.77660000
v -68.15200000 75.51170000 -87.77660000
v -66.87630000 75.52170000 -87.77660000
v -66.15810000 75.58820000 -87.77660000
v -65.45290000 75.69740000 -87.77660000
v -64.76230000 75.84810000 -87.77660000
v -64.08740000 76.03890000 -87.77660000
v -63.42960000 76.26840000 -87.77660000
v -62.79030000 76.53530000 -87.77660000
v -62.17070000 76.83830000 -87.77660000
v -61.57230000 77.17620000 -87.77660000
v -60.99620000 77.54740000 -87.77660000
v -60.44390000 77.95080000 -87.77660000
v -59.91670000 78.38500000 -87.77660000
v -59.41580000 78.84870000 -87.77660000
v -58.94270000 79.34060000 -87.77660000
v -58.49860000 79.85930000 -87.77660000
v -76.71320000 79.85800000 -82.77660000
v -76.25920000 79.32860000 -82.77660000
v -75.77500000 78.82730000 -82.77660000
v -75.26190000 78.35530000 -82.77660000
v -74.86980000 78.03010000 -82.77660000
v -74.46370000 77.72180000 -82.77660000
v -74.04390000 77.43110000 -82.77660000
v -73.61120000 77.15850000 -82.77660000
v -73.16610000 76.90460000 -82.77660000
v -72.70910000 76.66980000 -82.77660000
v -72.24080000 76.45480000 -82.77660000
v -71.76160000 76.26010000 -82.77660000
v -71.27230000 76.08630000 -82.77660000
v -70.77320000 75.93380000 -82.77660000
v -70.26500000 75.80330000 -82.77660000
v -69.74830000 75.69530000 -82.77660000
v -69.22350000 75.61030000 -82.77660000
v -68.69120000 75.54890000 -82.77660000
v -68.15200000 75.51170000 -82.77660000
v -67.60640000 75.49920000 -82.77660000
v -66.87630000 75.52170000 -82.77660000
v -66.15810000 75.58820000 -82.77660000
v -65.45290000 75.69740000 -82.77660000
v -64.76230000 75.84810000 -82.77660000
v -64.08740000 76.03890000 -82.77660000
v -63.42960000 76.26840000 -82.77660000
v -62.79030000 76.53530000 -82.77660000
v -62.17070000 76.83830000 -82.77660000
v -61.57230000 77.17620000 -82.77660000
v -60.99620000 77.54740000 -82.77660000
v -60.44390000 77.95080000 -82.77660000
v -59.91670000 78.38500000 -82.77660000
v -59.41580000 78.84870000 -82.77660000
v -58.94270000 79.34060000 -82.77660000
v -58.49860000 79.85930000 -82.77660000
v -28.72530000 69.96930000 -87.77660000
v -28.74180000 70.62230000 -87.77660000
v -28.74180000 70.62230000 -81.77660000
v -28.72530000 69.96930000 -81.77660000
v -28.79090000 71.26680000 -87.77660000
v -28.79090000 71.26680000 -81.77660000
v -28.87180000 71.90190000 -87.77660000
v -28.87180000 71.90190000 -81.77660000
v -28.98360000 72.52700000 -87.77660000
v -28.98360000 72.52700000 -81.77660000
v -29.12550000 73.14110000 -87.77660000
v -29.12550000 73.14110000 -81.77660000
v -29.29680000 73.74350000 -87.77660000
v -29.29680000 73.74350000 -81.77660000
v -29.49660000 74.33340000 -87.77660000
v -29.49660000 74.33340000 -81.77660000
v -29.72420000 74.91000000 -87.77660000
v -29.72420000 74.91000000 -81.77660000
v -29.97870000 75.47240000 -87.77660000
v -29.97870000 75.47240000 -81.77660000
v -30.25940000 76.02000000 -87.77660000
v -30.25940000 76.02000000 -81.77660000
v -30.56530000 76.55180000 -87.77660000
v -30.56530000 76.55180000 -81.77660000
v -30.89590000 77.06710000 -87.77660000
v -30.89590000 77.06710000 -81.77660000
v -31.25010000 77.56500000 -87.77660000
v -31.25010000 77.56500000 -81.77660000
v -31.62730000 78.04490000 -87.77660000
v -31.62730000 78.04490000 -81.77660000
v -32.02670000 78.50580000 -87.77660000
v -32.02670000 78.50580000 -81.77660000
v -32.44730000 78.94700000 -87.77660000
v -32.44730000 78.94700000 -81.77660000
v -32.44730000 60.99170000 -87.77660000
v -32.44730000 60.99170000 -81.77660000
v -32.02670000 61.43290000 -87.77660000
v -32.02670000 61.43290000 -81.77660000
v -31.62730000 61.89380000 -87.77660000
v -31.62730000 61.89380000 -81.77660000
v -31.25010000 62.37370000 -87.77660000
v -31.25010000 62.37370000 -81.77660000
v -30.89590000 62.87160000 -87.77660000
v -30.89590000 62.87160000 -81.77660000
v -30.56530000 63.38690000 -87.77660000
v -30.56530000 63.38690000 -81.77660000
v -30.25940000 63.91870000 -87.77660000
v -30.25940000 63.91870000 -81.77660000
v -29.97870000 64.46630000 -87.77660000
v -29.97870000 64.46630000 -81.77660000
v -29.72420000 65.02870000 -87.77660000
v -29.72420000 65.02870000 -81.77660000
v -29.49660000 65.60530000 -87.77660000
v -29.49660000 65.60530000 -81.77660000
v -29.29680000 66.19520000 -87.77660000
v -29.29680000 66.19520000 -81.77660000
v -29.12550000 66.79760000 -87.77660000
v -29.12550000 66.79760000 -81.77660000
v -28.98360000 67.41170000 -87.77660000
v -28.98360000 67.41170000 -81.77660000
v -28.87180000 68.03680000 -87.77660000
v -28.87180000 68.03680000 -81.77660000
v -28.79090000 68.67190000 -87.77660000
v -28.79090000 68.67190000 -81.77660000
v -28.74180000 69.31640000 -87.77660000
v -28.74180000 69.31640000 -81.77660000
v -32.88850000 79.36770000 -87.77660000
v -32.88850000 79.36770000 -81.77660000
v -33.34940000 79.76700000 -87.77660000
v -33.34940000 79.76700000 -81.77660000
v -33.82930000 80.14420000 -87.77660000
v -33.82930000 80.14420000 -81.77660000
v -34.32720000 80.49840000 -87.77660000
v -34.32720000 80.49840000 -81.77660000
v -34.84250000 80.82900000 -87.77660000
v -34.84250000 80.82900000 -81.77660000
v -35.37440000 81.13500000 -87.77660000
v -35.37440000 81.13500000 -81.77660000
v -35.92190000 81.41560000 -87.77660000
v -35.92190000 81.41560000 -81.77660000
v -36.48440000 81.67010000 -87.77660000
v -36.48440000 81.67010000 -81.77660000
v -37.06090000 81.89770000 -87.77660000
v -37.06090000 81.89770000 -81.77660000
v -37.65080000 82.09750000 -87.77660000
v -37.65080000 82.09750000 -81.77660000
v -38.25320000 82.26880000 -87.77660000
v -38.25320000 82.26880000 -81.77660000
v -38.86740000 82.41070000 -87.77660000
v -38.86740000 82.41070000 -81.77660000
v -39.49240000 82.52250000 -87.77660000
v -39.49240000 82.52250000 -81.77660000
v -40.12750000 82.60340000 -87.77660000
v -40.12750000 82.60340000 -81.77660000
v -40.77200000 82.65250000 -87.77660000
v -40.77200000 82.65250000 -81.77660000
v -41.42500000 82.66900000 -87.77660000
v -41.42500000 82.66900000 -81.77660000
v -42.07790000 82.65250000 -87.77660000
v -42.07790000 82.65250000 -81.77660000
v -42.72240000 82.60340000 -87.77660000
v -42.72240000 82.60340000 -81.77660000
v -43.35750000 82.52250000 -87.77660000
v -43.35750000 82.52250000 -81.77660000
v -43.98260000 82.41070000 -87.77660000
v -43.98260000 82.41070000 -81.77660000
v -44.59670000 82.26880000 -87.77660000
v -44.59670000 82.26880000 -81.77660000
v -45.19910000 82.09750000 -87.77660000
v -45.19910000 82.09750000 -81.77660000
v -45.78900000 81.89770000 -87.77660000
v -45.78900000 81.89770000 -81.77660000
v -46.36560000 81.67010000 -87.77660000
v -46.36560000 81.67010000 -81.77660000
v -46.92800000 81.41560000 -87.77660000
v -46.92800000 81.41560000 -81.77660000
v -47.47560000 81.13500000 -87.77660000
v -47.47560000 81.13500000 -81.77660000
v -48.00740000 80.82900000 -87.77660000
v -48.00740000 80.82900000 -81.77660000
v -48.52270000 80.49840000 -87.77660000
v -48.52270000 80.49840000 -81.77660000
v -49.02070000 80.14420000 -87.77660000
v -49.02070000 80.14420000 -81.77660000
v -49.50050000 79.76700000 -87.77660000
v -49.50050000 79.76700000 -81.77660000
v -49.96140000 79.36770000 -87.77660000
v -49.96140000 79.36760000 -81.77660000
v -50.40260000 78.94700000 -87.77660000
v -50.40260000 78.94700000 -81.77660000
v -50.82330000 78.50580000 -87.77660000
v -50.82330000 78.50580000 -81.77660000
v -51.22260000 78.04490000 -87.77660000
v -51.22260000 78.04490000 -81.77660000
v -51.59980000 77.56500000 -87.77660000
v -51.59980000 77.56500000 -81.77660000
v -51.95410000 77.06710000 -87.77660000
v -51.95410000 77.06710000 -81.77660000
v -52.28460000 76.55180000 -87.77660000
v -52.28460000 76.55180000 -81.77660000
v -52.59060000 76.02000000 -87.77660000
v -52.59060000 76.02000000 -81.77660000
v -52.87120000 75.47240000 -87.77660000
v -52.87120000 75.47240000 -81.77660000
v -53.12570000 74.91000000 -87.77660000
v -53.12570000 74.91000000 -81.77660000
v -53.35330000 74.33340000 -87.77660000
v -53.35330000 74.33340000 -81.77660000
v -53.55310000 73.74350000 -87.77660000
v -53.55310000 73.74350000 -81.77660000
v -53.72440000 73.14110000 -87.77660000
v -53.72440000 73.14110000 -81.77660000
v -53.86640000 72.52700000 -87.77660000
v -53.86640000 72.52700000 -81.77660000
v -53.97810000 71.90190000 -87.77660000
v -53.97810000 71.90190000 -81.77660000
v -54.05900000 71.26680000 -87.77660000
v -54.05900000 71.26680000 -81.77660000
v -54.10810000 70.62230000 -87.77660000
v -54.10810000 70.62230000 -81.77660000
v -54.12460000 69.96930000 -87.77660000
v -54.12460000 69.96930000 -81.77660000
v -54.10810000 69.31640000 -87.77660000
v -54.10810000 69.31640000 -81.77660000
v -54.05900000 68.67190000 -87.77660000
v -54.05900000 68.67190000 -81.77660000
v -53.97810000 68.03680000 -87.77660000
v -53.97810000 68.03680000 -81.77660000
v -53.86640000 67.41170000 -87.77660000
v -53.86640000 67.41170000 -81.77660000
v -53.72440000 66.79760000 -87.77660000
v -53.72440000 66.79760000 -81.77660000
v -53.55310000 66.19520000 -87.77660000
v -53.55310000 66.19520000 -81.77660000
v -53.35330000 65.60530000 -87.77660000
v -53.35330000 65.60530000 -81.77660000
v -53.12570000 65.02870000 -87.77660000
v -53.12570000 65.02870000 -81.77660000
v -52.87120000 64.46630000 -87.77660000
v -52.87120000 64.46630000 -81.77660000
v -52.59060000 63.91870000 -87.77660000
v -52.59060000 63.91870000 -81.77660000
v -52.28460000 63.38690000 -87.77660000
v -52.28460000 63.38690000 -81.77660000
v -51.95410000 62.87160000 -87.77660000
v -51.95410000 62.87160000 -81.77660000
v -51.59980000 62.37370000 -87.77660000
v -51.59980000 62.37360000 -81.77660000
v -51.22260000 61.89380000 -87.77660000
v -51.22260000 61.89380000 -81.77660000
v -50.82330000 61.43290000 -87.77660000
v -50.82330000 61.43290000 -81.77660000
v -50.40260000 60.99170000 -87.77660000
v -50.40260000 60.99170000 -81.77660000
v -49.96140000 60.57100000 -87.77660000
v -49.96140000 60.57100000 -81.77660000
v -49.50050000 60.17170000 -87.77660000
v -49.50050000 60.17170000 -81.77660000
v -49.02070000 59.79450000 -87.77660000
v -49.02070000 59.79450000 -81.77660000
v -48.52270000 59.44030000 -87.77660000
v -48.52270000 59.44030000 -81.77660000
v -48.00740000 59.10970000 -87.77660000
v -48.00740000 59.10970000 -81.77660000
v -47.47560000 58.80370000 -87.77660000
v -47.47560000 58.80370000 -81.77660000
v -46.92800000 58.52310000 -87.77660000
v -46.92800000 58.52310000 -81.77660000
v -46.36560000 58.26860000 -87.77660000
v -46.36560000 58.26860000 -81.77660000
v -45.78900000 58.04100000 -87.77660000
v -45.78900000 58.04100000 -81.77660000
v -45.19910000 57.84120000 -87.77660000
v -45.19910000 57.84120000 -81.77660000
v -44.59670000 57.66990000 -87.77660000
v -44.59670000 57.66990000 -81.77660000
v -43.98260000 57.52800000 -87.77660000
v -43.98260000 57.52800000 -81.77660000
v -43.35750000 57.41620000 -87.77660000
v -43.35750000 57.41620000 -81.77660000
v -42.72240000 57.33530000 -87.77660000
v -42.72240000 57.33530000 -81.77660000
v -42.07790000 57.28620000 -87.77660000
v -42.07790000 57.28620000 -81.77660000
v -41.42500000 57.26970000 -87.77660000
v -41.42500000 57.26970000 -81.77660000
v -40.77200000 57.28620000 -87.77660000
v -40.77200000 57.28620000 -81.77660000
v -40.12750000 57.33530000 -87.77660000
v -40.12750000 57.33530000 -81.77660000
v -39.49240000 57.41620000 -87.77660000
v -39.49240000 57.41620000 -81.77660000
v -38.86740000 57.52800000 -87.77660000
v -38.86740000 57.52800000 -81.77660000
v -38.25320000 57.66990000 -87.77660000
v -38.25320000 57.66990000 -81.77660000
v -37.65080000 57.84120000 -87.77660000
v -37.65080000 57.84120000 -81.77660000
v -37.06090000 58.04100000 -87.77660000
v -37.06090000 58.04100000 -81.77660000
v -36.48440000 58.26860000 -87.77660000
v -36.48440000 58.26860000 -81.77660000
v -35.92190000 58.52310000 -87.77660000
v -35.92190000 58.52310000 -81.77660000
v -35.37440000 58.80370000 -87.77660000
v -35.37440000 58.80370000 -81.77660000
v -34.84250000 59.10970000 -87.77660000
v -34.84250000 59.10970000 -81.77660000
v -34.32720000 59.44030000 -87.77660000
v -34.32720000 59.44030000 -81.77660000
v -33.82930000 59.79450000 -87.77660000
v -33.82930000 59.79450000 -81.77660000
v -33.34940000 60.17170000 -87.77660000
v -33.34940000 60.17170000 -81.77660000
v -32.88850000 60.57100000 -87.77660000
v -32.88850000 60.57100000 -81.77660000
v -29.78580000 68.77410000 -81.77660000
v -29.74060000 69.36780000 -81.77660000
v -29.86030000 68.18890000 -81.77660000
v -29.96330000 67.61310000 -81.77660000
v -30.09400000 67.04740000 -81.77660000
v -30.25180000 66.49240000 -81.77660000
v -30.43590000 65.94890000 -81.77660000
v -30.64560000 65.41780000 -81.77660000
v -30.88000000 64.89960000 -81.77660000
v -31.13860000 64.39520000 -81.77660000
v -31.42050000 63.90520000 -81.77660000
v -31.72500000 63.43050000 -81.77660000
v -32.05130000 62.97180000 -81.77660000
v -32.39880000 62.52970000 -81.77660000
v -32.76670000 62.10510000 -81.77660000
v -33.15430000 61.69860000 -81.77660000
v -33.56070000 61.31110000 -81.77660000
v -33.98530000 60.94320000 -81.77660000
v -34.42740000 60.59570000 -81.77660000
v -34.88610000 60.26940000 -81.77660000
v -35.36090000 59.96490000 -81.77660000
v -35.85080000 59.68300000 -81.77660000
v -36.35520000 59.42440000 -81.77660000
v -36.87340000 59.18990000 -81.77660000
v -37.40460000 58.98030000 -81.77660000
v -37.94800000 58.79620000 -81.77660000
v -38.50300000 58.63840000 -81.77660000
v -39.06880000 58.50760000 -81.77660000
v -39.64460000 58.40470000 -81.77660000
v -40.22970000 58.33020000 -81.77660000
v -40.82340000 58.28500000 -81.77660000
v -41.42500000 58.26970000 -81.77660000
v -42.02650000 58.28500000 -81.77660000
v -42.62020000 58.33020000 -81.77660000
v -43.20540000 58.40470000 -81.77660000
v -43.78120000 58.50760000 -81.77660000
v -44.34690000 58.63840000 -81.77660000
v -44.90190000 58.79620000 -81.77660000
v -45.44540000 58.98030000 -81.77660000
v -45.97650000 59.18990000 -81.77660000
v -46.49470000 59.42440000 -81.77660000
v -46.99910000 59.68300000 -81.77660000
v -47.48910000 59.96490000 -81.77660000
v -47.96380000 60.26940000 -81.77660000
v -48.42250000 60.59570000 -81.77660000
v -48.86460000 60.94320000 -81.77660000
v -49.28920000 61.31110000 -81.77660000
v -49.69570000 61.69860000 -81.77660000
v -50.08320000 62.10510000 -81.77660000
v -50.45110000 62.52970000 -81.77660000
v -50.79860000 62.97180000 -81.77660000
v -51.12500000 63.43050000 -81.77660000
v -51.42950000 63.90520000 -81.77660000
v -51.71130000 64.39520000 -81.77660000
v -51.96990000 64.89960000 -81.77660000
v -52.20440000 65.41780000 -81.77660000
v -52.41400000 65.94900000 -81.77660000
v -52.59810000 66.49240000 -81.77660000
v -52.75590000 67.04740000 -81.77660000
v -52.88670000 67.61310000 -81.77660000
v -52.98970000 68.18890000 -81.77660000
v -53.06410000 68.77410000 -81.77660000
v -53.10940000 69.36780000 -81.77660000
v -53.12460000 69.96930000 -81.77660000
v -53.10940000 70.57090000 -81.77660000
v -53.06410000 71.16460000 -81.77660000
v -52.98970000 71.74970000 -81.77660000
v -52.88670000 72.32560000 -81.77660000
v -52.75590000 72.89130000 -81.77660000
v -52.59810000 73.44630000 -81.77660000
v -52.41400000 73.98970000 -81.77660000
v -52.20440000 74.52090000 -81.77660000
v -51.96990000 75.03910000 -81.77660000
v -51.71130000 75.54350000 -81.77660000
v -51.42950000 76.03340000 -81.77660000
v -51.12500000 76.50820000 -81.77660000
v -50.79860000 76.96690000 -81.77660000
v -50.45110000 77.40900000 -81.77660000
v -50.08320000 77.83360000 -81.77660000
v -49.69570000 78.24010000 -81.77660000
v -49.28920000 78.62760000 -81.77660000
v -48.86460000 78.99550000 -81.77660000
v -48.42250000 79.34300000 -81.77660000
v -47.96380000 79.66930000 -81.77660000
v -47.48910000 79.97380000 -81.77660000
v -46.99910000 80.25570000 -81.77660000
v -46.49470000 80.51430000 -81.77660000
v -45.97650000 80.74870000 -81.77660000
v -45.44540000 80.95840000 -81.77660000
v -44.90190000 81.14250000 -81.77660000
v -44.34690000 81.30030000 -81.77660000
v -43.78120000 81.43100000 -81.77660000
v -43.20540000 81.53400000 -81.77660000
v -42.62020000 81.60850000 -81.77660000
v -42.02650000 81.65370000 -81.77660000
v -41.42500000 81.66900000 -81.77660000
v -40.82340000 81.65370000 -81.77660000
v -40.22970000 81.60850000 -81.77660000
v -39.64460000 81.53400000 -81.77660000
v -39.06870000 81.43100000 -81.77660000
v -38.50300000 81.30030000 -81.77660000
v -37.94800000 81.14250000 -81.77660000
v -37.40460000 80.95840000 -81.77660000
v -36.87340000 80.74870000 -81.77660000
v -36.35520000 80.51430000 -81.77660000
v -35.85080000 80.25570000 -81.77660000
v -35.36090000 79.97380000 -81.77660000
v -34.88610000 79.66930000 -81.77660000
v -34.42740000 79.34300000 -81.77660000
v -33.98530000 78.99550000 -81.77660000
v -33.56070000 78.62760000 -81.77660000
v -33.15430000 78.24010000 -81.77660000
v -32.76670000 77.83360000 -81.77660000
v -32.39880000 77.40900000 -81.77660000
v -32.05130000 76.96690000 -81.77660000
v -31.72500000 76.50820000 -81.77660000
v -31.42050000 76.03340000 -81.77660000
v -31.13860000 75.54350000 -81.77660000
v -30.88000000 75.03910000 -81.77660000
v -30.64560000 74.52090000 -81.77660000
v -30.43590000 73.98970000 -81.77660000
v -30.25180000 73.44630000 -81.77660000
v -30.09400000 72.89130000 -81.77660000
v -29.96330000 72.32560000 -81.77660000
v -29.86030000 71.74970000 -81.77660000
v -29.78580000 71.16460000 -81.77660000
v -29.74060000 70.57090000 -81.77660000
v -29.72530000 69.96930000 -81.77660000
v -29.74060000 69.36780000 -87.77660000
v -29.78580000 68.77410000 -87.77660000
v -29.86030000 68.18890000 -87.77660000
v -29.96330000 67.61310000 -87.77660000
v -30.09400000 67.04740000 -87.77660000
v -30.25180000 66.49240000 -87.77660000
v -30.43590000 65.94890000 -87.77660000
v -30.64560000 65.41780000 -87.77660000
v -30.88000000 64.89960000 -87.77660000
v -31.13860000 64.39520000 -87.77660000
v -31.42050000 63.90520000 -87.77660000
v -31.72500000 63.43050000 -87.77660000
v -32.05130000 62.97180000 -87.77660000
v -32.39880000 62.52970000 -87.77660000
v -32.76670000 62.10510000 -87.77660000
v -33.15430000 61.69860000 -87.77660000
v -33.56070000 61.31110000 -87.77660000
v -33.98530000 60.94320000 -87.77660000
v -34.42740000 60.59570000 -87.77660000
v -34.88610000 60.26940000 -87.77660000
v -35.36090000 59.96490000 -87.77660000
v -35.85080000 59.68300000 -87.77660000
v -36.35520000 59.42440000 -87.77660000
v -36.87340000 59.18990000 -87.77660000
v -37.40460000 58.98030000 -87.77660000
v -37.94800000 58.79620000 -87.77660000
v -38.50300000 58.63840000 -87.77660000
v -39.06880000 58.50760000 -87.77660000
v -39.64460000 58.40470000 -87.77660000
v -40.22970000 58.33020000 -87.77660000
v -40.82340000 58.28500000 -87.77660000
v -41.42500000 58.26970000 -87.77660000
v -42.02650000 58.28500000 -87.77660000
v -42.62020000 58.33020000 -87.77660000
v -43.20540000 58.40470000 -87.77660000
v -43.78120000 58.50760000 -87.77660000
v -44.34690000 58.63840000 -87.77660000
v -44.90190000 58.79620000 -87.77660000
v -45.44540000 58.98030000 -87.77660000
v -45.97650000 59.18990000 -87.77660000
v -46.49470000 59.42440000 -87.77660000
v -46.99910000 59.68300000 -87.77660000
v -47.48910000 59.96490000 -87.77660000
v -47.96380000 60.26940000 -87.77660000
v -48.42250000 60.59570000 -87.77660000
v -48.86460000 60.94320000 -87.77660000
v -49.28920000 61.31110000 -87.77660000
v -49.69570000 61.69860000 -87.77660000
v -50.08320000 62.10510000 -87.77660000
v -50.45110000 62.52970000 -87.77660000
v -50.79860000 62.97180000 -87.77660000
v -51.12500000 63.43050000 -87.77660000
v -51.42950000 63.90520000 -87.77660000
v -51.71130000 64.39520000 -87.77660000
v -51.96990000 64.89960000 -87.77660000
v -52.20440000 65.41780000 -87.77660000
v -52.41400000 65.94900000 -87.77660000
v -52.59810000 66.49240000 -87.77660000
v -52.75590000 67.04740000 -87.77660000
v -52.88670000 67.61310000 -87.77660000
v -52.98970000 68.18890000 -87.77660000
v -53.06410000 68.77410000 -87.77660000
v -53.10940000 69.36780000 -87.77660000
v -53.12460000 69.96930000 -87.77660000
v -53.10940000 70.57090000 -87.77660000
v -53.06410000 71.16460000 -87.77660000
v -52.98970000 71.74970000 -87.77660000
v -52.88670000 72.32560000 -87.77660000
v -52.75590000 72.89130000 -87.77660000
v -52.59810000 73.44630000 -87.77660000
v -52.41400000 73.98970000 -87.77660000
v -52.20440000 74.52090000 -87.77660000
v -51.96990000 75.03910000 -87.77660000
v -51.71130000 75.54350000 -87.77660000
v -51.42950000 76.03340000 -87.77660000
v -51.12500000 76.50820000 -87.77660000
v -50.79860000 76.96690000 -87.77660000
v -50.45110000 77.40900000 -87.77660000
v -50.08320000 77.83360000 -87.77660000
v -49.69570000 78.24010000 -87.77660000
v -49.28920000 78.62760000 -87.77660000
v -48.86460000 78.99550000 -87.77660000
v -48.42250000 79.34300000 -87.77660000
v -47.96380000 79.66930000 -87.77660000
v -47.48910000 79.97380000 -87.77660000
v -46.99910000 80.25570000 -87.77660000
v -46.49470000 80.51430000 -87.77660000
v -45.97650000 80.74870000 -87.77660000
v -45.44540000 80.95840000 -87.77660000
v -44.90190000 81.14250000 -87.77660000
v -44.34690000 81.30030000 -87.77660000
v -43.78120000 81.43100000 -87.77660000
v -43.20540000 81.53400000 -87.77660000
v -42.62020000 81.60850000 -87.77660000
v -42.02650000 81.65370000 -87.77660000
v -41.42500000 81.66900000 -87.77660000
v -40.82340000 81.65370000 -87.77660000
v -40.22970000 81.60850000 -87.77660000
v -39.64460000 81.53400000 -87.77660000
v -39.06870000 81.43100000 -87.77660000
v -38.50300000 81.30030000 -87.77660000
v -37.94800000 81.14250000 -87.77660000
v -37.40460000 80.95840000 -87.77660000
v -36.87340000 80.74870000 -87.77660000
v -36.35520000 80.51430000 -87.77660000
v -35.85080000 80.25570000 -87.77660000
v -35.36090000 79.97380000 -87.77660000
v -34.88610000 79.66930000 -87.77660000
v -34.42740000 79.34300000 -87.77660000
v -33.98530000 78.99550000 -87.77660000
v -33.56070000 78.62760000 -87.77660000
v -33.15430000 78.24010000 -87.77660000
v -32.76670000 77.83360000 -87.77660000
v -32.39880000 77.40900000 -87.77660000
v -32.05130000 76.96690000 -87.77660000
v -31.72500000 76.50820000 -87.77660000
v -31.42050000 76.03340000 -87.77660000
v -31.13860000 75.54350000 -87.77660000
v -30.88000000 75.03910000 -87.77660000
v -30.64560000 74.52090000 -87.77660000
v -30.43590000 73.98970000 -87.77660000
v -30.25180000 73.44630000 -87.77660000
v -30.09400000 72.89130000 -87.77660000
v -29.96330000 72.32560000 -87.77660000
v -29.86030000 71.74970000 -87.77660000
v -29.78580000 71.16460000 -87.77660000
v -29.74060000 70.57090000 -87.77660000
v -29.72530000 69.96930000 -87.77660000
v -31.90340000 63.17400000 -87.77660000
v -50.95410000 63.18450000 -87.77660000
v -50.95410000 63.18450000 -82.77660000
v -31.90340000 63.17400000 -82.77660000
v -50.53180000 62.62850000 -87.77660000
v -50.07780000 62.09910000 -87.77660000
v -49.59360000 61.59780000 -87.77660000
v -49.08050000 61.12580000 -87.77660000
v -48.68840000 60.80060000 -87.77660000
v -48.28220000 60.49240000 -87.77660000
v -47.86250000 60.20170000 -87.77660000
v -47.42980000 59.92910000 -87.77660000
v -46.98470000 59.67510000 -87.77660000
v -46.52770000 59.44040000 -87.77660000
v -46.05930000 59.22540000 -87.77660000
v -45.58020000 59.03070000 -87.77660000
v -45.09080000 58.85680000 -87.77660000
v -44.59180000 58.70430000 -87.77660000
v -44.08360000 58.57380000 -87.77660000
v -43.56690000 58.46580000 -87.77660000
v -43.04210000 58.38080000 -87.77660000
v -42.50980000 58.31950000 -87.77660000
v -41.97060000 58.28220000 -87.77660000
v -40.69490000 58.29220000 -87.77660000
v -39.97660000 58.35870000 -87.77660000
v -39.27150000 58.46800000 -87.77660000
v -38.58080000 58.61860000 -87.77660000
v -37.90600000 58.80940000 -87.77660000
v -37.24820000 59.03890000 -87.77660000
v -36.60890000 59.30580000 -87.77660000
v -35.98930000 59.60890000 -87.77660000
v -35.39090000 59.94670000 -87.77660000
v -34.81480000 60.31800000 -87.77660000
v -34.26250000 60.72140000 -87.77660000
v -33.73520000 61.15560000 -87.77660000
v -33.23440000 61.61930000 -87.77660000
v -32.76120000 62.11110000 -87.77660000
v -32.31710000 62.62980000 -87.77660000
v -50.53180000 62.62850000 -82.77660000
v -50.07780000 62.09910000 -82.77660000
v -49.59360000 61.59780000 -82.77660000
v -49.08050000 61.12580000 -82.77660000
v -48.68840000 60.80060000 -82.77660000
v -48.28220000 60.49240000 -82.77660000
v -47.86250000 60.20170000 -82.77660000
v -47.42980000 59.92910000 -82.77660000
v -46.98470000 59.67510000 -82.77660000
v -46.52770000 59.44040000 -82.77660000
v -46.05930000 59.22540000 -82.77660000
v -45.58020000 59.03070000 -82.77660000
v -45.09080000 58.85680000 -82.77660000
v -44.59180000 58.70430000 -82.77660000
v -44.08360000 58.57380000 -82.77660000
v -43.56690000 58.46580000 -82.77660000
v -43.04210000 58.38080000 -82.77660000
v -42.50980000 58.31950000 -82.77660000
v -41.97060000 58.28220000 -82.77660000
v -41.42500000 58.26970000 -82.77660000
v -40.69490000 58.29220000 -82.77660000
v -39.97660000 58.35870000 -82.77660000
v -39.27150000 58.46800000 -82.77660000
v -38.58080000 58.61860000 -82.77660000
v -37.90600000 58.80940000 -82.77660000
v -37.24820000 59.03890000 -82.77660000
v -36.60890000 59.30580000 -82.77660000
v -35.98930000 59.60890000 -82.77660000
v -35.39090000 59.94670000 -82.77660000
v -34.81480000 60.31800000 -82.77660000
v -34.26250000 60.72140000 -82.77660000
v -33.73520000 61.15560000 -82.77660000
v -33.23440000 61.61930000 -82.77660000
v -32.76120000 62.11110000 -82.77660000
v -32.31710000 62.62980000 -82.77660000
v -1.88080000 87.19880000 -87.77660000
v -1.89730000 87.85180000 -87.77660000
v -1.89730000 87.85180000 -81.77660000
v -1.88080000 87.19880000 -81.77660000
v -1.94640000 88.49620000 -87.77660000
v -1.94640000 88.49620000 -81.77660000
v -2.02730000 89.13140000 -87.77660000
v -2.02730000 89.13140000 -81.77660000
v -2.13910000 89.75640000 -87.77660000
v -2.13910000 89.75640000 -81.77660000
v -2.28100000 90.37060000 -87.77660000
v -2.28100000 90.37060000 -81.77660000
v -2.45230000 90.97300000 -87.77660000
v -2.45230000 90.97300000 -81.77660000
v -2.65210000 91.56290000 -87.77660000
v -2.65210000 91.56290000 -81.77660000
v -2.87970000 92.13940000 -87.77660000
v -2.87970000 92.13940000 -81.77660000
v -3.13420000 92.70190000 -87.77660000
v -3.13420000 92.70190000 -81.77660000
v -3.41480000 93.24940000 -87.77660000
v -3.41480000 93.24940000 -81.77660000
v -3.72080000 93.78130000 -87.77660000
v -3.72080000 93.78130000 -81.77660000
v -4.05140000 94.29650000 -87.77660000
v -4.05140000 94.29650000 -81.77660000
v -4.40560000 94.79450000 -87.77660000
v -4.40560000 94.79450000 -81.77660000
v -4.78280000 95.27440000 -87.77660000
v -4.78280000 95.27440000 -81.77660000
v -5.18210000 95.73530000 -87.77660000
v -5.18210000 95.73530000 -81.77660000
v -5.60280000 96.17650000 -87.77660000
v -5.60280000 96.17650000 -81.77660000
v -5.60280000 78.22120000 -87.77660000
v -5.60280000 78.22120000 -81.77660000
v -5.18210000 78.66240000 -87.77660000
v -5.18210000 78.66240000 -81.77660000
v -4.78280000 79.12330000 -87.77660000
v -4.78280000 79.12330000 -81.77660000
v -4.40560000 79.60310000 -87.77660000
v -4.40560000 79.60310000 -81.77660000
v -4.05140000 80.10110000 -87.77660000
v -4.05140000 80.10110000 -81.77660000
v -3.72080000 80.61640000 -87.77660000
v -3.72080000 80.61640000 -81.77660000
v -3.41480000 81.14820000 -87.77660000
v -3.41480000 81.14820000 -81.77660000
v -3.13420000 81.69580000 -87.77660000
v -3.13420000 81.69570000 -81.77660000
v -2.87970000 82.25820000 -87.77660000
v -2.87970000 82.25820000 -81.77660000
v -2.65210000 82.83480000 -87.77660000
v -2.65210000 82.83480000 -81.77660000
v -2.45230000 83.42470000 -87.77660000
v -2.45230000 83.42470000 -81.77660000
v -2.28100000 84.02710000 -87.77660000
v -2.28100000 84.02710000 -81.77660000
v -2.13910000 84.64120000 -87.77660000
v -2.13910000 84.64120000 -81.77660000
v -2.02730000 85.26630000 -87.77660000
v -2.02730000 85.26630000 -81.77660000
v -1.94640000 85.90140000 -87.77660000
v -1.94640000 85.90140000 -81.77660000
v -1.89730000 86.54590000 -87.77660000
v -1.89730000 86.54590000 -81.77660000
v -6.04400000 96.59710000 -87.77660000
v -6.04400000 96.59710000 -81.77660000
v -6.50490000 96.99650000 -87.77660000
v -6.50490000 96.99650000 -81.77660000
v -6.98480000 97.37370000 -87.77660000
v -6.98480000 97.37360000 -81.77660000
v -7.48270000 97.72790000 -87.77660000
v -7.48270000 97.72790000 -81.77660000
v -7.99800000 98.05840000 -87.77660000
v -7.99800000 98.05840000 -81.77660000
v -8.52980000 98.36440000 -87.77660000
v -8.52980000 98.36440000 -81.77660000
v -9.07740000 98.64510000 -87.77660000
v -9.07740000 98.64510000 -81.77660000
v -9.63980000 98.89960000 -87.77660000
v -9.63980000 98.89960000 -81.77660000
v -10.21640000 99.12720000 -87.77660000
v -10.21640000 99.12720000 -81.77660000
v -10.80630000 99.32700000 -87.77660000
v -10.80630000 99.32700000 -81.77660000
v -11.40870000 99.49830000 -87.77660000
v -11.40870000 99.49830000 -81.77660000
v -12.02280000 99.64020000 -87.77660000
v -12.02280000 99.64020000 -81.77660000
v -12.64790000 99.75200000 -87.77660000
v -12.64790000 99.75200000 -81.77660000
v -13.28300000 99.83290000 -87.77660000
v -13.28300000 99.83280000 -81.77660000
v -13.92750000 99.88190000 -87.77660000
v -13.92750000 99.88190000 -81.77660000
v -14.58050000 99.89850000 -87.77660000
v -14.58050000 99.89850000 -81.77660000
v -15.23340000 99.88190000 -87.77660000
v -15.23340000 99.88190000 -81.77660000
v -15.87790000 99.83290000 -87.77660000
v -15.87790000 99.83280000 -81.77660000
v -16.51300000 99.75200000 -87.77660000
v -16.51300000 99.75200000 -81.77660000
v -17.13810000 99.64020000 -87.77660000
v -17.13810000 99.64020000 -81.77660000
v -17.75220000 99.49830000 -87.77660000
v -17.75220000 99.49830000 -81.77660000
v -18.35460000 99.32700000 -87.77660000
v -18.35460000 99.32700000 -81.77660000
v -18.94450000 99.12720000 -87.77660000
v -18.94450000 99.12720000 -81.77660000
v -19.52110000 98.89960000 -87.77660000
v -19.52110000 98.89960000 -81.77660000
v -20.08350000 98.64510000 -87.77660000
v -20.08350000 98.64510000 -81.77660000
v -20.63110000 98.36440000 -87.77660000
v -20.63110000 98.36440000 -81.77660000
v -21.16290000 98.05840000 -87.77660000
v -21.16290000 98.05840000 -81.77660000
v -21.67820000 97.72790000 -87.77660000
v -21.67820000 97.72790000 -81.77660000
v -22.17610000 97.37360000 -87.77660000
v -22.17610000 97.37360000 -81.77660000
v -22.65600000 96.99650000 -87.77660000
v -22.65600000 96.99650000 -81.77660000
v -23.11690000 96.59710000 -87.77660000
v -23.11690000 96.59710000 -81.77660000
v -23.55810000 96.17650000 -87.77660000
v -23.55810000 96.17650000 -81.77660000
v -23.97880000 95.73530000 -87.77660000
v -23.97880000 95.73530000 -81.77660000
v -24.37810000 95.27440000 -87.77660000
v -24.37810000 95.27440000 -81.77660000
v -24.75530000 94.79450000 -87.77660000
v -24.75530000 94.79450000 -81.77660000
v -25.10950000 94.29650000 -87.77660000
v -25.10950000 94.29650000 -81.77660000
v -25.44010000 93.78130000 -87.77660000
v -25.44010000 93.78130000 -81.77660000
v -25.74610000 93.24940000 -87.77660000
v -25.74610000 93.24940000 -81.77660000
v -26.02670000 92.70190000 -87.77660000
v -26.02670000 92.70190000 -81.77660000
v -26.28120000 92.13940000 -87.77660000
v -26.28120000 92.13940000 -81.77660000
v -26.50880000 91.56290000 -87.77660000
v -26.50880000 91.56290000 -81.77660000
v -26.70860000 90.97300000 -87.77660000
v -26.70860000 90.97300000 -81.77660000
v -26.87990000 90.37060000 -87.77660000
v -26.87990000 90.37060000 -81.77660000
v -27.02180000 89.75640000 -87.77660000
v -27.02180000 89.75640000 -81.77660000
v -27.13360000 89.13140000 -87.77660000
v -27.13360000 89.13140000 -81.77660000
v -27.21450000 88.49620000 -87.77660000
v -27.21450000 88.49620000 -81.77660000
v -27.26360000 87.85180000 -87.77660000
v -27.26360000 87.85180000 -81.77660000
v -27.28010000 87.19880000 -87.77660000
v -27.28010000 87.19880000 -81.77660000
v -27.26360000 86.54590000 -87.77660000
v -27.26360000 86.54590000 -81.77660000
v -27.21450000 85.90140000 -87.77660000
v -27.21450000 85.90140000 -81.77660000
v -27.13360000 85.26630000 -87.77660000
v -27.13360000 85.26630000 -81.77660000
v -27.02180000 84.64120000 -87.77660000
v -27.02180000 84.64120000 -81.77660000
v -26.87990000 84.02710000 -87.77660000
v -26.87990000 84.02710000 -81.77660000
v -26.70860000 83.42470000 -87.77660000
v -26.70860000 83.42470000 -81.77660000
v -26.50880000 82.83480000 -87.77660000
v -26.50880000 82.83480000 -81.77660000
v -26.28120000 82.25820000 -87.77660000
v -26.28120000 82.25820000 -81.77660000
v -26.02670000 81.69570000 -87.77660000
v -26.02670000 81.69570000 -81.77660000
v -25.74610000 81.14820000 -87.77660000
v -25.74610000 81.14820000 -81.77660000
v -25.44010000 80.61640000 -87.77660000
v -25.44010000 80.61640000 -81.77660000
v -25.10950000 80.10110000 -87.77660000
v -25.10950000 80.10110000 -81.77660000
v -24.75530000 79.60310000 -87.77660000
v -24.75530000 79.60310000 -81.77660000
v -24.37810000 79.12330000 -87.77660000
v -24.37810000 79.12330000 -81.77660000
v -23.97880000 78.66240000 -87.77660000
v -23.97880000 78.66240000 -81.77660000
v -23.55810000 78.22120000 -87.77660000
v -23.55810000 78.22120000 -81.77660000
v -23.11690000 77.80050000 -87.77660000
v -23.11690000 77.80050000 -81.77660000
v -22.65600000 77.40120000 -87.77660000
v -22.65600000 77.40120000 -81.77660000
v -22.17610000 77.02400000 -87.77660000
v -22.17610000 77.02400000 -81.77660000
v -21.67820000 76.66970000 -87.77660000
v -21.67820000 76.66970000 -81.77660000
v -21.16290000 76.33920000 -87.77660000
v -21.16290000 76.33920000 -81.77660000
v -20.63110000 76.03320000 -87.77660000
v -20.63110000 76.03320000 -81.77660000
v -20.08350000 75.75260000 -87.77660000
v -20.08350000 75.75260000 -81.77660000
v -19.52110000 75.49800000 -87.77660000
v -19.52110000 75.49800000 -81.77660000
v -18.94450000 75.27050000 -87.77660000
v -18.94450000 75.27050000 -81.77660000
v -18.35460000 75.07060000 -87.77660000
v -18.35460000 75.07060000 -81.77660000
v -17.75220000 74.89940000 -87.77660000
v -17.75220000 74.89940000 -81.77660000
v -17.13810000 74.75740000 -87.77660000
v -17.13810000 74.75740000 -81.77660000
v -16.51300000 74.64560000 -87.77660000
v -16.51300000 74.64560000 -81.77660000
v -15.87790000 74.56480000 -87.77660000
v -15.87790000 74.56480000 -81.77660000
v -15.23340000 74.51570000 -87.77660000
v -15.23340000 74.51570000 -81.77660000
v -14.58050000 74.49920000 -87.77660000
v -14.58050000 74.49920000 -81.77660000
v -13.92750000 74.51570000 -87.77660000
v -13.92750000 74.51570000 -81.77660000
v -13.28300000 74.56480000 -87.77660000
v -13.28300000 74.56480000 -81.77660000
v -12.64790000 74.64560000 -87.77660000
v -12.64790000 74.64560000 -81.77660000
v -12.02280000 74.75740000 -87.77660000
v -12.02280000 74.75740000 -81.77660000
v -11.40870000 74.89940000 -87.77660000
v -11.40870000 74.89940000 -81.77660000
v -10.80630000 75.07060000 -87.77660000
v -10.80630000 75.07060000 -81.77660000
v -10.21640000 75.27050000 -87.77660000
v -10.21640000 75.27050000 -81.77660000
v -9.63980000 75.49800000 -87.77660000
v -9.63980000 75.49800000 -81.77660000
v -9.07740000 75.75260000 -87.77660000
v -9.07740000 75.75260000 -81.77660000
v -8.52980000 76.03320000 -87.77660000
v -8.52980000 76.03320000 -81.77660000
v -7.99800000 76.33920000 -87.77660000
v -7.99800000 76.33920000 -81.77660000
v -7.48270000 76.66970000 -87.77660000
v -7.48270000 76.66970000 -81.77660000
v -6.98480000 77.02400000 -87.77660000
v -6.98480000 77.02400000 -81.77660000
v -6.50490000 77.40120000 -87.77660000
v -6.50490000 77.40120000 -81.77660000
v -6.04400000 77.80050000 -87.77660000
v -6.04400000 77.80050000 -81.77660000
v -2.94130000 86.00360000 -81.77660000
v -2.89610000 86.59730000 -81.77660000
v -3.01580000 85.41840000 -81.77660000
v -3.11880000 84.84260000 -81.77660000
v -3.24950000 84.27680000 -81.77660000
v -3.40730000 83.72190000 -81.77660000
v -3.59140000 83.17840000 -81.77660000
v -3.80110000 82.64720000 -81.77660000
v -4.03550000 82.12910000 -81.77660000
v -4.29410000 81.62470000 -81.77660000
v -4.57600000 81.13470000 -81.77660000
v -4.88050000 80.66000000 -81.77660000
v -5.20680000 80.20120000 -81.77660000
v -5.55430000 79.75920000 -81.77660000
v -5.92220000 79.33460000 -81.77660000
v -6.30970000 78.92810000 -81.77660000
v -6.71620000 78.54060000 -81.77660000
v -7.14080000 78.17270000 -81.77660000
v -7.58290000 77.82520000 -81.77660000
v -8.04160000 77.49880000 -81.77660000
v -8.51630000 77.19430000 -81.77660000
v -9.00630000 76.91240000 -81.77660000
v -9.51070000 76.65390000 -81.77660000
v -10.02890000 76.41940000 -81.77660000
v -10.56010000 76.20980000 -81.77660000
v -11.10350000 76.02570000 -81.77660000
v -11.65850000 75.86790000 -81.77660000
v -12.22420000 75.73710000 -81.77660000
v -12.80010000 75.63410000 -81.77660000
v -13.38520000 75.55970000 -81.77660000
v -13.97890000 75.51440000 -81.77660000
v -14.58050000 75.49920000 -81.77660000
v -15.18200000 75.51440000 -81.77660000
v -15.77570000 75.55970000 -81.77660000
v -16.36090000 75.63410000 -81.77660000
v -16.93670000 75.73710000 -81.77660000
v -17.50240000 75.86790000 -81.77660000
v -18.05740000 76.02570000 -81.77660000
v -18.60090000 76.20980000 -81.77660000
v -19.13200000 76.41940000 -81.77660000
v -19.65020000 76.65390000 -81.77660000
v -20.15460000 76.91240000 -81.77660000
v -20.64460000 77.19430000 -81.77660000
v -21.11930000 77.49880000 -81.77660000
v -21.57800000 77.82520000 -81.77660000
v -22.02010000 78.17270000 -81.77660000
v -22.44470000 78.54060000 -81.77660000
v -22.85120000 78.92810000 -81.77660000
v -23.23870000 79.33460000 -81.77660000
v -23.60660000 79.75920000 -81.77660000
v -23.95410000 80.20120000 -81.77660000
v -24.28040000 80.66000000 -81.77660000
v -24.58490000 81.13470000 -81.77660000
v -24.86680000 81.62470000 -81.77660000
v -25.12540000 82.12910000 -81.77660000
v -25.35990000 82.64720000 -81.77660000
v -25.56950000 83.17840000 -81.77660000
v -25.75360000 83.72190000 -81.77660000
v -25.91140000 84.27680000 -81.77660000
v -26.04220000 84.84260000 -81.77660000
v -26.14510000 85.41840000 -81.77660000
v -26.21960000 86.00360000 -81.77660000
v -26.26480000 86.59730000 -81.77660000
v -26.28010000 87.19880000 -81.77660000
v -26.26480000 87.80040000 -81.77660000
v -26.21960000 88.39410000 -81.77660000
v -26.14510000 88.97920000 -81.77660000
v -26.04220000 89.55500000 -81.77660000
v -25.91140000 90.12080000 -81.77660000
v -25.75360000 90.67580000 -81.77660000
v -25.56950000 91.21920000 -81.77660000
v -25.35990000 91.75040000 -81.77660000
v -25.12540000 92.26860000 -81.77660000
v -24.86680000 92.77300000 -81.77660000
v -24.58490000 93.26290000 -81.77660000
v -24.28040000 93.73760000 -81.77660000
v -23.95410000 94.19640000 -81.77660000
v -23.60660000 94.63850000 -81.77660000
v -23.23870000 95.06310000 -81.77660000
v -22.85120000 95.46950000 -81.77660000
v -22.44470000 95.85710000 -81.77660000
v -22.02010000 96.22490000 -81.77660000
v -21.57800000 96.57240000 -81.77660000
v -21.11930000 96.89880000 -81.77660000
v -20.64460000 97.20330000 -81.77660000
v -20.15460000 97.48520000 -81.77660000
v -19.65020000 97.74380000 -81.77660000
v -19.13200000 97.97820000 -81.77660000
v -18.60080000 98.18790000 -81.77660000
v -18.05740000 98.37200000 -81.77660000
v -17.50240000 98.52980000 -81.77660000
v -16.93670000 98.66050000 -81.77660000
v -16.36080000 98.76350000 -81.77660000
v -15.77570000 98.83800000 -81.77660000
v -15.18200000 98.88320000 -81.77660000
v -14.58040000 98.89850000 -81.77660000
v -13.97890000 98.88320000 -81.77660000
v -13.38520000 98.83800000 -81.77660000
v -12.80010000 98.76350000 -81.77660000
v -12.22420000 98.66050000 -81.77660000
v -11.65850000 98.52980000 -81.77660000
v -11.10350000 98.37200000 -81.77660000
v -10.56010000 98.18790000 -81.77660000
v -10.02890000 97.97820000 -81.77660000
v -9.51070000 97.74380000 -81.77660000
v -9.00630000 97.48520000 -81.77660000
v -8.51630000 97.20330000 -81.77660000
v -8.04160000 96.89880000 -81.77660000
v -7.58290000 96.57240000 -81.77660000
v -7.14080000 96.22490000 -81.77660000
v -6.71620000 95.85710000 -81.77660000
v -6.30970000 95.46950000 -81.77660000
v -5.92220000 95.06310000 -81.77660000
v -5.55430000 94.63850000 -81.77660000
v -5.20680000 94.19640000 -81.77660000
v -4.88050000 93.73760000 -81.77660000
v -4.57600000 93.26290000 -81.77660000
v -4.29410000 92.77300000 -81.77660000
v -4.03550000 92.26860000 -81.77660000
v -3.80110000 91.75040000 -81.77660000
v -3.59140000 91.21920000 -81.77660000
v -3.40730000 90.67580000 -81.77660000
v -3.24950000 90.12080000 -81.77660000
v -3.11880000 89.55500000 -81.77660000
v -3.01580000 88.97920000 -81.77660000
v -2.94130000 88.39410000 -81.77660000
v -2.89610000 87.80040000 -81.77660000
v -2.88080000 87.19880000 -81.77660000
v -2.89610000 86.59730000 -87.77660000
v -2.94130000 86.00360000 -87.77660000
v -3.01580000 85.41840000 -87.77660000
v -3.11880000 84.84260000 -87.77660000
v -3.24950000 84.27680000 -87.77660000
v -3.40730000 83.72190000 -87.77660000
v -3.59140000 83.17840000 -87.77660000
v -3.80110000 82.64720000 -87.77660000
v -4.03550000 82.12910000 -87.77660000
v -4.29410000 81.62470000 -87.77660000
v -4.57600000 81.13470000 -87.77660000
v -4.88050000 80.66000000 -87.77660000
v -5.20680000 80.20120000 -87.77660000
v -5.55430000 79.75920000 -87.77660000
v -5.92220000 79.33460000 -87.77660000
v -6.30970000 78.92810000 -87.77660000
v -6.71620000 78.54060000 -87.77660000
v -7.14080000 78.17270000 -87.77660000
v -7.58290000 77.82520000 -87.77660000
v -8.04160000 77.49880000 -87.77660000
v -8.51630000 77.19430000 -87.77660000
v -9.00630000 76.91240000 -87.77660000
v -9.51070000 76.65390000 -87.77660000
v -10.02890000 76.41940000 -87.77660000
v -10.56010000 76.20980000 -87.77660000
v -11.10350000 76.02570000 -87.77660000
v -11.65850000 75.86790000 -87.77660000
v -12.22420000 75.73710000 -87.77660000
v -12.80010000 75.63410000 -87.77660000
v -13.38520000 75.55970000 -87.77660000
v -13.97890000 75.51440000 -87.77660000
v -14.58050000 75.49920000 -87.77660000
v -15.18200000 75.51440000 -87.77660000
v -15.77570000 75.55970000 -87.77660000
v -16.36090000 75.63410000 -87.77660000
v -16.93670000 75.73710000 -87.77660000
v -17.50240000 75.86790000 -87.77660000
v -18.05740000 76.02570000 -87.77660000
v -18.60090000 76.20980000 -87.77660000
v -19.13200000 76.41940000 -87.77660000
v -19.65020000 76.65390000 -87.77660000
v -20.15460000 76.91240000 -87.77660000
v -20.64460000 77.19430000 -87.77660000
v -21.11930000 77.49880000 -87.77660000
v -21.57800000 77.82520000 -87.77660000
v -22.02010000 78.17270000 -87.77660000
v -22.44470000 78.54060000 -87.77660000
v -22.85120000 78.92810000 -87.77660000
v -23.23870000 79.33460000 -87.77660000
v -23.60660000 79.75920000 -87.77660000
v -23.95410000 80.20120000 -87.77660000
v -24.28040000 80.66000000 -87.77660000
v -24.58490000 81.13470000 -87.77660000
v -24.86680000 81.62470000 -87.77660000
v -25.12540000 82.12910000 -87.77660000
v -25.35990000 82.64720000 -87.77660000
v -25.56950000 83.17840000 -87.77660000
v -25.75360000 83.72190000 -87.77660000
v -25.91140000 84.27680000 -87.77660000
v -26.04220000 84.84260000 -87.77660000
v -26.14510000 85.41840000 -87.77660000
v -26.21960000 86.00360000 -87.77660000
v -26.26480000 86.59730000 -87.77660000
v -26.28010000 87.19880000 -87.77660000
v -26.26480000 87.80040000 -87.77660000
v -26.21960000 88.39410000 -87.77660000
v -26.14510000 88.97920000 -87.77660000
v -26.04220000 89.55500000 -87.77660000
v -25.91140000 90.12080000 -87.77660000
v -25.75360000 90.67580000 -87.77660000
v -25.56950000 91.21920000 -87.77660000
v -25.35990000 91.75040000 -87.77660000
v -25.12540000 92.26860000 -87.77660000
v -24.86680000 92.77300000 -87.77660000
v -24.58490000 93.26290000 -87.77660000
v -24.28040000 93.73760000 -87.77660000
v -23.95410000 94.19640000 -87.77660000
v -23.60660000 94.63850000 -87.77660000
v -23.23870000 95.06310000 -87.77660000
v -22.85120000 95.46950000 -87.77660000
v -22.44470000 95.85710000 -87.77660000
v -22.02010000 96.22500000 -87.77660000
v -21.57800000 96.57240000 -87.77660000
v -21.11930000 96.89880000 -87.77660000
v -20.64460000 97.20330000 -87.77660000
v -20.15460000 97.48520000 -87.77660000
v -19.65020000 97.74380000 -87.77660000
v -19.13200000 97.97820000 -87.77660000
v -18.60080000 98.18790000 -87.77660000
v -18.05740000 98.37200000 -87.77660000
v -17.50240000 98.52980000 -87.77660000
v -16.93670000 98.66050000 -87.77660000
v -16.36080000 98.76350000 -87.77660000
v -15.77570000 98.83800000 -87.77660000
v -15.18200000 98.88320000 -87.77660000
v -14.58040000 98.89850000 -87.77660000
v -13.97890000 98.88320000 -87.77660000
v -13.38520000 98.83800000 -87.77660000
v -12.80010000 98.76350000 -87.77660000
v -12.22420000 98.66050000 -87.77660000
v -11.65850000 98.52980000 -87.77660000
v -11.10350000 98.37200000 -87.77660000
v -10.56010000 98.18790000 -87.77660000
v -10.02890000 97.97820000 -87.77660000
v -9.51070000 97.74380000 -87.77660000
v -9.00630000 97.48520000 -87.77660000
v -8.51630000 97.20330000 -87.77660000
v -8.04160000 96.89880000 -87.77660000
v -7.58290000 96.57240000 -87.77660000
v -7.14080000 96.22490000 -87.77660000
v -6.71620000 95.85710000 -87.77660000
v -6.30970000 95.46950000 -87.77660000
v -5.92220000 95.06310000 -87.77660000
v -5.55430000 94.63850000 -87.77660000
v -5.20680000 94.19640000 -87.77660000
v -4.88050000 93.73760000 -87.77660000
v -4.57600000 93.26290000 -87.77660000
v -4.29410000 92.77300000 -87.77660000
v -4.03550000 92.26860000 -87.77660000
v -3.80110000 91.75040000 -87.77660000
v -3.59140000 91.21920000 -87.77660000
v -3.40730000 90.67580000 -87.77660000
v -3.24950000 90.12080000 -87.77660000
v -3.11880000 89.55500000 -87.77660000
v -3.01580000 88.97920000 -87.77660000
v -2.94130000 88.39410000 -87.77660000
v -2.89610000 87.80040000 -87.77660000
v -2.88080000 87.19880000 -87.77660000
v -5.05890000 80.40340000 -87.77660000
v -24.10950000 80.41400000 -87.77660000
v -24.10950000 80.41400000 -82.77660000
v -5.05890000 80.40340000 -82.77660000
v -23.68730000 79.85800000 -87.77660000
v -23.23330000 79.32860000 -87.77660000
v -22.74910000 78.82730000 -87.77660000
v -22.23600000 78.35530000 -87.77660000
v -21.84390000 78.03010000 -87.77660000
v -21.43770000 77.72180000 -87.77660000
v -21.01800000 77.43110000 -87.77660000
v -20.58530000 77.15850000 -87.77660000
v -20.14020000 76.90460000 -87.77660000
v -19.68320000 76.66980000 -87.77660000
v -19.21480000 76.45480000 -87.77660000
v -18.73570000 76.26010000 -87.77660000
v -18.24630000 76.08630000 -87.77660000
v -17.74730000 75.93380000 -87.77660000
v -17.23910000 75.80330000 -87.77660000
v -16.72230000 75.69530000 -87.77660000
v -16.19750000 75.61030000 -87.77660000
v -15.66530000 75.54890000 -87.77660000
v -15.12610000 75.51170000 -87.77660000
v -13.85040000 75.52170000 -87.77660000
v -13.13210000 75.58820000 -87.77660000
v -12.42700000 75.69740000 -87.77660000
v -11.73630000 75.84810000 -87.77660000
v -11.06150000 76.03890000 -87.77660000
v -10.40370000 76.26840000 -87.77660000
v -9.76440000 76.53530000 -87.77660000
v -9.14480000 76.83830000 -87.77660000
v -8.54630000 77.17620000 -87.77660000
v -7.97030000 77.54740000 -87.77660000
v -7.41800000 77.95080000 -87.77660000
v -6.89070000 78.38500000 -87.77660000
v -6.38990000 78.84870000 -87.77660000
v -5.91670000 79.34060000 -87.77660000
v -5.47260000 79.85930000 -87.77660000
v -23.68730000 79.85800000 -82.77660000
v -23.23330000 79.32860000 -82.77660000
v -22.74910000 78.82730000 -82.77660000
v -22.23600000 78.35530000 -82.77660000
v -21.84390000 78.03010000 -82.77660000
v -21.43770000 77.72180000 -82.77660000
v -21.01800000 77.43110000 -82.77660000
v -20.58530000 77.15850000 -82.77660000
v -20.14020000 76.90460000 -82.77660000
v -19.68320000 76.66980000 -82.77660000
v -19.21480000 76.45480000 -82.77660000
v -18.73570000 76.26010000 -82.77660000
v -18.24630000 76.08630000 -82.77660000
v -17.74730000 75.93380000 -82.77660000
v -17.23910000 75.80330000 -82.77660000
v -16.72230000 75.69530000 -82.77660000
v -16.19750000 75.61030000 -82.77660000
v -15.66530000 75.54890000 -82.77660000
v -15.12610000 75.51170000 -82.77660000
v -14.58050000 75.49920000 -82.77660000
v -13.85040000 75.52170000 -82.77660000
v -13.13210000 75.58820000 -82.77660000
v -12.42700000 75.69740000 -82.77660000
v -11.73630000 75.84810000 -82.77660000
v -11.06150000 76.03890000 -82.77660000
v -10.40370000 76.26840000 -82.77660000
v -9.76440000 76.53530000 -82.77660000
v -9.14480000 76.83830000 -82.77660000
v -8.54630000 77.17620000 -82.77660000
v -7.97030000 77.54740000 -82.77660000
v -7.41800000 77.95080000 -82.77660000
v -6.89070000 78.38500000 -82.77660000
v -6.38990000 78.84870000 -82.77660000
v -5.91670000 79.34060000 -82.77660000
v -5.47260000 79.85930000 -82.77660000
v 24.10500000 69.96930000 -87.77660000
v 24.08850000 70.62230000 -87.77660000
v 24.08850000 70.62230000 -81.77660000
v 24.10500000 69.96930000 -81.77660000
v 24.03940000 71.26680000 -87.77660000
v 24.03940000 71.26680000 -81.77660000
v 23.95850000 71.90190000 -87.77660000
v 23.95850000 71.90190000 -81.77660000
v 23.84680000 72.52700000 -87.77660000
v 23.84680000 72.52700000 -81.77660000
v 23.70480000 73.14110000 -87.77660000
v 23.70480000 73.14110000 -81.77660000
v 23.53350000 73.74350000 -87.77660000
v 23.53350000 73.74350000 -81.77660000
v 23.33370000 74.33340000 -87.77660000
v 23.33370000 74.33340000 -81.77660000
v 23.10610000 74.91000000 -87.77660000
v 23.10610000 74.91000000 -81.77660000
v 22.85160000 75.47240000 -87.77660000
v 22.85160000 75.47240000 -81.77660000
v 22.57100000 76.02000000 -87.77660000
v 22.57100000 76.02000000 -81.77660000
v 22.26500000 76.55180000 -87.77660000
v 22.26500000 76.55180000 -81.77660000
v 21.93450000 77.06710000 -87.77660000
v 21.93450000 77.06710000 -81.77660000
v 21.58020000 77.56500000 -87.77660000
v 21.58020000 77.56500000 -81.77660000
v 21.20300000 78.04490000 -87.77660000
v 21.20300000 78.04490000 -81.77660000
v 20.80370000 78.50580000 -87.77660000
v 20.80370000 78.50580000 -81.77660000
v 20.38300000 78.94700000 -87.77660000
v 20.38300000 78.94700000 -81.77660000
v 20.38300000 60.99170000 -87.77660000
v 20.38300000 60.99170000 -81.77660000
v 20.80370000 61.43290000 -87.77660000
v 20.80370000 61.43290000 -81.77660000
v 21.20300000 61.89380000 -87.77660000
v 21.20300000 61.89380000 -81.77660000
v 21.58020000 62.37370000 -87.77660000
v 21.58020000 62.37370000 -81.77660000
v 21.93450000 62.87160000 -87.77660000
v 21.93450000 62.87160000 -81.77660000
v 22.26500000 63.38690000 -87.77660000
v 22.26500000 63.38690000 -81.77660000
v 22.57100000 63.91870000 -87.77660000
v 22.57100000 63.91870000 -81.77660000
v 22.85160000 64.46630000 -87.77660000
v 22.85160000 64.46630000 -81.77660000
v 23.10610000 65.02870000 -87.77660000
v 23.10610000 65.02870000 -81.77660000
v 23.33370000 65.60530000 -87.77660000
v 23.33370000 65.60530000 -81.77660000
v 23.53350000 66.19520000 -87.77660000
v 23.53350000 66.19520000 -81.77660000
v 23.70480000 66.79760000 -87.77660000
v 23.70480000 66.79760000 -81.77660000
v 23.84680000 67.41170000 -87.77660000
v 23.84680000 67.41170000 -81.77660000
v 23.95850000 68.03680000 -87.77660000
v 23.95850000 68.03680000 -81.77660000
v 24.03940000 68.67190000 -87.77660000
v 24.03940000 68.67190000 -81.77660000
v 24.08850000 69.31640000 -87.77660000
v 24.08850000 69.31640000 -81.77660000
v 19.94180000 79.36770000 -87.77660000
v 19.94180000 79.36770000 -81.77660000
v 19.48090000 79.76700000 -87.77660000
v 19.48090000 79.76700000 -81.77660000
v 19.00100000 80.14420000 -87.77660000
v 19.00100000 80.14420000 -81.77660000
v 18.50310000 80.49840000 -87.77660000
v 18.50310000 80.49840000 -81.77660000
v 17.98780000 80.82900000 -87.77660000
v 17.98780000 80.82900000 -81.77660000
v 17.45600000 81.13500000 -87.77660000
v 17.45600000 81.13500000 -81.77660000
v 16.90840000 81.41560000 -87.77660000
v 16.90840000 81.41560000 -81.77660000
v 16.34600000 81.67010000 -87.77660000
v 16.34600000 81.67010000 -81.77660000
v 15.76940000 81.89770000 -87.77660000
v 15.76940000 81.89770000 -81.77660000
v 15.17950000 82.09750000 -87.77660000
v 15.17950000 82.09750000 -81.77660000
v 14.57710000 82.26880000 -87.77660000
v 14.57710000 82.26880000 -81.77660000
v 13.96300000 82.41070000 -87.77660000
v 13.96300000 82.41070000 -81.77660000
v 13.33790000 82.52250000 -87.77660000
v 13.33790000 82.52250000 -81.77660000
v 12.70280000 82.60340000 -87.77660000
v 12.70280000 82.60340000 -81.77660000
v 12.05830000 82.65250000 -87.77660000
v 12.05830000 82.65250000 -81.77660000
v 11.40540000 82.66900000 -87.77660000
v 11.40540000 82.66900000 -81.77660000
v 10.75240000 82.65250000 -87.77660000
v 10.75240000 82.65250000 -81.77660000
v 10.10790000 82.60340000 -87.77660000
v 10.10790000 82.60340000 -81.77660000
v 9.47280000 82.52250000 -87.77660000
v 9.47280000 82.52250000 -81.77660000
v 8.84770000 82.41070000 -87.77660000
v 8.84770000 82.41070000 -81.77660000
v 8.23360000 82.26880000 -87.77660000
v 8.23360000 82.26880000 -81.77660000
v 7.63120000 82.09750000 -87.77660000
v 7.63120000 82.09750000 -81.77660000
v 7.04130000 81.89770000 -87.77660000
v 7.04130000 81.89770000 -81.77660000
v 6.46470000 81.67010000 -87.77660000
v 6.46470000 81.67010000 -81.77660000
v 5.90230000 81.41560000 -87.77660000
v 5.90230000 81.41560000 -81.77660000
v 5.35470000 81.13500000 -87.77660000
v 5.35470000 81.13500000 -81.77660000
v 4.82290000 80.82900000 -87.77660000
v 4.82290000 80.82900000 -81.77660000
v 4.30760000 80.49840000 -87.77660000
v 4.30760000 80.49840000 -81.77660000
v 3.80970000 80.14420000 -87.77660000
v 3.80970000 80.14420000 -81.77660000
v 3.32980000 79.76700000 -87.77660000
v 3.32980000 79.76700000 -81.77660000
v 2.86890000 79.36770000 -87.77660000
v 2.86890000 79.36760000 -81.77660000
v 2.42770000 78.94700000 -87.77660000
v 2.42770000 78.94700000 -81.77660000
v 2.00710000 78.50580000 -87.77660000
v 2.00710000 78.50580000 -81.77660000
v 1.60770000 78.04490000 -87.77660000
v 1.60770000 78.04490000 -81.77660000
v 1.23050000 77.56500000 -87.77660000
v 1.23050000 77.56500000 -81.77660000
v 0.87630000 77.06710000 -87.77660000
v 0.87630000 77.06710000 -81.77660000
v 0.54570000 76.55180000 -87.77660000
v 0.54570000 76.55180000 -81.77660000
v 0.23970000 76.02000000 -87.77660000
v 0.23970000 76.02000000 -81.77660000
v -0.04090000 75.47240000 -87.77660000
v -0.04090000 75.47240000 -81.77660000
v -0.29540000 74.91000000 -87.77660000
v -0.29540000 74.91000000 -81.77660000
v -0.52300000 74.33340000 -87.77660000
v -0.52300000 74.33340000 -81.77660000
v -0.72280000 73.74350000 -87.77660000
v -0.72280000 73.74350000 -81.77660000
v -0.89410000 73.14110000 -87.77660000
v -0.89410000 73.14110000 -81.77660000
v -1.03600000 72.52700000 -87.77660000
v -1.03600000 72.52700000 -81.77660000
v -1.14780000 71.90190000 -87.77660000
v -1.14780000 71.90190000 -81.77660000
v -1.22870000 71.26680000 -87.77660000
v -1.22870000 71.26680000 -81.77660000
v -1.27780000 70.62230000 -87.77660000
v -1.27780000 70.62230000 -81.77660000
v -1.29430000 69.96930000 -87.77660000
v -1.29430000 69.96930000 -81.77660000
v -1.27780000 69.31640000 -87.77660000
v -1.27780000 69.31640000 -81.77660000
v -1.22870000 68.67190000 -87.77660000
v -1.22870000 68.67190000 -81.77660000
v -1.14780000 68.03680000 -87.77660000
v -1.14780000 68.03680000 -81.77660000
v -1.03600000 67.41170000 -87.77660000
v -1.03600000 67.41170000 -81.77660000
v -0.89410000 66.79760000 -87.77660000
v -0.89410000 66.79760000 -81.77660000
v -0.72280000 66.19520000 -87.77660000
v -0.72280000 66.19520000 -81.77660000
v -0.52300000 65.60530000 -87.77660000
v -0.52300000 65.60530000 -81.77660000
v -0.29540000 65.02870000 -87.77660000
v -0.29540000 65.02870000 -81.77660000
v -0.04090000 64.46630000 -87.77660000
v -0.04090000 64.46630000 -81.77660000
v 0.23970000 63.91870000 -87.77660000
v 0.23970000 63.91870000 -81.77660000
v 0.54570000 63.38690000 -87.77660000
v 0.54570000 63.38690000 -81.77660000
v 0.87630000 62.87160000 -87.77660000
v 0.87630000 62.87160000 -81.77660000
v 1.23050000 62.37370000 -87.77660000
v 1.23050000 62.37360000 -81.77660000
v 1.60770000 61.89380000 -87.77660000
v 1.60770000 61.89380000 -81.77660000
v 2.00710000 61.43290000 -87.77660000
v 2.00710000 61.43290000 -81.77660000
v 2.42770000 60.99170000 -87.77660000
v 2.42770000 60.99170000 -81.77660000
v 2.86890000 60.57100000 -87.77660000
v 2.86890000 60.57100000 -81.77660000
v 3.32980000 60.17170000 -87.77660000
v 3.32980000 60.17170000 -81.77660000
v 3.80970000 59.79450000 -87.77660000
v 3.80970000 59.79450000 -81.77660000
v 4.30760000 59.44030000 -87.77660000
v 4.30760000 59.44030000 -81.77660000
v 4.82290000 59.10970000 -87.77660000
v 4.82290000 59.10970000 -81.77660000
v 5.35470000 58.80370000 -87.77660000
v 5.35470000 58.80370000 -81.77660000
v 5.90230000 58.52310000 -87.77660000
v 5.90230000 58.52310000 -81.77660000
v 6.46470000 58.26860000 -87.77660000
v 6.46470000 58.26860000 -81.77660000
v 7.04130000 58.04100000 -87.77660000
v 7.04130000 58.04100000 -81.77660000
v 7.63120000 57.84120000 -87.77660000
v 7.63120000 57.84120000 -81.77660000
v 8.23360000 57.66990000 -87.77660000
v 8.23360000 57.66990000 -81.77660000
v 8.84770000 57.52800000 -87.77660000
v 8.84770000 57.52800000 -81.77660000
v 9.47280000 57.41620000 -87.77660000
v 9.47280000 57.41620000 -81.77660000
v 10.10790000 57.33530000 -87.77660000
v 10.10790000 57.33530000 -81.77660000
v 10.75240000 57.28620000 -87.77660000
v 10.75240000 57.28620000 -81.77660000
v 11.40540000 57.26970000 -87.77660000
v 11.40540000 57.26970000 -81.77660000
v 12.05830000 57.28620000 -87.77660000
v 12.05830000 57.28620000 -81.77660000
v 12.70280000 57.33530000 -87.77660000
v 12.70280000 57.33530000 -81.77660000
v 13.33790000 57.41620000 -87.77660000
v 13.33790000 57.41620000 -81.77660000
v 13.96300000 57.52800000 -87.77660000
v 13.96300000 57.52800000 -81.77660000
v 14.57710000 57.66990000 -87.77660000
v 14.57710000 57.66990000 -81.77660000
v 15.17950000 57.84120000 -87.77660000
v 15.17950000 57.84120000 -81.77660000
v 15.76940000 58.04100000 -87.77660000
v 15.76940000 58.04100000 -81.77660000
v 16.34600000 58.26860000 -87.77660000
v 16.34600000 58.26860000 -81.77660000
v 16.90840000 58.52310000 -87.77660000
v 16.90840000 58.52310000 -81.77660000
v 17.45600000 58.80370000 -87.77660000
v 17.45600000 58.80370000 -81.77660000
v 17.98780000 59.10970000 -87.77660000
v 17.98780000 59.10970000 -81.77660000
v 18.50310000 59.44030000 -87.77660000
v 18.50310000 59.44030000 -81.77660000
v 19.00100000 59.79450000 -87.77660000
v 19.00100000 59.79450000 -81.77660000
v 19.48090000 60.17170000 -87.77660000
v 19.48090000 60.17170000 -81.77660000
v 19.94180000 60.57100000 -87.77660000
v 19.94180000 60.57100000 -81.77660000
v 23.04450000 68.77410000 -81.77660000
v 23.08980000 69.36780000 -81.77660000
v 22.97000000 68.18890000 -81.77660000
v 22.86710000 67.61310000 -81.77660000
v 22.73630000 67.04740000 -81.77660000
v 22.57850000 66.49240000 -81.77660000
v 22.39440000 65.94890000 -81.77660000
v 22.18480000 65.41780000 -81.77660000
v 21.95030000 64.89960000 -81.77660000
v 21.69170000 64.39520000 -81.77660000
v 21.40980000 63.90520000 -81.77660000
v 21.10530000 63.43050000 -81.77660000
v 20.77900000 62.97180000 -81.77660000
v 20.43150000 62.52970000 -81.77660000
v 20.06360000 62.10510000 -81.77660000
v 19.67610000 61.69860000 -81.77660000
v 19.26960000 61.31110000 -81.77660000
v 18.84500000 60.94320000 -81.77660000
v 18.40290000 60.59570000 -81.77660000
v 17.94420000 60.26940000 -81.77660000
v 17.46950000 59.96490000 -81.77660000
v 16.97950000 59.68300000 -81.77660000
v 16.47510000 59.42440000 -81.77660000
v 15.95690000 59.18990000 -81.77660000
v 15.42580000 58.98030000 -81.77660000
v 14.88230000 58.79620000 -81.77660000
v 14.32730000 58.63840000 -81.77660000
v 13.76160000 58.50760000 -81.77660000
v 13.18580000 58.40470000 -81.77660000
v 12.60060000 58.33020000 -81.77660000
v 12.00690000 58.28500000 -81.77660000
v 11.40540000 58.26970000 -81.77660000
v 10.80380000 58.28500000 -81.77660000
v 10.21010000 58.33020000 -81.77660000
v 9.62500000 58.40470000 -81.77660000
v 9.04910000 58.50760000 -81.77660000
v 8.48340000 58.63840000 -81.77660000
v 7.92840000 58.79620000 -81.77660000
v 7.38500000 58.98030000 -81.77660000
v 6.85380000 59.18990000 -81.77660000
v 6.33560000 59.42440000 -81.77660000
v 5.83120000 59.68300000 -81.77660000
v 5.34130000 59.96490000 -81.77660000
v 4.86650000 60.26940000 -81.77660000
v 4.40780000 60.59570000 -81.77660000
v 3.96570000 60.94320000 -81.77660000
v 3.54110000 61.31110000 -81.77660000
v 3.13460000 61.69860000 -81.77660000
v 2.74710000 62.10510000 -81.77660000
v 2.37920000 62.52970000 -81.77660000
v 2.03170000 62.97180000 -81.77660000
v 1.70540000 63.43050000 -81.77660000
v 1.40090000 63.90520000 -81.77660000
v 1.11900000 64.39520000 -81.77660000
v 0.86040000 64.89960000 -81.77660000
v 0.62600000 65.41780000 -81.77660000
v 0.41630000 65.94900000 -81.77660000
v 0.23220000 66.49240000 -81.77660000
v 0.07440000 67.04740000 -81.77660000
v -0.05630000 67.61310000 -81.77660000
v -0.15930000 68.18890000 -81.77660000
v -0.23380000 68.77410000 -81.77660000
v -0.27900000 69.36780000 -81.77660000
v -0.29430000 69.96930000 -81.77660000
v -0.27900000 70.57090000 -81.77660000
v -0.23380000 71.16460000 -81.77660000
v -0.15930000 71.74970000 -81.77660000
v -0.05630000 72.32560000 -81.77660000
v 0.07440000 72.89130000 -81.77660000
v 0.23220000 73.44630000 -81.77660000
v 0.41630000 73.98970000 -81.77660000
v 0.62600000 74.52090000 -81.77660000
v 0.86040000 75.03910000 -81.77660000
v 1.11900000 75.54350000 -81.77660000
v 1.40090000 76.03340000 -81.77660000
v 1.70540000 76.50820000 -81.77660000
v 2.03170000 76.96690000 -81.77660000
v 2.37920000 77.40900000 -81.77660000
v 2.74710000 77.83360000 -81.77660000
v 3.13460000 78.24010000 -81.77660000
v 3.54110000 78.62760000 -81.77660000
v 3.96570000 78.99550000 -81.77660000
v 4.40780000 79.34300000 -81.77660000
v 4.86650000 79.66930000 -81.77660000
v 5.34130000 79.97380000 -81.77660000
v 5.83120000 80.25570000 -81.77660000
v 6.33560000 80.51430000 -81.77660000
v 6.85380000 80.74870000 -81.77660000
v 7.38500000 80.95840000 -81.77660000
v 7.92840000 81.14250000 -81.77660000
v 8.48340000 81.30030000 -81.77660000
v 9.04910000 81.43100000 -81.77660000
v 9.62500000 81.53400000 -81.77660000
v 10.21010000 81.60850000 -81.77660000
v 10.80380000 81.65370000 -81.77660000
v 11.40540000 81.66900000 -81.77660000
v 12.00690000 81.65370000 -81.77660000
v 12.60060000 81.60850000 -81.77660000
v 13.18580000 81.53400000 -81.77660000
v 13.76160000 81.43100000 -81.77660000
v 14.32730000 81.30030000 -81.77660000
v 14.88230000 81.14250000 -81.77660000
v 15.42580000 80.95840000 -81.77660000
v 15.95690000 80.74870000 -81.77660000
v 16.47510000 80.51430000 -81.77660000
v 16.97950000 80.25570000 -81.77660000
v 17.46950000 79.97380000 -81.77660000
v 17.94420000 79.66930000 -81.77660000
v 18.40290000 79.34300000 -81.77660000
v 18.84500000 78.99550000 -81.77660000
v 19.26960000 78.62760000 -81.77660000
v 19.67610000 78.24010000 -81.77660000
v 20.06360000 77.83360000 -81.77660000
v 20.43150000 77.40900000 -81.77660000
v 20.77900000 76.96690000 -81.77660000
v 21.10530000 76.50820000 -81.77660000
v 21.40980000 76.03340000 -81.77660000
v 21.69170000 75.54350000 -81.77660000
v 21.95030000 75.03910000 -81.77660000
v 22.18480000 74.52090000 -81.77660000
v 22.39440000 73.98970000 -81.77660000
v 22.57850000 73.44630000 -81.77660000
v 22.73630000 72.89130000 -81.77660000
v 22.86710000 72.32560000 -81.77660000
v 22.97000000 71.74970000 -81.77660000
v 23.04450000 71.16460000 -81.77660000
v 23.08980000 70.57090000 -81.77660000
v 23.10500000 69.96930000 -81.77660000
v 23.08980000 69.36780000 -87.77660000
v 23.04450000 68.77410000 -87.77660000
v 22.97000000 68.18890000 -87.77660000
v 22.86710000 67.61310000 -87.77660000
v 22.73630000 67.04740000 -87.77660000
v 22.57850000 66.49240000 -87.77660000
v 22.39440000 65.94890000 -87.77660000
v 22.18480000 65.41780000 -87.77660000
v 21.95030000 64.89960000 -87.77660000
v 21.69170000 64.39520000 -87.77660000
v 21.40980000 63.90520000 -87.77660000
v 21.10530000 63.43050000 -87.77660000
v 20.77900000 62.97180000 -87.77660000
v 20.43150000 62.52970000 -87.77660000
v 20.06360000 62.10510000 -87.77660000
v 19.67610000 61.69860000 -87.77660000
v 19.26960000 61.31110000 -87.77660000
v 18.84500000 60.94320000 -87.77660000
v 18.40290000 60.59570000 -87.77660000
v 17.94420000 60.26940000 -87.77660000
v 17.46950000 59.96490000 -87.77660000
v 16.97950000 59.68300000 -87.77660000
v 16.47510000 59.42440000 -87.77660000
v 15.95690000 59.18990000 -87.77660000
v 15.42580000 58.98030000 -87.77660000
v 14.88230000 58.79620000 -87.77660000
v 14.32730000 58.63840000 -87.77660000
v 13.76160000 58.50760000 -87.77660000
v 13.18580000 58.40470000 -87.77660000
v 12.60060000 58.33020000 -87.77660000
v 12.00690000 58.28500000 -87.77660000
v 11.40540000 58.26970000 -87.77660000
v 10.80380000 58.28500000 -87.77660000
v 10.21010000 58.33020000 -87.77660000
v 9.62500000 58.40470000 -87.77660000
v 9.04910000 58.50760000 -87.77660000
v 8.48340000 58.63840000 -87.77660000
v 7.92840000 58.79620000 -87.77660000
v 7.38500000 58.98030000 -87.77660000
v 6.85380000 59.18990000 -87.77660000
v 6.33560000 59.42440000 -87.77660000
v 5.83120000 59.68300000 -87.77660000
v 5.34130000 59.96490000 -87.77660000
v 4.86650000 60.26940000 -87.77660000
v 4.40780000 60.59570000 -87.77660000
v 3.96570000 60.94320000 -87.77660000
v 3.54110000 61.31110000 -87.77660000
v 3.13460000 61.69860000 -87.77660000
v 2.74710000 62.10510000 -87.77660000
v 2.37920000 62.52970000 -87.77660000
v 2.03170000 62.97180000 -87.77660000
v 1.70540000 63.43050000 -87.77660000
v 1.40090000 63.90520000 -87.77660000
v 1.11900000 64.39520000 -87.77660000
v 0.86040000 64.89960000 -87.77660000
v 0.62600000 65.41780000 -87.77660000
v 0.41630000 65.94900000 -87.77660000
v 0.23220000 66.49240000 -87.77660000
v 0.07440000 67.04740000 -87.77660000
v -0.05630000 67.61310000 -87.77660000
v -0.15930000 68.18890000 -87.77660000
v -0.23380000 68.77410000 -87.77660000
v -0.27900000 69.36780000 -87.77660000
v -0.29430000 69.96930000 -87.77660000
v -0.27900000 70.57090000 -87.77660000
v -0.23380000 71.16460000 -87.77660000
v -0.15930000 71.74970000 -87.77660000
v -0.05630000 72.32560000 -87.77660000
v 0.07440000 72.89130000 -87.77660000
v 0.23220000 73.44630000 -87.77660000
v 0.41630000 73.98970000 -87.77660000
v 0.62600000 74.52090000 -87.77660000
v 0.86040000 75.03910000 -87.77660000
v 1.11900000 75.54350000 -87.77660000
v 1.40090000 76.03340000 -87.77660000
v 1.70540000 76.50820000 -87.77660000
v 2.03170000 76.96690000 -87.77660000
v 2.37920000 77.40900000 -87.77660000
v 2.74710000 77.83360000 -87.77660000
v 3.13460000 78.24010000 -87.77660000
v 3.54110000 78.62760000 -87.77660000
v 3.96570000 78.99550000 -87.77660000
v 4.40780000 79.34300000 -87.77660000
v 4.86650000 79.66930000 -87.77660000
v 5.34130000 79.97380000 -87.77660000
v 5.83120000 80.25570000 -87.77660000
v 6.33560000 80.51430000 -87.77660000
v 6.85380000 80.74870000 -87.77660000
v 7.38500000 80.95840000 -87.77660000
v 7.92840000 81.14250000 -87.77660000
v 8.48340000 81.30030000 -87.77660000
v 9.04910000 81.43100000 -87.77660000
v 9.62500000 81.53400000 -87.77660000
v 10.21010000 81.60850000 -87.77660000
v 10.80380000 81.65370000 -87.77660000
v 11.40540000 81.66900000 -87.77660000
v 12.00690000 81.65370000 -87.77660000
v 12.60060000 81.60850000 -87.77660000
v 13.18580000 81.53400000 -87.77660000
v 13.76160000 81.43100000 -87.77660000
v 14.32730000 81.30030000 -87.77660000
v 14.88230000 81.14250000 -87.77660000
v 15.42580000 80.95840000 -87.77660000
v 15.95690000 80.74870000 -87.77660000
v 16.47510000 80.51430000 -87.77660000
v 16.97950000 80.25570000 -87.77660000
v 17.46950000 79.97380000 -87.77660000
v 17.94420000 79.66930000 -87.77660000
v 18.40290000 79.34300000 -87.77660000
v 18.84500000 78.99550000 -87.77660000
v 19.26960000 78.62760000 -87.77660000
v 19.67610000 78.24010000 -87.77660000
v 20.06360000 77.83360000 -87.77660000
v 20.43150000 77.40900000 -87.77660000
v 20.77900000 76.96690000 -87.77660000
v 21.10530000 76.50820000 -87.77660000
v 21.40980000 76.03340000 -87.77660000
v 21.69170000 75.54350000 -87.77660000
v 21.95030000 75.03910000 -87.77660000
v 22.18480000 74.52090000 -87.77660000
v 22.39440000 73.98970000 -87.77660000
v 22.57850000 73.44630000 -87.77660000
v 22.73630000 72.89130000 -87.77660000
v 22.86710000 72.32560000 -87.77660000
v 22.97000000 71.74970000 -87.77660000
v 23.04450000 71.16460000 -87.77660000
v 23.08980000 70.57090000 -87.77660000
v 23.10500000 69.96930000 -87.77660000
v 20.92690000 63.17400000 -87.77660000
v 1.87630000 63.18450000 -87.77660000
v 1.87630000 63.18450000 -82.77660000
v 20.92690000 63.17400000 -82.77660000
v 2.29850000 62.62850000 -87.77660000
v 2.75250000 62.09910000 -87.77660000
v 3.23670000 61.59780000 -87.77660000
v 3.74980000 61.12580000 -87.77660000
v 4.14190000 60.80060000 -87.77660000
v 4.54810000 60.49240000 -87.77660000
v 4.96780000 60.20170000 -87.77660000
v 5.40050000 59.92910000 -87.77660000
v 5.84560000 59.67510000 -87.77660000
v 6.30260000 59.44040000 -87.77660000
v 6.77100000 59.22540000 -87.77660000
v 7.25010000 59.03070000 -87.77660000
v 7.73950000 58.85680000 -87.77660000
v 8.23850000 58.70430000 -87.77660000
v 8.74670000 58.57380000 -87.77660000
v 9.26350000 58.46580000 -87.77660000
v 9.78830000 58.38080000 -87.77660000
v 10.32050000 58.31950000 -87.77660000
v 10.85980000 58.28220000 -87.77660000
v 12.13540000 58.29220000 -87.77660000
v 12.85370000 58.35870000 -87.77660000
v 13.55880000 58.46800000 -87.77660000
v 14.24950000 58.61860000 -87.77660000
v 14.92440000 58.80940000 -87.77660000
v 15.58210000 59.03890000 -87.77660000
v 16.22140000 59.30580000 -87.77660000
v 16.84100000 59.60890000 -87.77660000
v 17.43950000 59.94670000 -87.77660000
v 18.01550000 60.31800000 -87.77660000
v 18.56780000 60.72140000 -87.77660000
v 19.09510000 61.15560000 -87.77660000
v 19.59590000 61.61930000 -87.77660000
v 20.06910000 62.11110000 -87.77660000
v 20.51320000 62.62980000 -87.77660000
v 2.29850000 62.62850000 -82.77660000
v 2.75250000 62.09910000 -82.77660000
v 3.23670000 61.59780000 -82.77660000
v 3.74980000 61.12580000 -82.77660000
v 4.14190000 60.80060000 -82.77660000
v 4.54810000 60.49240000 -82.77660000
v 4.96780000 60.20170000 -82.77660000
v 5.40050000 59.92910000 -82.77660000
v 5.84560000 59.67510000 -82.77660000
v 6.30260000 59.44040000 -82.77660000
v 6.77100000 59.22540000 -82.77660000
v 7.25010000 59.03070000 -82.77660000
v 7.73950000 58.85680000 -82.77660000
v 8.23850000 58.70430000 -82.77660000
v 8.74670000 58.57380000 -82.77660000
v 9.26350000 58.46580000 -82.77660000
v 9.78830000 58.38080000 -82.77660000
v 10.32050000 58.31950000 -82.77660000
v 10.85980000 58.28220000 -82.77660000
v 11.40540000 58.26970000 -82.77660000
v 12.13540000 58.29220000 -82.77660000
v 12.85370000 58.35870000 -82.77660000
v 13.55880000 58.46800000 -82.77660000
v 14.24950000 58.61860000 -82.77660000
v 14.92440000 58.80940000 -82.77660000
v 15.58210000 59.03890000 -82.77660000
v 16.22140000 59.30580000 -82.77660000
v 16.84100000 59.60890000 -82.77660000
v 17.43950000 59.94670000 -82.77660000
v 18.01550000 60.31800000 -82.77660000
v 18.56780000 60.72140000 -82.77660000
v 19.09510000 61.15560000 -82.77660000
v 19.59590000 61.61930000 -82.77660000
v 20.06910000 62.11110000 -82.77660000
v 20.51320000 62.62980000 -82.77660000
v 50.94950000 87.19880000 -87.77660000
v 50.93300000 87.85180000 -87.77660000
v 50.93300000 87.85180000 -81.77660000
v 50.94950000 87.19880000 -81.77660000
v 50.88390000 88.49620000 -87.77660000
v 50.88390000 88.49620000 -81.77660000
v 50.80310000 89.13140000 -87.77660000
v 50.80310000 89.13140000 -81.77660000
v 50.69130000 89.75640000 -87.77660000
v 50.69130000 89.75640000 -81.77660000
v 50.54930000 90.37060000 -87.77660000
v 50.54930000 90.37060000 -81.77660000
v 50.37800000 90.97300000 -87.77660000
v 50.37800000 90.97300000 -81.77660000
v 50.17820000 91.56290000 -87.77660000
v 50.17820000 91.56290000 -81.77660000
v 49.95060000 92.13940000 -87.77660000
v 49.95060000 92.13940000 -81.77660000
v 49.69610000 92.70190000 -87.77660000
v 49.69610000 92.70190000 -81.77660000
v 49.41550000 93.24940000 -87.77660000
v 49.41550000 93.24940000 -81.77660000
v 49.10950000 93.78130000 -87.77660000
v 49.10950000 93.78130000 -81.77660000
v 48.77900000 94.29650000 -87.77660000
v 48.77900000 94.29650000 -81.77660000
v 48.42470000 94.79450000 -87.77660000
v 48.42470000 94.79450000 -81.77660000
v 48.04750000 95.27440000 -87.77660000
v 48.04750000 95.27440000 -81.77660000
v 47.64820000 95.73530000 -87.77660000
v 47.64820000 95.73530000 -81.77660000
v 47.22750000 96.17650000 -87.77660000
v 47.22750000 96.17650000 -81.77660000
v 47.22750000 78.22120000 -87.77660000
v 47.22750000 78.22120000 -81.77660000
v 47.64820000 78.66240000 -87.77660000
v 47.64820000 78.66240000 -81.77660000
v 48.04750000 79.12330000 -87.77660000
v 48.04750000 79.12330000 -81.77660000
v 48.42470000 79.60310000 -87.77660000
v 48.42470000 79.60310000 -81.77660000
v 48.77900000 80.10110000 -87.77660000
v 48.77900000 80.10110000 -81.77660000
v 49.10950000 80.61640000 -87.77660000
v 49.10950000 80.61640000 -81.77660000
v 49.41550000 81.14820000 -87.77660000
v 49.41550000 81.14820000 -81.77660000
v 49.69610000 81.69580000 -87.77660000
v 49.69610000 81.69570000 -81.77660000
v 49.95060000 82.25820000 -87.77660000
v 49.95060000 82.25820000 -81.77660000
v 50.17820000 82.83480000 -87.77660000
v 50.17820000 82.83480000 -81.77660000
v 50.37800000 83.42470000 -87.77660000
v 50.37800000 83.42470000 -81.77660000
v 50.54930000 84.02710000 -87.77660000
v 50.54930000 84.02710000 -81.77660000
v 50.69130000 84.64120000 -87.77660000
v 50.69130000 84.64120000 -81.77660000
v 50.80310000 85.26630000 -87.77660000
v 50.80310000 85.26630000 -81.77660000
v 50.88390000 85.90140000 -87.77660000
v 50.88390000 85.90140000 -81.77660000
v 50.93300000 86.54590000 -87.77660000
v 50.93300000 86.54590000 -81.77660000
v 46.78630000 96.59710000 -87.77660000
v 46.78630000 96.59710000 -81.77660000
v 46.32540000 96.99650000 -87.77660000
v 46.32540000 96.99650000 -81.77660000
v 45.84560000 97.37370000 -87.77660000
v 45.84560000 97.37360000 -81.77660000
v 45.34760000 97.72790000 -87.77660000
v 45.34760000 97.72790000 -81.77660000
v 44.83230000 98.05840000 -87.77660000
v 44.83230000 98.05840000 -81.77660000
v 44.30050000 98.36440000 -87.77660000
v 44.30050000 98.36440000 -81.77660000
v 43.75290000 98.64510000 -87.77660000
v 43.75290000 98.64510000 -81.77660000
v 43.19050000 98.89960000 -87.77660000
v 43.19050000 98.89960000 -81.77660000
v 42.61390000 99.12720000 -87.77660000
v 42.61390000 99.12720000 -81.77660000
v 42.02400000 99.32700000 -87.77660000
v 42.02400000 99.32700000 -81.77660000
v 41.42160000 99.49830000 -87.77660000
v 41.42160000 99.49830000 -81.77660000
v 40.80750000 99.64020000 -87.77660000
v 40.80750000 99.64020000 -81.77660000
v 40.18240000 99.75200000 -87.77660000
v 40.18240000 99.75200000 -81.77660000
v 39.54730000 99.83290000 -87.77660000
v 39.54730000 99.83280000 -81.77660000
v 38.90280000 99.88190000 -87.77660000
v 38.90280000 99.88190000 -81.77660000
v 38.24990000 99.89850000 -87.77660000
v 38.24990000 99.89850000 -81.77660000
v 37.59690000 99.88190000 -87.77660000
v 37.59690000 99.88190000 -81.77660000
v 36.95240000 99.83290000 -87.77660000
v 36.95240000 99.83280000 -81.77660000
v 36.31730000 99.75200000 -87.77660000
v 36.31730000 99.75200000 -81.77660000
v 35.69230000 99.64020000 -87.77660000
v 35.69230000 99.64020000 -81.77660000
v 35.07810000 99.49830000 -87.77660000
v 35.07810000 99.49830000 -81.77660000
v 34.47570000 99.32700000 -87.77660000
v 34.47570000 99.32700000 -81.77660000
v 33.88580000 99.12720000 -87.77660000
v 33.88580000 99.12720000 -81.77660000
v 33.30930000 98.89960000 -87.77660000
v 33.30930000 98.89960000 -81.77660000
v 32.74680000 98.64510000 -87.77660000
v 32.74680000 98.64510000 -81.77660000
v 32.19930000 98.36440000 -87.77660000
v 32.19930000 98.36440000 -81.77660000
v 31.66740000 98.05840000 -87.77660000
v 31.66740000 98.05840000 -81.77660000
v 31.15210000 97.72790000 -87.77660000
v 31.15210000 97.72790000 -81.77660000
v 30.65420000 97.37360000 -87.77660000
v 30.65420000 97.37360000 -81.77660000
v 30.17430000 96.99650000 -87.77660000
v 30.17430000 96.99650000 -81.77660000
v 29.71340000 96.59710000 -87.77660000
v 29.71340000 96.59710000 -81.77660000
v 29.27220000 96.17650000 -87.77660000
v 29.27220000 96.17650000 -81.77660000
v 28.85160000 95.73530000 -87.77660000
v 28.85160000 95.73530000 -81.77660000
v 28.45220000 95.27440000 -87.77660000
v 28.45220000 95.27440000 -81.77660000
v 28.07500000 94.79450000 -87.77660000
v 28.07500000 94.79450000 -81.77660000
v 27.72080000 94.29650000 -87.77660000
v 27.72080000 94.29650000 -81.77660000
v 27.39020000 93.78130000 -87.77660000
v 27.39020000 93.78130000 -81.77660000
v 27.08430000 93.24940000 -87.77660000
v 27.08430000 93.24940000 -81.77660000
v 26.80360000 92.70190000 -87.77660000
v 26.80360000 92.70190000 -81.77660000
v 26.54910000 92.13940000 -87.77660000
v 26.54910000 92.13940000 -81.77660000
v 26.32150000 91.56290000 -87.77660000
v 26.32150000 91.56290000 -81.77660000
v 26.12170000 90.97300000 -87.77660000
v 26.12170000 90.97300000 -81.77660000
v 25.95040000 90.37060000 -87.77660000
v 25.95040000 90.37060000 -81.77660000
v 25.80850000 89.75640000 -87.77660000
v 25.80850000 89.75640000 -81.77660000
v 25.69670000 89.13140000 -87.77660000
v 25.69670000 89.13140000 -81.77660000
v 25.61580000 88.49620000 -87.77660000
v 25.61580000 88.49620000 -81.77660000
v 25.56670000 87.85180000 -87.77660000
v 25.56670000 87.85180000 -81.77660000
v 25.55020000 87.19880000 -87.77660000
v 25.55020000 87.19880000 -81.77660000
v 25.56670000 86.54590000 -87.77660000
v 25.56670000 86.54590000 -81.77660000
v 25.61580000 85.90140000 -87.77660000
v 25.61580000 85.90140000 -81.77660000
v 25.69670000 85.26630000 -87.77660000
v 25.69670000 85.26630000 -81.77660000
v 25.80850000 84.64120000 -87.77660000
v 25.80850000 84.64120000 -81.77660000
v 25.95040000 84.02710000 -87.77660000
v 25.95040000 84.02710000 -81.77660000
v 26.12170000 83.42470000 -87.77660000
v 26.12170000 83.42470000 -81.77660000
v 26.32150000 82.83480000 -87.77660000
v 26.32150000 82.83480000 -81.77660000
v 26.54910000 82.25820000 -87.77660000
v 26.54910000 82.25820000 -81.77660000
v 26.80360000 81.69570000 -87.77660000
v 26.80360000 81.69570000 -81.77660000
v 27.08430000 81.14820000 -87.77660000
v 27.08430000 81.14820000 -81.77660000
v 27.39030000 80.61640000 -87.77660000
v 27.39030000 80.61640000 -81.77660000
v 27.72080000 80.10110000 -87.77660000
v 27.72080000 80.10110000 -81.77660000
v 28.07500000 79.60310000 -87.77660000
v 28.07500000 79.60310000 -81.77660000
v 28.45220000 79.12330000 -87.77660000
v 28.45220000 79.12330000 -81.77660000
v 28.85160000 78.66240000 -87.77660000
v 28.85160000 78.66240000 -81.77660000
v 29.27220000 78.22120000 -87.77660000
v 29.27220000 78.22120000 -81.77660000
v 29.71340000 77.80050000 -87.77660000
v 29.71340000 77.80050000 -81.77660000
v 30.17430000 77.40120000 -87.77660000
v 30.17430000 77.40120000 -81.77660000
v 30.65420000 77.02400000 -87.77660000
v 30.65420000 77.02400000 -81.77660000
v 31.15210000 76.66970000 -87.77660000
v 31.15210000 76.66970000 -81.77660000
v 31.66740000 76.33920000 -87.77660000
v 31.66740000 76.33920000 -81.77660000
v 32.19930000 76.03320000 -87.77660000
v 32.19930000 76.03320000 -81.77660000
v 32.74680000 75.75260000 -87.77660000
v 32.74680000 75.75260000 -81.77660000
v 33.30930000 75.49800000 -87.77660000
v 33.30930000 75.49800000 -81.77660000
v 33.88580000 75.27050000 -87.77660000
v 33.88580000 75.27050000 -81.77660000
v 34.47570000 75.07060000 -87.77660000
v 34.47570000 75.07060000 -81.77660000
v 35.07810000 74.89940000 -87.77660000
v 35.07810000 74.89940000 -81.77660000
v 35.69230000 74.75740000 -87.77660000
v 35.69230000 74.75740000 -81.77660000
v 36.31730000 74.64560000 -87.77660000
v 36.31730000 74.64560000 -81.77660000
v 36.95240000 74.56480000 -87.77660000
v 36.95240000 74.56480000 -81.77660000
v 37.59690000 74.51570000 -87.77660000
v 37.59690000 74.51570000 -81.77660000
v 38.24990000 74.49920000 -87.77660000
v 38.24990000 74.49920000 -81.77660000
v 38.90280000 74.51570000 -87.77660000
v 38.90280000 74.51570000 -81.77660000
v 39.54730000 74.56480000 -87.77660000
v 39.54730000 74.56480000 -81.77660000
v 40.18240000 74.64560000 -87.77660000
v 40.18240000 74.64560000 -81.77660000
v 40.80750000 74.75740000 -87.77660000
v 40.80750000 74.75740000 -81.77660000
v 41.42160000 74.89940000 -87.77660000
v 41.42160000 74.89940000 -81.77660000
v 42.02400000 75.07060000 -87.77660000
v 42.02400000 75.07060000 -81.77660000
v 42.61390000 75.27050000 -87.77660000
v 42.61390000 75.27050000 -81.77660000
v 43.19050000 75.49800000 -87.77660000
v 43.19050000 75.49800000 -81.77660000
v 43.75290000 75.75260000 -87.77660000
v 43.75290000 75.75260000 -81.77660000
v 44.30050000 76.03320000 -87.77660000
v 44.30050000 76.03320000 -81.77660000
v 44.83230000 76.33920000 -87.77660000
v 44.83230000 76.33920000 -81.77660000
v 45.34760000 76.66970000 -87.77660000
v 45.34760000 76.66970000 -81.77660000
v 45.84560000 77.02400000 -87.77660000
v 45.84560000 77.02400000 -81.77660000
v 46.32540000 77.40120000 -87.77660000
v 46.32540000 77.40120000 -81.77660000
v 46.78630000 77.80050000 -87.77660000
v 46.78630000 77.80050000 -81.77660000
v 49.88900000 86.00360000 -81.77660000
v 49.93430000 86.59730000 -81.77660000
v 49.81460000 85.41840000 -81.77660000
v 49.71160000 84.84260000 -81.77660000
v 49.58080000 84.27680000 -81.77660000
v 49.42300000 83.72190000 -81.77660000
v 49.23890000 83.17840000 -81.77660000
v 49.02930000 82.64720000 -81.77660000
v 48.79480000 82.12910000 -81.77660000
v 48.53620000 81.62470000 -81.77660000
v 48.25440000 81.13470000 -81.77660000
v 47.94990000 80.66000000 -81.77660000
v 47.62350000 80.20120000 -81.77660000
v 47.27600000 79.75920000 -81.77660000
v 46.90810000 79.33460000 -81.77660000
v 46.52060000 78.92810000 -81.77660000
v 46.11410000 78.54060000 -81.77660000
v 45.68950000 78.17270000 -81.77660000
v 45.24740000 77.82520000 -81.77660000
v 44.78870000 77.49880000 -81.77660000
v 44.31400000 77.19430000 -81.77660000
v 43.82400000 76.91240000 -81.77660000
v 43.31960000 76.65390000 -81.77660000
v 42.80140000 76.41940000 -81.77660000
v 42.27030000 76.20980000 -81.77660000
v 41.72680000 76.02570000 -81.77660000
v 41.17180000 75.86790000 -81.77660000
v 40.60610000 75.73710000 -81.77660000
v 40.03030000 75.63410000 -81.77660000
v 39.44510000 75.55970000 -81.77660000
v 38.85140000 75.51440000 -81.77660000
v 38.24990000 75.49920000 -81.77660000
v 37.64830000 75.51440000 -81.77660000
v 37.05460000 75.55970000 -81.77660000
v 36.46950000 75.63410000 -81.77660000
v 35.89370000 75.73710000 -81.77660000
v 35.32790000 75.86790000 -81.77660000
v 34.77290000 76.02570000 -81.77660000
v 34.22950000 76.20980000 -81.77660000
v 33.69830000 76.41940000 -81.77660000
v 33.18010000 76.65390000 -81.77660000
v 32.67570000 76.91240000 -81.77660000
v 32.18580000 77.19430000 -81.77660000
v 31.71100000 77.49880000 -81.77660000
v 31.25230000 77.82520000 -81.77660000
v 30.81020000 78.17270000 -81.77660000
v 30.38560000 78.54060000 -81.77660000
v 29.97920000 78.92810000 -81.77660000
v 29.59160000 79.33460000 -81.77660000
v 29.22370000 79.75920000 -81.77660000
v 28.87620000 80.20120000 -81.77660000
v 28.54990000 80.66000000 -81.77660000
v 28.24540000 81.13470000 -81.77660000
v 27.96350000 81.62470000 -81.77660000
v 27.70490000 82.12910000 -81.77660000
v 27.47050000 82.64720000 -81.77660000
v 27.26080000 83.17840000 -81.77660000
v 27.07670000 83.72190000 -81.77660000
v 26.91890000 84.27680000 -81.77660000
v 26.78820000 84.84260000 -81.77660000
v 26.68520000 85.41840000 -81.77660000
v 26.61070000 86.00360000 -81.77660000
v 26.56550000 86.59730000 -81.77660000
v 26.55020000 87.19880000 -81.77660000
v 26.56550000 87.80040000 -81.77660000
v 26.61070000 88.39410000 -81.77660000
v 26.68520000 88.97920000 -81.77660000
v 26.78820000 89.55500000 -81.77660000
v 26.91890000 90.12080000 -81.77660000
v 27.07670000 90.67580000 -81.77660000
v 27.26080000 91.21920000 -81.77660000
v 27.47050000 91.75040000 -81.77660000
v 27.70490000 92.26860000 -81.77660000
v 27.96350000 92.77300000 -81.77660000
v 28.24540000 93.26290000 -81.77660000
v 28.54990000 93.73760000 -81.77660000
v 28.87620000 94.19640000 -81.77660000
v 29.22370000 94.63850000 -81.77660000
v 29.59160000 95.06310000 -81.77660000
v 29.97920000 95.46950000 -81.77660000
v 30.38560000 95.85710000 -81.77660000
v 30.81020000 96.22490000 -81.77660000
v 31.25230000 96.57240000 -81.77660000
v 31.71110000 96.89880000 -81.77660000
v 32.18580000 97.20330000 -81.77660000
v 32.67570000 97.48520000 -81.77660000
v 33.18010000 97.74380000 -81.77660000
v 33.69830000 97.97820000 -81.77660000
v 34.22950000 98.18790000 -81.77660000
v 34.77290000 98.37200000 -81.77660000
v 35.32790000 98.52980000 -81.77660000
v 35.89370000 98.66050000 -81.77660000
v 36.46950000 98.76350000 -81.77660000
v 37.05460000 98.83800000 -81.77660000
v 37.64830000 98.88320000 -81.77660000
v 38.24990000 98.89850000 -81.77660000
v 38.85140000 98.88320000 -81.77660000
v 39.44510000 98.83800000 -81.77660000
v 40.03030000 98.76350000 -81.77660000
v 40.60610000 98.66050000 -81.77660000
v 41.17190000 98.52980000 -81.77660000
v 41.72680000 98.37200000 -81.77660000
v 42.27030000 98.18790000 -81.77660000
v 42.80140000 97.97820000 -81.77660000
v 43.31960000 97.74380000 -81.77660000
v 43.82400000 97.48520000 -81.77660000
v 44.31400000 97.20330000 -81.77660000
v 44.78870000 96.89880000 -81.77660000
v 45.24750000 96.57240000 -81.77660000
v 45.68950000 96.22490000 -81.77660000
v 46.11410000 95.85710000 -81.77660000
v 46.52060000 95.46950000 -81.77660000
v 46.90810000 95.06310000 -81.77660000
v 47.27600000 94.63850000 -81.77660000
v 47.62350000 94.19640000 -81.77660000
v 47.94990000 93.73760000 -81.77660000
v 48.25440000 93.26290000 -81.77660000
v 48.53620000 92.77300000 -81.77660000
v 48.79480000 92.26860000 -81.77660000
v 49.02930000 91.75040000 -81.77660000
v 49.23890000 91.21920000 -81.77660000
v 49.42300000 90.67580000 -81.77660000
v 49.58080000 90.12080000 -81.77660000
v 49.71160000 89.55500000 -81.77660000
v 49.81460000 88.97920000 -81.77660000
v 49.88900000 88.39410000 -81.77660000
v 49.93430000 87.80040000 -81.77660000
v 49.94950000 87.19880000 -81.77660000
v 49.93430000 86.59730000 -87.77660000
v 49.88900000 86.00360000 -87.77660000
v 49.81460000 85.41840000 -87.77660000
v 49.71160000 84.84260000 -87.77660000
v 49.58080000 84.27680000 -87.77660000
v 49.42300000 83.72190000 -87.77660000
v 49.23890000 83.17840000 -87.77660000
v 49.02930000 82.64720000 -87.77660000
v 48.79480000 82.12910000 -87.77660000
v 48.53620000 81.62470000 -87.77660000
v 48.25440000 81.13470000 -87.77660000
v 47.94990000 80.66000000 -87.77660000
v 47.62350000 80.20120000 -87.77660000
v 47.27600000 79.75920000 -87.77660000
v 46.90810000 79.33460000 -87.77660000
v 46.52060000 78.92810000 -87.77660000
v 46.11410000 78.54060000 -87.77660000
v 45.68950000 78.17270000 -87.77660000
v 45.24740000 77.82520000 -87.77660000
v 44.78870000 77.49880000 -87.77660000
v 44.31400000 77.19430000 -87.77660000
v 43.82400000 76.91240000 -87.77660000
v 43.31960000 76.65390000 -87.77660000
v 42.80140000 76.41940000 -87.77660000
v 42.27030000 76.20980000 -87.77660000
v 41.72680000 76.02570000 -87.77660000
v 41.17180000 75.86790000 -87.77660000
v 40.60610000 75.73710000 -87.77660000
v 40.03030000 75.63410000 -87.77660000
v 39.44510000 75.55970000 -87.77660000
v 38.85140000 75.51440000 -87.77660000
v 38.24990000 75.49920000 -87.77660000
v 37.64830000 75.51440000 -87.77660000
v 37.05460000 75.55970000 -87.77660000
v 36.46950000 75.63410000 -87.77660000
v 35.89370000 75.73710000 -87.77660000
v 35.32790000 75.86790000 -87.77660000
v 34.77290000 76.02570000 -87.77660000
v 34.22950000 76.20980000 -87.77660000
v 33.69830000 76.41940000 -87.77660000
v 33.18010000 76.65390000 -87.77660000
v 32.67570000 76.91240000 -87.77660000
v 32.18580000 77.19430000 -87.77660000
v 31.71100000 77.49880000 -87.77660000
v 31.25230000 77.82520000 -87.77660000
v 30.81020000 78.17270000 -87.77660000
v 30.38560000 78.54060000 -87.77660000
v 29.97920000 78.92810000 -87.77660000
v 29.59160000 79.33460000 -87.77660000
v 29.22370000 79.75920000 -87.77660000
v 28.87620000 80.20120000 -87.77660000
v 28.54990000 80.66000000 -87.77660000
v 28.24540000 81.13470000 -87.77660000
v 27.96350000 81.62470000 -87.77660000
v 27.70490000 82.12910000 -87.77660000
v 27.47050000 82.64720000 -87.77660000
v 27.26080000 83.17840000 -87.77660000
v 27.07670000 83.72190000 -87.77660000
v 26.91890000 84.27680000 -87.77660000
v 26.78820000 84.84260000 -87.77660000
v 26.68520000 85.41840000 -87.77660000
v 26.61070000 86.00360000 -87.77660000
v 26.56550000 86.59730000 -87.77660000
v 26.55020000 87.19880000 -87.77660000
v 26.56550000 87.80040000 -87.77660000
v 26.61070000 88.39410000 -87.77660000
v 26.68520000 88.97920000 -87.77660000
v 26.78820000 89.55500000 -87.77660000
v 26.91890000 90.12080000 -87.77660000
v 27.07670000 90.67580000 -87.77660000
v 27.26080000 91.21920000 -87.77660000
v 27.47050000 91.75040000 -87.77660000
v 27.70490000 92.26860000 -87.77660000
v 27.96350000 92.77300000 -87.77660000
v 28.24540000 93.26290000 -87.77660000
v 28.54990000 93.73760000 -87.77660000
v 28.87620000 94.19640000 -87.77660000
v 29.22370000 94.63850000 -87.77660000
v 29.59160000 95.06310000 -87.77660000
v 29.97920000 95.46950000 -87.77660000
v 30.38560000 95.85710000 -87.77660000
v 30.81020000 96.22500000 -87.77660000
v 31.25230000 96.57240000 -87.77660000
v 31.71110000 96.89880000 -87.77660000
v 32.18580000 97.20330000 -87.77660000
v 32.67570000 97.48520000 -87.77660000
v 33.18010000 97.74380000 -87.77660000
v 33.69830000 97.97820000 -87.77660000
v 34.22950000 98.18790000 -87.77660000
v 34.77290000 98.37200000 -87.77660000
v 35.32790000 98.52980000 -87.77660000
v 35.89370000 98.66050000 -87.77660000
v 36.46950000 98.76350000 -87.77660000
v 37.05460000 98.83800000 -87.77660000
v 37.64830000 98.88320000 -87.77660000
v 38.24990000 98.89850000 -87.77660000
v 38.85140000 98.88320000 -87.77660000
v 39.44510000 98.83800000 -87.77660000
v 40.03030000 98.76350000 -87.77660000
v 40.60610000 98.66050000 -87.77660000
v 41.17190000 98.52980000 -87.77660000
v 41.72680000 98.37200000 -87.77660000
v 42.27030000 98.18790000 -87.77660000
v 42.80140000 97.97820000 -87.77660000
v 43.31960000 97.74380000 -87.77660000
v 43.82400000 97.48520000 -87.77660000
v 44.31400000 97.20330000 -87.77660000
v 44.78870000 96.89880000 -87.77660000
v 45.24750000 96.57240000 -87.77660000
v 45.68950000 96.22490000 -87.77660000
v 46.11410000 95.85710000 -87.77660000
v 46.52060000 95.46950000 -87.77660000
v 46.90810000 95.06310000 -87.77660000
v 47.27600000 94.63850000 -87.77660000
v 47.62350000 94.19640000 -87.77660000
v 47.94990000 93.73760000 -87.77660000
v 48.25440000 93.26290000 -87.77660000
v 48.53620000 92.77300000 -87.77660000
v 48.79480000 92.26860000 -87.77660000
v 49.02930000 91.75040000 -87.77660000
v 49.23890000 91.21920000 -87.77660000
v 49.42300000 90.67580000 -87.77660000
v 49.58080000 90.12080000 -87.77660000
v 49.71160000 89.55500000 -87.77660000
v 49.81460000 88.97920000 -87.77660000
v 49.88900000 88.39410000 -87.77660000
v 49.93430000 87.80040000 -87.77660000
v 49.94950000 87.19880000 -87.77660000
v 47.77140000 80.40340000 -87.77660000
v 28.72080000 80.41400000 -87.77660000
v 28.72080000 80.41400000 -82.77660000
v 47.77140000 80.40340000 -82.77660000
v 29.14310000 79.85800000 -87.77660000
v 29.59700000 79.32860000 -87.77660000
v 30.08120000 78.82730000 -87.77660000
v 30.59430000 78.35530000 -87.77660000
v 30.98640000 78.03010000 -87.77660000
v 31.39260000 77.72180000 -87.77660000
v 31.81230000 77.43110000 -87.77660000
v 32.24500000 77.15850000 -87.77660000
v 32.69010000 76.90460000 -87.77660000
v 33.14720000 76.66980000 -87.77660000
v 33.61550000 76.45480000 -87.77660000
v 34.09460000 76.26010000 -87.77660000
v 34.58400000 76.08630000 -87.77660000
v 35.08300000 75.93380000 -87.77660000
v 35.59120000 75.80330000 -87.77660000
v 36.10800000 75.69530000 -87.77660000
v 36.63280000 75.61030000 -87.77660000
v 37.16510000 75.54890000 -87.77660000
v 37.70430000 75.51170000 -87.77660000
v 38.97990000 75.52170000 -87.77660000
v 39.69820000 75.58820000 -87.77660000
v 40.40330000 75.69740000 -87.77660000
v 41.09400000 75.84810000 -87.77660000
v 41.76890000 76.03890000 -87.77660000
v 42.42660000 76.26840000 -87.77660000
v 43.06600000 76.53530000 -87.77660000
v 43.68550000 76.83830000 -87.77660000
v 44.28400000 77.17620000 -87.77660000
v 44.86000000 77.54740000 -87.77660000
v 45.41230000 77.95080000 -87.77660000
v 45.93960000 78.38500000 -87.77660000
v 46.44040000 78.84870000 -87.77660000
v 46.91360000 79.34060000 -87.77660000
v 47.35770000 79.85930000 -87.77660000
v 29.14310000 79.85800000 -82.77660000
v 29.59700000 79.32860000 -82.77660000
v 30.08120000 78.82730000 -82.77660000
v 30.59430000 78.35530000 -82.77660000
v 30.98640000 78.03010000 -82.77660000
v 31.39260000 77.72180000 -82.77660000
v 31.81230000 77.43110000 -82.77660000
v 32.24500000 77.15850000 -82.77660000
v 32.69010000 76.90460000 -82.77660000
v 33.14720000 76.66980000 -82.77660000
v 33.61550000 76.45480000 -82.77660000
v 34.09460000 76.26010000 -82.77660000
v 34.58400000 76.08630000 -82.77660000
v 35.08300000 75.93380000 -82.77660000
v 35.59120000 75.80330000 -82.77660000
v 36.10800000 75.69530000 -82.77660000
v 36.63280000 75.61030000 -82.77660000
v 37.16510000 75.54890000 -82.77660000
v 37.70430000 75.51170000 -82.77660000
v 38.24990000 75.49920000 -82.77660000
v 38.97990000 75.52170000 -82.77660000
v 39.69820000 75.58820000 -82.77660000
v 40.40330000 75.69740000 -82.77660000
v 41.09400000 75.84810000 -82.77660000
v 41.76890000 76.03890000 -82.77660000
v 42.42660000 76.26840000 -82.77660000
v 43.06600000 76.53530000 -82.77660000
v 43.68550000 76.83830000 -82.77660000
v 44.28400000 77.17620000 -82.77660000
v 44.86000000 77.54740000 -82.77660000
v 45.41230000 77.95080000 -82.77660000
v 45.93960000 78.38500000 -82.77660000
v 46.44040000 78.84870000 -82.77660000
v 46.91360000 79.34060000 -82.77660000
v 47.35770000 79.85930000 -82.77660000
v 76.83230000 69.96930000 -87.77660000
v 76.81580000 70.62230000 -87.77660000
v 76.81580000 70.62230000 -81.77660000
v 76.83230000 69.96930000 -81.77660000
v 76.76670000 71.26680000 -87.77660000
v 76.76670000 71.26680000 -81.77660000
v 76.68580000 71.90190000 -87.77660000
v 76.68580000 71.90190000 -81.77660000
v 76.57410000 72.52700000 -87.77660000
v 76.57410000 72.52700000 -81.77660000
v 76.43210000 73.14110000 -87.77660000
v 76.43210000 73.14110000 -81.77660000
v 76.26080000 73.74350000 -87.77660000
v 76.26080000 73.74350000 -81.77660000
v 76.06100000 74.33340000 -87.77660000
v 76.06100000 74.33340000 -81.77660000
v 75.83340000 74.91000000 -87.77660000
v 75.83340000 74.91000000 -81.77660000
v 75.57890000 75.47240000 -87.77660000
v 75.57890000 75.47240000 -81.77660000
v 75.29830000 76.02000000 -87.77660000
v 75.29830000 76.02000000 -81.77660000
v 74.99230000 76.55180000 -87.77660000
v 74.99230000 76.55180000 -81.77660000
v 74.66170000 77.06710000 -87.77660000
v 74.66170000 77.06710000 -81.77660000
v 74.30750000 77.56500000 -87.77660000
v 74.30750000 77.56500000 -81.77660000
v 73.93030000 78.04490000 -87.77660000
v 73.93030000 78.04490000 -81.77660000
v 73.53100000 78.50580000 -87.77660000
v 73.53100000 78.50580000 -81.77660000
v 73.11030000 78.94700000 -87.77660000
v 73.11030000 78.94700000 -81.77660000
v 73.11030000 60.99170000 -87.77660000
v 73.11030000 60.99170000 -81.77660000
v 73.53100000 61.43290000 -87.77660000
v 73.53100000 61.43290000 -81.77660000
v 73.93030000 61.89380000 -87.77660000
v 73.93030000 61.89380000 -81.77660000
v 74.30750000 62.37370000 -87.77660000
v 74.30750000 62.37370000 -81.77660000
v 74.66170000 62.87160000 -87.77660000
v 74.66170000 62.87160000 -81.77660000
v 74.99230000 63.38690000 -87.77660000
v 74.99230000 63.38690000 -81.77660000
v 75.29830000 63.91870000 -87.77660000
v 75.29830000 63.91870000 -81.77660000
v 75.57890000 64.46630000 -87.77660000
v 75.57890000 64.46630000 -81.77660000
v 75.83340000 65.02870000 -87.77660000
v 75.83340000 65.02870000 -81.77660000
v 76.06100000 65.60530000 -87.77660000
v 76.06100000 65.60530000 -81.77660000
v 76.26080000 66.19520000 -87.77660000
v 76.26080000 66.19520000 -81.77660000
v 76.43210000 66.79760000 -87.77660000
v 76.43210000 66.79760000 -81.77660000
v 76.57400000 67.41170000 -87.77660000
v 76.57400000 67.41170000 -81.77660000
v 76.68580000 68.03680000 -87.77660000
v 76.68580000 68.03680000 -81.77660000
v 76.76670000 68.67190000 -87.77660000
v 76.76670000 68.67190000 -81.77660000
v 76.81580000 69.31640000 -87.77660000
v 76.81580000 69.31640000 -81.77660000
v 72.66910000 79.36770000 -87.77660000
v 72.66910000 79.36770000 -81.77660000
v 72.20820000 79.76700000 -87.77660000
v 72.20820000 79.76700000 -81.77660000
v 71.72830000 80.14420000 -87.77660000
v 71.72830000 80.14420000 -81.77660000
v 71.23040000 80.49840000 -87.77660000
v 71.23040000 80.49840000 -81.77660000
v 70.71510000 80.82900000 -87.77660000
v 70.71510000 80.82900000 -81.77660000
v 70.18330000 81.13500000 -87.77660000
v 70.18330000 81.13500000 -81.77660000
v 69.63570000 81.41560000 -87.77660000
v 69.63570000 81.41560000 -81.77660000
v 69.07330000 81.67010000 -87.77660000
v 69.07330000 81.67010000 -81.77660000
v 68.49670000 81.89770000 -87.77660000
v 68.49670000 81.89770000 -81.77660000
v 67.90680000 82.09750000 -87.77660000
v 67.90680000 82.09750000 -81.77660000
v 67.30440000 82.26880000 -87.77660000
v 67.30440000 82.26880000 -81.77660000
v 66.69030000 82.41070000 -87.77660000
v 66.69030000 82.41070000 -81.77660000
v 66.06520000 82.52250000 -87.77660000
v 66.06520000 82.52250000 -81.77660000
v 65.43010000 82.60340000 -87.77660000
v 65.43010000 82.60340000 -81.77660000
v 64.78560000 82.65250000 -87.77660000
v 64.78560000 82.65250000 -81.77660000
v 64.13270000 82.66900000 -87.77660000
v 64.13270000 82.66900000 -81.77660000
v 63.47970000 82.65250000 -87.77660000
v 63.47970000 82.65250000 -81.77660000
v 62.83520000 82.60340000 -87.77660000
v 62.83520000 82.60340000 -81.77660000
v 62.20010000 82.52250000 -87.77660000
v 62.20010000 82.52250000 -81.77660000
v 61.57500000 82.41070000 -87.77660000
v 61.57500000 82.41070000 -81.77660000
v 60.96090000 82.26880000 -87.77660000
v 60.96090000 82.26880000 -81.77660000
v 60.35850000 82.09750000 -87.77660000
v 60.35850000 82.09750000 -81.77660000
v 59.76860000 81.89770000 -87.77660000
v 59.76860000 81.89770000 -81.77660000
v 59.19200000 81.67010000 -87.77660000
v 59.19200000 81.67010000 -81.77660000
v 58.62960000 81.41560000 -87.77660000
v 58.62960000 81.41560000 -81.77660000
v 58.08200000 81.13500000 -87.77660000
v 58.08200000 81.13500000 -81.77660000
v 57.55020000 80.82900000 -87.77660000
v 57.55020000 80.82900000 -81.77660000
v 57.03490000 80.49840000 -87.77660000
v 57.03490000 80.49840000 -81.77660000
v 56.53700000 80.14420000 -87.77660000
v 56.53700000 80.14420000 -81.77660000
v 56.05710000 79.76700000 -87.77660000
v 56.05710000 79.76700000 -81.77660000
v 55.59620000 79.36770000 -87.77660000
v 55.59620000 79.36760000 -81.77660000
v 55.15500000 78.94700000 -87.77660000
v 55.15500000 78.94700000 -81.77660000
v 54.73430000 78.50580000 -87.77660000
v 54.73430000 78.50580000 -81.77660000
v 54.33500000 78.04490000 -87.77660000
v 54.33500000 78.04490000 -81.77660000
v 53.95780000 77.56500000 -87.77660000
v 53.95780000 77.56500000 -81.77660000
v 53.60360000 77.06710000 -87.77660000
v 53.60360000 77.06710000 -81.77660000
v 53.27300000 76.55180000 -87.77660000
v 53.27300000 76.55180000 -81.77660000
v 52.96700000 76.02000000 -87.77660000
v 52.96700000 76.02000000 -81.77660000
v 52.68640000 75.47240000 -87.77660000
v 52.68640000 75.47240000 -81.77660000
v 52.43190000 74.91000000 -87.77660000
v 52.43190000 74.91000000 -81.77660000
v 52.20430000 74.33340000 -87.77660000
v 52.20430000 74.33340000 -81.77660000
v 52.00450000 73.74350000 -87.77660000
v 52.00450000 73.74350000 -81.77660000
v 51.83320000 73.14110000 -87.77660000
v 51.83320000 73.14110000 -81.77660000
v 51.69130000 72.52700000 -87.77660000
v 51.69130000 72.52700000 -81.77660000
v 51.57950000 71.90190000 -87.77660000
v 51.57950000 71.90190000 -81.77660000
v 51.49860000 71.26680000 -87.77660000
v 51.49860000 71.26680000 -81.77660000
v 51.44950000 70.62230000 -87.77660000
v 51.44950000 70.62230000 -81.77660000
v 51.43300000 69.96930000 -87.77660000
v 51.43300000 69.96930000 -81.77660000
v 51.44950000 69.31640000 -87.77660000
v 51.44950000 69.31640000 -81.77660000
v 51.49860000 68.67190000 -87.77660000
v 51.49860000 68.67190000 -81.77660000
v 51.57950000 68.03680000 -87.77660000
v 51.57950000 68.03680000 -81.77660000
v 51.69130000 67.41170000 -87.77660000
v 51.69130000 67.41170000 -81.77660000
v 51.83320000 66.79760000 -87.77660000
v 51.83320000 66.79760000 -81.77660000
v 52.00450000 66.19520000 -87.77660000
v 52.00450000 66.19520000 -81.77660000
v 52.20430000 65.60530000 -87.77660000
v 52.20430000 65.60530000 -81.77660000
v 52.43190000 65.02870000 -87.77660000
v 52.43190000 65.02870000 -81.77660000
v 52.68640000 64.46630000 -87.77660000
v 52.68640000 64.46630000 -81.77660000
v 52.96700000 63.91870000 -87.77660000
v 52.96700000 63.91870000 -81.77660000
v 53.27300000 63.38690000 -87.77660000
v 53.27300000 63.38690000 -81.77660000
v 53.60360000 62.87160000 -87.77660000
v 53.60360000 62.87160000 -81.77660000
v 53.95780000 62.37370000 -87.77660000
v 53.95780000 62.37360000 -81.77660000
v 54.33500000 61.89380000 -87.77660000
v 54.33500000 61.89380000 -81.77660000
v 54.73430000 61.43290000 -87.77660000
v 54.73430000 61.43290000 -81.77660000
v 55.15500000 60.99170000 -87.77660000
v 55.15500000 60.99170000 -81.77660000
v 55.59620000 60.57100000 -87.77660000
v 55.59620000 60.57100000 -81.77660000
v 56.05710000 60.17170000 -87.77660000
v 56.05710000 60.17170000 -81.77660000
v 56.53700000 59.79450000 -87.77660000
v 56.53700000 59.79450000 -81.77660000
v 57.03490000 59.44030000 -87.77660000
v 57.03490000 59.44030000 -81.77660000
v 57.55020000 59.10970000 -87.77660000
v 57.55020000 59.10970000 -81.77660000
v 58.08200000 58.80370000 -87.77660000
v 58.08200000 58.80370000 -81.77660000
v 58.62960000 58.52310000 -87.77660000
v 58.62960000 58.52310000 -81.77660000
v 59.19200000 58.26860000 -87.77660000
v 59.19200000 58.26860000 -81.77660000
v 59.76860000 58.04100000 -87.77660000
v 59.76860000 58.04100000 -81.77660000
v 60.35850000 57.84120000 -87.77660000
v 60.35850000 57.84120000 -81.77660000
v 60.96090000 57.66990000 -87.77660000
v 60.96090000 57.66990000 -81.77660000
v 61.57500000 57.52800000 -87.77660000
v 61.57500000 57.52800000 -81.77660000
v 62.20010000 57.41620000 -87.77660000
v 62.20010000 57.41620000 -81.77660000
v 62.83520000 57.33530000 -87.77660000
v 62.83520000 57.33530000 -81.77660000
v 63.47970000 57.28620000 -87.77660000
v 63.47970000 57.28620000 -81.77660000
v 64.13270000 57.26970000 -87.77660000
v 64.13270000 57.26970000 -81.77660000
v 64.78560000 57.28620000 -87.77660000
v 64.78560000 57.28620000 -81.77660000
v 65.43010000 57.33530000 -87.77660000
v 65.43010000 57.33530000 -81.77660000
v 66.06520000 57.41620000 -87.77660000
v 66.06520000 57.41620000 -81.77660000
v 66.69030000 57.52800000 -87.77660000
v 66.69030000 57.52800000 -81.77660000
v 67.30440000 57.66990000 -87.77660000
v 67.30440000 57.66990000 -81.77660000
v 67.90680000 57.84120000 -87.77660000
v 67.90680000 57.84120000 -81.77660000
v 68.49670000 58.04100000 -87.77660000
v 68.49670000 58.04100000 -81.77660000
v 69.07330000 58.26860000 -87.77660000
v 69.07330000 58.26860000 -81.77660000
v 69.63570000 58.52310000 -87.77660000
v 69.63570000 58.52310000 -81.77660000
v 70.18330000 58.80370000 -87.77660000
v 70.18330000 58.80370000 -81.77660000
v 70.71510000 59.10970000 -87.77660000
v 70.71510000 59.10970000 -81.77660000
v 71.23040000 59.44030000 -87.77660000
v 71.23040000 59.44030000 -81.77660000
v 71.72830000 59.79450000 -87.77660000
v 71.72830000 59.79450000 -81.77660000
v 72.20820000 60.17170000 -87.77660000
v 72.20820000 60.17170000 -81.77660000
v 72.66910000 60.57100000 -87.77660000
v 72.66910000 60.57100000 -81.77660000
v 75.77180000 68.77410000 -81.77660000
v 75.81700000 69.36780000 -81.77660000
v 75.69730000 68.18890000 -81.77660000
v 75.59440000 67.61310000 -81.77660000
v 75.46360000 67.04740000 -81.77660000
v 75.30580000 66.49240000 -81.77660000
v 75.12170000 65.94890000 -81.77660000
v 74.91200000 65.41780000 -81.77660000
v 74.67760000 64.89960000 -81.77660000
v 74.41900000 64.39520000 -81.77660000
v 74.13710000 63.90520000 -81.77660000
v 73.83260000 63.43050000 -81.77660000
v 73.50630000 62.97180000 -81.77660000
v 73.15880000 62.52970000 -81.77660000
v 72.79090000 62.10510000 -81.77660000
v 72.40340000 61.69860000 -81.77660000
v 71.99690000 61.31110000 -81.77660000
v 71.57230000 60.94320000 -81.77660000
v 71.13020000 60.59570000 -81.77660000
v 70.67150000 60.26940000 -81.77660000
v 70.19680000 59.96490000 -81.77660000
v 69.70680000 59.68300000 -81.77660000
v 69.20240000 59.42440000 -81.77660000
v 68.68420000 59.18990000 -81.77660000
v 68.15300000 58.98030000 -81.77660000
v 67.60960000 58.79620000 -81.77660000
v 67.05460000 58.63840000 -81.77660000
v 66.48890000 58.50760000 -81.77660000
v 65.91300000 58.40470000 -81.77660000
v 65.32790000 58.33020000 -81.77660000
v 64.73420000 58.28500000 -81.77660000
v 64.13260000 58.26970000 -81.77660000
v 63.53110000 58.28500000 -81.77660000
v 62.93740000 58.33020000 -81.77660000
v 62.35230000 58.40470000 -81.77660000
v 61.77640000 58.50760000 -81.77660000
v 61.21070000 58.63840000 -81.77660000
v 60.65570000 58.79620000 -81.77660000
v 60.11230000 58.98030000 -81.77660000
v 59.58110000 59.18990000 -81.77660000
v 59.06290000 59.42440000 -81.77660000
v 58.55850000 59.68300000 -81.77660000
v 58.06850000 59.96490000 -81.77660000
v 57.59380000 60.26940000 -81.77660000
v 57.13510000 60.59570000 -81.77660000
v 56.69300000 60.94320000 -81.77660000
v 56.26840000 61.31110000 -81.77660000
v 55.86190000 61.69860000 -81.77660000
v 55.47440000 62.10510000 -81.77660000
v 55.10650000 62.52970000 -81.77660000
v 54.75900000 62.97180000 -81.77660000
v 54.43270000 63.43050000 -81.77660000
v 54.12820000 63.90520000 -81.77660000
v 53.84630000 64.39520000 -81.77660000
v 53.58770000 64.89960000 -81.77660000
v 53.35330000 65.41780000 -81.77660000
v 53.14360000 65.94900000 -81.77660000
v 52.95950000 66.49240000 -81.77660000
v 52.80170000 67.04740000 -81.77660000
v 52.67100000 67.61310000 -81.77660000
v 52.56800000 68.18890000 -81.77660000
v 52.49350000 68.77410000 -81.77660000
v 52.44830000 69.36780000 -81.77660000
v 52.43300000 69.96930000 -81.77660000
v 52.44830000 70.57090000 -81.77660000
v 52.49350000 71.16460000 -81.77660000
v 52.56800000 71.74970000 -81.77660000
v 52.67100000 72.32560000 -81.77660000
v 52.80170000 72.89130000 -81.77660000
v 52.95950000 73.44630000 -81.77660000
v 53.14360000 73.98970000 -81.77660000
v 53.35330000 74.52090000 -81.77660000
v 53.58770000 75.03910000 -81.77660000
v 53.84630000 75.54350000 -81.77660000
v 54.12820000 76.03340000 -81.77660000
v 54.43270000 76.50820000 -81.77660000
v 54.75900000 76.96690000 -81.77660000
v 55.10650000 77.40900000 -81.77660000
v 55.47440000 77.83360000 -81.77660000
v 55.86190000 78.24010000 -81.77660000
v 56.26840000 78.62760000 -81.77660000
v 56.69300000 78.99550000 -81.77660000
v 57.13510000 79.34300000 -81.77660000
v 57.59380000 79.66930000 -81.77660000
v 58.06860000 79.97380000 -81.77660000
v 58.55850000 80.25570000 -81.77660000
v 59.06290000 80.51430000 -81.77660000
v 59.58110000 80.74870000 -81.77660000
v 60.11230000 80.95840000 -81.77660000
v 60.65570000 81.14250000 -81.77660000
v 61.21070000 81.30030000 -81.77660000
v 61.77640000 81.43100000 -81.77660000
v 62.35230000 81.53400000 -81.77660000
v 62.93740000 81.60850000 -81.77660000
v 63.53110000 81.65370000 -81.77660000
v 64.13270000 81.66900000 -81.77660000
v 64.73420000 81.65370000 -81.77660000
v 65.32790000 81.60850000 -81.77660000
v 65.91300000 81.53400000 -81.77660000
v 66.48890000 81.43100000 -81.77660000
v 67.05460000 81.30030000 -81.77660000
v 67.60960000 81.14250000 -81.77660000
v 68.15310000 80.95840000 -81.77660000
v 68.68420000 80.74870000 -81.77660000
v 69.20240000 80.51430000 -81.77660000
v 69.70680000 80.25570000 -81.77660000
v 70.19680000 79.97380000 -81.77660000
v 70.67150000 79.66930000 -81.77660000
v 71.13020000 79.34300000 -81.77660000
v 71.57230000 78.99550000 -81.77660000
v 71.99690000 78.62760000 -81.77660000
v 72.40340000 78.24010000 -81.77660000
v 72.79090000 77.83360000 -81.77660000
v 73.15880000 77.40900000 -81.77660000
v 73.50630000 76.96690000 -81.77660000
v 73.83260000 76.50820000 -81.77660000
v 74.13710000 76.03340000 -81.77660000
v 74.41900000 75.54350000 -81.77660000
v 74.67760000 75.03910000 -81.77660000
v 74.91200000 74.52090000 -81.77660000
v 75.12170000 73.98970000 -81.77660000
v 75.30580000 73.44630000 -81.77660000
v 75.46360000 72.89130000 -81.77660000
v 75.59440000 72.32560000 -81.77660000
v 75.69730000 71.74970000 -81.77660000
v 75.77180000 71.16460000 -81.77660000
v 75.81700000 70.57090000 -81.77660000
v 75.83230000 69.96930000 -81.77660000
v 75.81700000 69.36780000 -87.77660000
v 75.77180000 68.77410000 -87.77660000
v 75.69730000 68.18890000 -87.77660000
v 75.59440000 67.61310000 -87.77660000
v 75.46360000 67.04740000 -87.77660000
v 75.30580000 66.49240000 -87.77660000
v 75.12170000 65.94890000 -87.77660000
v 74.91200000 65.41780000 -87.77660000
v 74.67760000 64.89960000 -87.77660000
v 74.41900000 64.39520000 -87.77660000
v 74.13710000 63.90520000 -87.77660000
v 73.83260000 63.43050000 -87.77660000
v 73.50630000 62.97180000 -87.77660000
v 73.15880000 62.52970000 -87.77660000
v 72.79090000 62.10510000 -87.77660000
v 72.40340000 61.69860000 -87.77660000
v 71.99690000 61.31110000 -87.77660000
v 71.57230000 60.94320000 -87.77660000
v 71.13020000 60.59570000 -87.77660000
v 70.67150000 60.26940000 -87.77660000
v 70.19680000 59.96490000 -87.77660000
v 69.70680000 59.68300000 -87.77660000
v 69.20240000 59.42440000 -87.77660000
v 68.68420000 59.18990000 -87.77660000
v 68.15300000 58.98030000 -87.77660000
v 67.60960000 58.79620000 -87.77660000
v 67.05460000 58.63840000 -87.77660000
v 66.48890000 58.50760000 -87.77660000
v 65.91300000 58.40470000 -87.77660000
v 65.32790000 58.33020000 -87.77660000
v 64.73420000 58.28500000 -87.77660000
v 64.13260000 58.26970000 -87.77660000
v 63.53110000 58.28500000 -87.77660000
v 62.93740000 58.33020000 -87.77660000
v 62.35230000 58.40470000 -87.77660000
v 61.77640000 58.50760000 -87.77660000
v 61.21070000 58.63840000 -87.77660000
v 60.65570000 58.79620000 -87.77660000
v 60.11230000 58.98030000 -87.77660000
v 59.58110000 59.18990000 -87.77660000
v 59.06290000 59.42440000 -87.77660000
v 58.55850000 59.68300000 -87.77660000
v 58.06850000 59.96490000 -87.77660000
v 57.59380000 60.26940000 -87.77660000
v 57.13510000 60.59570000 -87.77660000
v 56.69300000 60.94320000 -87.77660000
v 56.26840000 61.31110000 -87.77660000
v 55.86190000 61.69860000 -87.77660000
v 55.47440000 62.10510000 -87.77660000
v 55.10650000 62.52970000 -87.77660000
v 54.75900000 62.97180000 -87.77660000
v 54.43270000 63.43050000 -87.77660000
v 54.12820000 63.90520000 -87.77660000
v 53.84630000 64.39520000 -87.77660000
v 53.58770000 64.89960000 -87.77660000
v 53.35330000 65.41780000 -87.77660000
v 53.14360000 65.94900000 -87.77660000
v 52.95950000 66.49240000 -87.77660000
v 52.80170000 67.04740000 -87.77660000
v 52.67100000 67.61310000 -87.77660000
v 52.56800000 68.18890000 -87.77660000
v 52.49350000 68.77410000 -87.77660000
v 52.44830000 69.36780000 -87.77660000
v 52.43300000 69.96930000 -87.77660000
v 52.44830000 70.57090000 -87.77660000
v 52.49350000 71.16460000 -87.77660000
v 52.56800000 71.74970000 -87.77660000
v 52.67100000 72.32560000 -87.77660000
v 52.80170000 72.89130000 -87.77660000
v 52.95950000 73.44630000 -87.77660000
v 53.14360000 73.98970000 -87.77660000
v 53.35330000 74.52090000 -87.77660000
v 53.58770000 75.03910000 -87.77660000
v 53.84630000 75.54350000 -87.77660000
v 54.12820000 76.03340000 -87.77660000
v 54.43270000 76.50820000 -87.77660000
v 54.75900000 76.96690000 -87.77660000
v 55.10650000 77.40900000 -87.77660000
v 55.47440000 77.83360000 -87.77660000
v 55.86190000 78.24010000 -87.77660000
v 56.26840000 78.62760000 -87.77660000
v 56.69300000 78.99550000 -87.77660000
v 57.13510000 79.34300000 -87.77660000
v 57.59380000 79.66930000 -87.77660000
v 58.06860000 79.97380000 -87.77660000
v 58.55850000 80.25570000 -87.77660000
v 59.06290000 80.51430000 -87.77660000
v 59.58110000 80.74870000 -87.77660000
v 60.11230000 80.95840000 -87.77660000
v 60.65570000 81.14250000 -87.77660000
v 61.21070000 81.30030000 -87.77660000
v 61.77640000 81.43100000 -87.77660000
v 62.35230000 81.53400000 -87.77660000
v 62.93740000 81.60850000 -87.77660000
v 63.53110000 81.65370000 -87.77660000
v 64.13270000 81.66900000 -87.77660000
v 64.73420000 81.65370000 -87.77660000
v 65.32790000 81.60850000 -87.77660000
v 65.91300000 81.53400000 -87.77660000
v 66.48890000 81.43100000 -87.77660000
v 67.05460000 81.30030000 -87.77660000
v 67.60960000 81.14250000 -87.77660000
v 68.15310000 80.95840000 -87.77660000
v 68.68420000 80.74870000 -87.77660000
v 69.20240000 80.51430000 -87.77660000
v 69.70680000 80.25570000 -87.77660000
v 70.19680000 79.97380000 -87.77660000
v 70.67150000 79.66930000 -87.77660000
v 71.13020000 79.34300000 -87.77660000
v 71.57230000 78.99550000 -87.77660000
v 71.99690000 78.62760000 -87.77660000
v 72.40340000 78.24010000 -87.77660000
v 72.79090000 77.83360000 -87.77660000
v 73.15880000 77.40900000 -87.77660000
v 73.50630000 76.96690000 -87.77660000
v 73.83260000 76.50820000 -87.77660000
v 74.13710000 76.03340000 -87.77660000
v 74.41900000 75.54350000 -87.77660000
v 74.67760000 75.03910000 -87.77660000
v 74.91200000 74.52090000 -87.77660000
v 75.12170000 73.98970000 -87.77660000
v 75.30580000 73.44630000 -87.77660000
v 75.46360000 72.89130000 -87.77660000
v 75.59440000 72.32560000 -87.77660000
v 75.69730000 71.74970000 -87.77660000
v 75.77180000 71.16460000 -87.77660000
v 75.81700000 70.57090000 -87.77660000
v 75.83230000 69.96930000 -87.77660000
v 73.65420000 63.17400000 -87.77660000
v 54.60360000 63.18450000 -87.77660000
v 54.60360000 63.18450000 -82.77660000
v 73.65420000 63.17400000 -82.77660000
v 55.02580000 62.62850000 -87.77660000
v 55.47980000 62.09910000 -87.77660000
v 55.96400000 61.59780000 -87.77660000
v 56.47710000 61.12580000 -87.77660000
v 56.86920000 60.80060000 -87.77660000
v 57.27540000 60.49240000 -87.77660000
v 57.69510000 60.20170000 -87.77660000
v 58.12780000 59.92910000 -87.77660000
v 58.57290000 59.67510000 -87.77660000
v 59.02990000 59.44040000 -87.77660000
v 59.49830000 59.22540000 -87.77660000
v 59.97740000 59.03070000 -87.77660000
v 60.46680000 58.85680000 -87.77660000
v 60.96580000 58.70430000 -87.77660000
v 61.47400000 58.57380000 -87.77660000
v 61.99080000 58.46580000 -87.77660000
v 62.51560000 58.38080000 -87.77660000
v 63.04780000 58.31950000 -87.77660000
v 63.58710000 58.28220000 -87.77660000
v 64.86270000 58.29220000 -87.77660000
v 65.58100000 58.35870000 -87.77660000
v 66.28610000 58.46800000 -87.77660000
v 66.97680000 58.61860000 -87.77660000
v 67.65160000 58.80940000 -87.77660000
v 68.30940000 59.03890000 -87.77660000
v 68.94870000 59.30580000 -87.77660000
v 69.56830000 59.60890000 -87.77660000
v 70.16680000 59.94670000 -87.77660000
v 70.74280000 60.31800000 -87.77660000
v 71.29510000 60.72140000 -87.77660000
v 71.82240000 61.15560000 -87.77660000
v 72.32320000 61.61930000 -87.77660000
v 72.79640000 62.11110000 -87.77660000
v 73.24050000 62.62980000 -87.77660000
v 55.02580000 62.62850000 -82.77660000
v 55.47980000 62.09910000 -82.77660000
v 55.96400000 61.59780000 -82.77660000
v 56.47710000 61.12580000 -82.77660000
v 56.86920000 60.80060000 -82.77660000
v 57.27540000 60.49240000 -82.77660000
v 57.69510000 60.20170000 -82.77660000
v 58.12780000 59.92910000 -82.77660000
v 58.57290000 59.67510000 -82.77660000
v 59.02990000 59.44040000 -82.77660000
v 59.49830000 59.22540000 -82.77660000
v 59.97740000 59.03070000 -82.77660000
v 60.46680000 58.85680000 -82.77660000
v 60.96580000 58.70430000 -82.77660000
v 61.47400000 58.57380000 -82.77660000
v 61.99080000 58.46580000 -82.77660000
v 62.51560000 58.38080000 -82.77660000
v 63.04780000 58.31950000 -82.77660000
v 63.58710000 58.28220000 -82.77660000
v 64.13260000 58.26970000 -82.77660000
v 64.86270000 58.29220000 -82.77660000
v 65.58100000 58.35870000 -82.77660000
v 66.28610000 58.46800000 -82.77660000
v 66.97680000 58.61860000 -82.77660000
v 67.65160000 58.80940000 -82.77660000
v 68.30940000 59.03890000 -82.77660000
v 68.94870000 59.30580000 -82.77660000
v 69.56830000 59.60890000 -82.77660000
v 70.16680000 59.94670000 -82.77660000
v 70.74280000 60.31800000 -82.77660000
v 71.29510000 60.72140000 -82.77660000
v 71.82240000 61.15560000 -82.77660000
v 72.32320000 61.61930000 -82.77660000
v 72.79640000 62.11110000 -82.77660000
v 73.24050000 62.62980000 -82.77660000
v 103.67680000 87.19880000 -87.77660000
v 103.66030000 87.85180000 -87.77660000
v 103.66030000 87.85180000 -81.77660000
v 103.67680000 87.19880000 -81.77660000
v 103.61120000 88.49620000 -87.77660000
v 103.61120000 88.49620000 -81.77660000
v 103.53030000 89.13140000 -87.77660000
v 103.53030000 89.13140000 -81.77660000
v 103.41860000 89.75640000 -87.77660000
v 103.41860000 89.75640000 -81.77660000
v 103.27660000 90.37060000 -87.77660000
v 103.27660000 90.37060000 -81.77660000
v 103.10530000 90.97300000 -87.77660000
v 103.10530000 90.97300000 -81.77660000
v 102.90550000 91.56290000 -87.77660000
v 102.90550000 91.56290000 -81.77660000
v 102.67790000 92.13940000 -87.77660000
v 102.67790000 92.13940000 -81.77660000
v 102.42340000 92.70190000 -87.77660000
v 102.42340000 92.70190000 -81.77660000
v 102.14280000 93.24940000 -87.77660000
v 102.14280000 93.24940000 -81.77660000
v 101.83680000 93.78130000 -87.77660000
v 101.83680000 93.78130000 -81.77660000
v 101.50630000 94.29650000 -87.77660000
v 101.50630000 94.29650000 -81.77660000
v 101.15200000 94.79450000 -87.77660000
v 101.15200000 94.79450000 -81.77660000
v 100.77480000 95.27440000 -87.77660000
v 100.77480000 95.27440000 -81.77660000
v 100.37550000 95.73530000 -87.77660000
v 100.37550000 95.73530000 -81.77660000
v 99.95480000 96.17650000 -87.77660000
v 99.95480000 96.17650000 -81.77660000
v 99.95480000 78.22120000 -87.77660000
v 99.95480000 78.22120000 -81.77660000
v 100.37550000 78.66240000 -87.77660000
v 100.37550000 78.66240000 -81.77660000
v 100.77480000 79.12330000 -87.77660000
v 100.77480000 79.12330000 -81.77660000
v 101.15200000 79.60310000 -87.77660000
v 101.15200000 79.60310000 -81.77660000
v 101.50630000 80.10110000 -87.77660000
v 101.50630000 80.10110000 -81.77660000
v 101.83680000 80.61640000 -87.77660000
v 101.83680000 80.61640000 -81.77660000
v 102.14280000 81.14820000 -87.77660000
v 102.14280000 81.14820000 -81.77660000
v 102.42340000 81.69580000 -87.77660000
v 102.42340000 81.69570000 -81.77660000
v 102.67790000 82.25820000 -87.77660000
v 102.67790000 82.25820000 -81.77660000
v 102.90550000 82.83480000 -87.77660000
v 102.90550000 82.83480000 -81.77660000
v 103.10530000 83.42470000 -87.77660000
v 103.10530000 83.42470000 -81.77660000
v 103.27660000 84.02710000 -87.77660000
v 103.27660000 84.02710000 -81.77660000
v 103.41860000 84.64120000 -87.77660000
v 103.41860000 84.64120000 -81.77660000
v 103.53030000 85.26630000 -87.77660000
v 103.53030000 85.26630000 -81.77660000
v 103.61120000 85.90140000 -87.77660000
v 103.61120000 85.90140000 -81.77660000
v 103.66030000 86.54590000 -87.77660000
v 103.66030000 86.54590000 -81.77660000
v 99.51360000 96.59710000 -87.77660000
v 99.51360000 96.59710000 -81.77660000
v 99.05270000 96.99650000 -87.77660000
v 99.05270000 96.99650000 -81.77660000
v 98.57290000 97.37370000 -87.77660000
v 98.57290000 97.37360000 -81.77660000
v 98.07490000 97.72790000 -87.77660000
v 98.07490000 97.72790000 -81.77660000
v 97.55960000 98.05840000 -87.77660000
v 97.55960000 98.05840000 -81.77660000
v 97.02780000 98.36440000 -87.77660000
v 97.02780000 98.36440000 -81.77660000
v 96.48020000 98.64510000 -87.77660000
v 96.48020000 98.64510000 -81.77660000
v 95.91780000 98.89960000 -87.77660000
v 95.91780000 98.89960000 -81.77660000
v 95.34120000 99.12720000 -87.77660000
v 95.34120000 99.12720000 -81.77660000
v 94.75130000 99.32700000 -87.77660000
v 94.75130000 99.32700000 -81.77660000
v 94.14890000 99.49830000 -87.77660000
v 94.14890000 99.49830000 -81.77660000
v 93.53480000 99.64020000 -87.77660000
v 93.53480000 99.64020000 -81.77660000
v 92.90970000 99.75200000 -87.77660000
v 92.90970000 99.75200000 -81.77660000
v 92.27460000 99.83290000 -87.77660000
v 92.27460000 99.83280000 -81.77660000
v 91.63010000 99.88190000 -87.77660000
v 91.63010000 99.88190000 -81.77660000
v 90.97720000 99.89850000 -87.77660000
v 90.97720000 99.89850000 -81.77660000
v 90.32420000 99.88190000 -87.77660000
v 90.32420000 99.88190000 -81.77660000
v 89.67970000 99.83290000 -87.77660000
v 89.67970000 99.83280000 -81.77660000
v 89.04460000 99.75200000 -87.77660000
v 89.04460000 99.75200000 -81.77660000
v 88.41960000 99.64020000 -87.77660000
v 88.41960000 99.64020000 -81.77660000
v 87.80540000 99.49830000 -87.77660000
v 87.80540000 99.49830000 -81.77660000
v 87.20300000 99.32700000 -87.77660000
v 87.20300000 99.32700000 -81.77660000
v 86.61310000 99.12720000 -87.77660000
v 86.61310000 99.12720000 -81.77660000
v 86.03660000 98.89960000 -87.77660000
v 86.03660000 98.89960000 -81.77660000
v 85.47410000 98.64510000 -87.77660000
v 85.47410000 98.64510000 -81.77660000
v 84.92660000 98.36440000 -87.77660000
v 84.92660000 98.36440000 -81.77660000
v 84.39470000 98.05840000 -87.77660000
v 84.39470000 98.05840000 -81.77660000
v 83.87940000 97.72790000 -87.77660000
v 83.87940000 97.72790000 -81.77660000
v 83.38150000 97.37360000 -87.77660000
v 83.38150000 97.37360000 -81.77660000
v 82.90160000 96.99650000 -87.77660000
v 82.90160000 96.99650000 -81.77660000
v 82.44070000 96.59710000 -87.77660000
v 82.44070000 96.59710000 -81.77660000
v 81.99950000 96.17650000 -87.77660000
v 81.99950000 96.17650000 -81.77660000
v 81.57890000 95.73530000 -87.77660000
v 81.57890000 95.73530000 -81.77660000
v 81.17950000 95.27440000 -87.77660000
v 81.17950000 95.27440000 -81.77660000
v 80.80230000 94.79450000 -87.77660000
v 80.80230000 94.79450000 -81.77660000
v 80.44810000 94.29650000 -87.77660000
v 80.44810000 94.29650000 -81.77660000
v 80.11750000 93.78130000 -87.77660000
v 80.11750000 93.78130000 -81.77660000
v 79.81160000 93.24940000 -87.77660000
v 79.81160000 93.24940000 -81.77660000
v 79.53090000 92.70190000 -87.77660000
v 79.53090000 92.70190000 -81.77660000
v 79.27640000 92.13940000 -87.77660000
v 79.27640000 92.13940000 -81.77660000
v 79.04880000 91.56290000 -87.77660000
v 79.04880000 91.56290000 -81.77660000
v 78.84900000 90.97300000 -87.77660000
v 78.84900000 90.97300000 -81.77660000
v 78.67770000 90.37060000 -87.77660000
v 78.67770000 90.37060000 -81.77660000
v 78.53580000 89.75640000 -87.77660000
v 78.53580000 89.75640000 -81.77660000
v 78.42400000 89.13140000 -87.77660000
v 78.42400000 89.13140000 -81.77660000
v 78.34310000 88.49620000 -87.77660000
v 78.34310000 88.49620000 -81.77660000
v 78.29400000 87.85180000 -87.77660000
v 78.29400000 87.85180000 -81.77660000
v 78.27750000 87.19880000 -87.77660000
v 78.27750000 87.19880000 -81.77660000
v 78.29400000 86.54590000 -87.77660000
v 78.29400000 86.54590000 -81.77660000
v 78.34310000 85.90140000 -87.77660000
v 78.34310000 85.90140000 -81.77660000
v 78.42400000 85.26630000 -87.77660000
v 78.42400000 85.26630000 -81.77660000
v 78.53580000 84.64120000 -87.77660000
v 78.53580000 84.64120000 -81.77660000
v 78.67770000 84.02710000 -87.77660000
v 78.67770000 84.02710000 -81.77660000
v 78.84900000 83.42470000 -87.77660000
v 78.84900000 83.42470000 -81.77660000
v 79.04880000 82.83480000 -87.77660000
v 79.04880000 82.83480000 -81.77660000
v 79.27640000 82.25820000 -87.77660000
v 79.27640000 82.25820000 -81.77660000
v 79.53090000 81.69570000 -87.77660000
v 79.53090000 81.69570000 -81.77660000
v 79.81160000 81.14820000 -87.77660000
v 79.81160000 81.14820000 -81.77660000
v 80.11750000 80.61640000 -87.77660000
v 80.11750000 80.61640000 -81.77660000
v 80.44810000 80.10110000 -87.77660000
v 80.44810000 80.10110000 -81.77660000
v 80.80230000 79.60310000 -87.77660000
v 80.80230000 79.60310000 -81.77660000
v 81.17950000 79.12330000 -87.77660000
v 81.17950000 79.12330000 -81.77660000
v 81.57890000 78.66240000 -87.77660000
v 81.57890000 78.66240000 -81.77660000
v 81.99950000 78.22120000 -87.77660000
v 81.99950000 78.22120000 -81.77660000
v 82.44070000 77.80050000 -87.77660000
v 82.44070000 77.80050000 -81.77660000
v 82.90160000 77.40120000 -87.77660000
v 82.90160000 77.40120000 -81.77660000
v 83.38150000 77.02400000 -87.77660000
v 83.38150000 77.02400000 -81.77660000
v 83.87940000 76.66970000 -87.77660000
v 83.87940000 76.66970000 -81.77660000
v 84.39470000 76.33920000 -87.77660000
v 84.39470000 76.33920000 -81.77660000
v 84.92660000 76.03320000 -87.77660000
v 84.92660000 76.03320000 -81.77660000
v 85.47410000 75.75260000 -87.77660000
v 85.47410000 75.75260000 -81.77660000
v 86.03660000 75.49800000 -87.77660000
v 86.03660000 75.49800000 -81.77660000
v 86.61310000 75.27050000 -87.77660000
v 86.61310000 75.27050000 -81.77660000
v 87.20300000 75.07060000 -87.77660000
v 87.20300000 75.07060000 -81.77660000
v 87.80540000 74.89940000 -87.77660000
v 87.80540000 74.89940000 -81.77660000
v 88.41960000 74.75740000 -87.77660000
v 88.41960000 74.75740000 -81.77660000
v 89.04460000 74.64560000 -87.77660000
v 89.04460000 74.64560000 -81.77660000
v 89.67970000 74.56480000 -87.77660000
v 89.67970000 74.56480000 -81.77660000
v 90.32420000 74.51570000 -87.77660000
v 90.32420000 74.51570000 -81.77660000
v 90.97720000 74.49920000 -87.77660000
v 90.97720000 74.49920000 -81.77660000
v 91.63010000 74.51570000 -87.77660000
v 91.63010000 74.51570000 -81.77660000
v 92.27460000 74.56480000 -87.77660000
v 92.27460000 74.56480000 -81.77660000
v 92.90970000 74.64560000 -87.77660000
v 92.90970000 74.64560000 -81.77660000
v 93.53480000 74.75740000 -87.77660000
v 93.53480000 74.75740000 -81.77660000
v 94.14890000 74.89940000 -87.77660000
v 94.14890000 74.89940000 -81.77660000
v 94.75130000 75.07060000 -87.77660000
v 94.75130000 75.07060000 -81.77660000
v 95.34120000 75.27050000 -87.77660000
v 95.34120000 75.27050000 -81.77660000
v 95.91780000 75.49800000 -87.77660000
v 95.91780000 75.49800000 -81.77660000
v 96.48020000 75.75260000 -87.77660000
v 96.48020000 75.75260000 -81.77660000
v 97.02780000 76.03320000 -87.77660000
v 97.02780000 76.03320000 -81.77660000
v 97.55960000 76.33920000 -87.77660000
v 97.55960000 76.33920000 -81.77660000
v 98.07490000 76.66970000 -87.77660000
v 98.07490000 76.66970000 -81.77660000
v 98.57290000 77.02400000 -87.77660000
v 98.57290000 77.02400000 -81.77660000
v 99.05270000 77.40120000 -87.77660000
v 99.05270000 77.40120000 -81.77660000
v 99.51360000 77.80050000 -87.77660000
v 99.51360000 77.80050000 -81.77660000
v 102.61630000 86.00360000 -81.77660000
v 102.66160000 86.59730000 -81.77660000
v 102.54190000 85.41840000 -81.77660000
v 102.43890000 84.84260000 -81.77660000
v 102.30810000 84.27680000 -81.77660000
v 102.15030000 83.72190000 -81.77660000
v 101.96620000 83.17840000 -81.77660000
v 101.75660000 82.64720000 -81.77660000
v 101.52210000 82.12910000 -81.77660000
v 101.26350000 81.62470000 -81.77660000
v 100.98170000 81.13470000 -81.77660000
v 100.67720000 80.66000000 -81.77660000
v 100.35080000 80.20120000 -81.77660000
v 100.00330000 79.75920000 -81.77660000
v 99.63540000 79.33460000 -81.77660000
v 99.24790000 78.92810000 -81.77660000
v 98.84140000 78.54060000 -81.77660000
v 98.41680000 78.17270000 -81.77660000
v 97.97470000 77.82520000 -81.77660000
v 97.51600000 77.49880000 -81.77660000
v 97.04130000 77.19430000 -81.77660000
v 96.55130000 76.91240000 -81.77660000
v 96.04690000 76.65390000 -81.77660000
v 95.52870000 76.41940000 -81.77660000
v 94.99760000 76.20980000 -81.77660000
v 94.45410000 76.02570000 -81.77660000
v 93.89910000 75.86790000 -81.77660000
v 93.33340000 75.73710000 -81.77660000
v 92.75760000 75.63410000 -81.77660000
v 92.17240000 75.55970000 -81.77660000
v 91.57870000 75.51440000 -81.77660000
v 90.97720000 75.49920000 -81.77660000
v 90.37560000 75.51440000 -81.77660000
v 89.78190000 75.55970000 -81.77660000
v 89.19680000 75.63410000 -81.77660000
v 88.62090000 75.73710000 -81.77660000
v 88.05520000 75.86790000 -81.77660000
v 87.50020000 76.02570000 -81.77660000
v 86.95680000 76.20980000 -81.77660000
v 86.42560000 76.41940000 -81.77660000
v 85.90740000 76.65390000 -81.77660000
v 85.40300000 76.91240000 -81.77660000
v 84.91310000 77.19430000 -81.77660000
v 84.43830000 77.49880000 -81.77660000
v 83.97960000 77.82520000 -81.77660000
v 83.53750000 78.17270000 -81.77660000
v 83.11290000 78.54060000 -81.77660000
v 82.70650000 78.92810000 -81.77660000
v 82.31890000 79.33460000 -81.77660000
v 81.95100000 79.75920000 -81.77660000
v 81.60350000 80.20120000 -81.77660000
v 81.27720000 80.66000000 -81.77660000
v 80.97270000 81.13470000 -81.77660000
v 80.69080000 81.62470000 -81.77660000
v 80.43220000 82.12910000 -81.77660000
v 80.19780000 82.64720000 -81.77660000
v 79.98810000 83.17840000 -81.77660000
v 79.80400000 83.72190000 -81.77660000
v 79.64620000 84.27680000 -81.77660000
v 79.51550000 84.84260000 -81.77660000
v 79.41250000 85.41840000 -81.77660000
v 79.33800000 86.00360000 -81.77660000
v 79.29280000 86.59730000 -81.77660000
v 79.27750000 87.19880000 -81.77660000
v 79.29280000 87.80040000 -81.77660000
v 79.33800000 88.39410000 -81.77660000
v 79.41250000 88.97920000 -81.77660000
v 79.51550000 89.55500000 -81.77660000
v 79.64620000 90.12080000 -81.77660000
v 79.80400000 90.67580000 -81.77660000
v 79.98810000 91.21920000 -81.77660000
v 80.19780000 91.75040000 -81.77660000
v 80.43220000 92.26860000 -81.77660000
v 80.69080000 92.77300000 -81.77660000
v 80.97270000 93.26290000 -81.77660000
v 81.27720000 93.73760000 -81.77660000
v 81.60350000 94.19640000 -81.77660000
v 81.95100000 94.63850000 -81.77660000
v 82.31890000 95.06310000 -81.77660000
v 82.70650000 95.46950000 -81.77660000
v 83.11290000 95.85710000 -81.77660000
v 83.53750000 96.22490000 -81.77660000
v 83.97960000 96.57240000 -81.77660000
v 84.43830000 96.89880000 -81.77660000
v 84.91310000 97.20330000 -81.77660000
v 85.40300000 97.48520000 -81.77660000
v 85.90740000 97.74380000 -81.77660000
v 86.42560000 97.97820000 -81.77660000
v 86.95680000 98.18790000 -81.77660000
v 87.50020000 98.37200000 -81.77660000
v 88.05520000 98.52980000 -81.77660000
v 88.62100000 98.66050000 -81.77660000
v 89.19680000 98.76350000 -81.77660000
v 89.78190000 98.83800000 -81.77660000
v 90.37560000 98.88320000 -81.77660000
v 90.97720000 98.89850000 -81.77660000
v 91.57870000 98.88320000 -81.77660000
v 92.17240000 98.83800000 -81.77660000
v 92.75760000 98.76350000 -81.77660000
v 93.33340000 98.66050000 -81.77660000
v 93.89910000 98.52980000 -81.77660000
v 94.45410000 98.37200000 -81.77660000
v 94.99760000 98.18790000 -81.77660000
v 95.52870000 97.97820000 -81.77660000
v 96.04690000 97.74380000 -81.77660000
v 96.55130000 97.48520000 -81.77660000
v 97.04130000 97.20330000 -81.77660000
v 97.51600000 96.89880000 -81.77660000
v 97.97470000 96.57240000 -81.77660000
v 98.41680000 96.22490000 -81.77660000
v 98.84140000 95.85710000 -81.77660000
v 99.24790000 95.46950000 -81.77660000
v 99.63540000 95.06310000 -81.77660000
v 100.00330000 94.63850000 -81.77660000
v 100.35080000 94.19640000 -81.77660000
v 100.67720000 93.73760000 -81.77660000
v 100.98170000 93.26290000 -81.77660000
v 101.26350000 92.77300000 -81.77660000
v 101.52210000 92.26860000 -81.77660000
v 101.75660000 91.75040000 -81.77660000
v 101.96620000 91.21920000 -81.77660000
v 102.15030000 90.67580000 -81.77660000
v 102.30810000 90.12080000 -81.77660000
v 102.43890000 89.55500000 -81.77660000
v 102.54190000 88.97920000 -81.77660000
v 102.61630000 88.39410000 -81.77660000
v 102.66160000 87.80040000 -81.77660000
v 102.67680000 87.19880000 -81.77660000
v 102.66160000 86.59730000 -87.77660000
v 102.61630000 86.00360000 -87.77660000
v 102.54190000 85.41840000 -87.77660000
v 102.43890000 84.84260000 -87.77660000
v 102.30810000 84.27680000 -87.77660000
v 102.15030000 83.72190000 -87.77660000
v 101.96620000 83.17840000 -87.77660000
v 101.75660000 82.64720000 -87.77660000
v 101.52210000 82.12910000 -87.77660000
v 101.26350000 81.62470000 -87.77660000
v 100.98170000 81.13470000 -87.77660000
v 100.67720000 80.66000000 -87.77660000
v 100.35080000 80.20120000 -87.77660000
v 100.00330000 79.75920000 -87.77660000
v 99.63540000 79.33460000 -87.77660000
v 99.24790000 78.92810000 -87.77660000
v 98.84140000 78.54060000 -87.77660000
v 98.41680000 78.17270000 -87.77660000
v 97.97470000 77.82520000 -87.77660000
v 97.51600000 77.49880000 -87.77660000
v 97.04130000 77.19430000 -87.77660000
v 96.55130000 76.91240000 -87.77660000
v 96.04690000 76.65390000 -87.77660000
v 95.52870000 76.41940000 -87.77660000
v 94.99760000 76.20980000 -87.77660000
v 94.45410000 76.02570000 -87.77660000
v 93.89910000 75.86790000 -87.77660000
v 93.33340000 75.73710000 -87.77660000
v 92.75760000 75.63410000 -87.77660000
v 92.17240000 75.55970000 -87.77660000
v 91.57870000 75.51440000 -87.77660000
v 90.97720000 75.49920000 -87.77660000
v 90.37560000 75.51440000 -87.77660000
v 89.78190000 75.55970000 -87.77660000
v 89.19680000 75.63410000 -87.77660000
v 88.62090000 75.73710000 -87.77660000
v 88.05520000 75.86790000 -87.77660000
v 87.50020000 76.02570000 -87.77660000
v 86.95680000 76.20980000 -87.77660000
v 86.42560000 76.41940000 -87.77660000
v 85.90740000 76.65390000 -87.77660000
v 85.40300000 76.91240000 -87.77660000
v 84.91310000 77.19430000 -87.77660000
v 84.43830000 77.49880000 -87.77660000
v 83.97960000 77.82520000 -87.77660000
v 83.53750000 78.17270000 -87.77660000
v 83.11290000 78.54060000 -87.77660000
v 82.70650000 78.92810000 -87.77660000
v 82.31890000 79.33460000 -87.77660000
v 81.95100000 79.75920000 -87.77660000
v 81.60350000 80.20120000 -87.77660000
v 81.27720000 80.66000000 -87.77660000
v 80.97270000 81.13470000 -87.77660000
v 80.69080000 81.62470000 -87.77660000
v 80.43220000 82.12910000 -87.77660000
v 80.19780000 82.64720000 -87.77660000
v 79.98810000 83.17840000 -87.77660000
v 79.80400000 83.72190000 -87.77660000
v 79.64620000 84.27680000 -87.77660000
v 79.51550000 84.84260000 -87.77660000
v 79.41250000 85.41840000 -87.77660000
v 79.33800000 86.00360000 -87.77660000
v 79.29280000 86.59730000 -87.77660000
v 79.27750000 87.19880000 -87.77660000
v 79.29280000 87.80040000 -87.77660000
v 79.33800000 88.39410000 -87.77660000
v 79.41250000 88.97920000 -87.77660000
v 79.51550000 89.55500000 -87.77660000
v 79.64620000 90.12080000 -87.77660000
v 79.80400000 90.67580000 -87.77660000
v 79.98810000 91.21920000 -87.77660000
v 80.19780000 91.75040000 -87.77660000
v 80.43220000 92.26860000 -87.77660000
v 80.69080000 92.77300000 -87.77660000
v 80.97270000 93.26290000 -87.77660000
v 81.27720000 93.73760000 -87.77660000
v 81.60350000 94.19640000 -87.77660000
v 81.95100000 94.63850000 -87.77660000
v 82.31890000 95.06310000 -87.77660000
v 82.70650000 95.46950000 -87.77660000
v 83.11290000 95.85710000 -87.77660000
v 83.53750000 96.22500000 -87.77660000
v 83.97960000 96.57240000 -87.77660000
v 84.43830000 96.89880000 -87.77660000
v 84.91310000 97.20330000 -87.77660000
v 85.40300000 97.48520000 -87.77660000
v 85.90740000 97.74380000 -87.77660000
v 86.42560000 97.97820000 -87.77660000
v 86.95680000 98.18790000 -87.77660000
v 87.50020000 98.37200000 -87.77660000
v 88.05520000 98.52980000 -87.77660000
v 88.62100000 98.66050000 -87.77660000
v 89.19680000 98.76350000 -87.77660000
v 89.78190000 98.83800000 -87.77660000
v 90.37560000 98.88320000 -87.77660000
v 90.97720000 98.89850000 -87.77660000
v 91.57870000 98.88320000 -87.77660000
v 92.17240000 98.83800000 -87.77660000
v 92.75760000 98.76350000 -87.77660000
v 93.33340000 98.66050000 -87.77660000
v 93.89910000 98.52980000 -87.77660000
v 94.45410000 98.37200000 -87.77660000
v 94.99760000 98.18790000 -87.77660000
v 95.52870000 97.97820000 -87.77660000
v 96.04690000 97.74380000 -87.77660000
v 96.55130000 97.48520000 -87.77660000
v 97.04130000 97.20330000 -87.77660000
v 97.51600000 96.89880000 -87.77660000
v 97.97470000 96.57240000 -87.77660000
v 98.41680000 96.22490000 -87.77660000
v 98.84140000 95.85710000 -87.77660000
v 99.24790000 95.46950000 -87.77660000
v 99.63540000 95.06310000 -87.77660000
v 100.00330000 94.63850000 -87.77660000
v 100.35080000 94.19640000 -87.77660000
v 100.67720000 93.73760000 -87.77660000
v 100.98170000 93.26290000 -87.77660000
v 101.26350000 92.77300000 -87.77660000
v 101.52210000 92.26860000 -87.77660000
v 101.75660000 91.75040000 -87.77660000
v 101.96620000 91.21920000 -87.77660000
v 102.15030000 90.67580000 -87.77660000
v 102.30810000 90.12080000 -87.77660000
v 102.43890000 89.55500000 -87.77660000
v 102.54190000 88.97920000 -87.77660000
v 102.61630000 88.39410000 -87.77660000
v 102.66160000 87.80040000 -87.77660000
v 102.67680000 87.19880000 -87.77660000
v 100.49870000 80.40340000 -87.77660000
v 81.44810000 80.41400000 -87.77660000
v 81.44810000 80.41400000 -82.77660000
v 100.49870000 80.40340000 -82.77660000
v 81.87040000 79.85800000 -87.77660000
v 82.32430000 79.32860000 -87.77660000
v 82.80850000 78.82730000 -87.77660000
v 83.32160000 78.35530000 -87.77660000
v 83.71370000 78.03010000 -87.77660000
v 84.11990000 77.72180000 -87.77660000
v 84.53960000 77.43110000 -87.77660000
v 84.97230000 77.15850000 -87.77660000
v 85.41740000 76.90460000 -87.77660000
v 85.87450000 76.66980000 -87.77660000
v 86.34280000 76.45480000 -87.77660000
v 86.82190000 76.26010000 -87.77660000
v 87.31130000 76.08630000 -87.77660000
v 87.81030000 75.93380000 -87.77660000
v 88.31850000 75.80330000 -87.77660000
v 88.83530000 75.69530000 -87.77660000
v 89.36010000 75.61030000 -87.77660000
v 89.89230000 75.54890000 -87.77660000
v 90.43160000 75.51170000 -87.77660000
v 91.70720000 75.52170000 -87.77660000
v 92.42550000 75.58820000 -87.77660000
v 93.13060000 75.69740000 -87.77660000
v 93.82130000 75.84810000 -87.77660000
v 94.49620000 76.03890000 -87.77660000
v 95.15390000 76.26840000 -87.77660000
v 95.79320000 76.53530000 -87.77660000
v 96.41280000 76.83830000 -87.77660000
v 97.01130000 77.17620000 -87.77660000
v 97.58730000 77.54740000 -87.77660000
v 98.13960000 77.95080000 -87.77660000
v 98.66690000 78.38500000 -87.77660000
v 99.16770000 78.84870000 -87.77660000
v 99.64090000 79.34060000 -87.77660000
v 100.08500000 79.85930000 -87.77660000
v 81.87040000 79.85800000 -82.77660000
v 82.32430000 79.32860000 -82.77660000
v 82.80850000 78.82730000 -82.77660000
v 83.32160000 78.35530000 -82.77660000
v 83.71370000 78.03010000 -82.77660000
v 84.11990000 77.72180000 -82.77660000
v 84.53960000 77.43110000 -82.77660000
v 84.97230000 77.15850000 -82.77660000
v 85.41740000 76.90460000 -82.77660000
v 85.87450000 76.66980000 -82.77660000
v 86.34280000 76.45480000 -82.77660000
v 86.82190000 76.26010000 -82.77660000
v 87.31130000 76.08630000 -82.77660000
v 87.81030000 75.93380000 -82.77660000
v 88.31850000 75.80330000 -82.77660000
v 88.83530000 75.69530000 -82.77660000
v 89.36010000 75.61030000 -82.77660000
v 89.89230000 75.54890000 -82.77660000
v 90.43160000 75.51170000 -82.77660000
v 90.97720000 75.49920000 -82.77660000
v 91.70720000 75.52170000 -82.77660000
v 92.42550000 75.58820000 -82.77660000
v 93.13060000 75.69740000 -82.77660000
v 93.82130000 75.84810000 -82.77660000
v 94.49620000 76.03890000 -82.77660000
v 95.15390000 76.26840000 -82.77660000
v 95.79320000 76.53530000 -82.77660000
v 96.41280000 76.83830000 -82.77660000
v 97.01130000 77.17620000 -82.77660000
v 97.58730000 77.54740000 -82.77660000
v 98.13960000 77.95080000 -82.77660000
v 98.66690000 78.38500000 -82.77660000
v 99.16770000 78.84870000 -82.77660000
v 99.64090000 79.34060000 -82.77660000
v 100.08500000 79.85930000 -82.77660000
v 129.51650000 69.96930000 -87.77660000
v 129.49990000 70.62230000 -87.77660000
v 129.49990000 70.62230000 -81.77660000
v 129.51650000 69.96930000 -81.77660000
v 129.45080000 71.26680000 -87.77660000
v 129.45080000 71.26680000 -81.77660000
v 129.37000000 71.90190000 -87.77660000
v 129.37000000 71.90190000 -81.77660000
v 129.25820000 72.52700000 -87.77660000
v 129.25820000 72.52700000 -81.77660000
v 129.11630000 73.14110000 -87.77660000
v 129.11630000 73.14110000 -81.77660000
v 128.94500000 73.74350000 -87.77660000
v 128.94500000 73.74350000 -81.77660000
v 128.74510000 74.33340000 -87.77660000
v 128.74510000 74.33340000 -81.77660000
v 128.51760000 74.91000000 -87.77660000
v 128.51760000 74.91000000 -81.77660000
v 128.26310000 75.47240000 -87.77660000
v 128.26310000 75.47240000 -81.77660000
v 127.98240000 76.02000000 -87.77660000
v 127.98240000 76.02000000 -81.77660000
v 127.67640000 76.55180000 -87.77660000
v 127.67640000 76.55180000 -81.77660000
v 127.34590000 77.06710000 -87.77660000
v 127.34590000 77.06710000 -81.77660000
v 126.99160000 77.56500000 -87.77660000
v 126.99160000 77.56500000 -81.77660000
v 126.61440000 78.04490000 -87.77660000
v 126.61440000 78.04490000 -81.77660000
v 126.21510000 78.50580000 -87.77660000
v 126.21510000 78.50580000 -81.77660000
v 125.79440000 78.94700000 -87.77660000
v 125.79440000 78.94700000 -81.77660000
v 125.79440000 60.99170000 -87.77660000
v 125.79440000 60.99170000 -81.77660000
v 126.21510000 61.43290000 -87.77660000
v 126.21510000 61.43290000 -81.77660000
v 126.61440000 61.89380000 -87.77660000
v 126.61440000 61.89380000 -81.77660000
v 126.99160000 62.37370000 -87.77660000
v 126.99160000 62.37370000 -81.77660000
v 127.34590000 62.87160000 -87.77660000
v 127.34590000 62.87160000 -81.77660000
v 127.67640000 63.38690000 -87.77660000
v 127.67640000 63.38690000 -81.77660000
v 127.98240000 63.91870000 -87.77660000
v 127.98240000 63.91870000 -81.77660000
v 128.26310000 64.46630000 -87.77660000
v 128.26310000 64.46630000 -81.77660000
v 128.51760000 65.02870000 -87.77660000
v 128.51760000 65.02870000 -81.77660000
v 128.74510000 65.60530000 -87.77660000
v 128.74510000 65.60530000 -81.77660000
v 128.94500000 66.19520000 -87.77660000
v 128.94500000 66.19520000 -81.77660000
v 129.11630000 66.79760000 -87.77660000
v 129.11630000 66.79760000 -81.77660000
v 129.25820000 67.41170000 -87.77660000
v 129.25820000 67.41170000 -81.77660000
v 129.37000000 68.03680000 -87.77660000
v 129.37000000 68.03680000 -81.77660000
v 129.45080000 68.67190000 -87.77660000
v 129.45080000 68.67190000 -81.77660000
v 129.49990000 69.31640000 -87.77660000
v 129.49990000 69.31640000 -81.77660000
v 125.35320000 79.36770000 -87.77660000
v 125.35320000 79.36770000 -81.77660000
v 124.89230000 79.76700000 -87.77660000
v 124.89230000 79.76700000 -81.77660000
v 124.41250000 80.14420000 -87.77660000
v 124.41250000 80.14420000 -81.77660000
v 123.91450000 80.49840000 -87.77660000
v 123.91450000 80.49840000 -81.77660000
v 123.39920000 80.82900000 -87.77660000
v 123.39920000 80.82900000 -81.77660000
v 122.86740000 81.13500000 -87.77660000
v 122.86740000 81.13500000 -81.77660000
v 122.31990000 81.41560000 -87.77660000
v 122.31990000 81.41560000 -81.77660000
v 121.75740000 81.67010000 -87.77660000
v 121.75740000 81.67010000 -81.77660000
v 121.18080000 81.89770000 -87.77660000
v 121.18080000 81.89770000 -81.77660000
v 120.59090000 82.09750000 -87.77660000
v 120.59090000 82.09750000 -81.77660000
v 119.98850000 82.26880000 -87.77660000
v 119.98850000 82.26880000 -81.77660000
v 119.37440000 82.41070000 -87.77660000
v 119.37440000 82.41070000 -81.77660000
v 118.74940000 82.52250000 -87.77660000
v 118.74940000 82.52250000 -81.77660000
v 118.11420000 82.60340000 -87.77660000
v 118.11420000 82.60340000 -81.77660000
v 117.46980000 82.65250000 -87.77660000
v 117.46980000 82.65250000 -81.77660000
v 116.81680000 82.66900000 -87.77660000
v 116.81680000 82.66900000 -81.77660000
v 116.16380000 82.65250000 -87.77660000
v 116.16380000 82.65250000 -81.77660000
v 115.51940000 82.60340000 -87.77660000
v 115.51940000 82.60340000 -81.77660000
v 114.88420000 82.52250000 -87.77660000
v 114.88420000 82.52250000 -81.77660000
v 114.25920000 82.41070000 -87.77660000
v 114.25920000 82.41070000 -81.77660000
v 113.64510000 82.26880000 -87.77660000
v 113.64510000 82.26880000 -81.77660000
v 113.04270000 82.09750000 -87.77660000
v 113.04270000 82.09750000 -81.77660000
v 112.45280000 81.89770000 -87.77660000
v 112.45280000 81.89770000 -81.77660000
v 111.87620000 81.67010000 -87.77660000
v 111.87620000 81.67010000 -81.77660000
v 111.31370000 81.41560000 -87.77660000
v 111.31370000 81.41560000 -81.77660000
v 110.76620000 81.13500000 -87.77660000
v 110.76620000 81.13500000 -81.77660000
v 110.23440000 80.82900000 -87.77660000
v 110.23440000 80.82900000 -81.77660000
v 109.71910000 80.49840000 -87.77660000
v 109.71910000 80.49840000 -81.77660000
v 109.22110000 80.14420000 -87.77660000
v 109.22110000 80.14420000 -81.77660000
v 108.74130000 79.76700000 -87.77660000
v 108.74130000 79.76700000 -81.77660000
v 108.28030000 79.36770000 -87.77660000
v 108.28030000 79.36760000 -81.77660000
v 107.83910000 78.94700000 -87.77660000
v 107.83910000 78.94700000 -81.77660000
v 107.41850000 78.50580000 -87.77660000
v 107.41850000 78.50580000 -81.77660000
v 107.01920000 78.04490000 -87.77660000
v 107.01920000 78.04490000 -81.77660000
v 106.64200000 77.56500000 -87.77660000
v 106.64200000 77.56500000 -81.77660000
v 106.28770000 77.06710000 -87.77660000
v 106.28770000 77.06710000 -81.77660000
v 105.95720000 76.55180000 -87.77660000
v 105.95720000 76.55180000 -81.77660000
v 105.65120000 76.02000000 -87.77660000
v 105.65120000 76.02000000 -81.77660000
v 105.37050000 75.47240000 -87.77660000
v 105.37050000 75.47240000 -81.77660000
v 105.11600000 74.91000000 -87.77660000
v 105.11600000 74.91000000 -81.77660000
v 104.88850000 74.33340000 -87.77660000
v 104.88850000 74.33340000 -81.77660000
v 104.68860000 73.74350000 -87.77660000
v 104.68860000 73.74350000 -81.77660000
v 104.51730000 73.14110000 -87.77660000
v 104.51730000 73.14110000 -81.77660000
v 104.37540000 72.52700000 -87.77660000
v 104.37540000 72.52700000 -81.77660000
v 104.26360000 71.90190000 -87.77660000
v 104.26360000 71.90190000 -81.77660000
v 104.18280000 71.26680000 -87.77660000
v 104.18280000 71.26680000 -81.77660000
v 104.13370000 70.62230000 -87.77660000
v 104.13370000 70.62230000 -81.77660000
v 104.11710000 69.96930000 -87.77660000
v 104.11710000 69.96930000 -81.77660000
v 104.13370000 69.31640000 -87.77660000
v 104.13370000 69.31640000 -81.77660000
v 104.18280000 68.67190000 -87.77660000
v 104.18280000 68.67190000 -81.77660000
v 104.26360000 68.03680000 -87.77660000
v 104.26360000 68.03680000 -81.77660000
v 104.37540000 67.41170000 -87.77660000
v 104.37540000 67.41170000 -81.77660000
v 104.51730000 66.79760000 -87.77660000
v 104.51730000 66.79760000 -81.77660000
v 104.68860000 66.19520000 -87.77660000
v 104.68860000 66.19520000 -81.77660000
v 104.88850000 65.60530000 -87.77660000
v 104.88850000 65.60530000 -81.77660000
v 105.11600000 65.02870000 -87.77660000
v 105.11600000 65.02870000 -81.77660000
v 105.37050000 64.46630000 -87.77660000
v 105.37050000 64.46630000 -81.77660000
v 105.65120000 63.91870000 -87.77660000
v 105.65120000 63.91870000 -81.77660000
v 105.95720000 63.38690000 -87.77660000
v 105.95720000 63.38690000 -81.77660000
v 106.28770000 62.87160000 -87.77660000
v 106.28770000 62.87160000 -81.77660000
v 106.64200000 62.37370000 -87.77660000
v 106.64200000 62.37360000 -81.77660000
v 107.01920000 61.89380000 -87.77660000
v 107.01920000 61.89380000 -81.77660000
v 107.41850000 61.43290000 -87.77660000
v 107.41850000 61.43290000 -81.77660000
v 107.83910000 60.99170000 -87.77660000
v 107.83910000 60.99170000 -81.77660000
v 108.28030000 60.57100000 -87.77660000
v 108.28030000 60.57100000 -81.77660000
v 108.74130000 60.17170000 -87.77660000
v 108.74130000 60.17170000 -81.77660000
v 109.22110000 59.79450000 -87.77660000
v 109.22110000 59.79450000 -81.77660000
v 109.71910000 59.44030000 -87.77660000
v 109.71910000 59.44030000 -81.77660000
v 110.23440000 59.10970000 -87.77660000
v 110.23440000 59.10970000 -81.77660000
v 110.76620000 58.80370000 -87.77660000
v 110.76620000 58.80370000 -81.77660000
v 111.31370000 58.52310000 -87.77660000
v 111.31370000 58.52310000 -81.77660000
v 111.87620000 58.26860000 -87.77660000
v 111.87620000 58.26860000 -81.77660000
v 112.45280000 58.04100000 -87.77660000
v 112.45280000 58.04100000 -81.77660000
v 113.04270000 57.84120000 -87.77660000
v 113.04270000 57.84120000 -81.77660000
v 113.64510000 57.66990000 -87.77660000
v 113.64510000 57.66990000 -81.77660000
v 114.25920000 57.52800000 -87.77660000
v 114.25920000 57.52800000 -81.77660000
v 114.88420000 57.41620000 -87.77660000
v 114.88420000 57.41620000 -81.77660000
v 115.51940000 57.33530000 -87.77660000
v 115.51940000 57.33530000 -81.77660000
v 116.16380000 57.28620000 -87.77660000
v 116.16380000 57.28620000 -81.77660000
v 116.81680000 57.26970000 -87.77660000
v 116.81680000 57.26970000 -81.77660000
v 117.46980000 57.28620000 -87.77660000
v 117.46980000 57.28620000 -81.77660000
v 118.11420000 57.33530000 -87.77660000
v 118.11420000 57.33530000 -81.77660000
v 118.74940000 57.41620000 -87.77660000
v 118.74940000 57.41620000 -81.77660000
v 119.37440000 57.52800000 -87.77660000
v 119.37440000 57.52800000 -81.77660000
v 119.98850000 57.66990000 -87.77660000
v 119.98850000 57.66990000 -81.77660000
v 120.59090000 57.84120000 -87.77660000
v 120.59090000 57.84120000 -81.77660000
v 121.18080000 58.04100000 -87.77660000
v 121.18080000 58.04100000 -81.77660000
v 121.75740000 58.26860000 -87.77660000
v 121.75740000 58.26860000 -81.77660000
v 122.31990000 58.52310000 -87.77660000
v 122.31990000 58.52310000 -81.77660000
v 122.86740000 58.80370000 -87.77660000
v 122.86740000 58.80370000 -81.77660000
v 123.39920000 59.10970000 -87.77660000
v 123.39920000 59.10970000 -81.77660000
v 123.91450000 59.44030000 -87.77660000
v 123.91450000 59.44030000 -81.77660000
v 124.41250000 59.79450000 -87.77660000
v 124.41250000 59.79450000 -81.77660000
v 124.89230000 60.17170000 -87.77660000
v 124.89230000 60.17170000 -81.77660000
v 125.35320000 60.57100000 -87.77660000
v 125.35320000 60.57100000 -81.77660000
v 128.45600000 68.77410000 -81.77660000
v 128.50120000 69.36780000 -81.77660000
v 128.38150000 68.18890000 -81.77660000
v 128.27850000 67.61310000 -81.77660000
v 128.14770000 67.04740000 -81.77660000
v 127.98990000 66.49240000 -81.77660000
v 127.80580000 65.94890000 -81.77660000
v 127.59620000 65.41780000 -81.77660000
v 127.36170000 64.89960000 -81.77660000
v 127.10320000 64.39520000 -81.77660000
v 126.82130000 63.90520000 -81.77660000
v 126.51680000 63.43050000 -81.77660000
v 126.19040000 62.97180000 -81.77660000
v 125.84290000 62.52970000 -81.77660000
v 125.47500000 62.10510000 -81.77660000
v 125.08750000 61.69860000 -81.77660000
v 124.68110000 61.31110000 -81.77660000
v 124.25640000 60.94320000 -81.77660000
v 123.81440000 60.59570000 -81.77660000
v 123.35560000 60.26940000 -81.77660000
v 122.88090000 59.96490000 -81.77660000
v 122.39100000 59.68300000 -81.77660000
v 121.88650000 59.42440000 -81.77660000
v 121.36840000 59.18990000 -81.77660000
v 120.83720000 58.98030000 -81.77660000
v 120.29370000 58.79620000 -81.77660000
v 119.73880000 58.63840000 -81.77660000
v 119.17300000 58.50760000 -81.77660000
v 118.59720000 58.40470000 -81.77660000
v 118.01210000 58.33020000 -81.77660000
v 117.41830000 58.28500000 -81.77660000
v 116.81680000 58.26970000 -81.77660000
v 116.21520000 58.28500000 -81.77660000
v 115.62150000 58.33020000 -81.77660000
v 115.03640000 58.40470000 -81.77660000
v 114.46060000 58.50760000 -81.77660000
v 113.89480000 58.63840000 -81.77660000
v 113.33980000 58.79620000 -81.77660000
v 112.79640000 58.98030000 -81.77660000
v 112.26520000 59.18990000 -81.77660000
v 111.74710000 59.42440000 -81.77660000
v 111.24260000 59.68300000 -81.77660000
v 110.75270000 59.96490000 -81.77660000
v 110.27800000 60.26940000 -81.77660000
v 109.81920000 60.59570000 -81.77660000
v 109.37720000 60.94320000 -81.77660000
v 108.95250000 61.31110000 -81.77660000
v 108.54610000 61.69860000 -81.77660000
v 108.15860000 62.10510000 -81.77660000
v 107.79070000 62.52970000 -81.77660000
v 107.44320000 62.97180000 -81.77660000
v 107.11680000 63.43050000 -81.77660000
v 106.81230000 63.90520000 -81.77660000
v 106.53040000 64.39520000 -81.77660000
v 106.27190000 64.89960000 -81.77660000
v 106.03740000 65.41780000 -81.77660000
v 105.82770000 65.94900000 -81.77660000
v 105.64370000 66.49240000 -81.77660000
v 105.48590000 67.04740000 -81.77660000
v 105.35510000 67.61310000 -81.77660000
v 105.25210000 68.18890000 -81.77660000
v 105.17760000 68.77410000 -81.77660000
v 105.13240000 69.36780000 -81.77660000
v 105.11720000 69.96930000 -81.77660000
v 105.13240000 70.57090000 -81.77660000
v 105.17760000 71.16460000 -81.77660000
v 105.25210000 71.74970000 -81.77660000
v 105.35510000 72.32560000 -81.77660000
v 105.48590000 72.89130000 -81.77660000
v 105.64370000 73.44630000 -81.77660000
v 105.82770000 73.98970000 -81.77660000
v 106.03740000 74.52090000 -81.77660000
v 106.27190000 75.03910000 -81.77660000
v 106.53040000 75.54350000 -81.77660000
v 106.81230000 76.03340000 -81.77660000
v 107.11680000 76.50820000 -81.77660000
v 107.44320000 76.96690000 -81.77660000
v 107.79070000 77.40900000 -81.77660000
v 108.15860000 77.83360000 -81.77660000
v 108.54610000 78.24010000 -81.77660000
v 108.95250000 78.62760000 -81.77660000
v 109.37720000 78.99550000 -81.77660000
v 109.81920000 79.34300000 -81.77660000
v 110.27800000 79.66930000 -81.77660000
v 110.75270000 79.97380000 -81.77660000
v 111.24260000 80.25570000 -81.77660000
v 111.74710000 80.51430000 -81.77660000
v 112.26520000 80.74870000 -81.77660000
v 112.79640000 80.95840000 -81.77660000
v 113.33980000 81.14250000 -81.77660000
v 113.89480000 81.30030000 -81.77660000
v 114.46060000 81.43100000 -81.77660000
v 115.03640000 81.53400000 -81.77660000
v 115.62150000 81.60850000 -81.77660000
v 116.21520000 81.65370000 -81.77660000
v 116.81680000 81.66900000 -81.77660000
v 117.41840000 81.65370000 -81.77660000
v 118.01210000 81.60850000 -81.77660000
v 118.59720000 81.53400000 -81.77660000
v 119.17300000 81.43100000 -81.77660000
v 119.73880000 81.30030000 -81.77660000
v 120.29380000 81.14250000 -81.77660000
v 120.83720000 80.95840000 -81.77660000
v 121.36840000 80.74870000 -81.77660000
v 121.88650000 80.51430000 -81.77660000
v 122.39100000 80.25570000 -81.77660000
v 122.88090000 79.97380000 -81.77660000
v 123.35560000 79.66930000 -81.77660000
v 123.81440000 79.34300000 -81.77660000
v 124.25640000 78.99550000 -81.77660000
v 124.68110000 78.62760000 -81.77660000
v 125.08750000 78.24010000 -81.77660000
v 125.47500000 77.83360000 -81.77660000
v 125.84290000 77.40900000 -81.77660000
v 126.19040000 76.96690000 -81.77660000
v 126.51680000 76.50820000 -81.77660000
v 126.82130000 76.03340000 -81.77660000
v 127.10320000 75.54350000 -81.77660000
v 127.36170000 75.03910000 -81.77660000
v 127.59620000 74.52090000 -81.77660000
v 127.80580000 73.98970000 -81.77660000
v 127.98990000 73.44630000 -81.77660000
v 128.14770000 72.89130000 -81.77660000
v 128.27850000 72.32560000 -81.77660000
v 128.38150000 71.74970000 -81.77660000
v 128.45600000 71.16460000 -81.77660000
v 128.50120000 70.57090000 -81.77660000
v 128.51640000 69.96930000 -81.77660000
v 128.50120000 69.36780000 -87.77660000
v 128.45600000 68.77410000 -87.77660000
v 128.38150000 68.18890000 -87.77660000
v 128.27850000 67.61310000 -87.77660000
v 128.14770000 67.04740000 -87.77660000
v 127.98990000 66.49240000 -87.77660000
v 127.80580000 65.94890000 -87.77660000
v 127.59620000 65.41780000 -87.77660000
v 127.36170000 64.89960000 -87.77660000
v 127.10320000 64.39520000 -87.77660000
v 126.82130000 63.90520000 -87.77660000
v 126.51680000 63.43050000 -87.77660000
v 126.19040000 62.97180000 -87.77660000
v 125.84290000 62.52970000 -87.77660000
v 125.47500000 62.10510000 -87.77660000
v 125.08750000 61.69860000 -87.77660000
v 124.68110000 61.31110000 -87.77660000
v 124.25640000 60.94320000 -87.77660000
v 123.81440000 60.59570000 -87.77660000
v 123.35560000 60.26940000 -87.77660000
v 122.88090000 59.96490000 -87.77660000
v 122.39100000 59.68300000 -87.77660000
v 121.88650000 59.42440000 -87.77660000
v 121.36840000 59.18990000 -87.77660000
v 120.83720000 58.98030000 -87.77660000
v 120.29370000 58.79620000 -87.77660000
v 119.73880000 58.63840000 -87.77660000
v 119.17300000 58.50760000 -87.77660000
v 118.59720000 58.40470000 -87.77660000
v 118.01210000 58.33020000 -87.77660000
v 117.41830000 58.28500000 -87.77660000
v 116.81680000 58.26970000 -87.77660000
v 116.21520000 58.28500000 -87.77660000
v 115.62150000 58.33020000 -87.77660000
v 115.03640000 58.40470000 -87.77660000
v 114.46060000 58.50760000 -87.77660000
v 113.89480000 58.63840000 -87.77660000
v 113.33980000 58.79620000 -87.77660000
v 112.79640000 58.98030000 -87.77660000
v 112.26520000 59.18990000 -87.77660000
v 111.74710000 59.42440000 -87.77660000
v 111.24260000 59.68300000 -87.77660000
v 110.75270000 59.96490000 -87.77660000
v 110.27800000 60.26940000 -87.77660000
v 109.81920000 60.59570000 -87.77660000
v 109.37720000 60.94320000 -87.77660000
v 108.95250000 61.31110000 -87.77660000
v 108.54610000 61.69860000 -87.77660000
v 108.15860000 62.10510000 -87.77660000
v 107.79070000 62.52970000 -87.77660000
v 107.44320000 62.97180000 -87.77660000
v 107.11680000 63.43050000 -87.77660000
v 106.81230000 63.90520000 -87.77660000
v 106.53040000 64.39520000 -87.77660000
v 106.27190000 64.89960000 -87.77660000
v 106.03740000 65.41780000 -87.77660000
v 105.82770000 65.94900000 -87.77660000
v 105.64370000 66.49240000 -87.77660000
v 105.48590000 67.04740000 -87.77660000
v 105.35510000 67.61310000 -87.77660000
v 105.25210000 68.18890000 -87.77660000
v 105.17760000 68.77410000 -87.77660000
v 105.13240000 69.36780000 -87.77660000
v 105.11720000 69.96930000 -87.77660000
v 105.13240000 70.57090000 -87.77660000
v 105.17760000 71.16460000 -87.77660000
v 105.25210000 71.74970000 -87.77660000
v 105.35510000 72.32560000 -87.77660000
v 105.48590000 72.89130000 -87.77660000
v 105.64370000 73.44630000 -87.77660000
v 105.82770000 73.98970000 -87.77660000
v 106.03740000 74.52090000 -87.77660000
v 106.27190000 75.03910000 -87.77660000
v 106.53040000 75.54350000 -87.77660000
v 106.81230000 76.03340000 -87.77660000
v 107.11680000 76.50820000 -87.77660000
v 107.44320000 76.96690000 -87.77660000
v 107.79070000 77.40900000 -87.77660000
v 108.15860000 77.83360000 -87.77660000
v 108.54610000 78.24010000 -87.77660000
v 108.95250000 78.62760000 -87.77660000
v 109.37720000 78.99550000 -87.77660000
v 109.81920000 79.34300000 -87.77660000
v 110.27800000 79.66930000 -87.77660000
v 110.75270000 79.97380000 -87.77660000
v 111.24260000 80.25570000 -87.77660000
v 111.74710000 80.51430000 -87.77660000
v 112.26520000 80.74870000 -87.77660000
v 112.79640000 80.95840000 -87.77660000
v 113.33980000 81.14250000 -87.77660000
v 113.89480000 81.30030000 -87.77660000
v 114.46060000 81.43100000 -87.77660000
v 115.03640000 81.53400000 -87.77660000
v 115.62150000 81.60850000 -87.77660000
v 116.21520000 81.65370000 -87.77660000
v 116.81680000 81.66900000 -87.77660000
v 117.41840000 81.65370000 -87.77660000
v 118.01210000 81.60850000 -87.77660000
v 118.59720000 81.53400000 -87.77660000
v 119.17300000 81.43100000 -87.77660000
v 119.73880000 81.30030000 -87.77660000
v 120.29380000 81.14250000 -87.77660000
v 120.83720000 80.95840000 -87.77660000
v 121.36840000 80.74870000 -87.77660000
v 121.88650000 80.51430000 -87.77660000
v 122.39100000 80.25570000 -87.77660000
v 122.88090000 79.97380000 -87.77660000
v 123.35560000 79.66930000 -87.77660000
v 123.81440000 79.34300000 -87.77660000
v 124.25640000 78.99550000 -87.77660000
v 124.68110000 78.62760000 -87.77660000
v 125.08750000 78.24010000 -87.77660000
v 125.47500000 77.83360000 -87.77660000
v 125.84290000 77.40900000 -87.77660000
v 126.19040000 76.96690000 -87.77660000
v 126.51680000 76.50820000 -87.77660000
v 126.82130000 76.03340000 -87.77660000
v 127.10320000 75.54350000 -87.77660000
v 127.36170000 75.03910000 -87.77660000
v 127.59620000 74.52090000 -87.77660000
v 127.80580000 73.98970000 -87.77660000
v 127.98990000 73.44630000 -87.77660000
v 128.14770000 72.89130000 -87.77660000
v 128.27850000 72.32560000 -87.77660000
v 128.38150000 71.74970000 -87.77660000
v 128.45600000 71.16460000 -87.77660000
v 128.50120000 70.57090000 -87.77660000
v 128.51640000 69.96930000 -87.77660000
v 126.33830000 63.17400000 -87.77660000
v 107.28770000 63.18450000 -87.77660000
v 107.28770000 63.18450000 -82.77660000
v 126.33830000 63.17400000 -82.77660000
v 107.71000000 62.62850000 -87.77660000
v 108.16390000 62.09910000 -87.77660000
v 108.64820000 61.59780000 -87.77660000
v 109.16120000 61.12580000 -87.77660000
v 109.55330000 60.80060000 -87.77660000
v 109.95950000 60.49240000 -87.77660000
v 110.37920000 60.20170000 -87.77660000
v 110.81190000 59.92910000 -87.77660000
v 111.25710000 59.67510000 -87.77660000
v 111.71410000 59.44040000 -87.77660000
v 112.18240000 59.22540000 -87.77660000
v 112.66160000 59.03070000 -87.77660000
v 113.15090000 58.85680000 -87.77660000
v 113.65000000 58.70430000 -87.77660000
v 114.15810000 58.57380000 -87.77660000
v 114.67490000 58.46580000 -87.77660000
v 115.19970000 58.38080000 -87.77660000
v 115.73200000 58.31950000 -87.77660000
v 116.27120000 58.28220000 -87.77660000
v 117.54690000 58.29220000 -87.77660000
v 118.26510000 58.35870000 -87.77660000
v 118.97030000 58.46800000 -87.77660000
v 119.66090000 58.61860000 -87.77660000
v 120.33580000 58.80940000 -87.77660000
v 120.99360000 59.03890000 -87.77660000
v 121.63290000 59.30580000 -87.77660000
v 122.25240000 59.60890000 -87.77660000
v 122.85090000 59.94670000 -87.77660000
v 123.42700000 60.31800000 -87.77660000
v 123.97930000 60.72140000 -87.77660000
v 124.50650000 61.15560000 -87.77660000
v 125.00740000 61.61930000 -87.77660000
v 125.48050000 62.11110000 -87.77660000
v 125.92460000 62.62980000 -87.77660000
v 107.71000000 62.62850000 -82.77660000
v 108.16390000 62.09910000 -82.77660000
v 108.64820000 61.59780000 -82.77660000
v 109.16120000 61.12580000 -82.77660000
v 109.55330000 60.80060000 -82.77660000
v 109.95950000 60.49240000 -82.77660000
v 110.37920000 60.20170000 -82.77660000
v 110.81190000 59.92910000 -82.77660000
v 111.25710000 59.67510000 -82.77660000
v 111.71410000 59.44040000 -82.77660000
v 112.18240000 59.22540000 -82.77660000
v 112.66160000 59.03070000 -82.77660000
v 113.15090000 58.85680000 -82.77660000
v 113.65000000 58.70430000 -82.77660000
v 114.15810000 58.57380000 -82.77660000
v 114.67490000 58.46580000 -82.77660000
v 115.19970000 58.38080000 -82.77660000
v 115.73200000 58.31950000 -82.77660000
v 116.27120000 58.28220000 -82.77660000
v 116.81680000 58.26970000 -82.77660000
v 117.54690000 58.29220000 -82.77660000
v 118.26510000 58.35870000 -82.77660000
v 118.97030000 58.46800000 -82.77660000
v 119.66090000 58.61860000 -82.77660000
v 120.33580000 58.80940000 -82.77660000
v 120.99360000 59.03890000 -82.77660000
v 121.63290000 59.30580000 -82.77660000
v 122.25240000 59.60890000 -82.77660000
v 122.85090000 59.94670000 -82.77660000
v 123.42700000 60.31800000 -82.77660000
v 123.97930000 60.72140000 -82.77660000
v 124.50650000 61.15560000 -82.77660000
v 125.00740000 61.61930000 -82.77660000
v 125.48050000 62.11110000 -82.77660000
v 125.92460000 62.62980000 -82.77660000
v 156.36100000 87.19880000 -87.77660000
v 156.34440000 87.85180000 -87.77660000
v 156.34440000 87.85180000 -81.77660000
v 156.36100000 87.19880000 -81.77660000
v 156.29530000 88.49620000 -87.77660000
v 156.29530000 88.49620000 -81.77660000
v 156.21450000 89.13140000 -87.77660000
v 156.21450000 89.13140000 -81.77660000
v 156.10270000 89.75640000 -87.77660000
v 156.10270000 89.75640000 -81.77660000
v 155.96080000 90.37060000 -87.77660000
v 155.96080000 90.37060000 -81.77660000
v 155.78950000 90.97300000 -87.77660000
v 155.78950000 90.97300000 -81.77660000
v 155.58970000 91.56290000 -87.77660000
v 155.58970000 91.56290000 -81.77660000
v 155.36210000 92.13940000 -87.77660000
v 155.36210000 92.13940000 -81.77660000
v 155.10760000 92.70190000 -87.77660000
v 155.10760000 92.70190000 -81.77660000
v 154.82690000 93.24940000 -87.77660000
v 154.82690000 93.24940000 -81.77660000
v 154.52090000 93.78130000 -87.77660000
v 154.52090000 93.78130000 -81.77660000
v 154.19040000 94.29650000 -87.77660000
v 154.19040000 94.29650000 -81.77660000
v 153.83620000 94.79450000 -87.77660000
v 153.83620000 94.79450000 -81.77660000
v 153.45900000 95.27440000 -87.77660000
v 153.45900000 95.27440000 -81.77660000
v 153.05960000 95.73530000 -87.77660000
v 153.05960000 95.73530000 -81.77660000
v 152.63900000 96.17650000 -87.77660000
v 152.63900000 96.17650000 -81.77660000
v 152.63900000 78.22120000 -87.77660000
v 152.63900000 78.22120000 -81.77660000
v 153.05960000 78.66240000 -87.77660000
v 153.05960000 78.66240000 -81.77660000
v 153.45900000 79.12330000 -87.77660000
v 153.45900000 79.12330000 -81.77660000
v 153.83620000 79.60310000 -87.77660000
v 153.83620000 79.60310000 -81.77660000
v 154.19040000 80.10110000 -87.77660000
v 154.19040000 80.10110000 -81.77660000
v 154.52090000 80.61640000 -87.77660000
v 154.52090000 80.61640000 -81.77660000
v 154.82690000 81.14820000 -87.77660000
v 154.82690000 81.14820000 -81.77660000
v 155.10760000 81.69580000 -87.77660000
v 155.10760000 81.69570000 -81.77660000
v 155.36210000 82.25820000 -87.77660000
v 155.36210000 82.25820000 -81.77660000
v 155.58970000 82.83480000 -87.77660000
v 155.58970000 82.83480000 -81.77660000
v 155.78950000 83.42470000 -87.77660000
v 155.78950000 83.42470000 -81.77660000
v 155.96080000 84.02710000 -87.77660000
v 155.96080000 84.02710000 -81.77660000
v 156.10270000 84.64120000 -87.77660000
v 156.10270000 84.64120000 -81.77660000
v 156.21450000 85.26630000 -87.77660000
v 156.21450000 85.26630000 -81.77660000
v 156.29530000 85.90140000 -87.77660000
v 156.29530000 85.90140000 -81.77660000
v 156.34440000 86.54590000 -87.77660000
v 156.34440000 86.54590000 -81.77660000
v 152.19780000 96.59710000 -87.77660000
v 152.19780000 96.59710000 -81.77660000
v 151.73680000 96.99650000 -87.77660000
v 151.73680000 96.99650000 -81.77660000
v 151.25700000 97.37370000 -87.77660000
v 151.25700000 97.37360000 -81.77660000
v 150.75900000 97.72790000 -87.77660000
v 150.75900000 97.72790000 -81.77660000
v 150.24370000 98.05840000 -87.77660000
v 150.24370000 98.05840000 -81.77660000
v 149.71190000 98.36440000 -87.77660000
v 149.71190000 98.36440000 -81.77660000
v 149.16440000 98.64510000 -87.77660000
v 149.16440000 98.64510000 -81.77660000
v 148.60190000 98.89960000 -87.77660000
v 148.60190000 98.89960000 -81.77660000
v 148.02530000 99.12720000 -87.77660000
v 148.02530000 99.12720000 -81.77660000
v 147.43550000 99.32700000 -87.77660000
v 147.43550000 99.32700000 -81.77660000
v 146.83310000 99.49830000 -87.77660000
v 146.83310000 99.49830000 -81.77660000
v 146.21890000 99.64020000 -87.77660000
v 146.21890000 99.64020000 -81.77660000
v 145.59390000 99.75200000 -87.77660000
v 145.59390000 99.75200000 -81.77660000
v 144.95870000 99.83290000 -87.77660000
v 144.95870000 99.83280000 -81.77660000
v 144.31430000 99.88190000 -87.77660000
v 144.31430000 99.88190000 -81.77660000
v 143.66130000 99.89850000 -87.77660000
v 143.66130000 99.89850000 -81.77660000
v 143.00830000 99.88190000 -87.77660000
v 143.00830000 99.88190000 -81.77660000
v 142.36390000 99.83290000 -87.77660000
v 142.36390000 99.83280000 -81.77660000
v 141.72870000 99.75200000 -87.77660000
v 141.72870000 99.75200000 -81.77660000
v 141.10370000 99.64020000 -87.77660000
v 141.10370000 99.64020000 -81.77660000
v 140.48960000 99.49830000 -87.77660000
v 140.48960000 99.49830000 -81.77660000
v 139.88720000 99.32700000 -87.77660000
v 139.88720000 99.32700000 -81.77660000
v 139.29730000 99.12720000 -87.77660000
v 139.29730000 99.12720000 -81.77660000
v 138.72070000 98.89960000 -87.77660000
v 138.72070000 98.89960000 -81.77660000
v 138.15820000 98.64510000 -87.77660000
v 138.15820000 98.64510000 -81.77660000
v 137.61070000 98.36440000 -87.77660000
v 137.61070000 98.36440000 -81.77660000
v 137.07890000 98.05840000 -87.77660000
v 137.07890000 98.05840000 -81.77660000
v 136.56360000 97.72790000 -87.77660000
v 136.56360000 97.72790000 -81.77660000
v 136.06560000 97.37360000 -87.77660000
v 136.06560000 97.37360000 -81.77660000
v 135.58580000 96.99650000 -87.77660000
v 135.58580000 96.99650000 -81.77660000
v 135.12490000 96.59710000 -87.77660000
v 135.12490000 96.59710000 -81.77660000
v 134.68370000 96.17650000 -87.77660000
v 134.68370000 96.17650000 -81.77660000
v 134.26300000 95.73530000 -87.77660000
v 134.26300000 95.73530000 -81.77660000
v 133.86370000 95.27440000 -87.77660000
v 133.86370000 95.27440000 -81.77660000
v 133.48650000 94.79450000 -87.77660000
v 133.48650000 94.79450000 -81.77660000
v 133.13220000 94.29650000 -87.77660000
v 133.13220000 94.29650000 -81.77660000
v 132.80170000 93.78130000 -87.77660000
v 132.80170000 93.78130000 -81.77660000
v 132.49570000 93.24940000 -87.77660000
v 132.49570000 93.24940000 -81.77660000
v 132.21510000 92.70190000 -87.77660000
v 132.21510000 92.70190000 -81.77660000
v 131.96050000 92.13940000 -87.77660000
v 131.96050000 92.13940000 -81.77660000
v 131.73300000 91.56290000 -87.77660000
v 131.73300000 91.56290000 -81.77660000
v 131.53310000 90.97300000 -87.77660000
v 131.53310000 90.97300000 -81.77660000
v 131.36190000 90.37060000 -87.77660000
v 131.36190000 90.37060000 -81.77660000
v 131.21990000 89.75640000 -87.77660000
v 131.21990000 89.75640000 -81.77660000
v 131.10810000 89.13140000 -87.77660000
v 131.10810000 89.13140000 -81.77660000
v 131.02730000 88.49620000 -87.77660000
v 131.02730000 88.49620000 -81.77660000
v 130.97820000 87.85180000 -87.77660000
v 130.97820000 87.85180000 -81.77660000
v 130.96170000 87.19880000 -87.77660000
v 130.96170000 87.19880000 -81.77660000
v 130.97820000 86.54590000 -87.77660000
v 130.97820000 86.54590000 -81.77660000
v 131.02730000 85.90140000 -87.77660000
v 131.02730000 85.90140000 -81.77660000
v 131.10810000 85.26630000 -87.77660000
v 131.10810000 85.26630000 -81.77660000
v 131.21990000 84.64120000 -87.77660000
v 131.21990000 84.64120000 -81.77660000
v 131.36190000 84.02710000 -87.77660000
v 131.36190000 84.02710000 -81.77660000
v 131.53310000 83.42470000 -87.77660000
v 131.53310000 83.42470000 -81.77660000
v 131.73300000 82.83480000 -87.77660000
v 131.73300000 82.83480000 -81.77660000
v 131.96050000 82.25820000 -87.77660000
v 131.96050000 82.25820000 -81.77660000
v 132.21510000 81.69570000 -87.77660000
v 132.21510000 81.69570000 -81.77660000
v 132.49570000 81.14820000 -87.77660000
v 132.49570000 81.14820000 -81.77660000
v 132.80170000 80.61640000 -87.77660000
v 132.80170000 80.61640000 -81.77660000
v 133.13220000 80.10110000 -87.77660000
v 133.13220000 80.10110000 -81.77660000
v 133.48650000 79.60310000 -87.77660000
v 133.48650000 79.60310000 -81.77660000
v 133.86370000 79.12330000 -87.77660000
v 133.86370000 79.12330000 -81.77660000
v 134.26300000 78.66240000 -87.77660000
v 134.26300000 78.66240000 -81.77660000
v 134.68370000 78.22120000 -87.77660000
v 134.68370000 78.22120000 -81.77660000
v 135.12490000 77.80050000 -87.77660000
v 135.12490000 77.80050000 -81.77660000
v 135.58580000 77.40120000 -87.77660000
v 135.58580000 77.40120000 -81.77660000
v 136.06560000 77.02400000 -87.77660000
v 136.06560000 77.02400000 -81.77660000
v 136.56360000 76.66970000 -87.77660000
v 136.56360000 76.66970000 -81.77660000
v 137.07890000 76.33920000 -87.77660000
v 137.07890000 76.33920000 -81.77660000
v 137.61070000 76.03320000 -87.77660000
v 137.61070000 76.03320000 -81.77660000
v 138.15820000 75.75260000 -87.77660000
v 138.15820000 75.75260000 -81.77660000
v 138.72070000 75.49800000 -87.77660000
v 138.72070000 75.49800000 -81.77660000
v 139.29730000 75.27050000 -87.77660000
v 139.29730000 75.27050000 -81.77660000
v 139.88720000 75.07060000 -87.77660000
v 139.88720000 75.07060000 -81.77660000
v 140.48960000 74.89940000 -87.77660000
v 140.48960000 74.89940000 -81.77660000
v 141.10370000 74.75740000 -87.77660000
v 141.10370000 74.75740000 -81.77660000
v 141.72870000 74.64560000 -87.77660000
v 141.72870000 74.64560000 -81.77660000
v 142.36390000 74.56480000 -87.77660000
v 142.36390000 74.56480000 -81.77660000
v 143.00830000 74.51570000 -87.77660000
v 143.00830000 74.51570000 -81.77660000
v 143.66130000 74.49920000 -87.77660000
v 143.66130000 74.49920000 -81.77660000
v 144.31430000 74.51570000 -87.77660000
v 144.31430000 74.51570000 -81.77660000
v 144.95870000 74.56480000 -87.77660000
v 144.95870000 74.56480000 -81.77660000
v 145.59390000 74.64560000 -87.77660000
v 145.59390000 74.64560000 -81.77660000
v 146.21890000 74.75740000 -87.77660000
v 146.21890000 74.75740000 -81.77660000
v 146.83310000 74.89940000 -87.77660000
v 146.83310000 74.89940000 -81.77660000
v 147.43550000 75.07060000 -87.77660000
v 147.43550000 75.07060000 -81.77660000
v 148.02530000 75.27050000 -87.77660000
v 148.02530000 75.27050000 -81.77660000
v 148.60190000 75.49800000 -87.77660000
v 148.60190000 75.49800000 -81.77660000
v 149.16440000 75.75260000 -87.77660000
v 149.16440000 75.75260000 -81.77660000
v 149.71190000 76.03320000 -87.77660000
v 149.71190000 76.03320000 -81.77660000
v 150.24370000 76.33920000 -87.77660000
v 150.24370000 76.33920000 -81.77660000
v 150.75900000 76.66970000 -87.77660000
v 150.75900000 76.66970000 -81.77660000
v 151.25700000 77.02400000 -87.77660000
v 151.25700000 77.02400000 -81.77660000
v 151.73680000 77.40120000 -87.77660000
v 151.73680000 77.40120000 -81.77660000
v 152.19780000 77.80050000 -87.77660000
v 152.19780000 77.80050000 -81.77660000
v 155.30050000 86.00360000 -81.77660000
v 155.34570000 86.59730000 -81.77660000
v 155.22600000 85.41840000 -81.77660000
v 155.12300000 84.84260000 -81.77660000
v 154.99220000 84.27680000 -81.77660000
v 154.83450000 83.72190000 -81.77660000
v 154.65040000 83.17840000 -81.77660000
v 154.44070000 82.64720000 -81.77660000
v 154.20630000 82.12910000 -81.77660000
v 153.94770000 81.62470000 -81.77660000
v 153.66580000 81.13470000 -81.77660000
v 153.36130000 80.66000000 -81.77660000
v 153.03490000 80.20120000 -81.77660000
v 152.68740000 79.75920000 -81.77660000
v 152.31960000 79.33460000 -81.77660000
v 151.93200000 78.92810000 -81.77660000
v 151.52560000 78.54060000 -81.77660000
v 151.10100000 78.17270000 -81.77660000
v 150.65890000 77.82520000 -81.77660000
v 150.20010000 77.49880000 -81.77660000
v 149.72540000 77.19430000 -81.77660000
v 149.23550000 76.91240000 -81.77660000
v 148.73100000 76.65390000 -81.77660000
v 148.21290000 76.41940000 -81.77660000
v 147.68170000 76.20980000 -81.77660000
v 147.13830000 76.02570000 -81.77660000
v 146.58330000 75.86790000 -81.77660000
v 146.01750000 75.73710000 -81.77660000
v 145.44170000 75.63410000 -81.77660000
v 144.85660000 75.55970000 -81.77660000
v 144.26290000 75.51440000 -81.77660000
v 143.66130000 75.49920000 -81.77660000
v 143.05980000 75.51440000 -81.77660000
v 142.46600000 75.55970000 -81.77660000
v 141.88090000 75.63410000 -81.77660000
v 141.30510000 75.73710000 -81.77660000
v 140.73930000 75.86790000 -81.77660000
v 140.18440000 76.02570000 -81.77660000
v 139.64090000 76.20980000 -81.77660000
v 139.10970000 76.41940000 -81.77660000
v 138.59160000 76.65390000 -81.77660000
v 138.08710000 76.91240000 -81.77660000
v 137.59720000 77.19430000 -81.77660000
v 137.12250000 77.49880000 -81.77660000
v 136.66370000 77.82520000 -81.77660000
v 136.22170000 78.17270000 -81.77660000
v 135.79710000 78.54060000 -81.77660000
v 135.39060000 78.92810000 -81.77660000
v 135.00310000 79.33460000 -81.77660000
v 134.63520000 79.75920000 -81.77660000
v 134.28770000 80.20120000 -81.77660000
v 133.96130000 80.66000000 -81.77660000
v 133.65680000 81.13470000 -81.77660000
v 133.37490000 81.62470000 -81.77660000
v 133.11640000 82.12910000 -81.77660000
v 132.88190000 82.64720000 -81.77660000
v 132.67230000 83.17840000 -81.77660000
v 132.48820000 83.72190000 -81.77660000
v 132.33040000 84.27680000 -81.77660000
v 132.19960000 84.84260000 -81.77660000
v 132.09660000 85.41840000 -81.77660000
v 132.02220000 86.00360000 -81.77660000
v 131.97690000 86.59730000 -81.77660000
v 131.96170000 87.19880000 -81.77660000
v 131.97690000 87.80040000 -81.77660000
v 132.02220000 88.39410000 -81.77660000
v 132.09660000 88.97920000 -81.77660000
v 132.19960000 89.55500000 -81.77660000
v 132.33040000 90.12080000 -81.77660000
v 132.48820000 90.67580000 -81.77660000
v 132.67230000 91.21920000 -81.77660000
v 132.88190000 91.75040000 -81.77660000
v 133.11640000 92.26860000 -81.77660000
v 133.37490000 92.77300000 -81.77660000
v 133.65680000 93.26290000 -81.77660000
v 133.96130000 93.73760000 -81.77660000
v 134.28770000 94.19640000 -81.77660000
v 134.63520000 94.63850000 -81.77660000
v 135.00310000 95.06310000 -81.77660000
v 135.39060000 95.46950000 -81.77660000
v 135.79710000 95.85710000 -81.77660000
v 136.22170000 96.22490000 -81.77660000
v 136.66370000 96.57240000 -81.77660000
v 137.12250000 96.89880000 -81.77660000
v 137.59720000 97.20330000 -81.77660000
v 138.08720000 97.48520000 -81.77660000
v 138.59160000 97.74380000 -81.77660000
v 139.10970000 97.97820000 -81.77660000
v 139.64090000 98.18790000 -81.77660000
v 140.18440000 98.37200000 -81.77660000
v 140.73930000 98.52980000 -81.77660000
v 141.30510000 98.66050000 -81.77660000
v 141.88090000 98.76350000 -81.77660000
v 142.46610000 98.83800000 -81.77660000
v 143.05980000 98.88320000 -81.77660000
v 143.66130000 98.89850000 -81.77660000
v 144.26290000 98.88320000 -81.77660000
v 144.85660000 98.83800000 -81.77660000
v 145.44170000 98.76350000 -81.77660000
v 146.01750000 98.66050000 -81.77660000
v 146.58330000 98.52980000 -81.77660000
v 147.13830000 98.37200000 -81.77660000
v 147.68170000 98.18790000 -81.77660000
v 148.21290000 97.97820000 -81.77660000
v 148.73110000 97.74380000 -81.77660000
v 149.23550000 97.48520000 -81.77660000
v 149.72540000 97.20330000 -81.77660000
v 150.20010000 96.89880000 -81.77660000
v 150.65890000 96.57240000 -81.77660000
v 151.10100000 96.22490000 -81.77660000
v 151.52560000 95.85710000 -81.77660000
v 151.93200000 95.46950000 -81.77660000
v 152.31960000 95.06310000 -81.77660000
v 152.68740000 94.63850000 -81.77660000
v 153.03490000 94.19640000 -81.77660000
v 153.36130000 93.73760000 -81.77660000
v 153.66580000 93.26290000 -81.77660000
v 153.94770000 92.77300000 -81.77660000
v 154.20630000 92.26860000 -81.77660000
v 154.44070000 91.75040000 -81.77660000
v 154.65040000 91.21920000 -81.77660000
v 154.83450000 90.67580000 -81.77660000
v 154.99220000 90.12080000 -81.77660000
v 155.12300000 89.55500000 -81.77660000
v 155.22600000 88.97920000 -81.77660000
v 155.30050000 88.39410000 -81.77660000
v 155.34570000 87.80040000 -81.77660000
v 155.36090000 87.19880000 -81.77660000
v 155.34570000 86.59730000 -87.77660000
v 155.30050000 86.00360000 -87.77660000
v 155.22600000 85.41840000 -87.77660000
v 155.12300000 84.84260000 -87.77660000
v 154.99220000 84.27680000 -87.77660000
v 154.83450000 83.72190000 -87.77660000
v 154.65040000 83.17840000 -87.77660000
v 154.44070000 82.64720000 -87.77660000
v 154.20630000 82.12910000 -87.77660000
v 153.94770000 81.62470000 -87.77660000
v 153.66580000 81.13470000 -87.77660000
v 153.36130000 80.66000000 -87.77660000
v 153.03490000 80.20120000 -87.77660000
v 152.68740000 79.75920000 -87.77660000
v 152.31960000 79.33460000 -87.77660000
v 151.93200000 78.92810000 -87.77660000
v 151.52560000 78.54060000 -87.77660000
v 151.10100000 78.17270000 -87.77660000
v 150.65890000 77.82520000 -87.77660000
v 150.20010000 77.49880000 -87.77660000
v 149.72540000 77.19430000 -87.77660000
v 149.23550000 76.91240000 -87.77660000
v 148.73100000 76.65390000 -87.77660000
v 148.21290000 76.41940000 -87.77660000
v 147.68170000 76.20980000 -87.77660000
v 147.13830000 76.02570000 -87.77660000
v 146.58330000 75.86790000 -87.77660000
v 146.01750000 75.73710000 -87.77660000
v 145.44170000 75.63410000 -87.77660000
v 144.85660000 75.55970000 -87.77660000
v 144.26290000 75.51440000 -87.77660000
v 143.66130000 75.49920000 -87.77660000
v 143.05980000 75.51440000 -87.77660000
v 142.46600000 75.55970000 -87.77660000
v 141.88090000 75.63410000 -87.77660000
v 141.30510000 75.73710000 -87.77660000
v 140.73930000 75.86790000 -87.77660000
v 140.18440000 76.02570000 -87.77660000
v 139.64090000 76.20980000 -87.77660000
v 139.10970000 76.41940000 -87.77660000
v 138.59160000 76.65390000 -87.77660000
v 138.08710000 76.91240000 -87.77660000
v 137.59720000 77.19430000 -87.77660000
v 137.12250000 77.49880000 -87.77660000
v 136.66370000 77.82520000 -87.77660000
v 136.22170000 78.17270000 -87.77660000
v 135.79710000 78.54060000 -87.77660000
v 135.39060000 78.92810000 -87.77660000
v 135.00310000 79.33460000 -87.77660000
v 134.63520000 79.75920000 -87.77660000
v 134.28770000 80.20120000 -87.77660000
v 133.96130000 80.66000000 -87.77660000
v 133.65680000 81.13470000 -87.77660000
v 133.37490000 81.62470000 -87.77660000
v 133.11640000 82.12910000 -87.77660000
v 132.88190000 82.64720000 -87.77660000
v 132.67230000 83.17840000 -87.77660000
v 132.48820000 83.72190000 -87.77660000
v 132.33040000 84.27680000 -87.77660000
v 132.19960000 84.84260000 -87.77660000
v 132.09660000 85.41840000 -87.77660000
v 132.02220000 86.00360000 -87.77660000
v 131.97690000 86.59730000 -87.77660000
v 131.96170000 87.19880000 -87.77660000
v 131.97690000 87.80040000 -87.77660000
v 132.02220000 88.39410000 -87.77660000
v 132.09660000 88.97920000 -87.77660000
v 132.19960000 89.55500000 -87.77660000
v 132.33040000 90.12080000 -87.77660000
v 132.48820000 90.67580000 -87.77660000
v 132.67230000 91.21920000 -87.77660000
v 132.88190000 91.75040000 -87.77660000
v 133.11640000 92.26860000 -87.77660000
v 133.37490000 92.77300000 -87.77660000
v 133.65680000 93.26290000 -87.77660000
v 133.96130000 93.73760000 -87.77660000
v 134.28770000 94.19640000 -87.77660000
v 134.63520000 94.63850000 -87.77660000
v 135.00310000 95.06310000 -87.77660000
v 135.39060000 95.46950000 -87.77660000
v 135.79710000 95.85710000 -87.77660000
v 136.22170000 96.22500000 -87.77660000
v 136.66370000 96.57240000 -87.77660000
v 137.12250000 96.89880000 -87.77660000
v 137.59720000 97.20330000 -87.77660000
v 138.08720000 97.48520000 -87.77660000
v 138.59160000 97.74380000 -87.77660000
v 139.10970000 97.97820000 -87.77660000
v 139.64090000 98.18790000 -87.77660000
v 140.18440000 98.37200000 -87.77660000
v 140.73930000 98.52980000 -87.77660000
v 141.30510000 98.66050000 -87.77660000
v 141.88090000 98.76350000 -87.77660000
v 142.46610000 98.83800000 -87.77660000
v 143.05980000 98.88320000 -87.77660000
v 143.66130000 98.89850000 -87.77660000
v 144.26290000 98.88320000 -87.77660000
v 144.85660000 98.83800000 -87.77660000
v 145.44170000 98.76350000 -87.77660000
v 146.01750000 98.66050000 -87.77660000
v 146.58330000 98.52980000 -87.77660000
v 147.13830000 98.37200000 -87.77660000
v 147.68170000 98.18790000 -87.77660000
v 148.21290000 97.97820000 -87.77660000
v 148.73110000 97.74380000 -87.77660000
v 149.23550000 97.48520000 -87.77660000
v 149.72540000 97.20330000 -87.77660000
v 150.20010000 96.89880000 -87.77660000
v 150.65890000 96.57240000 -87.77660000
v 151.10100000 96.22490000 -87.77660000
v 151.52560000 95.85710000 -87.77660000
v 151.93200000 95.46950000 -87.77660000
v 152.31960000 95.06310000 -87.77660000
v 152.68740000 94.63850000 -87.77660000
v 153.03490000 94.19640000 -87.77660000
v 153.36130000 93.73760000 -87.77660000
v 153.66580000 93.26290000 -87.77660000
v 153.94770000 92.77300000 -87.77660000
v 154.20630000 92.26860000 -87.77660000
v 154.44070000 91.75040000 -87.77660000
v 154.65040000 91.21920000 -87.77660000
v 154.83450000 90.67580000 -87.77660000
v 154.99220000 90.12080000 -87.77660000
v 155.12300000 89.55500000 -87.77660000
v 155.22600000 88.97920000 -87.77660000
v 155.30050000 88.39410000 -87.77660000
v 155.34570000 87.80040000 -87.77660000
v 155.36090000 87.19880000 -87.77660000
v 153.18290000 80.40340000 -87.77660000
v 134.13220000 80.41400000 -87.77660000
v 134.13220000 80.41400000 -82.77660000
v 153.18290000 80.40340000 -82.77660000
v 134.55450000 79.85800000 -87.77660000
v 135.00850000 79.32860000 -87.77660000
v 135.49270000 78.82730000 -87.77660000
v 136.00580000 78.35530000 -87.77660000
v 136.39790000 78.03010000 -87.77660000
v 136.80400000 77.72180000 -87.77660000
v 137.22380000 77.43110000 -87.77660000
v 137.65650000 77.15850000 -87.77660000
v 138.10160000 76.90460000 -87.77660000
v 138.55860000 76.66980000 -87.77660000
v 139.02690000 76.45480000 -87.77660000
v 139.50610000 76.26010000 -87.77660000
v 139.99540000 76.08630000 -87.77660000
v 140.49450000 75.93380000 -87.77660000
v 141.00270000 75.80330000 -87.77660000
v 141.51940000 75.69530000 -87.77660000
v 142.04420000 75.61030000 -87.77660000
v 142.57650000 75.54890000 -87.77660000
v 143.11570000 75.51170000 -87.77660000
v 144.39140000 75.52170000 -87.77660000
v 145.10960000 75.58820000 -87.77660000
v 145.81480000 75.69740000 -87.77660000
v 146.50540000 75.84810000 -87.77660000
v 147.18030000 76.03890000 -87.77660000
v 147.83810000 76.26840000 -87.77660000
v 148.47740000 76.53530000 -87.77660000
v 149.09700000 76.83830000 -87.77660000
v 149.69540000 77.17620000 -87.77660000
v 150.27150000 77.54740000 -87.77660000
v 150.82380000 77.95080000 -87.77660000
v 151.35100000 78.38500000 -87.77660000
v 151.85190000 78.84870000 -87.77660000
v 152.32500000 79.34060000 -87.77660000
v 152.76910000 79.85930000 -87.77660000
v 134.55450000 79.85800000 -82.77660000
v 135.00850000 79.32860000 -82.77660000
v 135.49270000 78.82730000 -82.77660000
v 136.00580000 78.35530000 -82.77660000
v 136.39790000 78.03010000 -82.77660000
v 136.80400000 77.72180000 -82.77660000
v 137.22380000 77.43110000 -82.77660000
v 137.65650000 77.15850000 -82.77660000
v 138.10160000 76.90460000 -82.77660000
v 138.55860000 76.66980000 -82.77660000
v 139.02690000 76.45480000 -82.77660000
v 139.50610000 76.26010000 -82.77660000
v 139.99540000 76.08630000 -82.77660000
v 140.49450000 75.93380000 -82.77660000
v 141.00270000 75.80330000 -82.77660000
v 141.51940000 75.69530000 -82.77660000
v 142.04420000 75.61030000 -82.77660000
v 142.57650000 75.54890000 -82.77660000
v 143.11570000 75.51170000 -82.77660000
v 143.66130000 75.49920000 -82.77660000
v 144.39140000 75.52170000 -82.77660000
v 145.10960000 75.58820000 -82.77660000
v 145.81480000 75.69740000 -82.77660000
v 146.50540000 75.84810000 -82.77660000
v 147.18030000 76.03890000 -82.77660000
v 147.83810000 76.26840000 -82.77660000
v 148.47740000 76.53530000 -82.77660000
v 149.09700000 76.83830000 -82.77660000
v 149.69540000 77.17620000 -82.77660000
v 150.27150000 77.54740000 -82.77660000
v 150.82380000 77.95080000 -82.77660000
v 151.35100000 78.38500000 -82.77660000
v 151.85190000 78.84870000 -82.77660000
v 152.32500000 79.34060000 -82.77660000
v 152.76910000 79.85930000 -82.77660000
f 1 2 3
f 3 4 1
f 1 39 38
f 1 38 37
f 1 37 36
f 1 36 35
f 1 35 34
f 1 34 33
f 1 33 32
f 1 32 31
f 1 31 30
f 1 30 29
f 1 29 28
f 1 28 27
f 1 27 26
f 1 26 25
f 1 25 24
f 1 24 23
f 1 23 22
f 1 22 21
f 1 21 20
f 1 20 19
f 1 19 18
f 1 18 17
f 1 17 16
f 1 16 15
f 1 15 14
f 1 14 13
f 1 13 12
f 1 12 11
f 1 11 10
f 1 10 9
f 1 9 8
f 1 8 7
f 1 7 6
f 1 6 5
f 1 5 2
f 2 5 40
f 40 3 2
f 5 6 41
f 41 40 5
f 6 7 42
f 42 41 6
f 7 8 43
f 43 42 7
f 8 9 44
f 44 43 8
f 9 10 45
f 45 44 9
f 10 11 46
f 46 45 10
f 11 12 47
f 47 46 11
f 12 13 48
f 48 47 12
f 13 14 49
f 49 48 13
f 14 15 50
f 50 49 14
f 15 16 51
f 51 50 15
f 16 17 52
f 52 51 16
f 17 18 53
f 53 52 17
f 18 19 54
f 54 53 18
f 19 20 55
f 55 54 19
f 20 21 56
f 56 55 20
f 21 22 57
f 57 56 21
f 22 23 58
f 58 57 22
f 23 24 59
f 59 58 23
f 24 25 60
f 60 59 24
f 25 26 61
f 61 60 25
f 26 27 62
f 62 61 26
f 27 28 63
f 63 62 27
f 28 29 64
f 64 63 28
f 29 30 65
f 65 64 29
f 30 31 66
f 66 65 30
f 31 32 67
f 67 66 31
f 32 33 68
f 68 67 32
f 33 34 69
f 69 68 33
f 34 35 70
f 70 69 34
f 35 36 71
f 71 70 35
f 36 37 72
f 72 71 36
f 37 38 73
f 73 72 37
f 38 39 74
f 74 73 38
f 39 1 4
f 4 74 39
f 4 58 59
f 4 59 60
f 4 60 61
f 4 61 62
f 4 62 63
f 4 63 64
f 4 64 65
f 4 65 66
f 4 66 67
f 4 67 68
f 4 68 69
f 4 69 70
f 4 70 71
f 4 71 72
f 4 72 73
f 4 73 74
f 4 3 40
f 4 40 41
f 4 41 42
f 4 42 43
f 4 43 44
f 4 44 45
f 4 45 46
f 4 46 47
f 4 47 48
f 4 48 49
f 4 49 50
f 4 50 51
f 4 51 52
f 4 52 53
f 4 53 54
f 4 54 55
f 4 55 56
f 4 56 57
f 4 57 58
f 125 127 128
f 128 126 125
f 127 129 130
f 130 128 127
f 129 131 132
f 132 130 129
f 131 133 134
f 134 132 131
f 133 135 136
f 136 134 133
f 135 137 138
f 138 136 135
f 137 139 140
f 140 138 137
f 139 75 78
f 78 140 139
f 75 76 77
f 77 78 75
f 76 79 80
f 80 77 76
f 79 81 82
f 82 80 79
f 81 83 84
f 84 82 81
f 83 85 86
f 86 84 83
f 85 87 88
f 88 86 85
f 87 89 90
f 90 88 87
f 89 91 92
f 92 90 89
f 91 93 94
f 94 92 91
f 93 95 96
f 96 94 93
f 95 97 98
f 98 96 95
f 97 99 100
f 100 98 97
f 99 101 102
f 102 100 99
f 101 103 104
f 104 102 101
f 103 105 106
f 106 104 103
f 105 107 108
f 108 106 105
f 109 111 112
f 112 110 109
f 111 113 114
f 114 112 111
f 113 115 116
f 116 114 113
f 115 117 118
f 118 116 115
f 117 119 120
f 120 118 117
f 119 121 122
f 122 120 119
f 121 123 124
f 124 122 121
f 123 125 126
f 126 124 123
f 107 141 142
f 142 108 107
f 141 143 144
f 144 142 141
f 143 145 146
f 146 144 143
f 145 147 148
f 148 146 145
f 147 149 150
f 150 148 147
f 149 151 152
f 152 150 149
f 151 153 154
f 154 152 151
f 153 155 156
f 156 154 153
f 155 157 158
f 158 156 155
f 157 159 160
f 160 158 157
f 159 161 162
f 162 160 159
f 161 163 164
f 164 162 161
f 163 165 166
f 166 164 163
f 165 167 168
f 168 166 165
f 167 169 170
f 170 168 167
f 169 171 172
f 172 170 169
f 171 173 174
f 174 172 171
f 173 175 176
f 176 174 173
f 175 177 178
f 178 176 175
f 177 179 180
f 180 178 177
f 179 181 182
f 182 180 179
f 181 183 184
f 184 182 181
f 183 185 186
f 186 184 183
f 185 187 188
f 188 186 185
f 187 189 190
f 190 188 187
f 189 191 192
f 192 190 189
f 191 193 194
f 194 192 191
f 193 195 196
f 196 194 193
f 195 197 198
f 198 196 195
f 197 199 200
f 200 198 197
f 199 201 202
f 202 200 199
f 201 203 204
f 204 202 201
f 219 221 222
f 222 220 219
f 221 223 224
f 224 222 221
f 223 225 226
f 226 224 223
f 225 227 228
f 228 226 225
f 227 229 230
f 230 228 227
f 229 231 232
f 232 230 229
f 231 233 234
f 234 232 231
f 233 235 236
f 236 234 233
f 235 237 238
f 238 236 235
f 237 239 240
f 240 238 237
f 239 241 242
f 242 240 239
f 241 243 244
f 244 242 241
f 243 245 246
f 246 244 243
f 245 247 248
f 248 246 245
f 247 249 250
f 250 248 247
f 249 251 252
f 252 250 249
f 251 253 254
f 254 252 251
f 253 255 256
f 256 254 253
f 255 257 258
f 258 256 255
f 257 259 260
f 260 258 257
f 259 261 262
f 262 260 259
f 261 263 264
f 264 262 261
f 263 265 266
f 266 264 263
f 265 267 268
f 268 266 265
f 203 205 206
f 206 204 203
f 205 207 208
f 208 206 205
f 207 209 210
f 210 208 207
f 209 211 212
f 212 210 209
f 211 213 214
f 214 212 211
f 213 215 216
f 216 214 213
f 215 217 218
f 218 216 215
f 217 219 220
f 220 218 217
f 267 269 270
f 270 268 267
f 269 271 272
f 272 270 269
f 271 273 274
f 274 272 271
f 273 275 276
f 276 274 273
f 275 277 278
f 278 276 275
f 277 279 280
f 280 278 277
f 279 281 282
f 282 280 279
f 281 283 284
f 284 282 281
f 283 285 286
f 286 284 283
f 285 287 288
f 288 286 285
f 287 289 290
f 290 288 287
f 289 291 292
f 292 290 289
f 291 293 294
f 294 292 291
f 293 295 296
f 296 294 293
f 295 297 298
f 298 296 295
f 297 299 300
f 300 298 297
f 299 301 302
f 302 300 299
f 301 303 304
f 304 302 301
f 303 305 306
f 306 304 303
f 305 307 308
f 308 306 305
f 307 309 310
f 310 308 307
f 309 311 312
f 312 310 309
f 311 313 314
f 314 312 311
f 313 315 316
f 316 314 313
f 315 317 318
f 318 316 315
f 317 319 320
f 320 318 317
f 319 321 322
f 322 320 319
f 321 323 324
f 324 322 321
f 323 325 326
f 326 324 323
f 325 327 328
f 328 326 325
f 327 329 330
f 330 328 327
f 329 109 110
f 110 330 329
f 292 365 366
f 366 290 292
f 290 366 367
f 367 288 290
f 288 367 368
f 368 286 288
f 286 368 369
f 369 284 286
f 284 369 370
f 370 282 284
f 282 370 371
f 371 280 282
f 280 371 372
f 372 278 280
f 278 372 373
f 373 276 278
f 276 373 374
f 374 274 276
f 274 374 375
f 375 272 274
f 272 375 376
f 376 270 272
f 270 376 377
f 377 268 270
f 268 377 378
f 378 266 268
f 266 378 379
f 379 264 266
f 264 379 380
f 380 262 264
f 262 380 381
f 381 260 262
f 260 381 382
f 382 258 260
f 437 438 150
f 150 152 437
f 436 437 152
f 152 154 436
f 435 436 154
f 154 156 435
f 434 435 156
f 156 158 434
f 433 434 158
f 158 160 433
f 432 433 160
f 160 162 432
f 431 432 162
f 162 164 431
f 430 431 164
f 164 166 430
f 429 430 166
f 166 168 429
f 428 429 168
f 168 170 428
f 427 428 170
f 170 172 427
f 426 427 172
f 172 174 426
f 425 426 174
f 174 176 425
f 424 425 176
f 176 178 424
f 423 424 178
f 178 180 423
f 422 423 180
f 180 182 422
f 421 422 182
f 182 184 421
f 420 421 184
f 184 186 420
f 419 420 186
f 186 188 419
f 418 419 188
f 188 190 418
f 417 418 190
f 190 192 417
f 416 417 192
f 192 194 416
f 415 416 194
f 194 196 415
f 414 415 196
f 196 198 414
f 413 414 198
f 198 200 413
f 412 413 200
f 200 202 412
f 411 412 202
f 202 204 411
f 410 411 204
f 204 206 410
f 409 410 206
f 206 208 409
f 408 409 208
f 208 210 408
f 407 408 210
f 210 212 407
f 406 407 212
f 212 405 406
f 258 382 383
f 383 256 258
f 256 383 384
f 384 254 256
f 254 384 385
f 385 252 254
f 252 385 386
f 386 250 252
f 250 386 387
f 387 248 250
f 248 387 388
f 388 246 248
f 246 388 389
f 389 244 246
f 244 389 390
f 390 242 244
f 242 390 391
f 391 240 242
f 240 391 392
f 392 238 240
f 238 392 393
f 393 236 238
f 236 393 394
f 394 234 236
f 234 394 395
f 395 232 234
f 232 395 396
f 396 230 232
f 230 396 397
f 397 228 230
f 228 397 398
f 398 226 228
f 226 398 399
f 399 224 226
f 224 399 400
f 400 222 224
f 222 400 401
f 401 220 222
f 220 401 402
f 402 218 220
f 218 402 403
f 403 216 218
f 216 403 404
f 404 214 216
f 214 404 405
f 405 212 214
f 140 78 77
f 77 458 140
f 140 458 332
f 332 138 140
f 457 458 77
f 77 80 457
f 138 332 331
f 331 136 138
f 456 457 80
f 80 82 456
f 136 331 333
f 333 134 136
f 455 456 82
f 82 84 455
f 134 333 334
f 334 132 134
f 132 334 335
f 335 130 132
f 130 335 336
f 336 128 130
f 128 336 337
f 337 126 128
f 126 337 338
f 338 124 126
f 124 338 339
f 339 122 124
f 122 339 340
f 340 120 122
f 120 340 341
f 341 118 120
f 118 341 342
f 342 116 118
f 116 342 343
f 343 114 116
f 114 343 344
f 344 112 114
f 112 344 345
f 345 110 112
f 454 455 84
f 84 86 454
f 453 454 86
f 86 88 453
f 452 453 88
f 88 90 452
f 451 452 90
f 90 92 451
f 450 451 92
f 92 94 450
f 449 450 94
f 94 96 449
f 448 449 96
f 96 98 448
f 447 448 98
f 98 100 447
f 446 447 100
f 100 102 446
f 445 446 102
f 102 104 445
f 444 445 104
f 104 106 444
f 443 444 106
f 106 108 443
f 110 345 346
f 346 330 110
f 442 443 108
f 108 142 442
f 330 346 347
f 347 328 330
f 441 442 142
f 142 144 441
f 440 441 144
f 144 146 440
f 328 347 348
f 348 326 328
f 326 348 349
f 349 324 326
f 439 440 146
f 146 148 439
f 324 349 350
f 350 322 324
f 438 439 148
f 148 150 438
f 322 350 351
f 351 320 322
f 320 351 352
f 352 318 320
f 318 352 353
f 353 316 318
f 316 353 354
f 354 314 316
f 314 354 355
f 355 312 314
f 312 355 356
f 356 310 312
f 310 356 357
f 357 308 310
f 308 357 358
f 358 306 308
f 306 358 359
f 359 304 306
f 304 359 360
f 360 302 304
f 302 360 361
f 361 300 302
f 300 361 362
f 362 298 300
f 298 362 363
f 363 296 298
f 296 363 364
f 364 294 296
f 294 364 365
f 365 292 294
f 139 459 585
f 585 75 139
f 585 584 76
f 76 75 585
f 137 460 459
f 459 139 137
f 584 583 79
f 79 76 584
f 135 461 460
f 460 137 135
f 583 582 81
f 81 79 583
f 133 462 461
f 461 135 133
f 131 463 462
f 462 133 131
f 129 464 463
f 463 131 129
f 127 465 464
f 464 129 127
f 125 466 465
f 465 127 125
f 123 467 466
f 466 125 123
f 121 468 467
f 467 123 121
f 119 469 468
f 468 121 119
f 117 470 469
f 469 119 117
f 115 471 470
f 470 117 115
f 113 472 471
f 471 115 113
f 111 473 472
f 472 113 111
f 582 581 83
f 83 81 582
f 581 580 85
f 85 83 581
f 580 579 87
f 87 85 580
f 579 578 89
f 89 87 579
f 578 577 91
f 91 89 578
f 577 576 93
f 93 91 577
f 576 575 95
f 95 93 576
f 575 574 97
f 97 95 575
f 574 573 99
f 99 97 574
f 573 572 101
f 101 99 573
f 572 571 103
f 103 101 572
f 571 570 105
f 105 103 571
f 109 474 473
f 473 111 109
f 570 569 107
f 107 105 570
f 329 475 474
f 474 109 329
f 569 568 141
f 141 107 569
f 568 567 143
f 143 141 568
f 327 476 475
f 475 329 327
f 325 477 476
f 476 327 325
f 567 566 145
f 145 143 567
f 323 478 477
f 477 325 323
f 566 565 147
f 147 145 566
f 321 479 478
f 478 323 321
f 319 480 479
f 479 321 319
f 317 481 480
f 480 319 317
f 315 482 481
f 481 317 315
f 313 483 482
f 482 315 313
f 311 484 483
f 483 313 311
f 309 485 484
f 484 311 309
f 307 486 485
f 485 309 307
f 305 487 486
f 486 307 305
f 303 488 487
f 487 305 303
f 301 489 488
f 488 303 301
f 299 24 489
f 489 301 299
f 297 490 24
f 24 299 297
f 295 491 490
f 490 297 295
f 293 492 491
f 491 295 293
f 291 493 492
f 492 293 291
f 289 494 493
f 493 291 289
f 287 495 494
f 494 289 287
f 285 496 495
f 495 287 285
f 283 497 496
f 496 285 283
f 281 498 497
f 497 283 281
f 279 499 498
f 498 281 279
f 277 500 499
f 499 279 277
f 275 501 500
f 500 277 275
f 273 502 501
f 501 275 273
f 271 503 502
f 502 273 271
f 269 504 503
f 503 271 269
f 267 505 504
f 504 269 267
f 265 506 505
f 505 267 265
f 263 507 506
f 506 265 263
f 261 508 507
f 507 263 261
f 259 509 508
f 508 261 259
f 565 564 149
f 149 147 565
f 564 563 151
f 151 149 564
f 563 562 153
f 153 151 563
f 562 561 155
f 155 153 562
f 561 560 157
f 157 155 561
f 560 559 159
f 159 157 560
f 559 558 161
f 161 159 559
f 558 557 163
f 163 161 558
f 557 556 165
f 165 163 557
f 556 555 167
f 167 165 556
f 555 554 169
f 169 167 555
f 554 553 171
f 171 169 554
f 553 552 173
f 173 171 553
f 552 551 175
f 175 173 552
f 551 550 177
f 177 175 551
f 550 549 179
f 179 177 550
f 549 548 181
f 181 179 549
f 548 547 183
f 183 181 548
f 547 546 185
f 185 183 547
f 546 545 187
f 187 185 546
f 545 544 189
f 189 187 545
f 544 543 191
f 191 189 544
f 543 542 193
f 193 191 543
f 542 541 195
f 195 193 542
f 541 540 197
f 197 195 541
f 540 539 199
f 199 197 540
f 539 538 201
f 201 199 539
f 538 537 203
f 203 201 538
f 537 536 205
f 205 203 537
f 536 535 207
f 207 205 536
f 535 534 209
f 209 207 535
f 534 533 211
f 211 209 534
f 257 510 509
f 509 259 257
f 255 511 510
f 510 257 255
f 253 512 511
f 511 255 253
f 251 513 512
f 512 253 251
f 249 514 513
f 513 251 249
f 247 515 514
f 514 249 247
f 245 516 515
f 515 247 245
f 243 517 516
f 516 245 243
f 241 518 517
f 517 243 241
f 239 519 518
f 518 241 239
f 237 520 519
f 519 239 237
f 235 521 520
f 520 237 235
f 233 522 521
f 521 235 233
f 231 523 522
f 522 233 231
f 229 524 523
f 523 231 229
f 227 525 524
f 524 229 227
f 225 526 525
f 525 227 225
f 223 527 526
f 526 225 223
f 221 528 527
f 527 223 221
f 219 529 528
f 528 221 219
f 217 530 529
f 529 219 217
f 215 531 530
f 530 217 215
f 213 532 531
f 531 215 213
f 211 533 532
f 532 213 211
f 578 579 452
f 452 451 578
f 579 580 453
f 453 452 579
f 580 581 454
f 454 453 580
f 581 582 455
f 455 454 581
f 582 583 456
f 456 455 582
f 583 584 457
f 457 456 583
f 584 585 458
f 458 457 584
f 585 459 332
f 332 458 585
f 459 460 331
f 331 332 459
f 460 461 333
f 333 331 460
f 461 462 334
f 334 333 461
f 462 463 335
f 335 334 462
f 463 464 336
f 336 335 463
f 464 465 337
f 337 336 464
f 465 466 338
f 338 337 465
f 466 467 339
f 339 338 466
f 467 468 340
f 340 339 467
f 468 469 341
f 341 340 468
f 469 470 342
f 342 341 469
f 470 471 343
f 343 342 470
f 471 472 344
f 344 343 471
f 472 473 345
f 345 344 472
f 473 474 346
f 346 345 473
f 569 570 443
f 443 442 569
f 570 571 444
f 444 443 570
f 571 572 445
f 445 444 571
f 572 573 446
f 446 445 572
f 573 574 447
f 447 446 573
f 574 575 448
f 448 447 574
f 575 576 449
f 449 448 575
f 576 577 450
f 450 449 576
f 577 578 451
f 451 450 577
f 474 475 347
f 347 346 474
f 475 476 348
f 348 347 475
f 476 477 349
f 349 348 476
f 477 478 350
f 350 349 477
f 478 479 351
f 351 350 478
f 479 480 352
f 352 351 479
f 480 481 353
f 353 352 480
f 481 482 354
f 354 353 481
f 482 483 355
f 355 354 482
f 483 484 356
f 356 355 483
f 484 485 357
f 357 356 484
f 485 486 358
f 358 357 485
f 486 487 359
f 359 358 486
f 487 488 360
f 360 359 487
f 488 489 361
f 361 360 488
f 489 24 362
f 362 361 489
f 24 490 363
f 363 362 24
f 490 491 364
f 364 363 490
f 491 492 365
f 365 364 491
f 492 493 366
f 366 365 492
f 493 494 367
f 367 366 493
f 494 495 368
f 368 367 494
f 495 496 369
f 369 368 495
f 496 497 370
f 370 369 496
f 497 498 371
f 371 370 497
f 498 499 372
f 372 371 498
f 499 500 373
f 373 372 499
f 500 501 374
f 374 373 500
f 501 502 375
f 375 374 501
f 502 503 376
f 376 375 502
f 503 504 377
f 377 376 503
f 504 505 378
f 378 377 504
f 514 515 388
f 388 387 514
f 515 516 389
f 389 388 515
f 516 517 390
f 390 389 516
f 517 518 391
f 391 390 517
f 518 519 392
f 392 391 518
f 519 520 393
f 393 392 519
f 520 521 394
f 394 393 520
f 521 522 395
f 395 394 521
f 522 523 396
f 396 395 522
f 523 524 397
f 397 396 523
f 524 525 398
f 398 397 524
f 525 526 399
f 399 398 525
f 526 527 400
f 400 399 526
f 527 528 401
f 401 400 527
f 528 529 402
f 402 401 528
f 529 530 403
f 403 402 529
f 530 531 404
f 404 403 530
f 531 532 405
f 405 404 531
f 532 533 406
f 406 405 532
f 533 534 407
f 407 406 533
f 534 535 408
f 408 407 534
f 535 536 409
f 409 408 535
f 536 537 410
f 410 409 536
f 505 506 379
f 379 378 505
f 506 507 380
f 380 379 506
f 507 508 381
f 381 380 507
f 508 509 382
f 382 381 508
f 509 510 383
f 383 382 509
f 510 511 384
f 384 383 510
f 511 512 385
f 385 384 511
f 512 513 386
f 386 385 512
f 513 514 387
f 387 386 513
f 537 538 411
f 411 410 537
f 538 539 412
f 412 411 538
f 539 540 413
f 413 412 539
f 540 541 414
f 414 413 540
f 541 542 415
f 415 414 541
f 542 543 416
f 416 415 542
f 543 544 417
f 417 416 543
f 544 545 418
f 418 417 544
f 545 546 419
f 419 418 545
f 546 547 420
f 420 419 546
f 547 548 421
f 421 420 547
f 548 549 422
f 422 421 548
f 549 550 423
f 423 422 549
f 550 551 424
f 424 423 550
f 551 552 425
f 425 424 551
f 552 553 426
f 426 425 552
f 553 554 427
f 427 426 553
f 554 555 428
f 428 427 554
f 555 556 429
f 429 428 555
f 556 557 430
f 430 429 556
f 557 558 431
f 431 430 557
f 558 559 432
f 432 431 558
f 559 560 433
f 433 432 559
f 560 561 434
f 434 433 560
f 561 562 435
f 435 434 561
f 562 563 436
f 436 435 562
f 563 564 437
f 437 436 563
f 564 565 438
f 438 437 564
f 565 566 439
f 439 438 565
f 566 567 440
f 440 439 566
f 567 568 441
f 441 440 567
f 568 569 442
f 442 441 568
f 636 638 639
f 639 637 636
f 638 640 641
f 641 639 638
f 640 642 643
f 643 641 640
f 642 644 645
f 645 643 642
f 644 646 647
f 647 645 644
f 646 648 649
f 649 647 646
f 648 650 651
f 651 649 648
f 650 586 589
f 589 651 650
f 586 587 588
f 588 589 586
f 587 590 591
f 591 588 587
f 590 592 593
f 593 591 590
f 592 594 595
f 595 593 592
f 594 596 597
f 597 595 594
f 596 598 599
f 599 597 596
f 598 600 601
f 601 599 598
f 600 602 603
f 603 601 600
f 602 604 605
f 605 603 602
f 604 606 607
f 607 605 604
f 606 608 609
f 609 607 606
f 608 610 611
f 611 609 608
f 610 612 613
f 613 611 610
f 612 614 615
f 615 613 612
f 614 616 617
f 617 615 614
f 616 618 619
f 619 617 616
f 620 622 623
f 623 621 620
f 622 624 625
f 625 623 622
f 624 626 627
f 627 625 624
f 626 628 629
f 629 627 626
f 628 630 631
f 631 629 628
f 630 632 633
f 633 631 630
f 632 634 635
f 635 633 632
f 634 636 637
f 637 635 634
f 618 652 653
f 653 619 618
f 652 654 655
f 655 653 652
f 654 656 657
f 657 655 654
f 656 658 659
f 659 657 656
f 658 660 661
f 661 659 658
f 660 662 663
f 663 661 660
f 662 664 665
f 665 663 662
f 664 666 667
f 667 665 664
f 666 668 669
f 669 667 666
f 668 670 671
f 671 669 668
f 670 672 673
f 673 671 670
f 672 674 675
f 675 673 672
f 674 676 677
f 677 675 674
f 676 678 679
f 679 677 676
f 678 680 681
f 681 679 678
f 680 682 683
f 683 681 680
f 682 684 685
f 685 683 682
f 684 686 687
f 687 685 684
f 686 688 689
f 689 687 686
f 688 690 691
f 691 689 688
f 690 692 693
f 693 691 690
f 692 694 695
f 695 693 692
f 694 696 697
f 697 695 694
f 696 698 699
f 699 697 696
f 698 700 701
f 701 699 698
f 700 702 703
f 703 701 700
f 702 704 705
f 705 703 702
f 704 706 707
f 707 705 704
f 706 708 709
f 709 707 706
f 708 710 711
f 711 709 708
f 710 712 713
f 713 711 710
f 712 714 715
f 715 713 712
f 730 732 733
f 733 731 730
f 732 734 735
f 735 733 732
f 734 736 737
f 737 735 734
f 736 738 739
f 739 737 736
f 738 740 741
f 741 739 738
f 740 742 743
f 743 741 740
f 742 744 745
f 745 743 742
f 744 746 747
f 747 745 744
f 746 748 749
f 749 747 746
f 748 750 751
f 751 749 748
f 750 752 753
f 753 751 750
f 752 754 755
f 755 753 752
f 754 756 757
f 757 755 754
f 756 758 759
f 759 757 756
f 758 760 761
f 761 759 758
f 760 762 763
f 763 761 760
f 762 764 765
f 765 763 762
f 764 766 767
f 767 765 764
f 766 768 769
f 769 767 766
f 768 770 771
f 771 769 768
f 770 772 773
f 773 771 770
f 772 774 775
f 775 773 772
f 774 776 777
f 777 775 774
f 776 778 779
f 779 777 776
f 714 716 717
f 717 715 714
f 716 718 719
f 719 717 716
f 718 720 721
f 721 719 718
f 720 722 723
f 723 721 720
f 722 724 725
f 725 723 722
f 724 726 727
f 727 725 724
f 726 728 729
f 729 727 726
f 728 730 731
f 731 729 728
f 778 780 781
f 781 779 778
f 780 782 783
f 783 781 780
f 782 784 785
f 785 783 782
f 784 786 787
f 787 785 784
f 786 788 789
f 789 787 786
f 788 790 791
f 791 789 788
f 790 792 793
f 793 791 790
f 792 794 795
f 795 793 792
f 794 796 797
f 797 795 794
f 796 798 799
f 799 797 796
f 798 800 801
f 801 799 798
f 800 802 803
f 803 801 800
f 802 804 805
f 805 803 802
f 804 806 807
f 807 805 804
f 806 808 809
f 809 807 806
f 808 810 811
f 811 809 808
f 810 812 813
f 813 811 810
f 812 814 815
f 815 813 812
f 814 816 817
f 817 815 814
f 816 818 819
f 819 817 816
f 818 820 821
f 821 819 818
f 820 822 823
f 823 821 820
f 822 824 825
f 825 823 822
f 824 826 827
f 827 825 824
f 826 828 829
f 829 827 826
f 828 830 831
f 831 829 828
f 830 832 833
f 833 831 830
f 832 834 835
f 835 833 832
f 834 836 837
f 837 835 834
f 836 838 839
f 839 837 836
f 838 840 841
f 841 839 838
f 840 620 621
f 621 841 840
f 803 876 877
f 877 801 803
f 801 877 878
f 878 799 801
f 799 878 879
f 879 797 799
f 797 879 880
f 880 795 797
f 795 880 881
f 881 793 795
f 793 881 882
f 882 791 793
f 791 882 883
f 883 789 791
f 789 883 884
f 884 787 789
f 787 884 885
f 885 785 787
f 785 885 886
f 886 783 785
f 783 886 887
f 887 781 783
f 781 887 888
f 888 779 781
f 779 888 889
f 889 777 779
f 777 889 890
f 890 775 777
f 775 890 891
f 891 773 775
f 773 891 892
f 892 771 773
f 771 892 893
f 893 769 771
f 948 949 661
f 661 663 948
f 947 948 663
f 663 665 947
f 946 947 665
f 665 667 946
f 945 946 667
f 667 669 945
f 944 945 669
f 669 671 944
f 943 944 671
f 671 673 943
f 942 943 673
f 673 675 942
f 941 942 675
f 675 677 941
f 940 941 677
f 677 679 940
f 939 940 679
f 679 681 939
f 938 939 681
f 681 683 938
f 937 938 683
f 683 685 937
f 936 937 685
f 685 687 936
f 935 936 687
f 687 689 935
f 934 935 689
f 689 691 934
f 933 934 691
f 691 693 933
f 932 933 693
f 693 695 932
f 931 932 695
f 695 697 931
f 930 931 697
f 697 699 930
f 929 930 699
f 699 701 929
f 928 929 701
f 701 703 928
f 927 928 703
f 703 705 927
f 926 927 705
f 705 707 926
f 925 926 707
f 707 709 925
f 924 925 709
f 709 711 924
f 923 924 711
f 711 713 923
f 922 923 713
f 713 715 922
f 921 922 715
f 715 717 921
f 920 921 717
f 717 719 920
f 919 920 719
f 719 721 919
f 918 919 721
f 721 723 918
f 917 918 723
f 723 916 917
f 769 893 894
f 894 767 769
f 767 894 895
f 895 765 767
f 765 895 896
f 896 763 765
f 763 896 897
f 897 761 763
f 761 897 898
f 898 759 761
f 759 898 899
f 899 757 759
f 757 899 900
f 900 755 757
f 755 900 901
f 901 753 755
f 753 901 902
f 902 751 753
f 751 902 903
f 903 749 751
f 749 903 904
f 904 747 749
f 747 904 905
f 905 745 747
f 745 905 906
f 906 743 745
f 743 906 907
f 907 741 743
f 741 907 908
f 908 739 741
f 739 908 909
f 909 737 739
f 737 909 910
f 910 735 737
f 735 910 911
f 911 733 735
f 733 911 912
f 912 731 733
f 731 912 913
f 913 729 731
f 729 913 914
f 914 727 729
f 727 914 915
f 915 725 727
f 725 915 916
f 916 723 725
f 651 589 588
f 588 969 651
f 651 969 843
f 843 649 651
f 968 969 588
f 588 591 968
f 649 843 842
f 842 647 649
f 967 968 591
f 591 593 967
f 647 842 844
f 844 645 647
f 966 967 593
f 593 595 966
f 645 844 845
f 845 643 645
f 643 845 846
f 846 641 643
f 641 846 847
f 847 639 641
f 639 847 848
f 848 637 639
f 637 848 849
f 849 635 637
f 635 849 850
f 850 633 635
f 633 850 851
f 851 631 633
f 631 851 852
f 852 629 631
f 629 852 853
f 853 627 629
f 627 853 854
f 854 625 627
f 625 854 855
f 855 623 625
f 623 855 856
f 856 621 623
f 965 966 595
f 595 597 965
f 964 965 597
f 597 599 964
f 963 964 599
f 599 601 963
f 962 963 601
f 601 603 962
f 961 962 603
f 603 605 961
f 960 961 605
f 605 607 960
f 959 960 607
f 607 609 959
f 958 959 609
f 609 611 958
f 957 958 611
f 611 613 957
f 956 957 613
f 613 615 956
f 955 956 615
f 615 617 955
f 954 955 617
f 617 619 954
f 621 856 857
f 857 841 621
f 953 954 619
f 619 653 953
f 841 857 858
f 858 839 841
f 952 953 653
f 653 655 952
f 951 952 655
f 655 657 951
f 839 858 859
f 859 837 839
f 837 859 860
f 860 835 837
f 950 951 657
f 657 659 950
f 835 860 861
f 861 833 835
f 949 950 659
f 659 661 949
f 833 861 862
f 862 831 833
f 831 862 863
f 863 829 831
f 829 863 864
f 864 827 829
f 827 864 865
f 865 825 827
f 825 865 866
f 866 823 825
f 823 866 867
f 867 821 823
f 821 867 868
f 868 819 821
f 819 868 869
f 869 817 819
f 817 869 870
f 870 815 817
f 815 870 871
f 871 813 815
f 813 871 872
f 872 811 813
f 811 872 873
f 873 809 811
f 809 873 874
f 874 807 809
f 807 874 875
f 875 805 807
f 805 875 876
f 876 803 805
f 650 970 1097
f 1097 586 650
f 1097 1096 587
f 587 586 1097
f 648 971 970
f 970 650 648
f 1096 1095 590
f 590 587 1096
f 646 972 971
f 971 648 646
f 1095 1094 592
f 592 590 1095
f 644 973 972
f 972 646 644
f 642 974 973
f 973 644 642
f 640 975 974
f 974 642 640
f 638 976 975
f 975 640 638
f 636 977 976
f 976 638 636
f 634 978 977
f 977 636 634
f 632 979 978
f 978 634 632
f 630 980 979
f 979 632 630
f 628 981 980
f 980 630 628
f 626 982 981
f 981 628 626
f 624 983 982
f 982 626 624
f 622 984 983
f 983 624 622
f 1094 1093 594
f 594 592 1094
f 1093 1092 596
f 596 594 1093
f 1092 1091 598
f 598 596 1092
f 1091 1090 600
f 600 598 1091
f 1090 1089 602
f 602 600 1090
f 1089 1088 604
f 604 602 1089
f 1088 1087 606
f 606 604 1088
f 1087 1086 608
f 608 606 1087
f 1086 1085 610
f 610 608 1086
f 1085 1084 612
f 612 610 1085
f 1084 1083 614
f 614 612 1084
f 1083 1082 616
f 616 614 1083
f 620 985 984
f 984 622 620
f 1082 1081 618
f 618 616 1082
f 840 986 985
f 985 620 840
f 1081 1080 652
f 652 618 1081
f 1080 1079 654
f 654 652 1080
f 838 987 986
f 986 840 838
f 836 988 987
f 987 838 836
f 1079 1078 656
f 656 654 1079
f 834 989 988
f 988 836 834
f 1078 1077 658
f 658 656 1078
f 832 990 989
f 989 834 832
f 830 991 990
f 990 832 830
f 828 992 991
f 991 830 828
f 826 993 992
f 992 828 826
f 824 994 993
f 993 826 824
f 822 995 994
f 994 824 822
f 820 996 995
f 995 822 820
f 818 997 996
f 996 820 818
f 816 998 997
f 997 818 816
f 814 999 998
f 998 816 814
f 812 1000 999
f 999 814 812
f 810 1001 1000
f 1000 812 810
f 808 1002 1001
f 1001 810 808
f 806 1003 1002
f 1002 808 806
f 804 1004 1003
f 1003 806 804
f 802 1005 1004
f 1004 804 802
f 800 1006 1005
f 1005 802 800
f 798 1007 1006
f 1006 800 798
f 796 1008 1007
f 1007 798 796
f 794 1009 1008
f 1008 796 794
f 792 1010 1009
f 1009 794 792
f 790 1011 1010
f 1010 792 790
f 788 1012 1011
f 1011 790 788
f 786 1013 1012
f 1012 788 786
f 784 1014 1013
f 1013 786 784
f 782 1015 1014
f 1014 784 782
f 780 1016 1015
f 1015 782 780
f 778 1017 1016
f 1016 780 778
f 776 1018 1017
f 1017 778 776
f 774 1019 1018
f 1018 776 774
f 772 1020 1019
f 1019 774 772
f 770 1021 1020
f 1020 772 770
f 1077 1076 660
f 660 658 1077
f 1076 1075 662
f 662 660 1076
f 1075 1074 664
f 664 662 1075
f 1074 1073 666
f 666 664 1074
f 1073 1072 668
f 668 666 1073
f 1072 1071 670
f 670 668 1072
f 1071 1070 672
f 672 670 1071
f 1070 1069 674
f 674 672 1070
f 1069 1068 676
f 676 674 1069
f 1068 1067 678
f 678 676 1068
f 1067 1066 680
f 680 678 1067
f 1066 1065 682
f 682 680 1066
f 1065 1064 684
f 684 682 1065
f 1064 1063 686
f 686 684 1064
f 1063 1062 688
f 688 686 1063
f 1062 1061 690
f 690 688 1062
f 1061 1060 692
f 692 690 1061
f 1060 1059 694
f 694 692 1060
f 1059 1058 696
f 696 694 1059
f 1058 1057 698
f 698 696 1058
f 1057 1056 700
f 700 698 1057
f 1056 1055 702
f 702 700 1056
f 1055 1054 704
f 704 702 1055
f 1054 1053 706
f 706 704 1054
f 1053 1052 708
f 708 706 1053
f 1052 1051 710
f 710 708 1052
f 1051 1050 712
f 712 710 1051
f 1050 1049 714
f 714 712 1050
f 1049 1048 716
f 716 714 1049
f 1048 1047 718
f 718 716 1048
f 1047 1046 720
f 720 718 1047
f 1046 1045 722
f 722 720 1046
f 768 1022 1021
f 1021 770 768
f 766 1023 1022
f 1022 768 766
f 764 1024 1023
f 1023 766 764
f 762 1025 1024
f 1024 764 762
f 760 1026 1025
f 1025 762 760
f 758 1027 1026
f 1026 760 758
f 756 1028 1027
f 1027 758 756
f 754 1029 1028
f 1028 756 754
f 752 1030 1029
f 1029 754 752
f 750 1031 1030
f 1030 752 750
f 748 1032 1031
f 1031 750 748
f 746 1033 1032
f 1032 748 746
f 744 1034 1033
f 1033 746 744
f 742 1035 1034
f 1034 744 742
f 740 1036 1035
f 1035 742 740
f 738 1037 1036
f 1036 740 738
f 736 1038 1037
f 1037 738 736
f 734 1039 1038
f 1038 736 734
f 732 1040 1039
f 1039 734 732
f 730 1041 1040
f 1040 732 730
f 728 1042 1041
f 1041 730 728
f 726 1043 1042
f 1042 728 726
f 724 1044 1043
f 1043 726 724
f 722 1045 1044
f 1044 724 722
f 1090 1091 963
f 963 962 1090
f 1091 1092 964
f 964 963 1091
f 1092 1093 965
f 965 964 1092
f 1093 1094 966
f 966 965 1093
f 1094 1095 967
f 967 966 1094
f 1095 1096 968
f 968 967 1095
f 1096 1097 969
f 969 968 1096
f 1097 970 843
f 843 969 1097
f 970 971 842
f 842 843 970
f 971 972 844
f 844 842 971
f 972 973 845
f 845 844 972
f 973 974 846
f 846 845 973
f 974 975 847
f 847 846 974
f 975 976 848
f 848 847 975
f 976 977 849
f 849 848 976
f 977 978 850
f 850 849 977
f 978 979 851
f 851 850 978
f 979 980 852
f 852 851 979
f 980 981 853
f 853 852 980
f 981 982 854
f 854 853 981
f 982 983 855
f 855 854 982
f 983 984 856
f 856 855 983
f 984 985 857
f 857 856 984
f 1081 1082 954
f 954 953 1081
f 1082 1083 955
f 955 954 1082
f 1083 1084 956
f 956 955 1083
f 1084 1085 957
f 957 956 1084
f 1085 1086 958
f 958 957 1085
f 1086 1087 959
f 959 958 1086
f 1087 1088 960
f 960 959 1087
f 1088 1089 961
f 961 960 1088
f 1089 1090 962
f 962 961 1089
f 985 986 858
f 858 857 985
f 986 987 859
f 859 858 986
f 987 988 860
f 860 859 987
f 988 989 861
f 861 860 988
f 989 990 862
f 862 861 989
f 990 991 863
f 863 862 990
f 991 992 864
f 864 863 991
f 992 993 865
f 865 864 992
f 993 994 866
f 866 865 993
f 994 995 867
f 867 866 994
f 995 996 868
f 868 867 995
f 996 997 869
f 869 868 996
f 997 998 870
f 870 869 997
f 998 999 871
f 871 870 998
f 999 1000 872
f 872 871 999
f 1000 1001 873
f 873 872 1000
f 1001 1002 874
f 874 873 1001
f 1002 1003 875
f 875 874 1002
f 1003 1004 876
f 876 875 1003
f 1004 1005 877
f 877 876 1004
f 1005 1006 878
f 878 877 1005
f 1006 1007 879
f 879 878 1006
f 1007 1008 880
f 880 879 1007
f 1008 1009 881
f 881 880 1008
f 1009 1010 882
f 882 881 1009
f 1010 1011 883
f 883 882 1010
f 1011 1012 884
f 884 883 1011
f 1012 1013 885
f 885 884 1012
f 1013 1014 886
f 886 885 1013
f 1014 1015 887
f 887 886 1014
f 1015 1016 888
f 888 887 1015
f 1016 1017 889
f 889 888 1016
f 1026 1027 899
f 899 898 1026
f 1027 1028 900
f 900 899 1027
f 1028 1029 901
f 901 900 1028
f 1029 1030 902
f 902 901 1029
f 1030 1031 903
f 903 902 1030
f 1031 1032 904
f 904 903 1031
f 1032 1033 905
f 905 904 1032
f 1033 1034 906
f 906 905 1033
f 1034 1035 907
f 907 906 1034
f 1035 1036 908
f 908 907 1035
f 1036 1037 909
f 909 908 1036
f 1037 1038 910
f 910 909 1037
f 1038 1039 911
f 911 910 1038
f 1039 1040 912
f 912 911 1039
f 1040 1041 913
f 913 912 1040
f 1041 1042 914
f 914 913 1041
f 1042 1043 915
f 915 914 1042
f 1043 1044 916
f 916 915 1043
f 1044 1045 917
f 917 916 1044
f 1045 1046 918
f 918 917 1045
f 1046 1047 919
f 919 918 1046
f 1047 1048 920
f 920 919 1047
f 1048 1049 921
f 921 920 1048
f 1017 1018 890
f 890 889 1017
f 1018 1019 891
f 891 890 1018
f 1019 1020 892
f 892 891 1019
f 1020 1021 893
f 893 892 1020
f 1021 1022 894
f 894 893 1021
f 1022 1023 895
f 895 894 1022
f 1023 1024 896
f 896 895 1023
f 1024 1025 897
f 897 896 1024
f 1025 1026 898
f 898 897 1025
f 1049 1050 922
f 922 921 1049
f 1050 1051 923
f 923 922 1050
f 1051 1052 924
f 924 923 1051
f 1052 1053 925
f 925 924 1052
f 1053 1054 926
f 926 925 1053
f 1054 1055 927
f 927 926 1054
f 1055 1056 928
f 928 927 1055
f 1056 1057 929
f 929 928 1056
f 1057 1058 930
f 930 929 1057
f 1058 1059 931
f 931 930 1058
f 1059 1060 932
f 932 931 1059
f 1060 1061 933
f 933 932 1060
f 1061 1062 934
f 934 933 1061
f 1062 1063 935
f 935 934 1062
f 1063 1064 936
f 936 935 1063
f 1064 1065 937
f 937 936 1064
f 1065 1066 938
f 938 937 1065
f 1066 1067 939
f 939 938 1066
f 1067 1068 940
f 940 939 1067
f 1068 1069 941
f 941 940 1068
f 1069 1070 942
f 942 941 1069
f 1070 1071 943
f 943 942 1070
f 1071 1072 944
f 944 943 1071
f 1072 1073 945
f 945 944 1072
f 1073 1074 946
f 946 945 1073
f 1074 1075 947
f 947 946 1074
f 1075 1076 948
f 948 947 1075
f 1076 1077 949
f 949 948 1076
f 1077 1078 950
f 950 949 1077
f 1078 1079 951
f 951 950 1078
f 1079 1080 952
f 952 951 1079
f 1080 1081 953
f 953 952 1080
f 1098 1099 1100
f 1100 1101 1098
f 1098 1135 1134
f 1098 1134 1133
f 1098 1133 1132
f 1098 1132 1131
f 1098 1131 1130
f 1098 1130 1129
f 1098 1129 1128
f 1098 1128 1127
f 1098 1127 1126
f 1098 1126 1125
f 1098 1125 1124
f 1098 1124 1123
f 1098 1123 1122
f 1098 1122 1121
f 1098 1121 1001
f 1098 1001 1120
f 1098 1120 1119
f 1098 1119 1118
f 1098 1118 1117
f 1098 1117 1116
f 1098 1116 1115
f 1098 1115 1114
f 1098 1114 1113
f 1098 1113 1112
f 1098 1112 1111
f 1098 1111 1110
f 1098 1110 1109
f 1098 1109 1108
f 1098 1108 1107
f 1098 1107 1106
f 1098 1106 1105
f 1098 1105 1104
f 1098 1104 1103
f 1098 1103 1102
f 1098 1102 1099
f 1099 1102 1136
f 1136 1100 1099
f 1102 1103 1137
f 1137 1136 1102
f 1103 1104 1138
f 1138 1137 1103
f 1104 1105 1139
f 1139 1138 1104
f 1105 1106 1140
f 1140 1139 1105
f 1106 1107 1141
f 1141 1140 1106
f 1107 1108 1142
f 1142 1141 1107
f 1108 1109 1143
f 1143 1142 1108
f 1109 1110 1144
f 1144 1143 1109
f 1110 1111 1145
f 1145 1144 1110
f 1111 1112 1146
f 1146 1145 1111
f 1112 1113 1147
f 1147 1146 1112
f 1113 1114 1148
f 1148 1147 1113
f 1114 1115 1149
f 1149 1148 1114
f 1115 1116 1150
f 1150 1149 1115
f 1116 1117 1151
f 1151 1150 1116
f 1117 1118 1152
f 1152 1151 1117
f 1118 1119 1153
f 1153 1152 1118
f 1119 1120 1154
f 1154 1153 1119
f 1120 1001 1155
f 1155 1154 1120
f 1001 1121 1156
f 1156 1155 1001
f 1121 1122 1157
f 1157 1156 1121
f 1122 1123 1158
f 1158 1157 1122
f 1123 1124 1159
f 1159 1158 1123
f 1124 1125 1160
f 1160 1159 1124
f 1125 1126 1161
f 1161 1160 1125
f 1126 1127 1162
f 1162 1161 1126
f 1127 1128 1163
f 1163 1162 1127
f 1128 1129 1164
f 1164 1163 1128
f 1129 1130 1165
f 1165 1164 1129
f 1130 1131 1166
f 1166 1165 1130
f 1131 1132 1167
f 1167 1166 1131
f 1132 1133 1168
f 1168 1167 1132
f 1133 1134 1169
f 1169 1168 1133
f 1134 1135 1170
f 1170 1169 1134
f 1135 1098 1101
f 1101 1170 1135
f 1101 1138 1139
f 1101 1139 1140
f 1101 1140 1141
f 1101 1141 1142
f 1101 1142 1143
f 1101 1143 1144
f 1101 1144 1145
f 1101 1145 1146
f 1101 1146 1147
f 1101 1147 1148
f 1101 1148 1149
f 1101 1149 1150
f 1101 1150 1151
f 1101 1151 1152
f 1101 1152 1153
f 1101 1153 1154
f 1101 1154 1155
f 1101 1155 1156
f 1101 1156 1157
f 1101 1157 1158
f 1101 1158 1159
f 1101 1159 1160
f 1101 1160 1161
f 1101 1161 1162
f 1101 1162 1163
f 1101 1163 1164
f 1101 1164 1165
f 1101 1165 1166
f 1101 1166 1167
f 1101 1167 1168
f 1101 1168 1169
f 1101 1169 1170
f 1101 1100 1136
f 1101 1136 1137
f 1101 1137 1138
f 1205 1207 1208
f 1208 1206 1205
f 1207 1209 1210
f 1210 1208 1207
f 1209 1211 1212
f 1212 1210 1209
f 1211 1213 1214
f 1214 1212 1211
f 1213 1215 1216
f 1216 1214 1213
f 1215 1217 1218
f 1218 1216 1215
f 1217 1219 1220
f 1220 1218 1217
f 1219 1221 1222
f 1222 1220 1219
f 1221 1223 1224
f 1224 1222 1221
f 1223 1225 1226
f 1226 1224 1223
f 1225 1227 1228
f 1228 1226 1225
f 1227 1229 1230
f 1230 1228 1227
f 1229 1231 1232
f 1232 1230 1229
f 1231 1233 1234
f 1234 1232 1231
f 1233 1235 1236
f 1236 1234 1233
f 1235 1171 1174
f 1174 1236 1235
f 1171 1172 1173
f 1173 1174 1171
f 1172 1175 1176
f 1176 1173 1172
f 1175 1177 1178
f 1178 1176 1175
f 1177 1179 1180
f 1180 1178 1177
f 1179 1181 1182
f 1182 1180 1179
f 1181 1183 1184
f 1184 1182 1181
f 1183 1185 1186
f 1186 1184 1183
f 1185 1187 1188
f 1188 1186 1185
f 1187 1189 1190
f 1190 1188 1187
f 1189 1191 1192
f 1192 1190 1189
f 1191 1193 1194
f 1194 1192 1191
f 1193 1195 1196
f 1196 1194 1193
f 1195 1197 1198
f 1198 1196 1195
f 1197 1199 1200
f 1200 1198 1197
f 1199 1201 1202
f 1202 1200 1199
f 1201 1203 1204
f 1204 1202 1201
f 1203 1237 1238
f 1238 1204 1203
f 1237 1239 1240
f 1240 1238 1237
f 1239 1241 1242
f 1242 1240 1239
f 1241 1243 1244
f 1244 1242 1241
f 1243 1245 1246
f 1246 1244 1243
f 1245 1247 1248
f 1248 1246 1245
f 1247 1249 1250
f 1250 1248 1247
f 1249 1251 1252
f 1252 1250 1249
f 1251 1253 1254
f 1254 1252 1251
f 1253 1255 1256
f 1256 1254 1253
f 1255 1257 1258
f 1258 1256 1255
f 1257 1259 1260
f 1260 1258 1257
f 1259 1261 1262
f 1262 1260 1259
f 1261 1263 1264
f 1264 1262 1261
f 1263 1265 1266
f 1266 1264 1263
f 1265 1267 1268
f 1268 1266 1265
f 1267 1269 1270
f 1270 1268 1267
f 1269 1271 1272
f 1272 1270 1269
f 1271 1273 1274
f 1274 1272 1271
f 1273 1275 1276
f 1276 1274 1273
f 1275 1277 1278
f 1278 1276 1275
f 1277 1279 1280
f 1280 1278 1277
f 1279 1281 1282
f 1282 1280 1279
f 1281 1283 1284
f 1284 1282 1281
f 1283 1285 1286
f 1286 1284 1283
f 1285 1287 1288
f 1288 1286 1285
f 1287 1289 1290
f 1290 1288 1287
f 1289 1291 1292
f 1292 1290 1289
f 1291 1293 1294
f 1294 1292 1291
f 1293 1295 1296
f 1296 1294 1293
f 1295 1297 1298
f 1298 1296 1295
f 1297 1299 1300
f 1300 1298 1297
f 1299 1301 1302
f 1302 1300 1299
f 1301 1303 1304
f 1304 1302 1301
f 1303 1305 1306
f 1306 1304 1303
f 1305 1307 1308
f 1308 1306 1305
f 1307 1309 1310
f 1310 1308 1307
f 1309 1311 1312
f 1312 1310 1309
f 1311 1313 1314
f 1314 1312 1311
f 1313 1315 1316
f 1316 1314 1313
f 1315 1317 1318
f 1318 1316 1315
f 1317 1319 1320
f 1320 1318 1317
f 1319 1321 1322
f 1322 1320 1319
f 1321 1323 1324
f 1324 1322 1321
f 1323 1325 1326
f 1326 1324 1323
f 1325 1327 1328
f 1328 1326 1325
f 1327 1329 1330
f 1330 1328 1327
f 1329 1331 1332
f 1332 1330 1329
f 1331 1333 1334
f 1334 1332 1331
f 1333 1335 1336
f 1336 1334 1333
f 1335 1337 1338
f 1338 1336 1335
f 1337 1339 1340
f 1340 1338 1337
f 1339 1341 1342
f 1342 1340 1339
f 1341 1343 1344
f 1344 1342 1341
f 1343 1345 1346
f 1346 1344 1343
f 1345 1347 1348
f 1348 1346 1345
f 1347 1349 1350
f 1350 1348 1347
f 1349 1351 1352
f 1352 1350 1349
f 1351 1353 1354
f 1354 1352 1351
f 1353 1355 1356
f 1356 1354 1353
f 1355 1357 1358
f 1358 1356 1355
f 1357 1359 1360
f 1360 1358 1357
f 1359 1361 1362
f 1362 1360 1359
f 1361 1363 1364
f 1364 1362 1361
f 1363 1365 1366
f 1366 1364 1363
f 1365 1367 1368
f 1368 1366 1365
f 1367 1369 1370
f 1370 1368 1367
f 1369 1371 1372
f 1372 1370 1369
f 1371 1373 1374
f 1374 1372 1371
f 1373 1375 1376
f 1376 1374 1373
f 1375 1377 1378
f 1378 1376 1375
f 1377 1379 1380
f 1380 1378 1377
f 1379 1381 1382
f 1382 1380 1379
f 1381 1383 1384
f 1384 1382 1381
f 1383 1385 1386
f 1386 1384 1383
f 1385 1387 1388
f 1388 1386 1385
f 1387 1389 1390
f 1390 1388 1387
f 1389 1391 1392
f 1392 1390 1389
f 1391 1393 1394
f 1394 1392 1391
f 1393 1395 1396
f 1396 1394 1393
f 1395 1397 1398
f 1398 1396 1395
f 1397 1399 1400
f 1400 1398 1397
f 1399 1401 1402
f 1402 1400 1399
f 1401 1403 1404
f 1404 1402 1401
f 1403 1405 1406
f 1406 1404 1403
f 1405 1407 1408
f 1408 1406 1405
f 1407 1409 1410
f 1410 1408 1407
f 1409 1411 1412
f 1412 1410 1409
f 1411 1413 1414
f 1414 1412 1411
f 1413 1415 1416
f 1416 1414 1413
f 1415 1417 1418
f 1418 1416 1415
f 1417 1419 1420
f 1420 1418 1417
f 1419 1421 1422
f 1422 1420 1419
f 1421 1423 1424
f 1424 1422 1421
f 1423 1425 1426
f 1426 1424 1423
f 1425 1205 1206
f 1206 1426 1425
f 1236 1174 1173
f 1173 1554 1236
f 1236 1554 1428
f 1428 1234 1236
f 1553 1554 1173
f 1173 1176 1553
f 1234 1428 1427
f 1427 1232 1234
f 1552 1553 1176
f 1176 1178 1552
f 1232 1427 1429
f 1429 1230 1232
f 1551 1552 1178
f 1178 1180 1551
f 1230 1429 1430
f 1430 1228 1230
f 1228 1430 1431
f 1431 1226 1228
f 1226 1431 1432
f 1432 1224 1226
f 1224 1432 1433
f 1433 1222 1224
f 1222 1433 1434
f 1434 1220 1222
f 1220 1434 1435
f 1435 1218 1220
f 1218 1435 1436
f 1436 1216 1218
f 1216 1436 1437
f 1437 1214 1216
f 1214 1437 1438
f 1438 1212 1214
f 1212 1438 1439
f 1439 1210 1212
f 1210 1439 1440
f 1440 1208 1210
f 1208 1440 1441
f 1441 1206 1208
f 1550 1551 1180
f 1180 1182 1550
f 1549 1550 1182
f 1182 1184 1549
f 1548 1549 1184
f 1184 1186 1548
f 1547 1548 1186
f 1186 1188 1547
f 1546 1547 1188
f 1188 1190 1546
f 1545 1546 1190
f 1190 1192 1545
f 1544 1545 1192
f 1192 1194 1544
f 1543 1544 1194
f 1194 1196 1543
f 1542 1543 1196
f 1196 1198 1542
f 1541 1542 1198
f 1198 1200 1541
f 1540 1541 1200
f 1200 1202 1540
f 1539 1540 1202
f 1202 1204 1539
f 1206 1441 1442
f 1442 1426 1206
f 1538 1539 1204
f 1204 1238 1538
f 1426 1442 1443
f 1443 1424 1426
f 1537 1538 1238
f 1238 1240 1537
f 1536 1537 1240
f 1240 1242 1536
f 1424 1443 1444
f 1444 1422 1424
f 1422 1444 1445
f 1445 1420 1422
f 1535 1536 1242
f 1242 1244 1535
f 1420 1445 1446
f 1446 1418 1420
f 1534 1535 1244
f 1244 1246 1534
f 1418 1446 1447
f 1447 1416 1418
f 1416 1447 1448
f 1448 1414 1416
f 1414 1448 1449
f 1449 1412 1414
f 1412 1449 1450
f 1450 1410 1412
f 1410 1450 1451
f 1451 1408 1410
f 1408 1451 1452
f 1452 1406 1408
f 1406 1452 1453
f 1453 1404 1406
f 1404 1453 1454
f 1454 1402 1404
f 1402 1454 1455
f 1455 1400 1402
f 1400 1455 1456
f 1456 1398 1400
f 1398 1456 1457
f 1457 1396 1398
f 1396 1457 1458
f 1458 1394 1396
f 1394 1458 1459
f 1459 1392 1394
f 1392 1459 1460
f 1460 1390 1392
f 1390 1460 1461
f 1461 1388 1390
f 1388 1461 1462
f 1462 1386 1388
f 1386 1462 1463
f 1463 1384 1386
f 1384 1463 1464
f 1464 1382 1384
f 1382 1464 1465
f 1465 1380 1382
f 1380 1465 1466
f 1466 1378 1380
f 1378 1466 1467
f 1467 1376 1378
f 1376 1467 1468
f 1468 1374 1376
f 1374 1468 1469
f 1469 1372 1374
f 1372 1469 1470
f 1470 1370 1372
f 1370 1470 1471
f 1471 1368 1370
f 1368 1471 1472
f 1472 1366 1368
f 1366 1472 1473
f 1473 1364 1366
f 1364 1473 1474
f 1474 1362 1364
f 1362 1474 1475
f 1475 1360 1362
f 1360 1475 1476
f 1476 1358 1360
f 1358 1476 1477
f 1477 1356 1358
f 1356 1477 1478
f 1478 1354 1356
f 1533 1534 1246
f 1246 1248 1533
f 1532 1533 1248
f 1248 1250 1532
f 1531 1532 1250
f 1250 1252 1531
f 1530 1531 1252
f 1252 1254 1530
f 1529 1530 1254
f 1254 1256 1529
f 1528 1529 1256
f 1256 1258 1528
f 1527 1528 1258
f 1258 1260 1527
f 1526 1527 1260
f 1260 1262 1526
f 1525 1526 1262
f 1262 1264 1525
f 1524 1525 1264
f 1264 1266 1524
f 1523 1524 1266
f 1266 1268 1523
f 1522 1523 1268
f 1268 1270 1522
f 1521 1522 1270
f 1270 1272 1521
f 1520 1521 1272
f 1272 1274 1520
f 1519 1520 1274
f 1274 1276 1519
f 1518 1519 1276
f 1276 1278 1518
f 1517 1518 1278
f 1278 1280 1517
f 1516 1517 1280
f 1280 1282 1516
f 1515 1516 1282
f 1282 1284 1515
f 1514 1515 1284
f 1284 1286 1514
f 1513 1514 1286
f 1286 1288 1513
f 1512 1513 1288
f 1288 1290 1512
f 1511 1512 1290
f 1290 1292 1511
f 1510 1511 1292
f 1292 1294 1510
f 1509 1510 1294
f 1294 1296 1509
f 1508 1509 1296
f 1296 1298 1508
f 1507 1508 1298
f 1298 1300 1507
f 1506 1507 1300
f 1300 1302 1506
f 1505 1506 1302
f 1302 1304 1505
f 1504 1505 1304
f 1304 1306 1504
f 1503 1504 1306
f 1306 1308 1503
f 1502 1503 1308
f 1308 1501 1502
f 1354 1478 1479
f 1479 1352 1354
f 1352 1479 1480
f 1480 1350 1352
f 1350 1480 1481
f 1481 1348 1350
f 1348 1481 1482
f 1482 1346 1348
f 1346 1482 1483
f 1483 1344 1346
f 1344 1483 1484
f 1484 1342 1344
f 1342 1484 1485
f 1485 1340 1342
f 1340 1485 1486
f 1486 1338 1340
f 1338 1486 1487
f 1487 1336 1338
f 1336 1487 1488
f 1488 1334 1336
f 1334 1488 1489
f 1489 1332 1334
f 1332 1489 1490
f 1490 1330 1332
f 1330 1490 1491
f 1491 1328 1330
f 1328 1491 1492
f 1492 1326 1328
f 1326 1492 1493
f 1493 1324 1326
f 1324 1493 1494
f 1494 1322 1324
f 1322 1494 1495
f 1495 1320 1322
f 1320 1495 1496
f 1496 1318 1320
f 1318 1496 1497
f 1497 1316 1318
f 1316 1497 1498
f 1498 1314 1316
f 1314 1498 1499
f 1499 1312 1314
f 1312 1499 1500
f 1500 1310 1312
f 1310 1500 1501
f 1501 1308 1310
f 1337 1615 1614
f 1614 1339 1337
f 1335 1616 1615
f 1615 1337 1335
f 1333 1617 1616
f 1616 1335 1333
f 1331 1618 1617
f 1617 1333 1331
f 1329 1619 1618
f 1618 1331 1329
f 1327 1620 1619
f 1619 1329 1327
f 1325 1621 1620
f 1620 1327 1325
f 1323 1622 1621
f 1621 1325 1323
f 1321 1623 1622
f 1622 1323 1321
f 1319 1624 1623
f 1623 1321 1319
f 1317 1625 1624
f 1624 1319 1317
f 1315 1626 1625
f 1625 1317 1315
f 1313 1627 1626
f 1626 1315 1313
f 1311 1628 1627
f 1627 1313 1311
f 1309 1629 1628
f 1628 1311 1309
f 1307 1630 1629
f 1629 1309 1307
f 1235 1555 1682
f 1682 1171 1235
f 1682 1681 1172
f 1172 1171 1682
f 1233 1556 1555
f 1555 1235 1233
f 1681 1680 1175
f 1175 1172 1681
f 1231 1557 1556
f 1556 1233 1231
f 1680 1679 1177
f 1177 1175 1680
f 1229 1558 1557
f 1557 1231 1229
f 1227 1559 1558
f 1558 1229 1227
f 1225 1560 1559
f 1559 1227 1225
f 1223 1561 1560
f 1560 1225 1223
f 1221 1562 1561
f 1561 1223 1221
f 1219 1563 1562
f 1562 1221 1219
f 1217 1564 1563
f 1563 1219 1217
f 1215 1565 1564
f 1564 1217 1215
f 1213 1566 1565
f 1565 1215 1213
f 1211 1567 1566
f 1566 1213 1211
f 1209 1568 1567
f 1567 1211 1209
f 1207 1569 1568
f 1568 1209 1207
f 1679 1678 1179
f 1179 1177 1679
f 1678 1677 1181
f 1181 1179 1678
f 1677 1676 1183
f 1183 1181 1677
f 1676 1675 1185
f 1185 1183 1676
f 1675 1674 1187
f 1187 1185 1675
f 1674 1673 1189
f 1189 1187 1674
f 1673 1672 1191
f 1191 1189 1673
f 1672 1671 1193
f 1193 1191 1672
f 1671 1670 1195
f 1195 1193 1671
f 1670 1669 1197
f 1197 1195 1670
f 1669 1668 1199
f 1199 1197 1669
f 1668 1667 1201
f 1201 1199 1668
f 1205 1570 1569
f 1569 1207 1205
f 1667 1666 1203
f 1203 1201 1667
f 1425 1571 1570
f 1570 1205 1425
f 1666 1665 1237
f 1237 1203 1666
f 1665 1664 1239
f 1239 1237 1665
f 1423 1572 1571
f 1571 1425 1423
f 1421 1573 1572
f 1572 1423 1421
f 1664 1663 1241
f 1241 1239 1664
f 1419 1574 1573
f 1573 1421 1419
f 1663 1662 1243
f 1243 1241 1663
f 1417 1575 1574
f 1574 1419 1417
f 1415 1576 1575
f 1575 1417 1415
f 1413 1577 1576
f 1576 1415 1413
f 1411 1578 1577
f 1577 1413 1411
f 1409 1579 1578
f 1578 1411 1409
f 1407 1580 1579
f 1579 1409 1407
f 1405 1581 1580
f 1580 1407 1405
f 1403 1582 1581
f 1581 1405 1403
f 1401 1583 1582
f 1582 1403 1401
f 1399 1584 1583
f 1583 1401 1399
f 1397 1585 1584
f 1584 1399 1397
f 1395 1586 1585
f 1585 1397 1395
f 1393 1587 1586
f 1586 1395 1393
f 1391 1588 1587
f 1587 1393 1391
f 1389 1589 1588
f 1588 1391 1389
f 1387 1590 1589
f 1589 1389 1387
f 1385 1591 1590
f 1590 1387 1385
f 1383 1592 1591
f 1591 1385 1383
f 1381 1593 1592
f 1592 1383 1381
f 1379 1594 1593
f 1593 1381 1379
f 1377 1595 1594
f 1594 1379 1377
f 1375 1596 1595
f 1595 1377 1375
f 1373 1597 1596
f 1596 1375 1373
f 1371 1598 1597
f 1597 1373 1371
f 1369 1599 1598
f 1598 1371 1369
f 1367 1600 1599
f 1599 1369 1367
f 1365 1601 1600
f 1600 1367 1365
f 1363 1602 1601
f 1601 1365 1363
f 1361 1603 1602
f 1602 1363 1361
f 1359 1604 1603
f 1603 1361 1359
f 1357 1605 1604
f 1604 1359 1357
f 1355 1606 1605
f 1605 1357 1355
f 1662 1661 1245
f 1245 1243 1662
f 1661 1660 1247
f 1247 1245 1661
f 1660 1659 1249
f 1249 1247 1660
f 1659 1658 1251
f 1251 1249 1659
f 1658 1657 1253
f 1253 1251 1658
f 1657 1656 1255
f 1255 1253 1657
f 1656 1655 1257
f 1257 1255 1656
f 1655 1654 1259
f 1259 1257 1655
f 1654 1653 1261
f 1261 1259 1654
f 1653 1652 1263
f 1263 1261 1653
f 1652 1651 1265
f 1265 1263 1652
f 1651 1650 1267
f 1267 1265 1651
f 1650 1649 1269
f 1269 1267 1650
f 1649 1648 1271
f 1271 1269 1649
f 1648 1647 1273
f 1273 1271 1648
f 1647 1646 1275
f 1275 1273 1647
f 1646 1645 1277
f 1277 1275 1646
f 1645 1644 1279
f 1279 1277 1645
f 1644 1643 1281
f 1281 1279 1644
f 1643 1642 1283
f 1283 1281 1643
f 1642 1641 1285
f 1285 1283 1642
f 1641 1640 1287
f 1287 1285 1641
f 1640 1639 1289
f 1289 1287 1640
f 1639 1638 1291
f 1291 1289 1639
f 1638 1637 1293
f 1293 1291 1638
f 1637 1636 1295
f 1295 1293 1637
f 1636 1635 1297
f 1297 1295 1636
f 1635 1634 1299
f 1299 1297 1635
f 1634 1633 1301
f 1301 1299 1634
f 1633 1632 1303
f 1303 1301 1633
f 1632 1631 1305
f 1305 1303 1632
f 1631 1630 1307
f 1307 1305 1631
f 1353 1607 1606
f 1606 1355 1353
f 1351 1608 1607
f 1607 1353 1351
f 1349 1609 1608
f 1608 1351 1349
f 1347 1610 1609
f 1609 1349 1347
f 1345 1611 1610
f 1610 1347 1345
f 1343 1612 1611
f 1611 1345 1343
f 1341 1613 1612
f 1612 1343 1341
f 1339 1614 1613
f 1613 1341 1339
f 1667 1668 1540
f 1540 1539 1667
f 1668 1669 1541
f 1541 1540 1668
f 1669 1670 1542
f 1542 1541 1669
f 1670 1671 1543
f 1543 1542 1670
f 1671 1672 1544
f 1544 1543 1671
f 1672 1673 1545
f 1545 1544 1672
f 1673 1674 1546
f 1546 1545 1673
f 1674 1675 1547
f 1547 1546 1674
f 1675 1676 1548
f 1548 1547 1675
f 1676 1677 1549
f 1549 1548 1676
f 1677 1678 1550
f 1550 1549 1677
f 1678 1679 1551
f 1551 1550 1678
f 1679 1680 1552
f 1552 1551 1679
f 1680 1681 1553
f 1553 1552 1680
f 1681 1682 1554
f 1554 1553 1681
f 1682 1555 1428
f 1428 1554 1682
f 1555 1556 1427
f 1427 1428 1555
f 1556 1557 1429
f 1429 1427 1556
f 1557 1558 1430
f 1430 1429 1557
f 1558 1559 1431
f 1431 1430 1558
f 1559 1560 1432
f 1432 1431 1559
f 1560 1561 1433
f 1433 1432 1560
f 1561 1562 1434
f 1434 1433 1561
f 1562 1563 1435
f 1435 1434 1562
f 1563 1564 1436
f 1436 1435 1563
f 1564 1565 1437
f 1437 1436 1564
f 1565 1566 1438
f 1438 1437 1565
f 1566 1567 1439
f 1439 1438 1566
f 1567 1568 1440
f 1440 1439 1567
f 1568 1569 1441
f 1441 1440 1568
f 1569 1570 1442
f 1442 1441 1569
f 1666 1667 1539
f 1539 1538 1666
f 1570 1571 1443
f 1443 1442 1570
f 1571 1572 1444
f 1444 1443 1571
f 1572 1573 1445
f 1445 1444 1572
f 1573 1574 1446
f 1446 1445 1573
f 1574 1575 1447
f 1447 1446 1574
f 1575 1576 1448
f 1448 1447 1575
f 1576 1577 1449
f 1449 1448 1576
f 1577 1578 1450
f 1450 1449 1577
f 1578 1579 1451
f 1451 1450 1578
f 1579 1580 1452
f 1452 1451 1579
f 1580 1581 1453
f 1453 1452 1580
f 1581 1582 1454
f 1454 1453 1581
f 1582 1583 1455
f 1455 1454 1582
f 1583 1584 1456
f 1456 1455 1583
f 1584 1585 1457
f 1457 1456 1584
f 1585 1586 1458
f 1458 1457 1585
f 1586 1587 1459
f 1459 1458 1586
f 1587 1588 1460
f 1460 1459 1587
f 1588 1589 1461
f 1461 1460 1588
f 1589 1590 1462
f 1462 1461 1589
f 1590 1591 1463
f 1463 1462 1590
f 1591 1592 1464
f 1464 1463 1591
f 1592 1593 1465
f 1465 1464 1592
f 1593 1594 1466
f 1466 1465 1593
f 1594 1595 1467
f 1467 1466 1594
f 1595 1596 1468
f 1468 1467 1595
f 1596 1597 1469
f 1469 1468 1596
f 1597 1598 1470
f 1470 1469 1597
f 1598 1599 1471
f 1471 1470 1598
f 1599 1600 1472
f 1472 1471 1599
f 1600 1601 1473
f 1473 1472 1600
f 1601 1602 1474
f 1474 1473 1601
f 1603 1604 1476
f 1476 1475 1603
f 1604 1605 1477
f 1477 1476 1604
f 1605 1606 1478
f 1478 1477 1605
f 1606 1607 1479
f 1479 1478 1606
f 1607 1608 1480
f 1480 1479 1607
f 1608 1609 1481
f 1481 1480 1608
f 1609 1610 1482
f 1482 1481 1609
f 1610 1611 1483
f 1483 1482 1610
f 1611 1612 1484
f 1484 1483 1611
f 1612 1613 1485
f 1485 1484 1612
f 1613 1614 1486
f 1486 1485 1613
f 1614 1615 1487
f 1487 1486 1614
f 1615 1616 1488
f 1488 1487 1615
f 1616 1617 1489
f 1489 1488 1616
f 1617 1618 1490
f 1490 1489 1617
f 1618 1619 1491
f 1491 1490 1618
f 1619 1620 1492
f 1492 1491 1619
f 1620 1621 1493
f 1493 1492 1620
f 1621 1622 1494
f 1494 1493 1621
f 1622 1623 1495
f 1495 1494 1622
f 1623 1624 1496
f 1496 1495 1623
f 1624 1625 1497
f 1497 1496 1624
f 1625 1626 1498
f 1498 1497 1625
f 1626 1627 1499
f 1499 1498 1626
f 1627 1628 1500
f 1500 1499 1627
f 1628 1629 1501
f 1501 1500 1628
f 1629 1630 1502
f 1502 1501 1629
f 1630 1631 1503
f 1503 1502 1630
f 1631 1632 1504
f 1504 1503 1631
f 1632 1633 1505
f 1505 1504 1632
f 1633 1634 1506
f 1506 1505 1633
f 1602 1603 1475
f 1475 1474 1602
f 1634 1635 1507
f 1507 1506 1634
f 1635 1636 1508
f 1508 1507 1635
f 1636 1637 1509
f 1509 1508 1636
f 1637 1638 1510
f 1510 1509 1637
f 1638 1639 1511
f 1511 1510 1638
f 1639 1640 1512
f 1512 1511 1639
f 1640 1641 1513
f 1513 1512 1640
f 1641 1642 1514
f 1514 1513 1641
f 1642 1643 1515
f 1515 1514 1642
f 1643 1644 1516
f 1516 1515 1643
f 1644 1645 1517
f 1517 1516 1644
f 1645 1646 1518
f 1518 1517 1645
f 1646 1647 1519
f 1519 1518 1646
f 1647 1648 1520
f 1520 1519 1647
f 1648 1649 1521
f 1521 1520 1648
f 1649 1650 1522
f 1522 1521 1649
f 1650 1651 1523
f 1523 1522 1650
f 1651 1652 1524
f 1524 1523 1651
f 1652 1653 1525
f 1525 1524 1652
f 1653 1654 1526
f 1526 1525 1653
f 1654 1655 1527
f 1527 1526 1654
f 1655 1656 1528
f 1528 1527 1655
f 1656 1657 1529
f 1529 1528 1656
f 1657 1658 1530
f 1530 1529 1657
f 1658 1659 1531
f 1531 1530 1658
f 1659 1660 1532
f 1532 1531 1659
f 1660 1661 1533
f 1533 1532 1660
f 1661 1662 1534
f 1534 1533 1661
f 1662 1663 1535
f 1535 1534 1662
f 1663 1664 1536
f 1536 1535 1663
f 1664 1665 1537
f 1537 1536 1664
f 1665 1666 1538
f 1538 1537 1665
f 1683 1684 1685
f 1685 1686 1683
f 1683 1699 1698
f 1683 1698 1697
f 1683 1697 1696
f 1683 1696 1695
f 1683 1695 1694
f 1683 1694 1693
f 1683 1693 1692
f 1683 1692 1691
f 1683 1691 1690
f 1683 1690 1689
f 1683 1689 1688
f 1683 1688 1687
f 1683 1687 1684
f 1683 1720 1719
f 1683 1719 1718
f 1683 1718 1717
f 1683 1717 1716
f 1683 1716 1715
f 1683 1715 1714
f 1683 1714 1713
f 1683 1713 1712
f 1683 1712 1711
f 1683 1711 1710
f 1683 1710 1709
f 1683 1709 1708
f 1683 1708 1707
f 1683 1707 1706
f 1683 1706 1586
f 1683 1586 1705
f 1683 1705 1704
f 1683 1704 1703
f 1683 1703 1702
f 1683 1702 1701
f 1683 1701 1700
f 1683 1700 1699
f 1684 1687 1721
f 1721 1685 1684
f 1687 1688 1722
f 1722 1721 1687
f 1688 1689 1723
f 1723 1722 1688
f 1689 1690 1724
f 1724 1723 1689
f 1690 1691 1725
f 1725 1724 1690
f 1691 1692 1726
f 1726 1725 1691
f 1692 1693 1727
f 1727 1726 1692
f 1693 1694 1728
f 1728 1727 1693
f 1694 1695 1729
f 1729 1728 1694
f 1695 1696 1730
f 1730 1729 1695
f 1696 1697 1731
f 1731 1730 1696
f 1697 1698 1732
f 1732 1731 1697
f 1698 1699 1733
f 1733 1732 1698
f 1699 1700 1734
f 1734 1733 1699
f 1700 1701 1735
f 1735 1734 1700
f 1701 1702 1736
f 1736 1735 1701
f 1702 1703 1737
f 1737 1736 1702
f 1703 1704 1738
f 1738 1737 1703
f 1704 1705 1739
f 1739 1738 1704
f 1705 1586 1740
f 1740 1739 1705
f 1586 1706 1741
f 1741 1740 1586
f 1706 1707 1742
f 1742 1741 1706
f 1707 1708 1743
f 1743 1742 1707
f 1708 1709 1744
f 1744 1743 1708
f 1709 1710 1745
f 1745 1744 1709
f 1710 1711 1746
f 1746 1745 1710
f 1711 1712 1747
f 1747 1746 1711
f 1712 1713 1748
f 1748 1747 1712
f 1713 1714 1749
f 1749 1748 1713
f 1714 1715 1750
f 1750 1749 1714
f 1715 1716 1751
f 1751 1750 1715
f 1716 1717 1752
f 1752 1751 1716
f 1717 1718 1753
f 1753 1752 1717
f 1718 1719 1754
f 1754 1753 1718
f 1719 1720 1755
f 1755 1754 1719
f 1720 1683 1686
f 1686 1755 1720
f 1686 1685 1721
f 1686 1721 1722
f 1686 1722 1723
f 1686 1723 1724
f 1686 1724 1725
f 1686 1725 1726
f 1686 1726 1727
f 1686 1727 1728
f 1686 1728 1729
f 1686 1729 1730
f 1686 1730 1731
f 1686 1731 1732
f 1686 1732 1733
f 1686 1733 1734
f 1686 1734 1735
f 1686 1735 1736
f 1686 1736 1737
f 1686 1737 1738
f 1686 1738 1739
f 1686 1739 1740
f 1686 1740 1741
f 1686 1741 1742
f 1686 1742 1743
f 1686 1743 1744
f 1686 1744 1745
f 1686 1745 1746
f 1686 1746 1747
f 1686 1747 1748
f 1686 1748 1749
f 1686 1749 1750
f 1686 1750 1751
f 1686 1751 1752
f 1686 1752 1753
f 1686 1753 1754
f 1686 1754 1755
f 1790 1792 1793
f 1793 1791 1790
f 1792 1794 1795
f 1795 1793 1792
f 1794 1796 1797
f 1797 1795 1794
f 1796 1798 1799
f 1799 1797 1796
f 1798 1800 1801
f 1801 1799 1798
f 1800 1802 1803
f 1803 1801 1800
f 1802 1804 1805
f 1805 1803 1802
f 1804 1806 1807
f 1807 1805 1804
f 1806 1808 1809
f 1809 1807 1806
f 1808 1810 1811
f 1811 1809 1808
f 1810 1812 1813
f 1813 1811 1810
f 1812 1814 1815
f 1815 1813 1812
f 1814 1816 1817
f 1817 1815 1814
f 1816 1818 1819
f 1819 1817 1816
f 1818 1820 1821
f 1821 1819 1818
f 1820 1756 1759
f 1759 1821 1820
f 1756 1757 1758
f 1758 1759 1756
f 1757 1760 1761
f 1761 1758 1757
f 1760 1762 1763
f 1763 1761 1760
f 1762 1764 1765
f 1765 1763 1762
f 1764 1766 1767
f 1767 1765 1764
f 1766 1768 1769
f 1769 1767 1766
f 1768 1770 1771
f 1771 1769 1768
f 1770 1772 1773
f 1773 1771 1770
f 1772 1774 1775
f 1775 1773 1772
f 1774 1776 1777
f 1777 1775 1774
f 1776 1778 1779
f 1779 1777 1776
f 1778 1780 1781
f 1781 1779 1778
f 1780 1782 1783
f 1783 1781 1780
f 1782 1784 1785
f 1785 1783 1782
f 1784 1786 1787
f 1787 1785 1784
f 1786 1788 1789
f 1789 1787 1786
f 1868 1870 1871
f 1871 1869 1868
f 1870 1872 1873
f 1873 1871 1870
f 1872 1874 1875
f 1875 1873 1872
f 1874 1876 1877
f 1877 1875 1874
f 1876 1878 1879
f 1879 1877 1876
f 1878 1880 1881
f 1881 1879 1878
f 1880 1882 1883
f 1883 1881 1880
f 1882 1884 1885
f 1885 1883 1882
f 1788 1822 1823
f 1823 1789 1788
f 1822 1824 1825
f 1825 1823 1822
f 1824 1826 1827
f 1827 1825 1824
f 1826 1828 1829
f 1829 1827 1826
f 1828 1830 1831
f 1831 1829 1828
f 1830 1832 1833
f 1833 1831 1830
f 1832 1834 1835
f 1835 1833 1832
f 1834 1836 1837
f 1837 1835 1834
f 1836 1838 1839
f 1839 1837 1836
f 1838 1840 1841
f 1841 1839 1838
f 1840 1842 1843
f 1843 1841 1840
f 1842 1844 1845
f 1845 1843 1842
f 1844 1846 1847
f 1847 1845 1844
f 1846 1848 1849
f 1849 1847 1846
f 1848 1850 1851
f 1851 1849 1848
f 1850 1852 1853
f 1853 1851 1850
f 1852 1854 1855
f 1855 1853 1852
f 1854 1856 1857
f 1857 1855 1854
f 1856 1858 1859
f 1859 1857 1856
f 1858 1860 1861
f 1861 1859 1858
f 1860 1862 1863
f 1863 1861 1860
f 1862 1864 1865
f 1865 1863 1862
f 1864 1866 1867
f 1867 1865 1864
f 1866 1868 1869
f 1869 1867 1866
f 1884 1886 1887
f 1887 1885 1884
f 1886 1888 1889
f 1889 1887 1886
f 1888 1890 1891
f 1891 1889 1888
f 1890 1892 1893
f 1893 1891 1890
f 1892 1894 1895
f 1895 1893 1892
f 1894 1896 1897
f 1897 1895 1894
f 1896 1898 1899
f 1899 1897 1896
f 1898 1900 1901
f 1901 1899 1898
f 1900 1902 1903
f 1903 1901 1900
f 1902 1904 1905
f 1905 1903 1902
f 1904 1906 1907
f 1907 1905 1904
f 1906 1908 1909
f 1909 1907 1906
f 1908 1910 1911
f 1911 1909 1908
f 1910 1912 1913
f 1913 1911 1910
f 1912 1914 1915
f 1915 1913 1912
f 1914 1916 1917
f 1917 1915 1914
f 1916 1918 1919
f 1919 1917 1916
f 1918 1920 1921
f 1921 1919 1918
f 1920 1922 1923
f 1923 1921 1920
f 1922 1924 1925
f 1925 1923 1922
f 1924 1926 1927
f 1927 1925 1924
f 1926 1928 1929
f 1929 1927 1926
f 1928 1930 1931
f 1931 1929 1928
f 1930 1932 1933
f 1933 1931 1930
f 1932 1934 1935
f 1935 1933 1932
f 1934 1936 1937
f 1937 1935 1934
f 1936 1938 1939
f 1939 1937 1936
f 1938 1940 1941
f 1941 1939 1938
f 1940 1942 1943
f 1943 1941 1940
f 1942 1944 1945
f 1945 1943 1942
f 1944 1946 1947
f 1947 1945 1944
f 1946 1948 1949
f 1949 1947 1946
f 1996 1998 1999
f 1999 1997 1996
f 1998 2000 2001
f 2001 1999 1998
f 2000 2002 2003
f 2003 2001 2000
f 2002 2004 2005
f 2005 2003 2002
f 2004 2006 2007
f 2007 2005 2004
f 2006 2008 2009
f 2009 2007 2006
f 2008 2010 2011
f 2011 2009 2008
f 2010 1790 1791
f 1791 2011 2010
f 1948 1950 1951
f 1951 1949 1948
f 1950 1952 1953
f 1953 1951 1950
f 1952 1954 1955
f 1955 1953 1952
f 1954 1956 1957
f 1957 1955 1954
f 1956 1958 1959
f 1959 1957 1956
f 1958 1960 1961
f 1961 1959 1958
f 1960 1962 1963
f 1963 1961 1960
f 1962 1964 1965
f 1965 1963 1962
f 1964 1966 1967
f 1967 1965 1964
f 1966 1968 1969
f 1969 1967 1966
f 1968 1970 1971
f 1971 1969 1968
f 1970 1972 1973
f 1973 1971 1970
f 1972 1974 1975
f 1975 1973 1972
f 1974 1976 1977
f 1977 1975 1974
f 1976 1978 1979
f 1979 1977 1976
f 1978 1980 1981
f 1981 1979 1978
f 1980 1982 1983
f 1983 1981 1980
f 1982 1984 1985
f 1985 1983 1982
f 1984 1986 1987
f 1987 1985 1984
f 1986 1988 1989
f 1989 1987 1986
f 1988 1990 1991
f 1991 1989 1988
f 1990 1992 1993
f 1993 1991 1990
f 1992 1994 1995
f 1995 1993 1992
f 1994 1996 1997
f 1997 1995 1994
f 1821 1759 1758
f 1758 2139 1821
f 1821 2139 2013
f 2013 1819 1821
f 2138 2139 1758
f 1758 1761 2138
f 1819 2013 2012
f 2012 1817 1819
f 2137 2138 1761
f 1761 1763 2137
f 1817 2012 2014
f 2014 1815 1817
f 2136 2137 1763
f 1763 1765 2136
f 1815 2014 2015
f 2015 1813 1815
f 1813 2015 2016
f 2016 1811 1813
f 1811 2016 2017
f 2017 1809 1811
f 1809 2017 2018
f 2018 1807 1809
f 1807 2018 2019
f 2019 1805 1807
f 1805 2019 2020
f 2020 1803 1805
f 1803 2020 2021
f 2021 1801 1803
f 1801 2021 2022
f 2022 1799 1801
f 1799 2022 2023
f 2023 1797 1799
f 1797 2023 2024
f 2024 1795 1797
f 1795 2024 2025
f 2025 1793 1795
f 1793 2025 2026
f 2026 1791 1793
f 2135 2136 1765
f 1765 1767 2135
f 2134 2135 1767
f 1767 1769 2134
f 2133 2134 1769
f 1769 1771 2133
f 2132 2133 1771
f 1771 1773 2132
f 2131 2132 1773
f 1773 1775 2131
f 2130 2131 1775
f 1775 1777 2130
f 2129 2130 1777
f 1777 1779 2129
f 2128 2129 1779
f 1779 1781 2128
f 2127 2128 1781
f 1781 1783 2127
f 2126 2127 1783
f 1783 1785 2126
f 2125 2126 1785
f 1785 1787 2125
f 2124 2125 1787
f 1787 1789 2124
f 1791 2026 2027
f 2027 2011 1791
f 2123 2124 1789
f 1789 1823 2123
f 2011 2027 2028
f 2028 2009 2011
f 2122 2123 1823
f 1823 1825 2122
f 2121 2122 1825
f 1825 1827 2121
f 2009 2028 2029
f 2029 2007 2009
f 2007 2029 2030
f 2030 2005 2007
f 2120 2121 1827
f 1827 1829 2120
f 2005 2030 2031
f 2031 2003 2005
f 2119 2120 1829
f 1829 1831 2119
f 2003 2031 2032
f 2032 2001 2003
f 2001 2032 2033
f 2033 1999 2001
f 1999 2033 2034
f 2034 1997 1999
f 1997 2034 2035
f 2035 1995 1997
f 1995 2035 2036
f 2036 1993 1995
f 1993 2036 2037
f 2037 1991 1993
f 1991 2037 2038
f 2038 1989 1991
f 1989 2038 2039
f 2039 1987 1989
f 1987 2039 2040
f 2040 1985 1987
f 1985 2040 2041
f 2041 1983 1985
f 1983 2041 2042
f 2042 1981 1983
f 1981 2042 2043
f 2043 1979 1981
f 1979 2043 2044
f 2044 1977 1979
f 1977 2044 2045
f 2045 1975 1977
f 1975 2045 2046
f 2046 1973 1975
f 1973 2046 2047
f 2047 1971 1973
f 1971 2047 2048
f 2048 1969 1971
f 1969 2048 2049
f 2049 1967 1969
f 1967 2049 2050
f 2050 1965 1967
f 1965 2050 2051
f 2051 1963 1965
f 1963 2051 2052
f 2052 1961 1963
f 1961 2052 2053
f 2053 1959 1961
f 1959 2053 2054
f 2054 1957 1959
f 1957 2054 2055
f 2055 1955 1957
f 1955 2055 2056
f 2056 1953 1955
f 1953 2056 2057
f 2057 1951 1953
f 1951 2057 2058
f 2058 1949 1951
f 1949 2058 2059
f 2059 1947 1949
f 1947 2059 2060
f 2060 1945 1947
f 1945 2060 2061
f 2061 1943 1945
f 1943 2061 2062
f 2062 1941 1943
f 1941 2062 2063
f 2063 1939 1941
f 2118 2119 1831
f 1831 1833 2118
f 2117 2118 1833
f 1833 1835 2117
f 2116 2117 1835
f 1835 1837 2116
f 2115 2116 1837
f 1837 1839 2115
f 2114 2115 1839
f 1839 1841 2114
f 2113 2114 1841
f 1841 1843 2113
f 2112 2113 1843
f 1843 1845 2112
f 2111 2112 1845
f 1845 1847 2111
f 2110 2111 1847
f 1847 1849 2110
f 2109 2110 1849
f 1849 1851 2109
f 2108 2109 1851
f 1851 1853 2108
f 2107 2108 1853
f 1853 1855 2107
f 2106 2107 1855
f 1855 1857 2106
f 2105 2106 1857
f 1857 1859 2105
f 2104 2105 1859
f 1859 1861 2104
f 2103 2104 1861
f 1861 1863 2103
f 2102 2103 1863
f 1863 1865 2102
f 2101 2102 1865
f 1865 1867 2101
f 2100 2101 1867
f 1867 1869 2100
f 2099 2100 1869
f 1869 1871 2099
f 2098 2099 1871
f 1871 1873 2098
f 2097 2098 1873
f 1873 1875 2097
f 2096 2097 1875
f 1875 1877 2096
f 2095 2096 1877
f 1877 1879 2095
f 2094 2095 1879
f 1879 1881 2094
f 2093 2094 1881
f 1881 1883 2093
f 2092 2093 1883
f 1883 1885 2092
f 2091 2092 1885
f 1885 1887 2091
f 2090 2091 1887
f 1887 1889 2090
f 2089 2090 1889
f 1889 1891 2089
f 2088 2089 1891
f 1891 1893 2088
f 2087 2088 1893
f 1893 2086 2087
f 1939 2063 2064
f 2064 1937 1939
f 1937 2064 2065
f 2065 1935 1937
f 1935 2065 2066
f 2066 1933 1935
f 1933 2066 2067
f 2067 1931 1933
f 1931 2067 2068
f 2068 1929 1931
f 1929 2068 2069
f 2069 1927 1929
f 1927 2069 2070
f 2070 1925 1927
f 1925 2070 2071
f 2071 1923 1925
f 1923 2071 2072
f 2072 1921 1923
f 1921 2072 2073
f 2073 1919 1921
f 1919 2073 2074
f 2074 1917 1919
f 1917 2074 2075
f 2075 1915 1917
f 1915 2075 2076
f 2076 1913 1915
f 1913 2076 2077
f 2077 1911 1913
f 1911 2077 2078
f 2078 1909 1911
f 1909 2078 2079
f 2079 1907 1909
f 1907 2079 2080
f 2080 1905 1907
f 1905 2080 2081
f 2081 1903 1905
f 1903 2081 2082
f 2082 1901 1903
f 1901 2082 2083
f 2083 1899 1901
f 1899 2083 2084
f 2084 1897 1899
f 1897 2084 2085
f 2085 1895 1897
f 1895 2085 2086
f 2086 1893 1895
f 2002 2160 2159
f 2159 2004 2002
f 2000 2161 2160
f 2160 2002 2000
f 1998 2162 2161
f 2161 2000 1998
f 1996 2163 2162
f 2162 1998 1996
f 1994 2164 2163
f 2163 1996 1994
f 1992 2165 2164
f 2164 1994 1992
f 1990 2166 2165
f 2165 1992 1990
f 1988 2167 2166
f 2166 1990 1988
f 1986 2168 2167
f 2167 1988 1986
f 1984 2169 2168
f 2168 1986 1984
f 1982 2170 2169
f 2169 1984 1982
f 1980 2171 2170
f 2170 1982 1980
f 1978 2172 2171
f 2171 1980 1978
f 1976 2173 2172
f 2172 1978 1976
f 1974 2174 2173
f 2173 1976 1974
f 1972 2175 2174
f 2174 1974 1972
f 1970 2176 2175
f 2175 1972 1970
f 1968 2177 2176
f 2176 1970 1968
f 1966 2178 2177
f 2177 1968 1966
f 1964 2179 2178
f 2178 1966 1964
f 1962 2180 2179
f 2179 1964 1962
f 1960 2181 2180
f 2180 1962 1960
f 1958 2182 2181
f 2181 1960 1958
f 1956 2183 2182
f 2182 1958 1956
f 1954 2184 2183
f 2183 1956 1954
f 1952 2185 2184
f 2184 1954 1952
f 1950 2186 2185
f 2185 1952 1950
f 1948 2187 2186
f 2186 1950 1948
f 1946 2188 2187
f 2187 1948 1946
f 1944 2189 2188
f 2188 1946 1944
f 1942 2190 2189
f 2189 1944 1942
f 1940 2191 2190
f 2190 1942 1940
f 2247 2246 1830
f 1830 1828 2247
f 2246 2245 1832
f 1832 1830 2246
f 2245 2244 1834
f 1834 1832 2245
f 2244 2243 1836
f 1836 1834 2244
f 2243 2242 1838
f 1838 1836 2243
f 2242 2241 1840
f 1840 1838 2242
f 2241 2240 1842
f 1842 1840 2241
f 2240 2239 1844
f 1844 1842 2240
f 2239 2238 1846
f 1846 1844 2239
f 2238 2237 1848
f 1848 1846 2238
f 2237 2236 1850
f 1850 1848 2237
f 2236 2235 1852
f 1852 1850 2236
f 2235 2234 1854
f 1854 1852 2235
f 2234 2233 1856
f 1856 1854 2234
f 2233 2232 1858
f 1858 1856 2233
f 2232 2231 1860
f 1860 1858 2232
f 2231 2230 1862
f 1862 1860 2231
f 2230 2229 1864
f 1864 1862 2230
f 2229 2228 1866
f 1866 1864 2229
f 2228 2227 1868
f 1868 1866 2228
f 2227 2226 1870
f 1870 1868 2227
f 2226 2225 1872
f 1872 1870 2226
f 2225 2224 1874
f 1874 1872 2225
f 2224 2223 1876
f 1876 1874 2224
f 2223 2222 1878
f 1878 1876 2223
f 2222 2221 1880
f 1880 1878 2222
f 2221 2220 1882
f 1882 1880 2221
f 2220 2219 1884
f 1884 1882 2220
f 2219 2218 1886
f 1886 1884 2219
f 2218 2217 1888
f 1888 1886 2218
f 2217 2216 1890
f 1890 1888 2217
f 2216 2215 1892
f 1892 1890 2216
f 1938 2192 2191
f 2191 1940 1938
f 1936 2193 2192
f 2192 1938 1936
f 1934 2194 2193
f 2193 1936 1934
f 1932 2195 2194
f 2194 1934 1932
f 1930 2196 2195
f 2195 1932 1930
f 1928 2197 2196
f 2196 1930 1928
f 1926 2198 2197
f 2197 1928 1926
f 1924 2199 2198
f 2198 1926 1924
f 1922 2200 2199
f 2199 1924 1922
f 1920 2201 2200
f 2200 1922 1920
f 1918 2202 2201
f 2201 1920 1918
f 1916 2203 2202
f 2202 1918 1916
f 1914 2204 2203
f 2203 1916 1914
f 1912 2205 2204
f 2204 1914 1912
f 1910 2206 2205
f 2205 1912 1910
f 1908 2207 2206
f 2206 1910 1908
f 1906 2208 2207
f 2207 1908 1906
f 1904 2209 2208
f 2208 1906 1904
f 1902 2210 2209
f 2209 1904 1902
f 1900 2211 2210
f 2210 1902 1900
f 1898 2212 2211
f 2211 1900 1898
f 1896 2213 2212
f 2212 1898 1896
f 1894 2214 2213
f 2213 1896 1894
f 1892 2215 2214
f 2214 1894 1892
f 1820 2140 2267
f 2267 1756 1820
f 2267 2266 1757
f 1757 1756 2267
f 1818 2141 2140
f 2140 1820 1818
f 2266 2265 1760
f 1760 1757 2266
f 1816 2142 2141
f 2141 1818 1816
f 2265 2264 1762
f 1762 1760 2265
f 1814 2143 2142
f 2142 1816 1814
f 1812 2144 2143
f 2143 1814 1812
f 1810 2145 2144
f 2144 1812 1810
f 1808 2146 2145
f 2145 1810 1808
f 1806 2147 2146
f 2146 1808 1806
f 1804 2148 2147
f 2147 1806 1804
f 1802 2149 2148
f 2148 1804 1802
f 1800 2150 2149
f 2149 1802 1800
f 1798 2151 2150
f 2150 1800 1798
f 1796 2152 2151
f 2151 1798 1796
f 1794 2153 2152
f 2152 1796 1794
f 1792 2154 2153
f 2153 1794 1792
f 2264 2263 1764
f 1764 1762 2264
f 2263 2262 1766
f 1766 1764 2263
f 2262 2261 1768
f 1768 1766 2262
f 2261 2260 1770
f 1770 1768 2261
f 2260 2259 1772
f 1772 1770 2260
f 2259 2258 1774
f 1774 1772 2259
f 2258 2257 1776
f 1776 1774 2258
f 2257 2256 1778
f 1778 1776 2257
f 2256 2255 1780
f 1780 1778 2256
f 2255 2254 1782
f 1782 1780 2255
f 2254 2253 1784
f 1784 1782 2254
f 2253 2252 1786
f 1786 1784 2253
f 1790 2155 2154
f 2154 1792 1790
f 2252 2251 1788
f 1788 1786 2252
f 2010 2156 2155
f 2155 1790 2010
f 2251 2250 1822
f 1822 1788 2251
f 2250 2249 1824
f 1824 1822 2250
f 2008 2157 2156
f 2156 2010 2008
f 2006 2158 2157
f 2157 2008 2006
f 2249 2248 1826
f 1826 1824 2249
f 2004 2159 2158
f 2158 2006 2004
f 2248 2247 1828
f 1828 1826 2248
f 2251 2252 2124
f 2124 2123 2251
f 2252 2253 2125
f 2125 2124 2252
f 2253 2254 2126
f 2126 2125 2253
f 2254 2255 2127
f 2127 2126 2254
f 2255 2256 2128
f 2128 2127 2255
f 2256 2257 2129
f 2129 2128 2256
f 2257 2258 2130
f 2130 2129 2257
f 2258 2259 2131
f 2131 2130 2258
f 2259 2260 2132
f 2132 2131 2259
f 2260 2261 2133
f 2133 2132 2260
f 2261 2262 2134
f 2134 2133 2261
f 2262 2263 2135
f 2135 2134 2262
f 2263 2264 2136
f 2136 2135 2263
f 2264 2265 2137
f 2137 2136 2264
f 2265 2266 2138
f 2138 2137 2265
f 2266 2267 2139
f 2139 2138 2266
f 2267 2140 2013
f 2013 2139 2267
f 2140 2141 2012
f 2012 2013 2140
f 2141 2142 2014
f 2014 2012 2141
f 2142 2143 2015
f 2015 2014 2142
f 2143 2144 2016
f 2016 2015 2143
f 2144 2145 2017
f 2017 2016 2144
f 2145 2146 2018
f 2018 2017 2145
f 2146 2147 2019
f 2019 2018 2146
f 2147 2148 2020
f 2020 2019 2147
f 2148 2149 2021
f 2021 2020 2148
f 2149 2150 2022
f 2022 2021 2149
f 2150 2151 2023
f 2023 2022 2150
f 2151 2152 2024
f 2024 2023 2151
f 2152 2153 2025
f 2025 2024 2152
f 2153 2154 2026
f 2026 2025 2153
f 2154 2155 2027
f 2027 2026 2154
f 2180 2181 2053
f 2053 2052 2180
f 2181 2182 2054
f 2054 2053 2181
f 2182 2183 2055
f 2055 2054 2182
f 2183 2184 2056
f 2056 2055 2183
f 2184 2185 2057
f 2057 2056 2184
f 2185 2186 2058
f 2058 2057 2185
f 2186 2187 2059
f 2059 2058 2186
f 2155 2156 2028
f 2028 2027 2155
f 2156 2157 2029
f 2029 2028 2156
f 2157 2158 2030
f 2030 2029 2157
f 2158 2159 2031
f 2031 2030 2158
f 2159 2160 2032
f 2032 2031 2159
f 2160 2161 2033
f 2033 2032 2160
f 2161 2162 2034
f 2034 2033 2161
f 2162 2163 2035
f 2035 2034 2162
f 2163 2164 2036
f 2036 2035 2163
f 2164 2165 2037
f 2037 2036 2164
f 2165 2166 2038
f 2038 2037 2165
f 2166 2167 2039
f 2039 2038 2166
f 2167 2168 2040
f 2040 2039 2167
f 2168 2169 2041
f 2041 2040 2168
f 2169 2170 2042
f 2042 2041 2169
f 2170 2171 2043
f 2043 2042 2170
f 2171 2172 2044
f 2044 2043 2171
f 2172 2173 2045
f 2045 2044 2172
f 2173 2174 2046
f 2046 2045 2173
f 2174 2175 2047
f 2047 2046 2174
f 2175 2176 2048
f 2048 2047 2175
f 2176 2177 2049
f 2049 2048 2176
f 2177 2178 2050
f 2050 2049 2177
f 2178 2179 2051
f 2051 2050 2178
f 2179 2180 2052
f 2052 2051 2179
f 2187 2188 2060
f 2060 2059 2187
f 2188 2189 2061
f 2061 2060 2188
f 2189 2190 2062
f 2062 2061 2189
f 2190 2191 2063
f 2063 2062 2190
f 2191 2192 2064
f 2064 2063 2191
f 2192 2193 2065
f 2065 2064 2192
f 2193 2194 2066
f 2066 2065 2193
f 2194 2195 2067
f 2067 2066 2194
f 2195 2196 2068
f 2068 2067 2195
f 2196 2197 2069
f 2069 2068 2196
f 2197 2198 2070
f 2070 2069 2197
f 2198 2199 2071
f 2071 2070 2198
f 2199 2200 2072
f 2072 2071 2199
f 2200 2201 2073
f 2073 2072 2200
f 2201 2202 2074
f 2074 2073 2201
f 2202 2203 2075
f 2075 2074 2202
f 2203 2204 2076
f 2076 2075 2203
f 2204 2205 2077
f 2077 2076 2204
f 2205 2206 2078
f 2078 2077 2205
f 2206 2207 2079
f 2079 2078 2206
f 2207 2208 2080
f 2080 2079 2207
f 2208 2209 2081
f 2081 2080 2208
f 2209 2210 2082
f 2082 2081 2209
f 2210 2211 2083
f 2083 2082 2210
f 2211 2212 2084
f 2084 2083 2211
f 2212 2213 2085
f 2085 2084 2212
f 2213 2214 2086
f 2086 2085 2213
f 2214 2215 2087
f 2087 2086 2214
f 2215 2216 2088
f 2088 2087 2215
f 2216 2217 2089
f 2089 2088 2216
f 2217 2218 2090
f 2090 2089 2217
f 2218 2219 2091
f 2091 2090 2218
f 2244 2245 2117
f 2117 2116 2244
f 2245 2246 2118
f 2118 2117 2245
f 2246 2247 2119
f 2119 2118 2246
f 2247 2248 2120
f 2120 2119 2247
f 2248 2249 2121
f 2121 2120 2248
f 2249 2250 2122
f 2122 2121 2249
f 2250 2251 2123
f 2123 2122 2250
f 2219 2220 2092
f 2092 2091 2219
f 2220 2221 2093
f 2093 2092 2220
f 2221 2222 2094
f 2094 2093 2221
f 2222 2223 2095
f 2095 2094 2222
f 2223 2224 2096
f 2096 2095 2223
f 2224 2225 2097
f 2097 2096 2224
f 2225 2226 2098
f 2098 2097 2225
f 2226 2227 2099
f 2099 2098 2226
f 2227 2228 2100
f 2100 2099 2227
f 2228 2229 2101
f 2101 2100 2228
f 2229 2230 2102
f 2102 2101 2229
f 2230 2231 2103
f 2103 2102 2230
f 2231 2232 2104
f 2104 2103 2231
f 2232 2233 2105
f 2105 2104 2232
f 2233 2234 2106
f 2106 2105 2233
f 2234 2235 2107
f 2107 2106 2234
f 2235 2236 2108
f 2108 2107 2235
f 2236 2237 2109
f 2109 2108 2236
f 2237 2238 2110
f 2110 2109 2237
f 2238 2239 2111
f 2111 2110 2238
f 2239 2240 2112
f 2112 2111 2239
f 2240 2241 2113
f 2113 2112 2240
f 2241 2242 2114
f 2114 2113 2241
f 2242 2243 2115
f 2115 2114 2242
f 2243 2244 2116
f 2116 2115 2243
f 2268 2269 2270
f 2270 2271 2268
f 2268 2299 2298
f 2268 2298 2297
f 2268 2297 2296
f 2268 2296 2295
f 2268 2295 2294
f 2268 2294 2293
f 2268 2293 2292
f 2268 2292 2291
f 2268 2291 2171
f 2268 2171 2290
f 2268 2290 2289
f 2268 2289 2288
f 2268 2288 2287
f 2268 2287 2286
f 2268 2286 2285
f 2268 2285 2284
f 2268 2284 2283
f 2268 2283 2282
f 2268 2282 2281
f 2268 2281 2280
f 2268 2280 2279
f 2268 2279 2278
f 2268 2278 2277
f 2268 2277 2276
f 2268 2276 2275
f 2268 2275 2274
f 2268 2274 2273
f 2268 2273 2272
f 2268 2272 2269
f 2268 2305 2304
f 2268 2304 2303
f 2268 2303 2302
f 2268 2302 2301
f 2268 2301 2300
f 2268 2300 2299
f 2269 2272 2306
f 2306 2270 2269
f 2272 2273 2307
f 2307 2306 2272
f 2273 2274 2308
f 2308 2307 2273
f 2274 2275 2309
f 2309 2308 2274
f 2275 2276 2310
f 2310 2309 2275
f 2276 2277 2311
f 2311 2310 2276
f 2277 2278 2312
f 2312 2311 2277
f 2278 2279 2313
f 2313 2312 2278
f 2279 2280 2314
f 2314 2313 2279
f 2280 2281 2315
f 2315 2314 2280
f 2281 2282 2316
f 2316 2315 2281
f 2282 2283 2317
f 2317 2316 2282
f 2283 2284 2318
f 2318 2317 2283
f 2284 2285 2319
f 2319 2318 2284
f 2285 2286 2320
f 2320 2319 2285
f 2286 2287 2321
f 2321 2320 2286
f 2287 2288 2322
f 2322 2321 2287
f 2288 2289 2323
f 2323 2322 2288
f 2289 2290 2324
f 2324 2323 2289
f 2290 2171 2325
f 2325 2324 2290
f 2171 2291 2326
f 2326 2325 2171
f 2291 2292 2327
f 2327 2326 2291
f 2292 2293 2328
f 2328 2327 2292
f 2293 2294 2329
f 2329 2328 2293
f 2294 2295 2330
f 2330 2329 2294
f 2295 2296 2331
f 2331 2330 2295
f 2296 2297 2332
f 2332 2331 2296
f 2297 2298 2333
f 2333 2332 2297
f 2298 2299 2334
f 2334 2333 2298
f 2299 2300 2335
f 2335 2334 2299
f 2300 2301 2336
f 2336 2335 2300
f 2301 2302 2337
f 2337 2336 2301
f 2302 2303 2338
f 2338 2337 2302
f 2303 2304 2339
f 2339 2338 2303
f 2304 2305 2340
f 2340 2339 2304
f 2305 2268 2271
f 2271 2340 2305
f 2271 2270 2306
f 2271 2306 2307
f 2271 2307 2308
f 2271 2308 2309
f 2271 2309 2310
f 2271 2310 2311
f 2271 2311 2312
f 2271 2312 2313
f 2271 2313 2314
f 2271 2314 2315
f 2271 2315 2316
f 2271 2316 2317
f 2271 2317 2318
f 2271 2318 2319
f 2271 2319 2320
f 2271 2320 2321
f 2271 2321 2322
f 2271 2322 2323
f 2271 2323 2324
f 2271 2324 2325
f 2271 2325 2326
f 2271 2326 2327
f 2271 2327 2328
f 2271 2328 2329
f 2271 2329 2330
f 2271 2330 2331
f 2271 2331 2332
f 2271 2332 2333
f 2271 2333 2334
f 2271 2334 2335
f 2271 2335 2336
f 2271 2336 2337
f 2271 2337 2338
f 2271 2338 2339
f 2271 2339 2340
f 2375 2377 2378
f 2378 2376 2375
f 2377 2379 2380
f 2380 2378 2377
f 2379 2381 2382
f 2382 2380 2379
f 2381 2383 2384
f 2384 2382 2381
f 2383 2385 2386
f 2386 2384 2383
f 2385 2387 2388
f 2388 2386 2385
f 2387 2389 2390
f 2390 2388 2387
f 2389 2391 2392
f 2392 2390 2389
f 2391 2393 2394
f 2394 2392 2391
f 2393 2395 2396
f 2396 2394 2393
f 2395 2397 2398
f 2398 2396 2395
f 2397 2399 2400
f 2400 2398 2397
f 2399 2401 2402
f 2402 2400 2399
f 2401 2403 2404
f 2404 2402 2401
f 2403 2405 2406
f 2406 2404 2403
f 2405 2341 2344
f 2344 2406 2405
f 2341 2342 2343
f 2343 2344 2341
f 2342 2345 2346
f 2346 2343 2342
f 2345 2347 2348
f 2348 2346 2345
f 2347 2349 2350
f 2350 2348 2347
f 2349 2351 2352
f 2352 2350 2349
f 2351 2353 2354
f 2354 2352 2351
f 2353 2355 2356
f 2356 2354 2353
f 2355 2357 2358
f 2358 2356 2355
f 2357 2359 2360
f 2360 2358 2357
f 2359 2361 2362
f 2362 2360 2359
f 2361 2363 2364
f 2364 2362 2361
f 2363 2365 2366
f 2366 2364 2363
f 2365 2367 2368
f 2368 2366 2365
f 2367 2369 2370
f 2370 2368 2367
f 2369 2371 2372
f 2372 2370 2369
f 2371 2373 2374
f 2374 2372 2371
f 2437 2439 2440
f 2440 2438 2437
f 2439 2441 2442
f 2442 2440 2439
f 2441 2443 2444
f 2444 2442 2441
f 2443 2445 2446
f 2446 2444 2443
f 2445 2447 2448
f 2448 2446 2445
f 2447 2449 2450
f 2450 2448 2447
f 2449 2451 2452
f 2452 2450 2449
f 2451 2453 2454
f 2454 2452 2451
f 2453 2455 2456
f 2456 2454 2453
f 2455 2457 2458
f 2458 2456 2455
f 2457 2459 2460
f 2460 2458 2457
f 2459 2461 2462
f 2462 2460 2459
f 2461 2463 2464
f 2464 2462 2461
f 2463 2465 2466
f 2466 2464 2463
f 2465 2467 2468
f 2468 2466 2465
f 2467 2469 2470
f 2470 2468 2467
f 2373 2407 2408
f 2408 2374 2373
f 2407 2409 2410
f 2410 2408 2407
f 2409 2411 2412
f 2412 2410 2409
f 2411 2413 2414
f 2414 2412 2411
f 2413 2415 2416
f 2416 2414 2413
f 2415 2417 2418
f 2418 2416 2415
f 2417 2419 2420
f 2420 2418 2417
f 2419 2421 2422
f 2422 2420 2419
f 2421 2423 2424
f 2424 2422 2421
f 2423 2425 2426
f 2426 2424 2423
f 2425 2427 2428
f 2428 2426 2425
f 2427 2429 2430
f 2430 2428 2427
f 2429 2431 2432
f 2432 2430 2429
f 2431 2433 2434
f 2434 2432 2431
f 2433 2435 2436
f 2436 2434 2433
f 2435 2437 2438
f 2438 2436 2435
f 2469 2471 2472
f 2472 2470 2469
f 2471 2473 2474
f 2474 2472 2471
f 2473 2475 2476
f 2476 2474 2473
f 2475 2477 2478
f 2478 2476 2475
f 2477 2479 2480
f 2480 2478 2477
f 2479 2481 2482
f 2482 2480 2479
f 2481 2483 2484
f 2484 2482 2481
f 2483 2485 2486
f 2486 2484 2483
f 2485 2487 2488
f 2488 2486 2485
f 2487 2489 2490
f 2490 2488 2487
f 2489 2491 2492
f 2492 2490 2489
f 2491 2493 2494
f 2494 2492 2491
f 2493 2495 2496
f 2496 2494 2493
f 2495 2497 2498
f 2498 2496 2495
f 2497 2499 2500
f 2500 2498 2497
f 2499 2501 2502
f 2502 2500 2499
f 2501 2503 2504
f 2504 2502 2501
f 2503 2505 2506
f 2506 2504 2503
f 2505 2507 2508
f 2508 2506 2505
f 2507 2509 2510
f 2510 2508 2507
f 2509 2511 2512
f 2512 2510 2509
f 2511 2513 2514
f 2514 2512 2511
f 2513 2515 2516
f 2516 2514 2513
f 2515 2517 2518
f 2518 2516 2515
f 2517 2519 2520
f 2520 2518 2517
f 2519 2521 2522
f 2522 2520 2519
f 2521 2523 2524
f 2524 2522 2521
f 2523 2525 2526
f 2526 2524 2523
f 2525 2527 2528
f 2528 2526 2525
f 2527 2529 2530
f 2530 2528 2527
f 2529 2531 2532
f 2532 2530 2529
f 2531 2533 2534
f 2534 2532 2531
f 2565 2567 2568
f 2568 2566 2565
f 2567 2569 2570
f 2570 2568 2567
f 2569 2571 2572
f 2572 2570 2569
f 2571 2573 2574
f 2574 2572 2571
f 2573 2575 2576
f 2576 2574 2573
f 2575 2577 2578
f 2578 2576 2575
f 2577 2579 2580
f 2580 2578 2577
f 2579 2581 2582
f 2582 2580 2579
f 2581 2583 2584
f 2584 2582 2581
f 2583 2585 2586
f 2586 2584 2583
f 2585 2587 2588
f 2588 2586 2585
f 2587 2589 2590
f 2590 2588 2587
f 2589 2591 2592
f 2592 2590 2589
f 2591 2593 2594
f 2594 2592 2591
f 2593 2595 2596
f 2596 2594 2593
f 2595 2375 2376
f 2376 2596 2595
f 2533 2535 2536
f 2536 2534 2533
f 2535 2537 2538
f 2538 2536 2535
f 2537 2539 2540
f 2540 2538 2537
f 2539 2541 2542
f 2542 2540 2539
f 2541 2543 2544
f 2544 2542 2541
f 2543 2545 2546
f 2546 2544 2543
f 2545 2547 2548
f 2548 2546 2545
f 2547 2549 2550
f 2550 2548 2547
f 2549 2551 2552
f 2552 2550 2549
f 2551 2553 2554
f 2554 2552 2551
f 2553 2555 2556
f 2556 2554 2553
f 2555 2557 2558
f 2558 2556 2555
f 2557 2559 2560
f 2560 2558 2557
f 2559 2561 2562
f 2562 2560 2559
f 2561 2563 2564
f 2564 2562 2561
f 2563 2565 2566
f 2566 2564 2563
f 2680 2681 2462
f 2462 2464 2680
f 2679 2680 2464
f 2464 2466 2679
f 2678 2679 2466
f 2466 2468 2678
f 2677 2678 2468
f 2468 2470 2677
f 2676 2677 2470
f 2470 2472 2676
f 2675 2676 2472
f 2472 2474 2675
f 2674 2675 2474
f 2474 2476 2674
f 2673 2674 2476
f 2476 2478 2673
f 2672 2673 2478
f 2478 2671 2672
f 2524 2648 2649
f 2649 2522 2524
f 2522 2649 2650
f 2650 2520 2522
f 2520 2650 2651
f 2651 2518 2520
f 2518 2651 2652
f 2652 2516 2518
f 2516 2652 2653
f 2653 2514 2516
f 2514 2653 2654
f 2654 2512 2514
f 2512 2654 2655
f 2655 2510 2512
f 2510 2655 2656
f 2656 2508 2510
f 2508 2656 2657
f 2657 2506 2508
f 2506 2657 2658
f 2658 2504 2506
f 2504 2658 2659
f 2659 2502 2504
f 2502 2659 2660
f 2660 2500 2502
f 2500 2660 2661
f 2661 2498 2500
f 2498 2661 2662
f 2662 2496 2498
f 2496 2662 2663
f 2663 2494 2496
f 2494 2663 2664
f 2664 2492 2494
f 2492 2664 2665
f 2665 2490 2492
f 2490 2665 2666
f 2666 2488 2490
f 2488 2666 2667
f 2667 2486 2488
f 2486 2667 2668
f 2668 2484 2486
f 2484 2668 2669
f 2669 2482 2484
f 2482 2669 2670
f 2670 2480 2482
f 2480 2670 2671
f 2671 2478 2480
f 2406 2344 2343
f 2343 2724 2406
f 2406 2724 2598
f 2598 2404 2406
f 2723 2724 2343
f 2343 2346 2723
f 2404 2598 2597
f 2597 2402 2404
f 2722 2723 2346
f 2346 2348 2722
f 2402 2597 2599
f 2599 2400 2402
f 2721 2722 2348
f 2348 2350 2721
f 2400 2599 2600
f 2600 2398 2400
f 2398 2600 2601
f 2601 2396 2398
f 2396 2601 2602
f 2602 2394 2396
f 2394 2602 2603
f 2603 2392 2394
f 2392 2603 2604
f 2604 2390 2392
f 2390 2604 2605
f 2605 2388 2390
f 2388 2605 2606
f 2606 2386 2388
f 2386 2606 2607
f 2607 2384 2386
f 2384 2607 2608
f 2608 2382 2384
f 2382 2608 2609
f 2609 2380 2382
f 2380 2609 2610
f 2610 2378 2380
f 2378 2610 2611
f 2611 2376 2378
f 2720 2721 2350
f 2350 2352 2720
f 2719 2720 2352
f 2352 2354 2719
f 2718 2719 2354
f 2354 2356 2718
f 2717 2718 2356
f 2356 2358 2717
f 2716 2717 2358
f 2358 2360 2716
f 2715 2716 2360
f 2360 2362 2715
f 2714 2715 2362
f 2362 2364 2714
f 2713 2714 2364
f 2364 2366 2713
f 2712 2713 2366
f 2366 2368 2712
f 2711 2712 2368
f 2368 2370 2711
f 2710 2711 2370
f 2370 2372 2710
f 2709 2710 2372
f 2372 2374 2709
f 2376 2611 2612
f 2612 2596 2376
f 2708 2709 2374
f 2374 2408 2708
f 2596 2612 2613
f 2613 2594 2596
f 2707 2708 2408
f 2408 2410 2707
f 2706 2707 2410
f 2410 2412 2706
f 2594 2613 2614
f 2614 2592 2594
f 2592 2614 2615
f 2615 2590 2592
f 2705 2706 2412
f 2412 2414 2705
f 2590 2615 2616
f 2616 2588 2590
f 2704 2705 2414
f 2414 2416 2704
f 2588 2616 2617
f 2617 2586 2588
f 2586 2617 2618
f 2618 2584 2586
f 2584 2618 2619
f 2619 2582 2584
f 2582 2619 2620
f 2620 2580 2582
f 2580 2620 2621
f 2621 2578 2580
f 2578 2621 2622
f 2622 2576 2578
f 2576 2622 2623
f 2623 2574 2576
f 2574 2623 2624
f 2624 2572 2574
f 2572 2624 2625
f 2625 2570 2572
f 2570 2625 2626
f 2626 2568 2570
f 2568 2626 2627
f 2627 2566 2568
f 2566 2627 2628
f 2628 2564 2566
f 2564 2628 2629
f 2629 2562 2564
f 2562 2629 2630
f 2630 2560 2562
f 2560 2630 2631
f 2631 2558 2560
f 2558 2631 2632
f 2632 2556 2558
f 2556 2632 2633
f 2633 2554 2556
f 2554 2633 2634
f 2634 2552 2554
f 2552 2634 2635
f 2635 2550 2552
f 2550 2635 2636
f 2636 2548 2550
f 2548 2636 2637
f 2637 2546 2548
f 2546 2637 2638
f 2638 2544 2546
f 2544 2638 2639
f 2639 2542 2544
f 2542 2639 2640
f 2640 2540 2542
f 2540 2640 2641
f 2641 2538 2540
f 2538 2641 2642
f 2642 2536 2538
f 2536 2642 2643
f 2643 2534 2536
f 2534 2643 2644
f 2644 2532 2534
f 2532 2644 2645
f 2645 2530 2532
f 2530 2645 2646
f 2646 2528 2530
f 2528 2646 2647
f 2647 2526 2528
f 2526 2647 2648
f 2648 2524 2526
f 2703 2704 2416
f 2416 2418 2703
f 2702 2703 2418
f 2418 2420 2702
f 2701 2702 2420
f 2420 2422 2701
f 2700 2701 2422
f 2422 2424 2700
f 2699 2700 2424
f 2424 2426 2699
f 2698 2699 2426
f 2426 2428 2698
f 2697 2698 2428
f 2428 2430 2697
f 2696 2697 2430
f 2430 2432 2696
f 2695 2696 2432
f 2432 2434 2695
f 2694 2695 2434
f 2434 2436 2694
f 2693 2694 2436
f 2436 2438 2693
f 2692 2693 2438
f 2438 2440 2692
f 2691 2692 2440
f 2440 2442 2691
f 2690 2691 2442
f 2442 2444 2690
f 2689 2690 2444
f 2444 2446 2689
f 2688 2689 2446
f 2446 2448 2688
f 2687 2688 2448
f 2448 2450 2687
f 2686 2687 2450
f 2450 2452 2686
f 2685 2686 2452
f 2452 2454 2685
f 2684 2685 2454
f 2454 2456 2684
f 2683 2684 2456
f 2456 2458 2683
f 2682 2683 2458
f 2458 2460 2682
f 2681 2682 2460
f 2460 2462 2681
f 2405 2725 2852
f 2852 2341 2405
f 2852 2851 2342
f 2342 2341 2852
f 2403 2726 2725
f 2725 2405 2403
f 2851 2850 2345
f 2345 2342 2851
f 2401 2727 2726
f 2726 2403 2401
f 2850 2849 2347
f 2347 2345 2850
f 2399 2728 2727
f 2727 2401 2399
f 2397 2729 2728
f 2728 2399 2397
f 2395 2730 2729
f 2729 2397 2395
f 2393 2731 2730
f 2730 2395 2393
f 2391 2732 2731
f 2731 2393 2391
f 2389 2733 2732
f 2732 2391 2389
f 2387 2734 2733
f 2733 2389 2387
f 2385 2735 2734
f 2734 2387 2385
f 2383 2736 2735
f 2735 2385 2383
f 2381 2737 2736
f 2736 2383 2381
f 2379 2738 2737
f 2737 2381 2379
f 2377 2739 2738
f 2738 2379 2377
f 2849 2848 2349
f 2349 2347 2849
f 2848 2847 2351
f 2351 2349 2848
f 2847 2846 2353
f 2353 2351 2847
f 2846 2845 2355
f 2355 2353 2846
f 2845 2844 2357
f 2357 2355 2845
f 2844 2843 2359
f 2359 2357 2844
f 2843 2842 2361
f 2361 2359 2843
f 2842 2841 2363
f 2363 2361 2842
f 2841 2840 2365
f 2365 2363 2841
f 2840 2839 2367
f 2367 2365 2840
f 2839 2838 2369
f 2369 2367 2839
f 2838 2837 2371
f 2371 2369 2838
f 2375 2740 2739
f 2739 2377 2375
f 2837 2836 2373
f 2373 2371 2837
f 2595 2741 2740
f 2740 2375 2595
f 2836 2835 2407
f 2407 2373 2836
f 2835 2834 2409
f 2409 2407 2835
f 2593 2742 2741
f 2741 2595 2593
f 2591 2743 2742
f 2742 2593 2591
f 2834 2833 2411
f 2411 2409 2834
f 2589 2744 2743
f 2743 2591 2589
f 2833 2832 2413
f 2413 2411 2833
f 2587 2745 2744
f 2744 2589 2587
f 2585 2746 2745
f 2745 2587 2585
f 2583 2747 2746
f 2746 2585 2583
f 2581 2748 2747
f 2747 2583 2581
f 2579 2749 2748
f 2748 2581 2579
f 2577 2750 2749
f 2749 2579 2577
f 2575 2751 2750
f 2750 2577 2575
f 2573 2752 2751
f 2751 2575 2573
f 2571 2753 2752
f 2752 2573 2571
f 2569 2754 2753
f 2753 2571 2569
f 2567 2755 2754
f 2754 2569 2567
f 2565 2756 2755
f 2755 2567 2565
f 2563 2757 2756
f 2756 2565 2563
f 2561 2758 2757
f 2757 2563 2561
f 2559 2759 2758
f 2758 2561 2559
f 2557 2760 2759
f 2759 2559 2557
f 2555 2761 2760
f 2760 2557 2555
f 2553 2762 2761
f 2761 2555 2553
f 2551 2763 2762
f 2762 2553 2551
f 2549 2764 2763
f 2763 2551 2549
f 2547 2765 2764
f 2764 2549 2547
f 2545 2766 2765
f 2765 2547 2545
f 2543 2767 2766
f 2766 2545 2543
f 2541 2768 2767
f 2767 2543 2541
f 2539 2769 2768
f 2768 2541 2539
f 2537 2770 2769
f 2769 2539 2537
f 2535 2771 2770
f 2770 2537 2535
f 2533 2772 2771
f 2771 2535 2533
f 2531 2773 2772
f 2772 2533 2531
f 2529 2774 2773
f 2773 2531 2529
f 2527 2775 2774
f 2774 2529 2527
f 2525 2776 2775
f 2775 2527 2525
f 2832 2831 2415
f 2415 2413 2832
f 2831 2830 2417
f 2417 2415 2831
f 2830 2829 2419
f 2419 2417 2830
f 2829 2828 2421
f 2421 2419 2829
f 2828 2827 2423
f 2423 2421 2828
f 2827 2826 2425
f 2425 2423 2827
f 2826 2825 2427
f 2427 2425 2826
f 2825 2824 2429
f 2429 2427 2825
f 2824 2823 2431
f 2431 2429 2824
f 2823 2822 2433
f 2433 2431 2823
f 2822 2821 2435
f 2435 2433 2822
f 2821 2820 2437
f 2437 2435 2821
f 2820 2819 2439
f 2439 2437 2820
f 2819 2818 2441
f 2441 2439 2819
f 2818 2817 2443
f 2443 2441 2818
f 2817 2816 2445
f 2445 2443 2817
f 2816 2815 2447
f 2447 2445 2816
f 2815 2814 2449
f 2449 2447 2815
f 2814 2813 2451
f 2451 2449 2814
f 2813 2812 2453
f 2453 2451 2813
f 2812 2811 2455
f 2455 2453 2812
f 2811 2810 2457
f 2457 2455 2811
f 2810 2809 2459
f 2459 2457 2810
f 2809 2808 2461
f 2461 2459 2809
f 2808 2807 2463
f 2463 2461 2808
f 2807 2806 2465
f 2465 2463 2807
f 2806 2805 2467
f 2467 2465 2806
f 2805 2804 2469
f 2469 2467 2805
f 2804 2803 2471
f 2471 2469 2804
f 2803 2802 2473
f 2473 2471 2803
f 2802 2801 2475
f 2475 2473 2802
f 2801 2800 2477
f 2477 2475 2801
f 2523 2777 2776
f 2776 2525 2523
f 2521 2778 2777
f 2777 2523 2521
f 2519 2779 2778
f 2778 2521 2519
f 2517 2780 2779
f 2779 2519 2517
f 2515 2781 2780
f 2780 2517 2515
f 2513 2782 2781
f 2781 2515 2513
f 2511 2783 2782
f 2782 2513 2511
f 2509 2784 2783
f 2783 2511 2509
f 2507 2785 2784
f 2784 2509 2507
f 2505 2786 2785
f 2785 2507 2505
f 2503 2787 2786
f 2786 2505 2503
f 2501 2788 2787
f 2787 2503 2501
f 2499 2789 2788
f 2788 2501 2499
f 2497 2790 2789
f 2789 2499 2497
f 2495 2791 2790
f 2790 2497 2495
f 2493 2792 2791
f 2791 2495 2493
f 2491 2793 2792
f 2792 2493 2491
f 2489 2794 2793
f 2793 2491 2489
f 2487 2795 2794
f 2794 2489 2487
f 2485 2796 2795
f 2795 2487 2485
f 2483 2797 2796
f 2796 2485 2483
f 2481 2798 2797
f 2797 2483 2481
f 2479 2799 2798
f 2798 2481 2479
f 2477 2800 2799
f 2799 2479 2477
f 2836 2837 2709
f 2709 2708 2836
f 2837 2838 2710
f 2710 2709 2837
f 2838 2839 2711
f 2711 2710 2838
f 2839 2840 2712
f 2712 2711 2839
f 2840 2841 2713
f 2713 2712 2840
f 2841 2842 2714
f 2714 2713 2841
f 2842 2843 2715
f 2715 2714 2842
f 2843 2844 2716
f 2716 2715 2843
f 2844 2845 2717
f 2717 2716 2844
f 2845 2846 2718
f 2718 2717 2845
f 2846 2847 2719
f 2719 2718 2846
f 2847 2848 2720
f 2720 2719 2847
f 2848 2849 2721
f 2721 2720 2848
f 2849 2850 2722
f 2722 2721 2849
f 2850 2851 2723
f 2723 2722 2850
f 2851 2852 2724
f 2724 2723 2851
f 2852 2725 2598
f 2598 2724 2852
f 2725 2726 2597
f 2597 2598 2725
f 2726 2727 2599
f 2599 2597 2726
f 2727 2728 2600
f 2600 2599 2727
f 2728 2729 2601
f 2601 2600 2728
f 2729 2730 2602
f 2602 2601 2729
f 2730 2731 2603
f 2603 2602 2730
f 2731 2732 2604
f 2604 2603 2731
f 2732 2733 2605
f 2605 2604 2732
f 2733 2734 2606
f 2606 2605 2733
f 2734 2735 2607
f 2607 2606 2734
f 2735 2736 2608
f 2608 2607 2735
f 2736 2737 2609
f 2609 2608 2736
f 2737 2738 2610
f 2610 2609 2737
f 2738 2739 2611
f 2611 2610 2738
f 2739 2740 2612
f 2612 2611 2739
f 2757 2758 2630
f 2630 2629 2757
f 2758 2759 2631
f 2631 2630 2758
f 2759 2760 2632
f 2632 2631 2759
f 2760 2761 2633
f 2633 2632 2760
f 2761 2762 2634
f 2634 2633 2761
f 2762 2763 2635
f 2635 2634 2762
f 2763 2764 2636
f 2636 2635 2763
f 2764 2765 2637
f 2637 2636 2764
f 2765 2766 2638
f 2638 2637 2765
f 2766 2767 2639
f 2639 2638 2766
f 2767 2768 2640
f 2640 2639 2767
f 2768 2769 2641
f 2641 2640 2768
f 2769 2770 2642
f 2642 2641 2769
f 2770 2771 2643
f 2643 2642 2770
f 2771 2772 2644
f 2644 2643 2771
f 2740 2741 2613
f 2613 2612 2740
f 2741 2742 2614
f 2614 2613 2741
f 2742 2743 2615
f 2615 2614 2742
f 2743 2744 2616
f 2616 2615 2743
f 2744 2745 2617
f 2617 2616 2744
f 2745 2746 2618
f 2618 2617 2745
f 2746 2747 2619
f 2619 2618 2746
f 2747 2748 2620
f 2620 2619 2747
f 2748 2749 2621
f 2621 2620 2748
f 2749 2750 2622
f 2622 2621 2749
f 2750 2751 2623
f 2623 2622 2750
f 2751 2752 2624
f 2624 2623 2751
f 2752 2753 2625
f 2625 2624 2752
f 2753 2754 2626
f 2626 2625 2753
f 2754 2755 2627
f 2627 2626 2754
f 2755 2756 2628
f 2628 2627 2755
f 2756 2757 2629
f 2629 2628 2756
f 2772 2773 2645
f 2645 2644 2772
f 2773 2774 2646
f 2646 2645 2773
f 2774 2775 2647
f 2647 2646 2774
f 2775 2776 2648
f 2648 2647 2775
f 2776 2777 2649
f 2649 2648 2776
f 2777 2778 2650
f 2650 2649 2777
f 2778 2779 2651
f 2651 2650 2778
f 2779 2780 2652
f 2652 2651 2779
f 2780 2781 2653
f 2653 2652 2780
f 2781 2782 2654
f 2654 2653 2781
f 2782 2783 2655
f 2655 2654 2782
f 2783 2784 2656
f 2656 2655 2783
f 2784 2785 2657
f 2657 2656 2784
f 2785 2786 2658
f 2658 2657 2785
f 2786 2787 2659
f 2659 2658 2786
f 2787 2788 2660
f 2660 2659 2787
f 2788 2789 2661
f 2661 2660 2788
f 2789 2790 2662
f 2662 2661 2789
f 2790 2791 2663
f 2663 2662 2790
f 2791 2792 2664
f 2664 2663 2791
f 2792 2793 2665
f 2665 2664 2792
f 2793 2794 2666
f 2666 2665 2793
f 2794 2795 2667
f 2667 2666 2794
f 2795 2796 2668
f 2668 2667 2795
f 2796 2797 2669
f 2669 2668 2796
f 2797 2798 2670
f 2670 2669 2797
f 2798 2799 2671
f 2671 2670 2798
f 2799 2800 2672
f 2672 2671 2799
f 2800 2801 2673
f 2673 2672 2800
f 2801 2802 2674
f 2674 2673 2801
f 2802 2803 2675
f 2675 2674 2802
f 2803 2804 2676
f 2676 2675 2803
f 2821 2822 2694
f 2694 2693 2821
f 2822 2823 2695
f 2695 2694 2822
f 2823 2824 2696
f 2696 2695 2823
f 2824 2825 2697
f 2697 2696 2824
f 2825 2826 2698
f 2698 2697 2825
f 2826 2827 2699
f 2699 2698 2826
f 2827 2828 2700
f 2700 2699 2827
f 2828 2829 2701
f 2701 2700 2828
f 2829 2830 2702
f 2702 2701 2829
f 2830 2831 2703
f 2703 2702 2830
f 2831 2832 2704
f 2704 2703 2831
f 2832 2833 2705
f 2705 2704 2832
f 2833 2834 2706
f 2706 2705 2833
f 2834 2835 2707
f 2707 2706 2834
f 2835 2836 2708
f 2708 2707 2835
f 2804 2805 2677
f 2677 2676 2804
f 2805 2806 2678
f 2678 2677 2805
f 2806 2807 2679
f 2679 2678 2806
f 2807 2808 2680
f 2680 2679 2807
f 2808 2809 2681
f 2681 2680 2808
f 2809 2810 2682
f 2682 2681 2809
f 2810 2811 2683
f 2683 2682 2810
f 2811 2812 2684
f 2684 2683 2811
f 2812 2813 2685
f 2685 2684 2812
f 2813 2814 2686
f 2686 2685 2813
f 2814 2815 2687
f 2687 2686 2814
f 2815 2816 2688
f 2688 2687 2815
f 2816 2817 2689
f 2689 2688 2816
f 2817 2818 2690
f 2690 2689 2817
f 2818 2819 2691
f 2691 2690 2818
f 2819 2820 2692
f 2692 2691 2819
f 2820 2821 2693
f 2693 2692 2820
f 2853 2854 2855
f 2855 2856 2853
f 2853 2890 2889
f 2853 2889 2888
f 2853 2888 2887
f 2853 2887 2886
f 2853 2886 2885
f 2853 2885 2884
f 2853 2884 2883
f 2853 2883 2882
f 2853 2882 2881
f 2853 2881 2880
f 2853 2880 2879
f 2853 2879 2878
f 2853 2878 2877
f 2853 2877 2876
f 2853 2876 2756
f 2853 2756 2875
f 2853 2875 2874
f 2853 2874 2873
f 2853 2873 2872
f 2853 2872 2871
f 2853 2871 2870
f 2853 2870 2869
f 2853 2869 2868
f 2853 2868 2867
f 2853 2867 2866
f 2853 2866 2865
f 2853 2865 2864
f 2853 2864 2863
f 2853 2863 2862
f 2853 2862 2861
f 2853 2861 2860
f 2853 2860 2859
f 2853 2859 2858
f 2853 2858 2857
f 2853 2857 2854
f 2886 2887 2922
f 2922 2921 2886
f 2887 2888 2923
f 2923 2922 2887
f 2888 2889 2924
f 2924 2923 2888
f 2889 2890 2925
f 2925 2924 2889
f 2890 2853 2856
f 2856 2925 2890
f 2854 2857 2891
f 2891 2855 2854
f 2857 2858 2892
f 2892 2891 2857
f 2858 2859 2893
f 2893 2892 2858
f 2859 2860 2894
f 2894 2893 2859
f 2860 2861 2895
f 2895 2894 2860
f 2861 2862 2896
f 2896 2895 2861
f 2862 2863 2897
f 2897 2896 2862
f 2863 2864 2898
f 2898 2897 2863
f 2864 2865 2899
f 2899 2898 2864
f 2865 2866 2900
f 2900 2899 2865
f 2866 2867 2901
f 2901 2900 2866
f 2867 2868 2902
f 2902 2901 2867
f 2868 2869 2903
f 2903 2902 2868
f 2869 2870 2904
f 2904 2903 2869
f 2870 2871 2905
f 2905 2904 2870
f 2871 2872 2906
f 2906 2905 2871
f 2872 2873 2907
f 2907 2906 2872
f 2873 2874 2908
f 2908 2907 2873
f 2874 2875 2909
f 2909 2908 2874
f 2875 2756 2910
f 2910 2909 2875
f 2756 2876 2911
f 2911 2910 2756
f 2876 2877 2912
f 2912 2911 2876
f 2877 2878 2913
f 2913 2912 2877
f 2878 2879 2914
f 2914 2913 2878
f 2879 2880 2915
f 2915 2914 2879
f 2880 2881 2916
f 2916 2915 2880
f 2881 2882 2917
f 2917 2916 2881
f 2882 2883 2918
f 2918 2917 2882
f 2883 2884 2919
f 2919 2918 2883
f 2884 2885 2920
f 2920 2919 2884
f 2885 2886 2921
f 2921 2920 2885
f 2856 2855 2891
f 2856 2891 2892
f 2856 2892 2893
f 2856 2893 2894
f 2856 2894 2895
f 2856 2895 2896
f 2856 2896 2897
f 2856 2897 2898
f 2856 2898 2899
f 2856 2899 2900
f 2856 2900 2901
f 2856 2901 2902
f 2856 2902 2903
f 2856 2903 2904
f 2856 2904 2905
f 2856 2905 2906
f 2856 2906 2907
f 2856 2907 2908
f 2856 2908 2909
f 2856 2909 2910
f 2856 2910 2911
f 2856 2911 2912
f 2856 2912 2913
f 2856 2913 2914
f 2856 2914 2915
f 2856 2915 2916
f 2856 2916 2917
f 2856 2917 2918
f 2856 2918 2919
f 2856 2919 2920
f 2856 2920 2921
f 2856 2921 2922
f 2856 2922 2923
f 2856 2923 2924
f 2856 2924 2925
f 2960 2962 2963
f 2963 2961 2960
f 2962 2964 2965
f 2965 2963 2962
f 2964 2966 2967
f 2967 2965 2964
f 2966 2968 2969
f 2969 2967 2966
f 2968 2970 2971
f 2971 2969 2968
f 2970 2972 2973
f 2973 2971 2970
f 2972 2974 2975
f 2975 2973 2972
f 2974 2976 2977
f 2977 2975 2974
f 2976 2978 2979
f 2979 2977 2976
f 2978 2980 2981
f 2981 2979 2978
f 2980 2982 2983
f 2983 2981 2980
f 2982 2984 2985
f 2985 2983 2982
f 2984 2986 2987
f 2987 2985 2984
f 2986 2988 2989
f 2989 2987 2986
f 2988 2990 2991
f 2991 2989 2988
f 2990 2926 2929
f 2929 2991 2990
f 2926 2927 2928
f 2928 2929 2926
f 2927 2930 2931
f 2931 2928 2927
f 2930 2932 2933
f 2933 2931 2930
f 2932 2934 2935
f 2935 2933 2932
f 2934 2936 2937
f 2937 2935 2934
f 2936 2938 2939
f 2939 2937 2936
f 2938 2940 2941
f 2941 2939 2938
f 2940 2942 2943
f 2943 2941 2940
f 2942 2944 2945
f 2945 2943 2942
f 2944 2946 2947
f 2947 2945 2944
f 2946 2948 2949
f 2949 2947 2946
f 2948 2950 2951
f 2951 2949 2948
f 2950 2952 2953
f 2953 2951 2950
f 2952 2954 2955
f 2955 2953 2952
f 2954 2956 2957
f 2957 2955 2954
f 2956 2958 2959
f 2959 2957 2956
f 3006 3008 3009
f 3009 3007 3006
f 3008 3010 3011
f 3011 3009 3008
f 3010 3012 3013
f 3013 3011 3010
f 3012 3014 3015
f 3015 3013 3012
f 3014 3016 3017
f 3017 3015 3014
f 3016 3018 3019
f 3019 3017 3016
f 3018 3020 3021
f 3021 3019 3018
f 3020 3022 3023
f 3023 3021 3020
f 3022 3024 3025
f 3025 3023 3022
f 3024 3026 3027
f 3027 3025 3024
f 3026 3028 3029
f 3029 3027 3026
f 3028 3030 3031
f 3031 3029 3028
f 3030 3032 3033
f 3033 3031 3030
f 3032 3034 3035
f 3035 3033 3032
f 3034 3036 3037
f 3037 3035 3034
f 3036 3038 3039
f 3039 3037 3036
f 3038 3040 3041
f 3041 3039 3038
f 3040 3042 3043
f 3043 3041 3040
f 3042 3044 3045
f 3045 3043 3042
f 3044 3046 3047
f 3047 3045 3044
f 3046 3048 3049
f 3049 3047 3046
f 3048 3050 3051
f 3051 3049 3048
f 3050 3052 3053
f 3053 3051 3050
f 3052 3054 3055
f 3055 3053 3052
f 2958 2992 2993
f 2993 2959 2958
f 2992 2994 2995
f 2995 2993 2992
f 2994 2996 2997
f 2997 2995 2994
f 2996 2998 2999
f 2999 2997 2996
f 2998 3000 3001
f 3001 2999 2998
f 3000 3002 3003
f 3003 3001 3000
f 3002 3004 3005
f 3005 3003 3002
f 3004 3006 3007
f 3007 3005 3004
f 3054 3056 3057
f 3057 3055 3054
f 3056 3058 3059
f 3059 3057 3056
f 3058 3060 3061
f 3061 3059 3058
f 3060 3062 3063
f 3063 3061 3060
f 3062 3064 3065
f 3065 3063 3062
f 3064 3066 3067
f 3067 3065 3064
f 3066 3068 3069
f 3069 3067 3066
f 3068 3070 3071
f 3071 3069 3068
f 3070 3072 3073
f 3073 3071 3070
f 3072 3074 3075
f 3075 3073 3072
f 3074 3076 3077
f 3077 3075 3074
f 3076 3078 3079
f 3079 3077 3076
f 3078 3080 3081
f 3081 3079 3078
f 3080 3082 3083
f 3083 3081 3080
f 3082 3084 3085
f 3085 3083 3082
f 3084 3086 3087
f 3087 3085 3084
f 3086 3088 3089
f 3089 3087 3086
f 3088 3090 3091
f 3091 3089 3088
f 3090 3092 3093
f 3093 3091 3090
f 3092 3094 3095
f 3095 3093 3092
f 3094 3096 3097
f 3097 3095 3094
f 3096 3098 3099
f 3099 3097 3096
f 3098 3100 3101
f 3101 3099 3098
f 3100 3102 3103
f 3103 3101 3100
f 3102 3104 3105
f 3105 3103 3102
f 3104 3106 3107
f 3107 3105 3104
f 3106 3108 3109
f 3109 3107 3106
f 3108 3110 3111
f 3111 3109 3108
f 3110 3112 3113
f 3113 3111 3110
f 3112 3114 3115
f 3115 3113 3112
f 3114 3116 3117
f 3117 3115 3114
f 3116 3118 3119
f 3119 3117 3116
f 3134 3136 3137
f 3137 3135 3134
f 3136 3138 3139
f 3139 3137 3136
f 3138 3140 3141
f 3141 3139 3138
f 3140 3142 3143
f 3143 3141 3140
f 3142 3144 3145
f 3145 3143 3142
f 3144 3146 3147
f 3147 3145 3144
f 3146 3148 3149
f 3149 3147 3146
f 3148 3150 3151
f 3151 3149 3148
f 3150 3152 3153
f 3153 3151 3150
f 3152 3154 3155
f 3155 3153 3152
f 3154 3156 3157
f 3157 3155 3154
f 3156 3158 3159
f 3159 3157 3156
f 3158 3160 3161
f 3161 3159 3158
f 3160 3162 3163
f 3163 3161 3160
f 3162 3164 3165
f 3165 3163 3162
f 3164 3166 3167
f 3167 3165 3164
f 3166 3168 3169
f 3169 3167 3166
f 3168 3170 3171
f 3171 3169 3168
f 3170 3172 3173
f 3173 3171 3170
f 3172 3174 3175
f 3175 3173 3172
f 3174 3176 3177
f 3177 3175 3174
f 3176 3178 3179
f 3179 3177 3176
f 3178 3180 3181
f 3181 3179 3178
f 3180 2960 2961
f 2961 3181 3180
f 3118 3120 3121
f 3121 3119 3118
f 3120 3122 3123
f 3123 3121 3120
f 3122 3124 3125
f 3125 3123 3122
f 3124 3126 3127
f 3127 3125 3124
f 3126 3128 3129
f 3129 3127 3126
f 3128 3130 3131
f 3131 3129 3128
f 3130 3132 3133
f 3133 3131 3130
f 3132 3134 3135
f 3135 3133 3132
f 3300 3301 2945
f 2945 2947 3300
f 3299 3300 2947
f 2947 2949 3299
f 3298 3299 2949
f 2949 2951 3298
f 3297 3298 2951
f 2951 2953 3297
f 3296 3297 2953
f 2953 2955 3296
f 3295 3296 2955
f 2955 2957 3295
f 3294 3295 2957
f 2957 2959 3294
f 2961 3196 3197
f 3197 3181 2961
f 3293 3294 2959
f 2959 2993 3293
f 3181 3197 3198
f 3198 3179 3181
f 3292 3293 2993
f 2993 2995 3292
f 3291 3292 2995
f 2995 2997 3291
f 3179 3198 3199
f 3199 3177 3179
f 3177 3199 3200
f 3200 3175 3177
f 3290 3291 2997
f 2997 2999 3290
f 3175 3200 3201
f 3201 3173 3175
f 3289 3290 2999
f 2999 3001 3289
f 3173 3201 3202
f 3202 3171 3173
f 3171 3202 3203
f 3203 3169 3171
f 3169 3203 3204
f 3204 3167 3169
f 3167 3204 3205
f 3205 3165 3167
f 3165 3205 3206
f 3206 3163 3165
f 3163 3206 3207
f 3207 3161 3163
f 3161 3207 3208
f 3208 3159 3161
f 3159 3208 3209
f 3209 3157 3159
f 3157 3209 3210
f 3210 3155 3157
f 3155 3210 3211
f 3211 3153 3155
f 3153 3211 3212
f 3212 3151 3153
f 3151 3212 3213
f 3213 3149 3151
f 3149 3213 3214
f 3214 3147 3149
f 3147 3214 3215
f 3215 3145 3147
f 3145 3215 3216
f 3216 3143 3145
f 3143 3216 3217
f 3217 3141 3143
f 3141 3217 3218
f 3218 3139 3141
f 3139 3218 3219
f 3219 3137 3139
f 3137 3219 3220
f 3220 3135 3137
f 3135 3220 3221
f 3221 3133 3135
f 3133 3221 3222
f 3222 3131 3133
f 3131 3222 3223
f 3223 3129 3131
f 3129 3223 3224
f 3224 3127 3129
f 3127 3224 3225
f 3225 3125 3127
f 3125 3225 3226
f 3226 3123 3125
f 3123 3226 3227
f 3227 3121 3123
f 3121 3227 3228
f 3228 3119 3121
f 3119 3228 3229
f 3229 3117 3119
f 3117 3229 3230
f 3230 3115 3117
f 3115 3230 3231
f 3231 3113 3115
f 3113 3231 3232
f 3232 3111 3113
f 3111 3232 3233
f 3233 3109 3111
f 3288 3289 3001
f 3001 3003 3288
f 3287 3288 3003
f 3003 3005 3287
f 3286 3287 3005
f 3005 3007 3286
f 3285 3286 3007
f 3007 3009 3285
f 3284 3285 3009
f 3009 3011 3284
f 3283 3284 3011
f 3011 3013 3283
f 3282 3283 3013
f 3013 3015 3282
f 3281 3282 3015
f 3015 3017 3281
f 3280 3281 3017
f 3017 3019 3280
f 3279 3280 3019
f 3019 3021 3279
f 3278 3279 3021
f 3021 3023 3278
f 3277 3278 3023
f 3023 3025 3277
f 3276 3277 3025
f 3025 3027 3276
f 3275 3276 3027
f 3027 3029 3275
f 3274 3275 3029
f 3029 3031 3274
f 3273 3274 3031
f 3031 3033 3273
f 3272 3273 3033
f 3033 3035 3272
f 3271 3272 3035
f 3035 3037 3271
f 3270 3271 3037
f 3037 3039 3270
f 3269 3270 3039
f 3039 3041 3269
f 3268 3269 3041
f 3041 3043 3268
f 3267 3268 3043
f 3043 3045 3267
f 3266 3267 3045
f 3045 3047 3266
f 3265 3266 3047
f 3047 3049 3265
f 3264 3265 3049
f 3049 3051 3264
f 3263 3264 3051
f 3051 3053 3263
f 3262 3263 3053
f 3053 3055 3262
f 3261 3262 3055
f 3055 3057 3261
f 3260 3261 3057
f 3057 3059 3260
f 3259 3260 3059
f 3059 3061 3259
f 3258 3259 3061
f 3061 3063 3258
f 3257 3258 3063
f 3063 3256 3257
f 3109 3233 3234
f 3234 3107 3109
f 3107 3234 3235
f 3235 3105 3107
f 3105 3235 3236
f 3236 3103 3105
f 3103 3236 3237
f 3237 3101 3103
f 3101 3237 3238
f 3238 3099 3101
f 3099 3238 3239
f 3239 3097 3099
f 3097 3239 3240
f 3240 3095 3097
f 3095 3240 3241
f 3241 3093 3095
f 3093 3241 3242
f 3242 3091 3093
f 3091 3242 3243
f 3243 3089 3091
f 3089 3243 3244
f 3244 3087 3089
f 3087 3244 3245
f 3245 3085 3087
f 3085 3245 3246
f 3246 3083 3085
f 3083 3246 3247
f 3247 3081 3083
f 3081 3247 3248
f 3248 3079 3081
f 3079 3248 3249
f 3249 3077 3079
f 3077 3249 3250
f 3250 3075 3077
f 3075 3250 3251
f 3251 3073 3075
f 3073 3251 3252
f 3252 3071 3073
f 3071 3252 3253
f 3253 3069 3071
f 3069 3253 3254
f 3254 3067 3069
f 3067 3254 3255
f 3255 3065 3067
f 3065 3255 3256
f 3256 3063 3065
f 2991 2929 2928
f 2928 3309 2991
f 2991 3309 3183
f 3183 2989 2991
f 3308 3309 2928
f 2928 2931 3308
f 2989 3183 3182
f 3182 2987 2989
f 3307 3308 2931
f 2931 2933 3307
f 2987 3182 3184
f 3184 2985 2987
f 3306 3307 2933
f 2933 2935 3306
f 2985 3184 3185
f 3185 2983 2985
f 2983 3185 3186
f 3186 2981 2983
f 2981 3186 3187
f 3187 2979 2981
f 2979 3187 3188
f 3188 2977 2979
f 2977 3188 3189
f 3189 2975 2977
f 2975 3189 3190
f 3190 2973 2975
f 2973 3190 3191
f 3191 2971 2973
f 2971 3191 3192
f 3192 2969 2971
f 2969 3192 3193
f 3193 2967 2969
f 2967 3193 3194
f 3194 2965 2967
f 2965 3194 3195
f 3195 2963 2965
f 2963 3195 3196
f 3196 2961 2963
f 3305 3306 2935
f 2935 2937 3305
f 3304 3305 2937
f 2937 2939 3304
f 3303 3304 2939
f 2939 2941 3303
f 3302 3303 2941
f 2941 2943 3302
f 3301 3302 2943
f 2943 2945 3301
f 2990 3310 3437
f 3437 2926 2990
f 3437 3436 2927
f 2927 2926 3437
f 2988 3311 3310
f 3310 2990 2988
f 3436 3435 2930
f 2930 2927 3436
f 2986 3312 3311
f 3311 2988 2986
f 3435 3434 2932
f 2932 2930 3435
f 2984 3313 3312
f 3312 2986 2984
f 2982 3314 3313
f 3313 2984 2982
f 2980 3315 3314
f 3314 2982 2980
f 2978 3316 3315
f 3315 2980 2978
f 2976 3317 3316
f 3316 2978 2976
f 2974 3318 3317
f 3317 2976 2974
f 2972 3319 3318
f 3318 2974 2972
f 2970 3320 3319
f 3319 2972 2970
f 2968 3321 3320
f 3320 2970 2968
f 2966 3322 3321
f 3321 2968 2966
f 2964 3323 3322
f 3322 2966 2964
f 2962 3324 3323
f 3323 2964 2962
f 3434 3433 2934
f 2934 2932 3434
f 3433 3432 2936
f 2936 2934 3433
f 3432 3431 2938
f 2938 2936 3432
f 3431 3430 2940
f 2940 2938 3431
f 3430 3429 2942
f 2942 2940 3430
f 3429 3428 2944
f 2944 2942 3429
f 3428 3427 2946
f 2946 2944 3428
f 3427 3426 2948
f 2948 2946 3427
f 3426 3425 2950
f 2950 2948 3426
f 3425 3424 2952
f 2952 2950 3425
f 3424 3423 2954
f 2954 2952 3424
f 3423 3422 2956
f 2956 2954 3423
f 2960 3325 3324
f 3324 2962 2960
f 3422 3421 2958
f 2958 2956 3422
f 3180 3326 3325
f 3325 2960 3180
f 3421 3420 2992
f 2992 2958 3421
f 3420 3419 2994
f 2994 2992 3420
f 3178 3327 3326
f 3326 3180 3178
f 3176 3328 3327
f 3327 3178 3176
f 3419 3418 2996
f 2996 2994 3419
f 3174 3329 3328
f 3328 3176 3174
f 3418 3417 2998
f 2998 2996 3418
f 3172 3330 3329
f 3329 3174 3172
f 3170 3331 3330
f 3330 3172 3170
f 3168 3332 3331
f 3331 3170 3168
f 3166 3333 3332
f 3332 3168 3166
f 3164 3334 3333
f 3333 3166 3164
f 3162 3335 3334
f 3334 3164 3162
f 3160 3336 3335
f 3335 3162 3160
f 3158 3337 3336
f 3336 3160 3158
f 3156 3338 3337
f 3337 3158 3156
f 3154 3339 3338
f 3338 3156 3154
f 3152 3340 3339
f 3339 3154 3152
f 3150 3341 3340
f 3340 3152 3150
f 3148 3342 3341
f 3341 3150 3148
f 3146 3343 3342
f 3342 3148 3146
f 3144 3344 3343
f 3343 3146 3144
f 3142 3345 3344
f 3344 3144 3142
f 3140 3346 3345
f 3345 3142 3140
f 3138 3347 3346
f 3346 3140 3138
f 3136 3348 3347
f 3347 3138 3136
f 3134 3349 3348
f 3348 3136 3134
f 3132 3350 3349
f 3349 3134 3132
f 3130 3351 3350
f 3350 3132 3130
f 3128 3352 3351
f 3351 3130 3128
f 3126 3353 3352
f 3352 3128 3126
f 3124 3354 3353
f 3353 3126 3124
f 3122 3355 3354
f 3354 3124 3122
f 3120 3356 3355
f 3355 3122 3120
f 3118 3357 3356
f 3356 3120 3118
f 3116 3358 3357
f 3357 3118 3116
f 3114 3359 3358
f 3358 3116 3114
f 3112 3360 3359
f 3359 3114 3112
f 3110 3361 3360
f 3360 3112 3110
f 3417 3416 3000
f 3000 2998 3417
f 3416 3415 3002
f 3002 3000 3416
f 3415 3414 3004
f 3004 3002 3415
f 3414 3413 3006
f 3006 3004 3414
f 3413 3412 3008
f 3008 3006 3413
f 3412 3411 3010
f 3010 3008 3412
f 3411 3410 3012
f 3012 3010 3411
f 3410 3409 3014
f 3014 3012 3410
f 3409 3408 3016
f 3016 3014 3409
f 3408 3407 3018
f 3018 3016 3408
f 3407 3406 3020
f 3020 3018 3407
f 3406 3405 3022
f 3022 3020 3406
f 3405 3404 3024
f 3024 3022 3405
f 3404 3403 3026
f 3026 3024 3404
f 3403 3402 3028
f 3028 3026 3403
f 3402 3401 3030
f 3030 3028 3402
f 3401 3400 3032
f 3032 3030 3401
f 3400 3399 3034
f 3034 3032 3400
f 3399 3398 3036
f 3036 3034 3399
f 3398 3397 3038
f 3038 3036 3398
f 3397 3396 3040
f 3040 3038 3397
f 3396 3395 3042
f 3042 3040 3396
f 3395 3394 3044
f 3044 3042 3395
f 3394 3393 3046
f 3046 3044 3394
f 3393 3392 3048
f 3048 3046 3393
f 3392 3391 3050
f 3050 3048 3392
f 3391 3390 3052
f 3052 3050 3391
f 3390 3389 3054
f 3054 3052 3390
f 3389 3388 3056
f 3056 3054 3389
f 3388 3387 3058
f 3058 3056 3388
f 3387 3386 3060
f 3060 3058 3387
f 3386 3385 3062
f 3062 3060 3386
f 3108 3362 3361
f 3361 3110 3108
f 3106 3363 3362
f 3362 3108 3106
f 3104 3364 3363
f 3363 3106 3104
f 3102 3365 3364
f 3364 3104 3102
f 3100 3366 3365
f 3365 3102 3100
f 3098 3367 3366
f 3366 3100 3098
f 3096 3368 3367
f 3367 3098 3096
f 3094 3369 3368
f 3368 3096 3094
f 3092 3370 3369
f 3369 3094 3092
f 3090 3371 3370
f 3370 3092 3090
f 3088 3372 3371
f 3371 3090 3088
f 3086 3373 3372
f 3372 3088 3086
f 3084 3374 3373
f 3373 3086 3084
f 3082 3375 3374
f 3374 3084 3082
f 3080 3376 3375
f 3375 3082 3080
f 3078 3377 3376
f 3376 3080 3078
f 3076 3378 3377
f 3377 3078 3076
f 3074 3379 3378
f 3378 3076 3074
f 3072 3380 3379
f 3379 3074 3072
f 3070 3381 3380
f 3380 3072 3070
f 3068 3382 3381
f 3381 3070 3068
f 3066 3383 3382
f 3382 3068 3066
f 3064 3384 3383
f 3383 3066 3064
f 3062 3385 3384
f 3384 3064 3062
f 3421 3422 3294
f 3294 3293 3421
f 3422 3423 3295
f 3295 3294 3422
f 3423 3424 3296
f 3296 3295 3423
f 3424 3425 3297
f 3297 3296 3424
f 3425 3426 3298
f 3298 3297 3425
f 3426 3427 3299
f 3299 3298 3426
f 3427 3428 3300
f 3300 3299 3427
f 3428 3429 3301
f 3301 3300 3428
f 3429 3430 3302
f 3302 3301 3429
f 3430 3431 3303
f 3303 3302 3430
f 3431 3432 3304
f 3304 3303 3431
f 3432 3433 3305
f 3305 3304 3432
f 3433 3434 3306
f 3306 3305 3433
f 3434 3435 3307
f 3307 3306 3434
f 3435 3436 3308
f 3308 3307 3435
f 3436 3437 3309
f 3309 3308 3436
f 3437 3310 3183
f 3183 3309 3437
f 3310 3311 3182
f 3182 3183 3310
f 3311 3312 3184
f 3184 3182 3311
f 3312 3313 3185
f 3185 3184 3312
f 3313 3314 3186
f 3186 3185 3313
f 3314 3315 3187
f 3187 3186 3314
f 3315 3316 3188
f 3188 3187 3315
f 3316 3317 3189
f 3189 3188 3316
f 3317 3318 3190
f 3190 3189 3317
f 3318 3319 3191
f 3191 3190 3318
f 3319 3320 3192
f 3192 3191 3319
f 3320 3321 3193
f 3193 3192 3320
f 3321 3322 3194
f 3194 3193 3321
f 3322 3323 3195
f 3195 3194 3322
f 3323 3324 3196
f 3196 3195 3323
f 3324 3325 3197
f 3197 3196 3324
f 3334 3335 3207
f 3207 3206 3334
f 3335 3336 3208
f 3208 3207 3335
f 3336 3337 3209
f 3209 3208 3336
f 3337 3338 3210
f 3210 3209 3337
f 3338 3339 3211
f 3211 3210 3338
f 3339 3340 3212
f 3212 3211 3339
f 3340 3341 3213
f 3213 3212 3340
f 3341 3342 3214
f 3214 3213 3341
f 3342 3343 3215
f 3215 3214 3342
f 3343 3344 3216
f 3216 3215 3343
f 3344 3345 3217
f 3217 3216 3344
f 3345 3346 3218
f 3218 3217 3345
f 3346 3347 3219
f 3219 3218 3346
f 3347 3348 3220
f 3220 3219 3347
f 3348 3349 3221
f 3221 3220 3348
f 3349 3350 3222
f 3222 3221 3349
f 3350 3351 3223
f 3223 3222 3350
f 3351 3352 3224
f 3224 3223 3351
f 3352 3353 3225
f 3225 3224 3352
f 3353 3354 3226
f 3226 3225 3353
f 3354 3355 3227
f 3227 3226 3354
f 3355 3356 3228
f 3228 3227 3355
f 3356 3357 3229
f 3229 3228 3356
f 3325 3326 3198
f 3198 3197 3325
f 3326 3327 3199
f 3199 3198 3326
f 3327 3328 3200
f 3200 3199 3327
f 3328 3329 3201
f 3201 3200 3328
f 3329 3330 3202
f 3202 3201 3329
f 3330 3331 3203
f 3203 3202 3330
f 3331 3332 3204
f 3204 3203 3331
f 3332 3333 3205
f 3205 3204 3332
f 3333 3334 3206
f 3206 3205 3333
f 3357 3358 3230
f 3230 3229 3357
f 3358 3359 3231
f 3231 3230 3358
f 3359 3360 3232
f 3232 3231 3359
f 3360 3361 3233
f 3233 3232 3360
f 3361 3362 3234
f 3234 3233 3361
f 3362 3363 3235
f 3235 3234 3362
f 3363 3364 3236
f 3236 3235 3363
f 3364 3365 3237
f 3237 3236 3364
f 3365 3366 3238
f 3238 3237 3365
f 3366 3367 3239
f 3239 3238 3366
f 3367 3368 3240
f 3240 3239 3367
f 3368 3369 3241
f 3241 3240 3368
f 3369 3370 3242
f 3242 3241 3369
f 3370 3371 3243
f 3243 3242 3370
f 3371 3372 3244
f 3244 3243 3371
f 3372 3373 3245
f 3245 3244 3372
f 3373 3374 3246
f 3246 3245 3373
f 3374 3375 3247
f 3247 3246 3374
f 3375 3376 3248
f 3248 3247 3375
f 3376 3377 3249
f 3249 3248 3376
f 3377 3378 3250
f 3250 3249 3377
f 3378 3379 3251
f 3251 3250 3378
f 3379 3380 3252
f 3252 3251 3379
f 3380 3381 3253
f 3253 3252 3380
f 3381 3382 3254
f 3254 3253 3381
f 3382 3383 3255
f 3255 3254 3382
f 3383 3384 3256
f 3256 3255 3383
f 3384 3385 3257
f 3257 3256 3384
f 3385 3386 3258
f 3258 3257 3385
f 3386 3387 3259
f 3259 3258 3386
f 3387 3388 3260
f 3260 3259 3387
f 3388 3389 3261
f 3261 3260 3388
f 3398 3399 3271
f 3271 3270 3398
f 3399 3400 3272
f 3272 3271 3399
f 3400 3401 3273
f 3273 3272 3400
f 3401 3402 3274
f 3274 3273 3401
f 3402 3403 3275
f 3275 3274 3402
f 3403 3404 3276
f 3276 3275 3403
f 3404 3405 3277
f 3277 3276 3404
f 3405 3406 3278
f 3278 3277 3405
f 3406 3407 3279
f 3279 3278 3406
f 3407 3408 3280
f 3280 3279 3407
f 3408 3409 3281
f 3281 3280 3408
f 3409 3410 3282
f 3282 3281 3409
f 3410 3411 3283
f 3283 3282 3410
f 3411 3412 3284
f 3284 3283 3411
f 3412 3413 3285
f 3285 3284 3412
f 3413 3414 3286
f 3286 3285 3413
f 3414 3415 3287
f 3287 3286 3414
f 3415 3416 3288
f 3288 3287 3415
f 3416 3417 3289
f 3289 3288 3416
f 3417 3418 3290
f 3290 3289 3417
f 3418 3419 3291
f 3291 3290 3418
f 3419 3420 3292
f 3292 3291 3419
f 3420 3421 3293
f 3293 3292 3420
f 3389 3390 3262
f 3262 3261 3389
f 3390 3391 3263
f 3263 3262 3390
f 3391 3392 3264
f 3264 3263 3391
f 3392 3393 3265
f 3265 3264 3392
f 3393 3394 3266
f 3266 3265 3393
f 3394 3395 3267
f 3267 3266 3394
f 3395 3396 3268
f 3268 3267 3395
f 3396 3397 3269
f 3269 3268 3396
f 3397 3398 3270
f 3270 3269 3397
f 3438 3439 3440
f 3440 3441 3438
f 3438 3475 3474
f 3438 3474 3473
f 3438 3473 3472
f 3438 3472 3471
f 3438 3471 3470
f 3438 3470 3469
f 3438 3469 3468
f 3438 3468 3467
f 3438 3467 3466
f 3438 3466 3465
f 3438 3465 3464
f 3438 3464 3463
f 3438 3463 3462
f 3438 3462 3461
f 3438 3461 3341
f 3438 3341 3460
f 3438 3460 3459
f 3438 3459 3458
f 3438 3458 3457
f 3438 3457 3456
f 3438 3456 3455
f 3438 3455 3454
f 3438 3454 3453
f 3438 3453 3452
f 3438 3452 3451
f 3438 3451 3450
f 3438 3450 3449
f 3438 3449 3448
f 3438 3448 3447
f 3438 3447 3446
f 3438 3446 3445
f 3438 3445 3444
f 3438 3444 3443
f 3438 3443 3442
f 3438 3442 3439
f 3463 3464 3499
f 3499 3498 3463
f 3464 3465 3500
f 3500 3499 3464
f 3465 3466 3501
f 3501 3500 3465
f 3466 3467 3502
f 3502 3501 3466
f 3467 3468 3503
f 3503 3502 3467
f 3468 3469 3504
f 3504 3503 3468
f 3469 3470 3505
f 3505 3504 3469
f 3470 3471 3506
f 3506 3505 3470
f 3471 3472 3507
f 3507 3506 3471
f 3472 3473 3508
f 3508 3507 3472
f 3473 3474 3509
f 3509 3508 3473
f 3474 3475 3510
f 3510 3509 3474
f 3475 3438 3441
f 3441 3510 3475
f 3439 3442 3476
f 3476 3440 3439
f 3442 3443 3477
f 3477 3476 3442
f 3443 3444 3478
f 3478 3477 3443
f 3444 3445 3479
f 3479 3478 3444
f 3445 3446 3480
f 3480 3479 3445
f 3446 3447 3481
f 3481 3480 3446
f 3447 3448 3482
f 3482 3481 3447
f 3448 3449 3483
f 3483 3482 3448
f 3449 3450 3484
f 3484 3483 3449
f 3450 3451 3485
f 3485 3484 3450
f 3451 3452 3486
f 3486 3485 3451
f 3452 3453 3487
f 3487 3486 3452
f 3453 3454 3488
f 3488 3487 3453
f 3454 3455 3489
f 3489 3488 3454
f 3455 3456 3490
f 3490 3489 3455
f 3456 3457 3491
f 3491 3490 3456
f 3457 3458 3492
f 3492 3491 3457
f 3458 3459 3493
f 3493 3492 3458
f 3459 3460 3494
f 3494 3493 3459
f 3460 3341 3495
f 3495 3494 3460
f 3341 3461 3496
f 3496 3495 3341
f 3461 3462 3497
f 3497 3496 3461
f 3462 3463 3498
f 3498 3497 3462
f 3441 3440 3476
f 3441 3476 3477
f 3441 3477 3478
f 3441 3478 3479
f 3441 3479 3480
f 3441 3480 3481
f 3441 3481 3482
f 3441 3482 3483
f 3441 3483 3484
f 3441 3484 3485
f 3441 3485 3486
f 3441 3486 3487
f 3441 3487 3488
f 3441 3488 3489
f 3441 3489 3490
f 3441 3490 3491
f 3441 3491 3492
f 3441 3492 3493
f 3441 3493 3494
f 3441 3494 3495
f 3441 3495 3496
f 3441 3496 3497
f 3441 3497 3498
f 3441 3498 3499
f 3441 3499 3500
f 3441 3500 3501
f 3441 3501 3502
f 3441 3502 3503
f 3441 3503 3504
f 3441 3504 3505
f 3441 3505 3506
f 3441 3506 3507
f 3441 3507 3508
f 3441 3508 3509
f 3441 3509 3510
f 3545 3547 3548
f 3548 3546 3545
f 3547 3549 3550
f 3550 3548 3547
f 3549 3551 3552
f 3552 3550 3549
f 3551 3553 3554
f 3554 3552 3551
f 3553 3555 3556
f 3556 3554 3553
f 3555 3557 3558
f 3558 3556 3555
f 3557 3559 3560
f 3560 3558 3557
f 3559 3561 3562
f 3562 3560 3559
f 3561 3563 3564
f 3564 3562 3561
f 3563 3565 3566
f 3566 3564 3563
f 3565 3567 3568
f 3568 3566 3565
f 3567 3569 3570
f 3570 3568 3567
f 3569 3571 3572
f 3572 3570 3569
f 3571 3573 3574
f 3574 3572 3571
f 3573 3575 3576
f 3576 3574 3573
f 3575 3511 3514
f 3514 3576 3575
f 3511 3512 3513
f 3513 3514 3511
f 3512 3515 3516
f 3516 3513 3512
f 3515 3517 3518
f 3518 3516 3515
f 3517 3519 3520
f 3520 3518 3517
f 3519 3521 3522
f 3522 3520 3519
f 3521 3523 3524
f 3524 3522 3521
f 3523 3525 3526
f 3526 3524 3523
f 3525 3527 3528
f 3528 3526 3525
f 3527 3529 3530
f 3530 3528 3527
f 3529 3531 3532
f 3532 3530 3529
f 3531 3533 3534
f 3534 3532 3531
f 3533 3535 3536
f 3536 3534 3533
f 3535 3537 3538
f 3538 3536 3535
f 3537 3539 3540
f 3540 3538 3537
f 3539 3541 3542
f 3542 3540 3539
f 3541 3543 3544
f 3544 3542 3541
f 3543 3577 3578
f 3578 3544 3543
f 3577 3579 3580
f 3580 3578 3577
f 3579 3581 3582
f 3582 3580 3579
f 3581 3583 3584
f 3584 3582 3581
f 3583 3585 3586
f 3586 3584 3583
f 3585 3587 3588
f 3588 3586 3585
f 3587 3589 3590
f 3590 3588 3587
f 3589 3591 3592
f 3592 3590 3589
f 3591 3593 3594
f 3594 3592 3591
f 3593 3595 3596
f 3596 3594 3593
f 3595 3597 3598
f 3598 3596 3595
f 3597 3599 3600
f 3600 3598 3597
f 3599 3601 3602
f 3602 3600 3599
f 3601 3603 3604
f 3604 3602 3601
f 3603 3605 3606
f 3606 3604 3603
f 3605 3607 3608
f 3608 3606 3605
f 3607 3609 3610
f 3610 3608 3607
f 3609 3611 3612
f 3612 3610 3609
f 3611 3613 3614
f 3614 3612 3611
f 3613 3615 3616
f 3616 3614 3613
f 3615 3617 3618
f 3618 3616 3615
f 3617 3619 3620
f 3620 3618 3617
f 3619 3621 3622
f 3622 3620 3619
f 3621 3623 3624
f 3624 3622 3621
f 3623 3625 3626
f 3626 3624 3623
f 3625 3627 3628
f 3628 3626 3625
f 3627 3629 3630
f 3630 3628 3627
f 3629 3631 3632
f 3632 3630 3629
f 3631 3633 3634
f 3634 3632 3631
f 3633 3635 3636
f 3636 3634 3633
f 3635 3637 3638
f 3638 3636 3635
f 3637 3639 3640
f 3640 3638 3637
f 3639 3641 3642
f 3642 3640 3639
f 3641 3643 3644
f 3644 3642 3641
f 3643 3645 3646
f 3646 3644 3643
f 3645 3647 3648
f 3648 3646 3645
f 3647 3649 3650
f 3650 3648 3647
f 3649 3651 3652
f 3652 3650 3649
f 3651 3653 3654
f 3654 3652 3651
f 3653 3655 3656
f 3656 3654 3653
f 3655 3657 3658
f 3658 3656 3655
f 3657 3659 3660
f 3660 3658 3657
f 3659 3661 3662
f 3662 3660 3659
f 3661 3663 3664
f 3664 3662 3661
f 3663 3665 3666
f 3666 3664 3663
f 3665 3667 3668
f 3668 3666 3665
f 3667 3669 3670
f 3670 3668 3667
f 3669 3671 3672
f 3672 3670 3669
f 3671 3673 3674
f 3674 3672 3671
f 3673 3675 3676
f 3676 3674 3673
f 3675 3677 3678
f 3678 3676 3675
f 3677 3679 3680
f 3680 3678 3677
f 3679 3681 3682
f 3682 3680 3679
f 3681 3683 3684
f 3684 3682 3681
f 3683 3685 3686
f 3686 3684 3683
f 3685 3687 3688
f 3688 3686 3685
f 3687 3689 3690
f 3690 3688 3687
f 3689 3691 3692
f 3692 3690 3689
f 3691 3693 3694
f 3694 3692 3691
f 3693 3695 3696
f 3696 3694 3693
f 3695 3697 3698
f 3698 3696 3695
f 3697 3699 3700
f 3700 3698 3697
f 3699 3701 3702
f 3702 3700 3699
f 3701 3703 3704
f 3704 3702 3701
f 3703 3705 3706
f 3706 3704 3703
f 3705 3707 3708
f 3708 3706 3705
f 3707 3709 3710
f 3710 3708 3707
f 3709 3711 3712
f 3712 3710 3709
f 3711 3713 3714
f 3714 3712 3711
f 3713 3715 3716
f 3716 3714 3713
f 3715 3717 3718
f 3718 3716 3715
f 3717 3719 3720
f 3720 3718 3717
f 3719 3721 3722
f 3722 3720 3719
f 3721 3723 3724
f 3724 3722 3721
f 3723 3725 3726
f 3726 3724 3723
f 3725 3727 3728
f 3728 3726 3725
f 3727 3729 3730
f 3730 3728 3727
f 3729 3731 3732
f 3732 3730 3729
f 3731 3733 3734
f 3734 3732 3731
f 3733 3735 3736
f 3736 3734 3733
f 3735 3737 3738
f 3738 3736 3735
f 3737 3739 3740
f 3740 3738 3737
f 3739 3741 3742
f 3742 3740 3739
f 3741 3743 3744
f 3744 3742 3741
f 3743 3745 3746
f 3746 3744 3743
f 3745 3747 3748
f 3748 3746 3745
f 3747 3749 3750
f 3750 3748 3747
f 3749 3751 3752
f 3752 3750 3749
f 3751 3753 3754
f 3754 3752 3751
f 3753 3755 3756
f 3756 3754 3753
f 3755 3757 3758
f 3758 3756 3755
f 3757 3759 3760
f 3760 3758 3757
f 3759 3761 3762
f 3762 3760 3759
f 3761 3763 3764
f 3764 3762 3761
f 3763 3765 3766
f 3766 3764 3763
f 3765 3545 3546
f 3546 3766 3765
f 3576 3514 3513
f 3513 3894 3576
f 3576 3894 3768
f 3768 3574 3576
f 3893 3894 3513
f 3513 3516 3893
f 3574 3768 3767
f 3767 3572 3574
f 3892 3893 3516
f 3516 3518 3892
f 3572 3767 3769
f 3769 3570 3572
f 3891 3892 3518
f 3518 3520 3891
f 3570 3769 3770
f 3770 3568 3570
f 3568 3770 3771
f 3771 3566 3568
f 3566 3771 3772
f 3772 3564 3566
f 3564 3772 3773
f 3773 3562 3564
f 3562 3773 3774
f 3774 3560 3562
f 3560 3774 3775
f 3775 3558 3560
f 3558 3775 3776
f 3776 3556 3558
f 3556 3776 3777
f 3777 3554 3556
f 3554 3777 3778
f 3778 3552 3554
f 3552 3778 3779
f 3779 3550 3552
f 3550 3779 3780
f 3780 3548 3550
f 3548 3780 3781
f 3781 3546 3548
f 3890 3891 3520
f 3520 3522 3890
f 3889 3890 3522
f 3522 3524 3889
f 3888 3889 3524
f 3524 3526 3888
f 3887 3888 3526
f 3526 3528 3887
f 3886 3887 3528
f 3528 3530 3886
f 3885 3886 3530
f 3530 3532 3885
f 3884 3885 3532
f 3532 3534 3884
f 3883 3884 3534
f 3534 3536 3883
f 3882 3883 3536
f 3536 3538 3882
f 3881 3882 3538
f 3538 3540 3881
f 3880 3881 3540
f 3540 3542 3880
f 3879 3880 3542
f 3542 3544 3879
f 3546 3781 3782
f 3782 3766 3546
f 3878 3879 3544
f 3544 3578 3878
f 3766 3782 3783
f 3783 3764 3766
f 3877 3878 3578
f 3578 3580 3877
f 3876 3877 3580
f 3580 3582 3876
f 3764 3783 3784
f 3784 3762 3764
f 3762 3784 3785
f 3785 3760 3762
f 3875 3876 3582
f 3582 3584 3875
f 3760 3785 3786
f 3786 3758 3760
f 3874 3875 3584
f 3584 3586 3874
f 3758 3786 3787
f 3787 3756 3758
f 3756 3787 3788
f 3788 3754 3756
f 3754 3788 3789
f 3789 3752 3754
f 3752 3789 3790
f 3790 3750 3752
f 3750 3790 3791
f 3791 3748 3750
f 3748 3791 3792
f 3792 3746 3748
f 3746 3792 3793
f 3793 3744 3746
f 3744 3793 3794
f 3794 3742 3744
f 3742 3794 3795
f 3795 3740 3742
f 3740 3795 3796
f 3796 3738 3740
f 3738 3796 3797
f 3797 3736 3738
f 3736 3797 3798
f 3798 3734 3736
f 3734 3798 3799
f 3799 3732 3734
f 3732 3799 3800
f 3800 3730 3732
f 3730 3800 3801
f 3801 3728 3730
f 3728 3801 3802
f 3802 3726 3728
f 3726 3802 3803
f 3803 3724 3726
f 3724 3803 3804
f 3804 3722 3724
f 3722 3804 3805
f 3805 3720 3722
f 3720 3805 3806
f 3806 3718 3720
f 3718 3806 3807
f 3807 3716 3718
f 3716 3807 3808
f 3808 3714 3716
f 3714 3808 3809
f 3809 3712 3714
f 3712 3809 3810
f 3810 3710 3712
f 3710 3810 3811
f 3811 3708 3710
f 3708 3811 3812
f 3812 3706 3708
f 3706 3812 3813
f 3813 3704 3706
f 3704 3813 3814
f 3814 3702 3704
f 3702 3814 3815
f 3815 3700 3702
f 3700 3815 3816
f 3816 3698 3700
f 3698 3816 3817
f 3817 3696 3698
f 3696 3817 3818
f 3818 3694 3696
f 3873 3874 3586
f 3586 3588 3873
f 3872 3873 3588
f 3588 3590 3872
f 3871 3872 3590
f 3590 3592 3871
f 3870 3871 3592
f 3592 3594 3870
f 3869 3870 3594
f 3594 3596 3869
f 3868 3869 3596
f 3596 3598 3868
f 3867 3868 3598
f 3598 3600 3867
f 3866 3867 3600
f 3600 3602 3866
f 3865 3866 3602
f 3602 3604 3865
f 3864 3865 3604
f 3604 3606 3864
f 3863 3864 3606
f 3606 3608 3863
f 3862 3863 3608
f 3608 3610 3862
f 3861 3862 3610
f 3610 3612 3861
f 3860 3861 3612
f 3612 3614 3860
f 3859 3860 3614
f 3614 3616 3859
f 3858 3859 3616
f 3616 3618 3858
f 3857 3858 3618
f 3618 3620 3857
f 3856 3857 3620
f 3620 3622 3856
f 3855 3856 3622
f 3622 3624 3855
f 3854 3855 3624
f 3624 3626 3854
f 3853 3854 3626
f 3626 3628 3853
f 3852 3853 3628
f 3628 3630 3852
f 3851 3852 3630
f 3630 3632 3851
f 3850 3851 3632
f 3632 3634 3850
f 3849 3850 3634
f 3634 3636 3849
f 3848 3849 3636
f 3636 3638 3848
f 3847 3848 3638
f 3638 3640 3847
f 3846 3847 3640
f 3640 3642 3846
f 3845 3846 3642
f 3642 3644 3845
f 3844 3845 3644
f 3644 3646 3844
f 3843 3844 3646
f 3646 3648 3843
f 3842 3843 3648
f 3648 3841 3842
f 3694 3818 3819
f 3819 3692 3694
f 3692 3819 3820
f 3820 3690 3692
f 3690 3820 3821
f 3821 3688 3690
f 3688 3821 3822
f 3822 3686 3688
f 3686 3822 3823
f 3823 3684 3686
f 3684 3823 3824
f 3824 3682 3684
f 3682 3824 3825
f 3825 3680 3682
f 3680 3825 3826
f 3826 3678 3680
f 3678 3826 3827
f 3827 3676 3678
f 3676 3827 3828
f 3828 3674 3676
f 3674 3828 3829
f 3829 3672 3674
f 3672 3829 3830
f 3830 3670 3672
f 3670 3830 3831
f 3831 3668 3670
f 3668 3831 3832
f 3832 3666 3668
f 3666 3832 3833
f 3833 3664 3666
f 3664 3833 3834
f 3834 3662 3664
f 3662 3834 3835
f 3835 3660 3662
f 3660 3835 3836
f 3836 3658 3660
f 3658 3836 3837
f 3837 3656 3658
f 3656 3837 3838
f 3838 3654 3656
f 3654 3838 3839
f 3839 3652 3654
f 3652 3839 3840
f 3840 3650 3652
f 3650 3840 3841
f 3841 3648 3650
f 3994 3993 3601
f 3601 3599 3994
f 3993 3992 3603
f 3603 3601 3993
f 3992 3991 3605
f 3605 3603 3992
f 3991 3990 3607
f 3607 3605 3991
f 3990 3989 3609
f 3609 3607 3990
f 3989 3988 3611
f 3611 3609 3989
f 3988 3987 3613
f 3613 3611 3988
f 3987 3986 3615
f 3615 3613 3987
f 3986 3985 3617
f 3617 3615 3986
f 3985 3984 3619
f 3619 3617 3985
f 3984 3983 3621
f 3621 3619 3984
f 3983 3982 3623
f 3623 3621 3983
f 3982 3981 3625
f 3625 3623 3982
f 3981 3980 3627
f 3627 3625 3981
f 3980 3979 3629
f 3629 3627 3980
f 3979 3978 3631
f 3631 3629 3979
f 3978 3977 3633
f 3633 3631 3978
f 3977 3976 3635
f 3635 3633 3977
f 3976 3975 3637
f 3637 3635 3976
f 3975 3974 3639
f 3639 3637 3975
f 3974 3973 3641
f 3641 3639 3974
f 3973 3972 3643
f 3643 3641 3973
f 3972 3971 3645
f 3645 3643 3972
f 3971 3970 3647
f 3647 3645 3971
f 3693 3947 3946
f 3946 3695 3693
f 3691 3948 3947
f 3947 3693 3691
f 3689 3949 3948
f 3948 3691 3689
f 3687 3950 3949
f 3949 3689 3687
f 3685 3951 3950
f 3950 3687 3685
f 3683 3952 3951
f 3951 3685 3683
f 3681 3953 3952
f 3952 3683 3681
f 3679 3954 3953
f 3953 3681 3679
f 3677 3955 3954
f 3954 3679 3677
f 3675 3956 3955
f 3955 3677 3675
f 3673 3957 3956
f 3956 3675 3673
f 3671 3958 3957
f 3957 3673 3671
f 3669 3959 3958
f 3958 3671 3669
f 3667 3960 3959
f 3959 3669 3667
f 3665 3961 3960
f 3960 3667 3665
f 3663 3962 3961
f 3961 3665 3663
f 3661 3963 3962
f 3962 3663 3661
f 3659 3964 3963
f 3963 3661 3659
f 3657 3965 3964
f 3964 3659 3657
f 3655 3966 3965
f 3965 3657 3655
f 3653 3967 3966
f 3966 3655 3653
f 3651 3968 3967
f 3967 3653 3651
f 3649 3969 3968
f 3968 3651 3649
f 3647 3970 3969
f 3969 3649 3647
f 3575 3895 4022
f 4022 3511 3575
f 4022 4021 3512
f 3512 3511 4022
f 3573 3896 3895
f 3895 3575 3573
f 4021 4020 3515
f 3515 3512 4021
f 3571 3897 3896
f 3896 3573 3571
f 4020 4019 3517
f 3517 3515 4020
f 3569 3898 3897
f 3897 3571 3569
f 3567 3899 3898
f 3898 3569 3567
f 3565 3900 3899
f 3899 3567 3565
f 3563 3901 3900
f 3900 3565 3563
f 3561 3902 3901
f 3901 3563 3561
f 3559 3903 3902
f 3902 3561 3559
f 3557 3904 3903
f 3903 3559 3557
f 3555 3905 3904
f 3904 3557 3555
f 3553 3906 3905
f 3905 3555 3553
f 3551 3907 3906
f 3906 3553 3551
f 3549 3908 3907
f 3907 3551 3549
f 3547 3909 3908
f 3908 3549 3547
f 4019 4018 3519
f 3519 3517 4019
f 4018 4017 3521
f 3521 3519 4018
f 4017 4016 3523
f 3523 3521 4017
f 4016 4015 3525
f 3525 3523 4016
f 4015 4014 3527
f 3527 3525 4015
f 4014 4013 3529
f 3529 3527 4014
f 4013 4012 3531
f 3531 3529 4013
f 4012 4011 3533
f 3533 3531 4012
f 4011 4010 3535
f 3535 3533 4011
f 4010 4009 3537
f 3537 3535 4010
f 4009 4008 3539
f 3539 3537 4009
f 4008 4007 3541
f 3541 3539 4008
f 3545 3910 3909
f 3909 3547 3545
f 4007 4006 3543
f 3543 3541 4007
f 3765 3911 3910
f 3910 3545 3765
f 4006 4005 3577
f 3577 3543 4006
f 4005 4004 3579
f 3579 3577 4005
f 3763 3912 3911
f 3911 3765 3763
f 3761 3913 3912
f 3912 3763 3761
f 4004 4003 3581
f 3581 3579 4004
f 3759 3914 3913
f 3913 3761 3759
f 4003 4002 3583
f 3583 3581 4003
f 3757 3915 3914
f 3914 3759 3757
f 3755 3916 3915
f 3915 3757 3755
f 3753 3917 3916
f 3916 3755 3753
f 3751 3918 3917
f 3917 3753 3751
f 3749 3919 3918
f 3918 3751 3749
f 3747 3920 3919
f 3919 3749 3747
f 3745 3921 3920
f 3920 3747 3745
f 3743 3922 3921
f 3921 3745 3743
f 3741 3923 3922
f 3922 3743 3741
f 3739 3924 3923
f 3923 3741 3739
f 3737 3925 3924
f 3924 3739 3737
f 3735 3926 3925
f 3925 3737 3735
f 3733 3927 3926
f 3926 3735 3733
f 3731 3928 3927
f 3927 3733 3731
f 3729 3929 3928
f 3928 3731 3729
f 3727 3930 3929
f 3929 3729 3727
f 3725 3931 3930
f 3930 3727 3725
f 3723 3932 3931
f 3931 3725 3723
f 3721 3933 3932
f 3932 3723 3721
f 3719 3934 3933
f 3933 3721 3719
f 3717 3935 3934
f 3934 3719 3717
f 3715 3936 3935
f 3935 3717 3715
f 3713 3937 3936
f 3936 3715 3713
f 3711 3938 3937
f 3937 3713 3711
f 3709 3939 3938
f 3938 3711 3709
f 3707 3940 3939
f 3939 3709 3707
f 3705 3941 3940
f 3940 3707 3705
f 3703 3942 3941
f 3941 3705 3703
f 3701 3943 3942
f 3942 3703 3701
f 3699 3944 3943
f 3943 3701 3699
f 3697 3945 3944
f 3944 3699 3697
f 3695 3946 3945
f 3945 3697 3695
f 4002 4001 3585
f 3585 3583 4002
f 4001 4000 3587
f 3587 3585 4001
f 4000 3999 3589
f 3589 3587 4000
f 3999 3998 3591
f 3591 3589 3999
f 3998 3997 3593
f 3593 3591 3998
f 3997 3996 3595
f 3595 3593 3997
f 3996 3995 3597
f 3597 3595 3996
f 3995 3994 3599
f 3599 3597 3995
f 4006 4007 3879
f 3879 3878 4006
f 4007 4008 3880
f 3880 3879 4007
f 4008 4009 3881
f 3881 3880 4008
f 4009 4010 3882
f 3882 3881 4009
f 4010 4011 3883
f 3883 3882 4010
f 4011 4012 3884
f 3884 3883 4011
f 4012 4013 3885
f 3885 3884 4012
f 4013 4014 3886
f 3886 3885 4013
f 4014 4015 3887
f 3887 3886 4014
f 4015 4016 3888
f 3888 3887 4015
f 4016 4017 3889
f 3889 3888 4016
f 4017 4018 3890
f 3890 3889 4017
f 4018 4019 3891
f 3891 3890 4018
f 4019 4020 3892
f 3892 3891 4019
f 4020 4021 3893
f 3893 3892 4020
f 4021 4022 3894
f 3894 3893 4021
f 4022 3895 3768
f 3768 3894 4022
f 3895 3896 3767
f 3767 3768 3895
f 3896 3897 3769
f 3769 3767 3896
f 3897 3898 3770
f 3770 3769 3897
f 3898 3899 3771
f 3771 3770 3898
f 3899 3900 3772
f 3772 3771 3899
f 3900 3901 3773
f 3773 3772 3900
f 3901 3902 3774
f 3774 3773 3901
f 3902 3903 3775
f 3775 3774 3902
f 3903 3904 3776
f 3776 3775 3903
f 3904 3905 3777
f 3777 3776 3904
f 3905 3906 3778
f 3778 3777 3905
f 3906 3907 3779
f 3779 3778 3906
f 3907 3908 3780
f 3780 3779 3907
f 3908 3909 3781
f 3781 3780 3908
f 3909 3910 3782
f 3782 3781 3909
f 3911 3912 3784
f 3784 3783 3911
f 3912 3913 3785
f 3785 3784 3912
f 3913 3914 3786
f 3786 3785 3913
f 3914 3915 3787
f 3787 3786 3914
f 3915 3916 3788
f 3788 3787 3915
f 3916 3917 3789
f 3789 3788 3916
f 3917 3918 3790
f 3790 3789 3917
f 3918 3919 3791
f 3791 3790 3918
f 3919 3920 3792
f 3792 3791 3919
f 3920 3921 3793
f 3793 3792 3920
f 3921 3922 3794
f 3794 3793 3921
f 3922 3923 3795
f 3795 3794 3922
f 3923 3924 3796
f 3796 3795 3923
f 3924 3925 3797
f 3797 3796 3924
f 3925 3926 3798
f 3798 3797 3925
f 3926 3927 3799
f 3799 3798 3926
f 3927 3928 3800
f 3800 3799 3927
f 3928 3929 3801
f 3801 3800 3928
f 3929 3930 3802
f 3802 3801 3929
f 3930 3931 3803
f 3803 3802 3930
f 3931 3932 3804
f 3804 3803 3931
f 3932 3933 3805
f 3805 3804 3932
f 3933 3934 3806
f 3806 3805 3933
f 3934 3935 3807
f 3807 3806 3934
f 3935 3936 3808
f 3808 3807 3935
f 3936 3937 3809
f 3809 3808 3936
f 3937 3938 3810
f 3810 3809 3937
f 3938 3939 3811
f 3811 3810 3938
f 3939 3940 3812
f 3812 3811 3939
f 3940 3941 3813
f 3813 3812 3940
f 3941 3942 3814
f 3814 3813 3941
f 3910 3911 3783
f 3783 3782 3910
f 3942 3943 3815
f 3815 3814 3942
f 3943 3944 3816
f 3816 3815 3943
f 3944 3945 3817
f 3817 3816 3944
f 3945 3946 3818
f 3818 3817 3945
f 3946 3947 3819
f 3819 3818 3946
f 3947 3948 3820
f 3820 3819 3947
f 3948 3949 3821
f 3821 3820 3948
f 3949 3950 3822
f 3822 3821 3949
f 3950 3951 3823
f 3823 3822 3950
f 3951 3952 3824
f 3824 3823 3951
f 3952 3953 3825
f 3825 3824 3952
f 3953 3954 3826
f 3826 3825 3953
f 3954 3955 3827
f 3827 3826 3954
f 3955 3956 3828
f 3828 3827 3955
f 3956 3957 3829
f 3829 3828 3956
f 3957 3958 3830
f 3830 3829 3957
f 3958 3959 3831
f 3831 3830 3958
f 3959 3960 3832
f 3832 3831 3959
f 3960 3961 3833
f 3833 3832 3960
f 3961 3962 3834
f 3834 3833 3961
f 3962 3963 3835
f 3835 3834 3962
f 3963 3964 3836
f 3836 3835 3963
f 3964 3965 3837
f 3837 3836 3964
f 3965 3966 3838
f 3838 3837 3965
f 3966 3967 3839
f 3839 3838 3966
f 3967 3968 3840
f 3840 3839 3967
f 3968 3969 3841
f 3841 3840 3968
f 3969 3970 3842
f 3842 3841 3969
f 3970 3971 3843
f 3843 3842 3970
f 3971 3972 3844
f 3844 3843 3971
f 3972 3973 3845
f 3845 3844 3972
f 3973 3974 3846
f 3846 3845 3973
f 3975 3976 3848
f 3848 3847 3975
f 3976 3977 3849
f 3849 3848 3976
f 3977 3978 3850
f 3850 3849 3977
f 3978 3979 3851
f 3851 3850 3978
f 3979 3980 3852
f 3852 3851 3979
f 3980 3981 3853
f 3853 3852 3980
f 3981 3982 3854
f 3854 3853 3981
f 3982 3983 3855
f 3855 3854 3982
f 3983 3984 3856
f 3856 3855 3983
f 3984 3985 3857
f 3857 3856 3984
f 3985 3986 3858
f 3858 3857 3985
f 3986 3987 3859
f 3859 3858 3986
f 3987 3988 3860
f 3860 3859 3987
f 3988 3989 3861
f 3861 3860 3988
f 3989 3990 3862
f 3862 3861 3989
f 3990 3991 3863
f 3863 3862 3990
f 3991 3992 3864
f 3864 3863 3991
f 3992 3993 3865
f 3865 3864 3992
f 3993 3994 3866
f 3866 3865 3993
f 3994 3995 3867
f 3867 3866 3994
f 3995 3996 3868
f 3868 3867 3995
f 3996 3997 3869
f 3869 3868 3996
f 3997 3998 3870
f 3870 3869 3997
f 3998 3999 3871
f 3871 3870 3998
f 3999 4000 3872
f 3872 3871 3999
f 4000 4001 3873
f 3873 3872 4000
f 4001 4002 3874
f 3874 3873 4001
f 4002 4003 3875
f 3875 3874 4002
f 4003 4004 3876
f 3876 3875 4003
f 4004 4005 3877
f 3877 3876 4004
f 4005 4006 3878
f 3878 3877 4005
f 3974 3975 3847
f 3847 3846 3974
f 4023 4024 4025
f 4025 4026 4023
f 4023 4060 4059
f 4023 4059 4058
f 4023 4058 4057
f 4023 4057 4056
f 4023 4056 4055
f 4023 4055 4054
f 4023 4054 4053
f 4023 4053 4052
f 4023 4052 4051
f 4023 4051 4050
f 4023 4050 4049
f 4023 4049 4048
f 4023 4048 4047
f 4023 4047 4046
f 4023 4046 3926
f 4023 3926 4045
f 4023 4045 4044
f 4023 4044 4043
f 4023 4043 4042
f 4023 4042 4041
f 4023 4041 4040
f 4023 4040 4039
f 4023 4039 4038
f 4023 4038 4037
f 4023 4037 4036
f 4023 4036 4035
f 4023 4035 4034
f 4023 4034 4033
f 4023 4033 4032
f 4023 4032 4031
f 4023 4031 4030
f 4023 4030 4029
f 4023 4029 4028
f 4023 4028 4027
f 4023 4027 4024
f 4041 4042 4076
f 4076 4075 4041
f 4042 4043 4077
f 4077 4076 4042
f 4043 4044 4078
f 4078 4077 4043
f 4044 4045 4079
f 4079 4078 4044
f 4045 3926 4080
f 4080 4079 4045
f 3926 4046 4081
f 4081 4080 3926
f 4046 4047 4082
f 4082 4081 4046
f 4047 4048 4083
f 4083 4082 4047
f 4048 4049 4084
f 4084 4083 4048
f 4049 4050 4085
f 4085 4084 4049
f 4050 4051 4086
f 4086 4085 4050
f 4051 4052 4087
f 4087 4086 4051
f 4052 4053 4088
f 4088 4087 4052
f 4053 4054 4089
f 4089 4088 4053
f 4054 4055 4090
f 4090 4089 4054
f 4055 4056 4091
f 4091 4090 4055
f 4056 4057 4092
f 4092 4091 4056
f 4057 4058 4093
f 4093 4092 4057
f 4058 4059 4094
f 4094 4093 4058
f 4059 4060 4095
f 4095 4094 4059
f 4060 4023 4026
f 4026 4095 4060
f 4024 4027 4061
f 4061 4025 4024
f 4027 4028 4062
f 4062 4061 4027
f 4028 4029 4063
f 4063 4062 4028
f 4029 4030 4064
f 4064 4063 4029
f 4030 4031 4065
f 4065 4064 4030
f 4031 4032 4066
f 4066 4065 4031
f 4032 4033 4067
f 4067 4066 4032
f 4033 4034 4068
f 4068 4067 4033
f 4034 4035 4069
f 4069 4068 4034
f 4035 4036 4070
f 4070 4069 4035
f 4036 4037 4071
f 4071 4070 4036
f 4037 4038 4072
f 4072 4071 4037
f 4038 4039 4073
f 4073 4072 4038
f 4039 4040 4074
f 4074 4073 4039
f 4040 4041 4075
f 4075 4074 4040
f 4026 4025 4061
f 4026 4061 4062
f 4026 4062 4063
f 4026 4063 4064
f 4026 4064 4065
f 4026 4065 4066
f 4026 4066 4067
f 4026 4067 4068
f 4026 4068 4069
f 4026 4069 4070
f 4026 4070 4071
f 4026 4071 4072
f 4026 4072 4073
f 4026 4073 4074
f 4026 4074 4075
f 4026 4075 4076
f 4026 4076 4077
f 4026 4077 4078
f 4026 4078 4079
f 4026 4079 4080
f 4026 4080 4081
f 4026 4081 4082
f 4026 4082 4083
f 4026 4083 4084
f 4026 4084 4085
f 4026 4085 4086
f 4026 4086 4087
f 4026 4087 4088
f 4026 4088 4089
f 4026 4089 4090
f 4026 4090 4091
f 4026 4091 4092
f 4026 4092 4093
f 4026 4093 4094
f 4026 4094 4095
f 4112 4114 4115
f 4115 4113 4112
f 4114 4116 4117
f 4117 4115 4114
f 4116 4118 4119
f 4119 4117 4116
f 4118 4120 4121
f 4121 4119 4118
f 4120 4122 4123
f 4123 4121 4120
f 4122 4124 4125
f 4125 4123 4122
f 4124 4126 4127
f 4127 4125 4124
f 4126 4128 4129
f 4129 4127 4126
f 4130 4132 4133
f 4133 4131 4130
f 4132 4134 4135
f 4135 4133 4132
f 4134 4136 4137
f 4137 4135 4134
f 4136 4138 4139
f 4139 4137 4136
f 4138 4140 4141
f 4141 4139 4138
f 4140 4142 4143
f 4143 4141 4140
f 4142 4144 4145
f 4145 4143 4142
f 4144 4146 4147
f 4147 4145 4144
f 4146 4148 4149
f 4149 4147 4146
f 4148 4150 4151
f 4151 4149 4148
f 4150 4152 4153
f 4153 4151 4150
f 4152 4154 4155
f 4155 4153 4152
f 4154 4156 4157
f 4157 4155 4154
f 4156 4158 4159
f 4159 4157 4156
f 4158 4160 4161
f 4161 4159 4158
f 4160 4096 4099
f 4099 4161 4160
f 4096 4097 4098
f 4098 4099 4096
f 4097 4100 4101
f 4101 4098 4097
f 4100 4102 4103
f 4103 4101 4100
f 4102 4104 4105
f 4105 4103 4102
f 4104 4106 4107
f 4107 4105 4104
f 4106 4108 4109
f 4109 4107 4106
f 4108 4110 4111
f 4111 4109 4108
f 4110 4112 4113
f 4113 4111 4110
f 4128 4162 4163
f 4163 4129 4128
f 4162 4164 4165
f 4165 4163 4162
f 4164 4166 4167
f 4167 4165 4164
f 4166 4168 4169
f 4169 4167 4166
f 4168 4170 4171
f 4171 4169 4168
f 4170 4172 4173
f 4173 4171 4170
f 4172 4174 4175
f 4175 4173 4172
f 4174 4176 4177
f 4177 4175 4174
f 4176 4178 4179
f 4179 4177 4176
f 4178 4180 4181
f 4181 4179 4178
f 4180 4182 4183
f 4183 4181 4180
f 4182 4184 4185
f 4185 4183 4182
f 4184 4186 4187
f 4187 4185 4184
f 4186 4188 4189
f 4189 4187 4186
f 4188 4190 4191
f 4191 4189 4188
f 4190 4192 4193
f 4193 4191 4190
f 4192 4194 4195
f 4195 4193 4192
f 4194 4196 4197
f 4197 4195 4194
f 4196 4198 4199
f 4199 4197 4196
f 4198 4200 4201
f 4201 4199 4198
f 4200 4202 4203
f 4203 4201 4200
f 4202 4204 4205
f 4205 4203 4202
f 4204 4206 4207
f 4207 4205 4204
f 4206 4208 4209
f 4209 4207 4206
f 4208 4210 4211
f 4211 4209 4208
f 4210 4212 4213
f 4213 4211 4210
f 4212 4214 4215
f 4215 4213 4212
f 4214 4216 4217
f 4217 4215 4214
f 4216 4218 4219
f 4219 4217 4216
f 4218 4220 4221
f 4221 4219 4218
f 4220 4222 4223
f 4223 4221 4220
f 4222 4224 4225
f 4225 4223 4222
f 4272 4274 4275
f 4275 4273 4272
f 4274 4276 4277
f 4277 4275 4274
f 4276 4278 4279
f 4279 4277 4276
f 4278 4280 4281
f 4281 4279 4278
f 4280 4282 4283
f 4283 4281 4280
f 4282 4284 4285
f 4285 4283 4282
f 4284 4286 4287
f 4287 4285 4284
f 4286 4288 4289
f 4289 4287 4286
f 4224 4226 4227
f 4227 4225 4224
f 4226 4228 4229
f 4229 4227 4226
f 4228 4230 4231
f 4231 4229 4228
f 4230 4232 4233
f 4233 4231 4230
f 4232 4234 4235
f 4235 4233 4232
f 4234 4236 4237
f 4237 4235 4234
f 4236 4238 4239
f 4239 4237 4236
f 4238 4240 4241
f 4241 4239 4238
f 4240 4242 4243
f 4243 4241 4240
f 4242 4244 4245
f 4245 4243 4242
f 4244 4246 4247
f 4247 4245 4244
f 4246 4248 4249
f 4249 4247 4246
f 4248 4250 4251
f 4251 4249 4248
f 4250 4252 4253
f 4253 4251 4250
f 4252 4254 4255
f 4255 4253 4252
f 4254 4256 4257
f 4257 4255 4254
f 4256 4258 4259
f 4259 4257 4256
f 4258 4260 4261
f 4261 4259 4258
f 4260 4262 4263
f 4263 4261 4260
f 4262 4264 4265
f 4265 4263 4262
f 4264 4266 4267
f 4267 4265 4264
f 4266 4268 4269
f 4269 4267 4266
f 4268 4270 4271
f 4271 4269 4268
f 4270 4272 4273
f 4273 4271 4270
f 4288 4290 4291
f 4291 4289 4288
f 4290 4292 4293
f 4293 4291 4290
f 4292 4294 4295
f 4295 4293 4292
f 4294 4296 4297
f 4297 4295 4294
f 4296 4298 4299
f 4299 4297 4296
f 4298 4300 4301
f 4301 4299 4298
f 4300 4302 4303
f 4303 4301 4300
f 4302 4304 4305
f 4305 4303 4302
f 4304 4306 4307
f 4307 4305 4304
f 4306 4308 4309
f 4309 4307 4306
f 4308 4310 4311
f 4311 4309 4308
f 4310 4312 4313
f 4313 4311 4310
f 4312 4314 4315
f 4315 4313 4312
f 4314 4316 4317
f 4317 4315 4314
f 4316 4318 4319
f 4319 4317 4316
f 4318 4320 4321
f 4321 4319 4318
f 4320 4322 4323
f 4323 4321 4320
f 4322 4324 4325
f 4325 4323 4322
f 4324 4326 4327
f 4327 4325 4324
f 4326 4328 4329
f 4329 4327 4326
f 4328 4330 4331
f 4331 4329 4328
f 4330 4332 4333
f 4333 4331 4330
f 4332 4334 4335
f 4335 4333 4332
f 4334 4336 4337
f 4337 4335 4334
f 4336 4338 4339
f 4339 4337 4336
f 4338 4340 4341
f 4341 4339 4338
f 4340 4342 4343
f 4343 4341 4340
f 4342 4344 4345
f 4345 4343 4342
f 4344 4346 4347
f 4347 4345 4344
f 4346 4348 4349
f 4349 4347 4346
f 4348 4350 4351
f 4351 4349 4348
f 4350 4130 4131
f 4131 4351 4350
f 4161 4099 4098
f 4098 4479 4161
f 4161 4479 4353
f 4353 4159 4161
f 4478 4479 4098
f 4098 4101 4478
f 4159 4353 4352
f 4352 4157 4159
f 4477 4478 4101
f 4101 4103 4477
f 4157 4352 4354
f 4354 4155 4157
f 4476 4477 4103
f 4103 4105 4476
f 4155 4354 4355
f 4355 4153 4155
f 4153 4355 4356
f 4356 4151 4153
f 4151 4356 4357
f 4357 4149 4151
f 4149 4357 4358
f 4358 4147 4149
f 4147 4358 4359
f 4359 4145 4147
f 4145 4359 4360
f 4360 4143 4145
f 4143 4360 4361
f 4361 4141 4143
f 4141 4361 4362
f 4362 4139 4141
f 4139 4362 4363
f 4363 4137 4139
f 4137 4363 4364
f 4364 4135 4137
f 4135 4364 4365
f 4365 4133 4135
f 4133 4365 4366
f 4366 4131 4133
f 4475 4476 4105
f 4105 4107 4475
f 4474 4475 4107
f 4107 4109 4474
f 4473 4474 4109
f 4109 4111 4473
f 4472 4473 4111
f 4111 4113 4472
f 4471 4472 4113
f 4113 4115 4471
f 4470 4471 4115
f 4115 4117 4470
f 4469 4470 4117
f 4117 4119 4469
f 4468 4469 4119
f 4119 4121 4468
f 4467 4468 4121
f 4121 4123 4467
f 4466 4467 4123
f 4123 4125 4466
f 4465 4466 4125
f 4125 4127 4465
f 4464 4465 4127
f 4127 4129 4464
f 4131 4366 4367
f 4367 4351 4131
f 4463 4464 4129
f 4129 4163 4463
f 4351 4367 4368
f 4368 4349 4351
f 4462 4463 4163
f 4163 4165 4462
f 4461 4462 4165
f 4165 4167 4461
f 4349 4368 4369
f 4369 4347 4349
f 4347 4369 4370
f 4370 4345 4347
f 4460 4461 4167
f 4167 4169 4460
f 4345 4370 4371
f 4371 4343 4345
f 4459 4460 4169
f 4169 4171 4459
f 4343 4371 4372
f 4372 4341 4343
f 4341 4372 4373
f 4373 4339 4341
f 4339 4373 4374
f 4374 4337 4339
f 4337 4374 4375
f 4375 4335 4337
f 4335 4375 4376
f 4376 4333 4335
f 4333 4376 4377
f 4377 4331 4333
f 4331 4377 4378
f 4378 4329 4331
f 4329 4378 4379
f 4379 4327 4329
f 4327 4379 4380
f 4380 4325 4327
f 4325 4380 4381
f 4381 4323 4325
f 4323 4381 4382
f 4382 4321 4323
f 4321 4382 4383
f 4383 4319 4321
f 4319 4383 4384
f 4384 4317 4319
f 4317 4384 4385
f 4385 4315 4317
f 4315 4385 4386
f 4386 4313 4315
f 4313 4386 4387
f 4387 4311 4313
f 4311 4387 4388
f 4388 4309 4311
f 4309 4388 4389
f 4389 4307 4309
f 4307 4389 4390
f 4390 4305 4307
f 4305 4390 4391
f 4391 4303 4305
f 4303 4391 4392
f 4392 4301 4303
f 4301 4392 4393
f 4393 4299 4301
f 4299 4393 4394
f 4394 4297 4299
f 4297 4394 4395
f 4395 4295 4297
f 4295 4395 4396
f 4396 4293 4295
f 4293 4396 4397
f 4397 4291 4293
f 4291 4397 4398
f 4398 4289 4291
f 4289 4398 4399
f 4399 4287 4289
f 4287 4399 4400
f 4400 4285 4287
f 4285 4400 4401
f 4401 4283 4285
f 4283 4401 4402
f 4402 4281 4283
f 4281 4402 4403
f 4403 4279 4281
f 4458 4459 4171
f 4171 4173 4458
f 4457 4458 4173
f 4173 4175 4457
f 4456 4457 4175
f 4175 4177 4456
f 4455 4456 4177
f 4177 4179 4455
f 4454 4455 4179
f 4179 4181 4454
f 4453 4454 4181
f 4181 4183 4453
f 4452 4453 4183
f 4183 4185 4452
f 4451 4452 4185
f 4185 4187 4451
f 4450 4451 4187
f 4187 4189 4450
f 4449 4450 4189
f 4189 4191 4449
f 4448 4449 4191
f 4191 4193 4448
f 4447 4448 4193
f 4193 4195 4447
f 4446 4447 4195
f 4195 4197 4446
f 4445 4446 4197
f 4197 4199 4445
f 4444 4445 4199
f 4199 4201 4444
f 4443 4444 4201
f 4201 4203 4443
f 4442 4443 4203
f 4203 4205 4442
f 4441 4442 4205
f 4205 4207 4441
f 4440 4441 4207
f 4207 4209 4440
f 4439 4440 4209
f 4209 4211 4439
f 4438 4439 4211
f 4211 4213 4438
f 4437 4438 4213
f 4213 4215 4437
f 4436 4437 4215
f 4215 4217 4436
f 4435 4436 4217
f 4217 4219 4435
f 4434 4435 4219
f 4219 4221 4434
f 4433 4434 4221
f 4221 4223 4433
f 4432 4433 4223
f 4223 4225 4432
f 4431 4432 4225
f 4225 4227 4431
f 4430 4431 4227
f 4227 4229 4430
f 4429 4430 4229
f 4229 4231 4429
f 4428 4429 4231
f 4231 4233 4428
f 4427 4428 4233
f 4233 4426 4427
f 4279 4403 4404
f 4404 4277 4279
f 4277 4404 4405
f 4405 4275 4277
f 4275 4405 4406
f 4406 4273 4275
f 4273 4406 4407
f 4407 4271 4273
f 4271 4407 4408
f 4408 4269 4271
f 4269 4408 4409
f 4409 4267 4269
f 4267 4409 4410
f 4410 4265 4267
f 4265 4410 4411
f 4411 4263 4265
f 4263 4411 4412
f 4412 4261 4263
f 4261 4412 4413
f 4413 4259 4261
f 4259 4413 4414
f 4414 4257 4259
f 4257 4414 4415
f 4415 4255 4257
f 4255 4415 4416
f 4416 4253 4255
f 4253 4416 4417
f 4417 4251 4253
f 4251 4417 4418
f 4418 4249 4251
f 4249 4418 4419
f 4419 4247 4249
f 4247 4419 4420
f 4420 4245 4247
f 4245 4420 4421
f 4421 4243 4245
f 4243 4421 4422
f 4422 4241 4243
f 4241 4422 4423
f 4423 4239 4241
f 4239 4423 4424
f 4424 4237 4239
f 4237 4424 4425
f 4425 4235 4237
f 4235 4425 4426
f 4426 4233 4235
f 4150 4485 4484
f 4484 4152 4150
f 4148 4486 4485
f 4485 4150 4148
f 4146 4487 4486
f 4486 4148 4146
f 4144 4488 4487
f 4487 4146 4144
f 4142 4489 4488
f 4488 4144 4142
f 4140 4490 4489
f 4489 4142 4140
f 4138 4491 4490
f 4490 4140 4138
f 4136 4492 4491
f 4491 4138 4136
f 4134 4493 4492
f 4492 4136 4134
f 4132 4494 4493
f 4493 4134 4132
f 4604 4603 4104
f 4104 4102 4604
f 4603 4602 4106
f 4106 4104 4603
f 4602 4601 4108
f 4108 4106 4602
f 4601 4600 4110
f 4110 4108 4601
f 4600 4599 4112
f 4112 4110 4600
f 4599 4598 4114
f 4114 4112 4599
f 4598 4597 4116
f 4116 4114 4598
f 4597 4596 4118
f 4118 4116 4597
f 4596 4595 4120
f 4120 4118 4596
f 4595 4594 4122
f 4122 4120 4595
f 4594 4593 4124
f 4124 4122 4594
f 4593 4592 4126
f 4126 4124 4593
f 4130 4495 4494
f 4494 4132 4130
f 4592 4591 4128
f 4128 4126 4592
f 4350 4496 4495
f 4495 4130 4350
f 4591 4590 4162
f 4162 4128 4591
f 4590 4589 4164
f 4164 4162 4590
f 4348 4497 4496
f 4496 4350 4348
f 4346 4498 4497
f 4497 4348 4346
f 4589 4588 4166
f 4166 4164 4589
f 4344 4499 4498
f 4498 4346 4344
f 4588 4587 4168
f 4168 4166 4588
f 4342 4500 4499
f 4499 4344 4342
f 4340 4501 4500
f 4500 4342 4340
f 4338 4502 4501
f 4501 4340 4338
f 4336 4503 4502
f 4502 4338 4336
f 4334 4504 4503
f 4503 4336 4334
f 4332 4505 4504
f 4504 4334 4332
f 4330 4506 4505
f 4505 4332 4330
f 4328 4507 4506
f 4506 4330 4328
f 4326 4508 4507
f 4507 4328 4326
f 4324 4509 4508
f 4508 4326 4324
f 4322 4510 4509
f 4509 4324 4322
f 4320 4511 4510
f 4510 4322 4320
f 4318 4512 4511
f 4511 4320 4318
f 4316 4513 4512
f 4512 4318 4316
f 4314 4514 4513
f 4513 4316 4314
f 4312 4515 4514
f 4514 4314 4312
f 4310 4516 4515
f 4515 4312 4310
f 4308 4517 4516
f 4516 4310 4308
f 4306 4518 4517
f 4517 4308 4306
f 4304 4519 4518
f 4518 4306 4304
f 4302 4520 4519
f 4519 4304 4302
f 4300 4521 4520
f 4520 4302 4300
f 4298 4522 4521
f 4521 4300 4298
f 4296 4523 4522
f 4522 4298 4296
f 4294 4524 4523
f 4523 4296 4294
f 4292 4525 4524
f 4524 4294 4292
f 4290 4526 4525
f 4525 4292 4290
f 4288 4527 4526
f 4526 4290 4288
f 4286 4528 4527
f 4527 4288 4286
f 4284 4529 4528
f 4528 4286 4284
f 4282 4530 4529
f 4529 4284 4282
f 4280 4531 4530
f 4530 4282 4280
f 4587 4586 4170
f 4170 4168 4587
f 4586 4585 4172
f 4172 4170 4586
f 4585 4584 4174
f 4174 4172 4585
f 4584 4583 4176
f 4176 4174 4584
f 4583 4582 4178
f 4178 4176 4583
f 4582 4581 4180
f 4180 4178 4582
f 4581 4580 4182
f 4182 4180 4581
f 4580 4579 4184
f 4184 4182 4580
f 4579 4578 4186
f 4186 4184 4579
f 4578 4577 4188
f 4188 4186 4578
f 4577 4576 4190
f 4190 4188 4577
f 4576 4575 4192
f 4192 4190 4576
f 4575 4574 4194
f 4194 4192 4575
f 4574 4573 4196
f 4196 4194 4574
f 4573 4572 4198
f 4198 4196 4573
f 4572 4571 4200
f 4200 4198 4572
f 4571 4570 4202
f 4202 4200 4571
f 4570 4569 4204
f 4204 4202 4570
f 4569 4568 4206
f 4206 4204 4569
f 4568 4567 4208
f 4208 4206 4568
f 4567 4566 4210
f 4210 4208 4567
f 4566 4565 4212
f 4212 4210 4566
f 4565 4564 4214
f 4214 4212 4565
f 4564 4563 4216
f 4216 4214 4564
f 4563 4562 4218
f 4218 4216 4563
f 4562 4561 4220
f 4220 4218 4562
f 4561 4560 4222
f 4222 4220 4561
f 4560 4559 4224
f 4224 4222 4560
f 4559 4558 4226
f 4226 4224 4559
f 4558 4557 4228
f 4228 4226 4558
f 4557 4556 4230
f 4230 4228 4557
f 4556 4555 4232
f 4232 4230 4556
f 4278 4532 4531
f 4531 4280 4278
f 4276 4533 4532
f 4532 4278 4276
f 4274 4534 4533
f 4533 4276 4274
f 4272 4535 4534
f 4534 4274 4272
f 4270 4536 4535
f 4535 4272 4270
f 4268 4537 4536
f 4536 4270 4268
f 4266 4538 4537
f 4537 4268 4266
f 4264 4539 4538
f 4538 4266 4264
f 4262 4540 4539
f 4539 4264 4262
f 4260 4541 4540
f 4540 4262 4260
f 4258 4542 4541
f 4541 4260 4258
f 4256 4543 4542
f 4542 4258 4256
f 4254 4544 4543
f 4543 4256 4254
f 4252 4545 4544
f 4544 4254 4252
f 4250 4546 4545
f 4545 4252 4250
f 4248 4547 4546
f 4546 4250 4248
f 4246 4548 4547
f 4547 4248 4246
f 4244 4549 4548
f 4548 4246 4244
f 4242 4550 4549
f 4549 4244 4242
f 4240 4551 4550
f 4550 4242 4240
f 4238 4552 4551
f 4551 4240 4238
f 4236 4553 4552
f 4552 4238 4236
f 4234 4554 4553
f 4553 4236 4234
f 4232 4555 4554
f 4554 4234 4232
f 4160 4480 4607
f 4607 4096 4160
f 4607 4606 4097
f 4097 4096 4607
f 4158 4481 4480
f 4480 4160 4158
f 4606 4605 4100
f 4100 4097 4606
f 4156 4482 4481
f 4481 4158 4156
f 4605 4604 4102
f 4102 4100 4605
f 4154 4483 4482
f 4482 4156 4154
f 4152 4484 4483
f 4483 4154 4152
f 4488 4489 4361
f 4361 4360 4488
f 4489 4490 4362
f 4362 4361 4489
f 4490 4491 4363
f 4363 4362 4490
f 4491 4492 4364
f 4364 4363 4491
f 4492 4493 4365
f 4365 4364 4492
f 4493 4494 4366
f 4366 4365 4493
f 4494 4495 4367
f 4367 4366 4494
f 4591 4592 4464
f 4464 4463 4591
f 4592 4593 4465
f 4465 4464 4592
f 4593 4594 4466
f 4466 4465 4593
f 4594 4595 4467
f 4467 4466 4594
f 4595 4596 4468
f 4468 4467 4595
f 4596 4597 4469
f 4469 4468 4596
f 4597 4598 4470
f 4470 4469 4597
f 4598 4599 4471
f 4471 4470 4598
f 4599 4600 4472
f 4472 4471 4599
f 4600 4601 4473
f 4473 4472 4600
f 4601 4602 4474
f 4474 4473 4601
f 4602 4603 4475
f 4475 4474 4602
f 4603 4604 4476
f 4476 4475 4603
f 4604 4605 4477
f 4477 4476 4604
f 4605 4606 4478
f 4478 4477 4605
f 4606 4607 4479
f 4479 4478 4606
f 4607 4480 4353
f 4353 4479 4607
f 4480 4481 4352
f 4352 4353 4480
f 4481 4482 4354
f 4354 4352 4481
f 4482 4483 4355
f 4355 4354 4482
f 4483 4484 4356
f 4356 4355 4483
f 4484 4485 4357
f 4357 4356 4484
f 4485 4486 4358
f 4358 4357 4485
f 4486 4487 4359
f 4359 4358 4486
f 4487 4488 4360
f 4360 4359 4487
f 4495 4496 4368
f 4368 4367 4495
f 4496 4497 4369
f 4369 4368 4496
f 4497 4498 4370
f 4370 4369 4497
f 4498 4499 4371
f 4371 4370 4498
f 4499 4500 4372
f 4372 4371 4499
f 4500 4501 4373
f 4373 4372 4500
f 4501 4502 4374
f 4374 4373 4501
f 4502 4503 4375
f 4375 4374 4502
f 4503 4504 4376
f 4376 4375 4503
f 4504 4505 4377
f 4377 4376 4504
f 4505 4506 4378
f 4378 4377 4505
f 4506 4507 4379
f 4379 4378 4506
f 4507 4508 4380
f 4380 4379 4507
f 4508 4509 4381
f 4381 4380 4508
f 4509 4510 4382
f 4382 4381 4509
f 4510 4511 4383
f 4383 4382 4510
f 4511 4512 4384
f 4384 4383 4511
f 4512 4513 4385
f 4385 4384 4512
f 4513 4514 4386
f 4386 4385 4513
f 4514 4515 4387
f 4387 4386 4514
f 4515 4516 4388
f 4388 4387 4515
f 4516 4517 4389
f 4389 4388 4516
f 4517 4518 4390
f 4390 4389 4517
f 4518 4519 4391
f 4391 4390 4518
f 4519 4520 4392
f 4392 4391 4519
f 4520 4521 4393
f 4393 4392 4520
f 4521 4522 4394
f 4394 4393 4521
f 4522 4523 4395
f 4395 4394 4522
f 4523 4524 4396
f 4396 4395 4523
f 4524 4525 4397
f 4397 4396 4524
f 4525 4526 4398
f 4398 4397 4525
f 4526 4527 4399
f 4399 4398 4526
f 4552 4553 4425
f 4425 4424 4552
f 4553 4554 4426
f 4426 4425 4553
f 4554 4555 4427
f 4427 4426 4554
f 4555 4556 4428
f 4428 4427 4555
f 4556 4557 4429
f 4429 4428 4556
f 4557 4558 4430
f 4430 4429 4557
f 4558 4559 4431
f 4431 4430 4558
f 4527 4528 4400
f 4400 4399 4527
f 4528 4529 4401
f 4401 4400 4528
f 4529 4530 4402
f 4402 4401 4529
f 4530 4531 4403
f 4403 4402 4530
f 4531 4532 4404
f 4404 4403 4531
f 4532 4533 4405
f 4405 4404 4532
f 4533 4534 4406
f 4406 4405 4533
f 4534 4535 4407
f 4407 4406 4534
f 4535 4536 4408
f 4408 4407 4535
f 4536 4537 4409
f 4409 4408 4536
f 4537 4538 4410
f 4410 4409 4537
f 4538 4539 4411
f 4411 4410 4538
f 4539 4540 4412
f 4412 4411 4539
f 4540 4541 4413
f 4413 4412 4540
f 4541 4542 4414
f 4414 4413 4541
f 4542 4543 4415
f 4415 4414 4542
f 4543 4544 4416
f 4416 4415 4543
f 4544 4545 4417
f 4417 4416 4544
f 4545 4546 4418
f 4418 4417 4545
f 4546 4547 4419
f 4419 4418 4546
f 4547 4548 4420
f 4420 4419 4547
f 4548 4549 4421
f 4421 4420 4548
f 4549 4550 4422
f 4422 4421 4549
f 4550 4551 4423
f 4423 4422 4550
f 4551 4552 4424
f 4424 4423 4551
f 4559 4560 4432
f 4432 4431 4559
f 4560 4561 4433
f 4433 4432 4560
f 4561 4562 4434
f 4434 4433 4561
f 4562 4563 4435
f 4435 4434 4562
f 4563 4564 4436
f 4436 4435 4563
f 4564 4565 4437
f 4437 4436 4564
f 4565 4566 4438
f 4438 4437 4565
f 4566 4567 4439
f 4439 4438 4566
f 4567 4568 4440
f 4440 4439 4567
f 4568 4569 4441
f 4441 4440 4568
f 4569 4570 4442
f 4442 4441 4569
f 4570 4571 4443
f 4443 4442 4570
f 4571 4572 4444
f 4444 4443 4571
f 4572 4573 4445
f 4445 4444 4572
f 4573 4574 4446
f 4446 4445 4573
f 4574 4575 4447
f 4447 4446 4574
f 4575 4576 4448
f 4448 4447 4575
f 4576 4577 4449
f 4449 4448 4576
f 4577 4578 4450
f 4450 4449 4577
f 4578 4579 4451
f 4451 4450 4578
f 4579 4580 4452
f 4452 4451 4579
f 4580 4581 4453
f 4453 4452 4580
f 4581 4582 4454
f 4454 4453 4581
f 4582 4583 4455
f 4455 4454 4582
f 4583 4584 4456
f 4456 4455 4583
f 4584 4585 4457
f 4457 4456 4584
f 4585 4586 4458
f 4458 4457 4585
f 4586 4587 4459
f 4459 4458 4586
f 4587 4588 4460
f 4460 4459 4587
f 4588 4589 4461
f 4461 4460 4588
f 4589 4590 4462
f 4462 4461 4589
f 4590 4591 4463
f 4463 4462 4590
f 4608 4609 4610
f 4610 4611 4608
f 4608 4645 4644
f 4608 4644 4643
f 4608 4643 4642
f 4608 4642 4641
f 4608 4641 4640
f 4608 4640 4639
f 4608 4639 4638
f 4608 4638 4637
f 4608 4637 4636
f 4608 4636 4635
f 4608 4635 4634
f 4608 4634 4633
f 4608 4633 4632
f 4608 4632 4631
f 4608 4631 4511
f 4608 4511 4630
f 4608 4630 4629
f 4608 4629 4628
f 4608 4628 4627
f 4608 4627 4626
f 4608 4626 4625
f 4608 4625 4624
f 4608 4624 4623
f 4608 4623 4622
f 4608 4622 4621
f 4608 4621 4620
f 4608 4620 4619
f 4608 4619 4618
f 4608 4618 4617
f 4608 4617 4616
f 4608 4616 4615
f 4608 4615 4614
f 4608 4614 4613
f 4608 4613 4612
f 4608 4612 4609
f 4618 4619 4653
f 4653 4652 4618
f 4619 4620 4654
f 4654 4653 4619
f 4620 4621 4655
f 4655 4654 4620
f 4621 4622 4656
f 4656 4655 4621
f 4622 4623 4657
f 4657 4656 4622
f 4623 4624 4658
f 4658 4657 4623
f 4624 4625 4659
f 4659 4658 4624
f 4625 4626 4660
f 4660 4659 4625
f 4626 4627 4661
f 4661 4660 4626
f 4627 4628 4662
f 4662 4661 4627
f 4628 4629 4663
f 4663 4662 4628
f 4629 4630 4664
f 4664 4663 4629
f 4630 4511 4665
f 4665 4664 4630
f 4511 4631 4666
f 4666 4665 4511
f 4631 4632 4667
f 4667 4666 4631
f 4632 4633 4668
f 4668 4667 4632
f 4633 4634 4669
f 4669 4668 4633
f 4634 4635 4670
f 4670 4669 4634
f 4635 4636 4671
f 4671 4670 4635
f 4636 4637 4672
f 4672 4671 4636
f 4637 4638 4673
f 4673 4672 4637
f 4638 4639 4674
f 4674 4673 4638
f 4639 4640 4675
f 4675 4674 4639
f 4640 4641 4676
f 4676 4675 4640
f 4641 4642 4677
f 4677 4676 4641
f 4642 4643 4678
f 4678 4677 4642
f 4643 4644 4679
f 4679 4678 4643
f 4644 4645 4680
f 4680 4679 4644
f 4645 4608 4611
f 4611 4680 4645
f 4609 4612 4646
f 4646 4610 4609
f 4612 4613 4647
f 4647 4646 4612
f 4613 4614 4648
f 4648 4647 4613
f 4614 4615 4649
f 4649 4648 4614
f 4615 4616 4650
f 4650 4649 4615
f 4616 4617 4651
f 4651 4650 4616
f 4617 4618 4652
f 4652 4651 4617
f 4611 4610 4646
f 4611 4646 4647
f 4611 4647 4648
f 4611 4648 4649
f 4611 4649 4650
f 4611 4650 4651
f 4611 4651 4652
f 4611 4652 4653
f 4611 4653 4654
f 4611 4654 4655
f 4611 4655 4656
f 4611 4656 4657
f 4611 4657 4658
f 4611 4658 4659
f 4611 4659 4660
f 4611 4660 4661
f 4611 4661 4662
f 4611 4662 4663
f 4611 4663 4664
f 4611 4664 4665
f 4611 4665 4666
f 4611 4666 4667
f 4611 4667 4668
f 4611 4668 4669
f 4611 4669 4670
f 4611 4670 4671
f 4611 4671 4672
f 4611 4672 4673
f 4611 4673 4674
f 4611 4674 4675
f 4611 4675 4676
f 4611 4676 4677
f 4611 4677 4678
f 4611 4678 4679
f 4611 4679 4680
f 4681 4682 4683
f 4683 4684 4681
f 4682 4685 4686
f 4686 4683 4682
f 4685 4687 4688
f 4688 4686 4685
f 4687 4689 4690
f 4690 4688 4687
f 4689 4691 4692
f 4692 4690 4689
f 4691 4693 4694
f 4694 4692 4691
f 4693 4695 4696
f 4696 4694 4693
f 4695 4697 4698
f 4698 4696 4695
f 4697 4699 4700
f 4700 4698 4697
f 4699 4701 4702
f 4702 4700 4699
f 4701 4703 4704
f 4704 4702 4701
f 4703 4705 4706
f 4706 4704 4703
f 4705 4707 4708
f 4708 4706 4705
f 4707 4709 4710
f 4710 4708 4707
f 4709 4711 4712
f 4712 4710 4709
f 4711 4713 4714
f 4714 4712 4711
f 4715 4717 4718
f 4718 4716 4715
f 4717 4719 4720
f 4720 4718 4717
f 4719 4721 4722
f 4722 4720 4719
f 4721 4723 4724
f 4724 4722 4721
f 4723 4725 4726
f 4726 4724 4723
f 4725 4727 4728
f 4728 4726 4725
f 4727 4729 4730
f 4730 4728 4727
f 4729 4731 4732
f 4732 4730 4729
f 4731 4733 4734
f 4734 4732 4731
f 4733 4735 4736
f 4736 4734 4733
f 4735 4737 4738
f 4738 4736 4735
f 4737 4739 4740
f 4740 4738 4737
f 4739 4741 4742
f 4742 4740 4739
f 4741 4743 4744
f 4744 4742 4741
f 4743 4745 4746
f 4746 4744 4743
f 4745 4681 4684
f 4684 4746 4745
f 4713 4747 4748
f 4748 4714 4713
f 4747 4749 4750
f 4750 4748 4747
f 4749 4751 4752
f 4752 4750 4749
f 4751 4753 4754
f 4754 4752 4751
f 4753 4755 4756
f 4756 4754 4753
f 4755 4757 4758
f 4758 4756 4755
f 4757 4759 4760
f 4760 4758 4757
f 4759 4761 4762
f 4762 4760 4759
f 4761 4763 4764
f 4764 4762 4761
f 4763 4765 4766
f 4766 4764 4763
f 4765 4767 4768
f 4768 4766 4765
f 4767 4769 4770
f 4770 4768 4767
f 4769 4771 4772
f 4772 4770 4769
f 4771 4773 4774
f 4774 4772 4771
f 4773 4775 4776
f 4776 4774 4773
f 4775 4777 4778
f 4778 4776 4775
f 4777 4779 4780
f 4780 4778 4777
f 4779 4781 4782
f 4782 4780 4779
f 4781 4783 4784
f 4784 4782 4781
f 4783 4785 4786
f 4786 4784 4783
f 4785 4787 4788
f 4788 4786 4785
f 4787 4789 4790
f 4790 4788 4787
f 4789 4791 4792
f 4792 4790 4789
f 4791 4793 4794
f 4794 4792 4791
f 4793 4795 4796
f 4796 4794 4793
f 4795 4797 4798
f 4798 4796 4795
f 4797 4799 4800
f 4800 4798 4797
f 4799 4801 4802
f 4802 4800 4799
f 4801 4803 4804
f 4804 4802 4801
f 4803 4805 4806
f 4806 4804 4803
f 4805 4807 4808
f 4808 4806 4805
f 4807 4809 4810
f 4810 4808 4807
f 4841 4843 4844
f 4844 4842 4841
f 4843 4845 4846
f 4846 4844 4843
f 4845 4847 4848
f 4848 4846 4845
f 4847 4849 4850
f 4850 4848 4847
f 4849 4851 4852
f 4852 4850 4849
f 4851 4853 4854
f 4854 4852 4851
f 4853 4855 4856
f 4856 4854 4853
f 4855 4857 4858
f 4858 4856 4855
f 4857 4859 4860
f 4860 4858 4857
f 4859 4861 4862
f 4862 4860 4859
f 4861 4863 4864
f 4864 4862 4861
f 4863 4865 4866
f 4866 4864 4863
f 4865 4867 4868
f 4868 4866 4865
f 4867 4869 4870
f 4870 4868 4867
f 4869 4871 4872
f 4872 4870 4869
f 4871 4873 4874
f 4874 4872 4871
f 4809 4811 4812
f 4812 4810 4809
f 4811 4813 4814
f 4814 4812 4811
f 4813 4815 4816
f 4816 4814 4813
f 4815 4817 4818
f 4818 4816 4815
f 4817 4819 4820
f 4820 4818 4817
f 4819 4821 4822
f 4822 4820 4819
f 4821 4823 4824
f 4824 4822 4821
f 4823 4825 4826
f 4826 4824 4823
f 4825 4827 4828
f 4828 4826 4825
f 4827 4829 4830
f 4830 4828 4827
f 4829 4831 4832
f 4832 4830 4829
f 4831 4833 4834
f 4834 4832 4831
f 4833 4835 4836
f 4836 4834 4833
f 4835 4837 4838
f 4838 4836 4835
f 4837 4839 4840
f 4840 4838 4837
f 4839 4841 4842
f 4842 4840 4839
f 4873 4875 4876
f 4876 4874 4873
f 4875 4877 4878
f 4878 4876 4875
f 4877 4879 4880
f 4880 4878 4877
f 4879 4881 4882
f 4882 4880 4879
f 4881 4883 4884
f 4884 4882 4881
f 4883 4885 4886
f 4886 4884 4883
f 4885 4887 4888
f 4888 4886 4885
f 4887 4889 4890
f 4890 4888 4887
f 4889 4891 4892
f 4892 4890 4889
f 4891 4893 4894
f 4894 4892 4891
f 4893 4895 4896
f 4896 4894 4893
f 4895 4897 4898
f 4898 4896 4895
f 4897 4899 4900
f 4900 4898 4897
f 4899 4901 4902
f 4902 4900 4899
f 4901 4903 4904
f 4904 4902 4901
f 4903 4905 4906
f 4906 4904 4903
f 4905 4907 4908
f 4908 4906 4905
f 4907 4909 4910
f 4910 4908 4907
f 4909 4911 4912
f 4912 4910 4909
f 4911 4913 4914
f 4914 4912 4911
f 4913 4915 4916
f 4916 4914 4913
f 4915 4917 4918
f 4918 4916 4915
f 4917 4919 4920
f 4920 4918 4917
f 4919 4921 4922
f 4922 4920 4919
f 4921 4923 4924
f 4924 4922 4921
f 4923 4925 4926
f 4926 4924 4923
f 4925 4927 4928
f 4928 4926 4925
f 4927 4929 4930
f 4930 4928 4927
f 4929 4931 4932
f 4932 4930 4929
f 4931 4933 4934
f 4934 4932 4931
f 4933 4935 4936
f 4936 4934 4933
f 4935 4715 4716
f 4716 4936 4935
f 4882 4979 4980
f 4980 4880 4882
f 4880 4980 4981
f 4981 4878 4880
f 4878 4981 4982
f 4982 4876 4878
f 4876 4982 4983
f 4983 4874 4876
f 4874 4983 4984
f 4984 4872 4874
f 4872 4984 4985
f 4985 4870 4872
f 4870 4985 4986
f 4986 4868 4870
f 4868 4986 4987
f 4987 4866 4868
f 4866 4987 4988
f 4988 4864 4866
f 5043 5044 4756
f 4756 4758 5043
f 5042 5043 4758
f 4758 4760 5042
f 5041 5042 4760
f 4760 4762 5041
f 5040 5041 4762
f 4762 4764 5040
f 5039 5040 4764
f 4764 4766 5039
f 5038 5039 4766
f 4766 4768 5038
f 5037 5038 4768
f 4768 4770 5037
f 5036 5037 4770
f 4770 4772 5036
f 5035 5036 4772
f 4772 4774 5035
f 5034 5035 4774
f 4774 4776 5034
f 5033 5034 4776
f 4776 4778 5033
f 5032 5033 4778
f 4778 4780 5032
f 5031 5032 4780
f 4780 4782 5031
f 5030 5031 4782
f 4782 4784 5030
f 5029 5030 4784
f 4784 4786 5029
f 5028 5029 4786
f 4786 4788 5028
f 5027 5028 4788
f 4788 4790 5027
f 5026 5027 4790
f 4790 4792 5026
f 5025 5026 4792
f 4792 4794 5025
f 5024 5025 4794
f 4794 4796 5024
f 5023 5024 4796
f 4796 4798 5023
f 5022 5023 4798
f 4798 4800 5022
f 5021 5022 4800
f 4800 4802 5021
f 5020 5021 4802
f 4802 4804 5020
f 5019 5020 4804
f 4804 4806 5019
f 5018 5019 4806
f 4806 4808 5018
f 5017 5018 4808
f 4808 4810 5017
f 5016 5017 4810
f 4810 4812 5016
f 5015 5016 4812
f 4812 4814 5015
f 5014 5015 4814
f 4814 4816 5014
f 5013 5014 4816
f 4816 4818 5013
f 5012 5013 4818
f 4818 5011 5012
f 4864 4988 4989
f 4989 4862 4864
f 4862 4989 4990
f 4990 4860 4862
f 4860 4990 4991
f 4991 4858 4860
f 4858 4991 4992
f 4992 4856 4858
f 4856 4992 4993
f 4993 4854 4856
f 4854 4993 4994
f 4994 4852 4854
f 4852 4994 4995
f 4995 4850 4852
f 4850 4995 4996
f 4996 4848 4850
f 4848 4996 4997
f 4997 4846 4848
f 4846 4997 4998
f 4998 4844 4846
f 4844 4998 4999
f 4999 4842 4844
f 4842 4999 5000
f 5000 4840 4842
f 4840 5000 5001
f 5001 4838 4840
f 4838 5001 5002
f 5002 4836 4838
f 4836 5002 5003
f 5003 4834 4836
f 4834 5003 5004
f 5004 4832 4834
f 4832 5004 5005
f 5005 4830 4832
f 4830 5005 5006
f 5006 4828 4830
f 4828 5006 5007
f 5007 4826 4828
f 4826 5007 5008
f 5008 4824 4826
f 4824 5008 5009
f 5009 4822 4824
f 4822 5009 5010
f 5010 4820 4822
f 4820 5010 5011
f 5011 4818 4820
f 4746 4684 4683
f 4683 5064 4746
f 4746 5064 4938
f 4938 4744 4746
f 5063 5064 4683
f 4683 4686 5063
f 4744 4938 4937
f 4937 4742 4744
f 5062 5063 4686
f 4686 4688 5062
f 4742 4937 4939
f 4939 4740 4742
f 5061 5062 4688
f 4688 4690 5061
f 4740 4939 4940
f 4940 4738 4740
f 4738 4940 4941
f 4941 4736 4738
f 4736 4941 4942
f 4942 4734 4736
f 4734 4942 4943
f 4943 4732 4734
f 4732 4943 4944
f 4944 4730 4732
f 4730 4944 4945
f 4945 4728 4730
f 4728 4945 4946
f 4946 4726 4728
f 4726 4946 4947
f 4947 4724 4726
f 4724 4947 4948
f 4948 4722 4724
f 4722 4948 4949
f 4949 4720 4722
f 4720 4949 4950
f 4950 4718 4720
f 4718 4950 4951
f 4951 4716 4718
f 5060 5061 4690
f 4690 4692 5060
f 5059 5060 4692
f 4692 4694 5059
f 5058 5059 4694
f 4694 4696 5058
f 5057 5058 4696
f 4696 4698 5057
f 5056 5057 4698
f 4698 4700 5056
f 5055 5056 4700
f 4700 4702 5055
f 5054 5055 4702
f 4702 4704 5054
f 5053 5054 4704
f 4704 4706 5053
f 5052 5053 4706
f 4706 4708 5052
f 5051 5052 4708
f 4708 4710 5051
f 5050 5051 4710
f 4710 4712 5050
f 5049 5050 4712
f 4712 4714 5049
f 4716 4951 4952
f 4952 4936 4716
f 5048 5049 4714
f 4714 4748 5048
f 4936 4952 4953
f 4953 4934 4936
f 5047 5048 4748
f 4748 4750 5047
f 5046 5047 4750
f 4750 4752 5046
f 4934 4953 4954
f 4954 4932 4934
f 4932 4954 4955
f 4955 4930 4932
f 5045 5046 4752
f 4752 4754 5045
f 4930 4955 4956
f 4956 4928 4930
f 5044 5045 4754
f 4754 4756 5044
f 4928 4956 4957
f 4957 4926 4928
f 4926 4957 4958
f 4958 4924 4926
f 4924 4958 4959
f 4959 4922 4924
f 4922 4959 4960
f 4960 4920 4922
f 4920 4960 4961
f 4961 4918 4920
f 4918 4961 4962
f 4962 4916 4918
f 4916 4962 4963
f 4963 4914 4916
f 4914 4963 4964
f 4964 4912 4914
f 4912 4964 4965
f 4965 4910 4912
f 4910 4965 4966
f 4966 4908 4910
f 4908 4966 4967
f 4967 4906 4908
f 4906 4967 4968
f 4968 4904 4906
f 4904 4968 4969
f 4969 4902 4904
f 4902 4969 4970
f 4970 4900 4902
f 4900 4970 4971
f 4971 4898 4900
f 4898 4971 4972
f 4972 4896 4898
f 4896 4972 4973
f 4973 4894 4896
f 4894 4973 4974
f 4974 4892 4894
f 4892 4974 4975
f 4975 4890 4892
f 4890 4975 4976
f 4976 4888 4890
f 4888 4976 4977
f 4977 4886 4888
f 4886 4977 4978
f 4978 4884 4886
f 4884 4978 4979
f 4979 4882 4884
f 4745 5065 5192
f 5192 4681 4745
f 5192 5191 4682
f 4682 4681 5192
f 4743 5066 5065
f 5065 4745 4743
f 5191 5190 4685
f 4685 4682 5191
f 4741 5067 5066
f 5066 4743 4741
f 5190 5189 4687
f 4687 4685 5190
f 4739 5068 5067
f 5067 4741 4739
f 4737 5069 5068
f 5068 4739 4737
f 4735 5070 5069
f 5069 4737 4735
f 4733 5071 5070
f 5070 4735 4733
f 4731 5072 5071
f 5071 4733 4731
f 4729 5073 5072
f 5072 4731 4729
f 4727 5074 5073
f 5073 4729 4727
f 4725 5075 5074
f 5074 4727 4725
f 4723 5076 5075
f 5075 4725 4723
f 4721 5077 5076
f 5076 4723 4721
f 4719 5078 5077
f 5077 4721 4719
f 4717 5079 5078
f 5078 4719 4717
f 5189 5188 4689
f 4689 4687 5189
f 5188 5187 4691
f 4691 4689 5188
f 5187 5186 4693
f 4693 4691 5187
f 5186 5185 4695
f 4695 4693 5186
f 5185 5184 4697
f 4697 4695 5185
f 5184 5183 4699
f 4699 4697 5184
f 5183 5182 4701
f 4701 4699 5183
f 5182 5181 4703
f 4703 4701 5182
f 5181 5180 4705
f 4705 4703 5181
f 5180 5179 4707
f 4707 4705 5180
f 5179 5178 4709
f 4709 4707 5179
f 5178 5177 4711
f 4711 4709 5178
f 4715 5080 5079
f 5079 4717 4715
f 5177 5176 4713
f 4713 4711 5177
f 4935 5081 5080
f 5080 4715 4935
f 5176 5175 4747
f 4747 4713 5176
f 5175 5174 4749
f 4749 4747 5175
f 4933 5082 5081
f 5081 4935 4933
f 4931 5083 5082
f 5082 4933 4931
f 5174 5173 4751
f 4751 4749 5174
f 4929 5084 5083
f 5083 4931 4929
f 5173 5172 4753
f 4753 4751 5173
f 4927 5085 5084
f 5084 4929 4927
f 4925 5086 5085
f 5085 4927 4925
f 4923 5087 5086
f 5086 4925 4923
f 4921 5088 5087
f 5087 4923 4921
f 4919 5089 5088
f 5088 4921 4919
f 4917 5090 5089
f 5089 4919 4917
f 4915 5091 5090
f 5090 4917 4915
f 4913 5092 5091
f 5091 4915 4913
f 4911 5093 5092
f 5092 4913 4911
f 4909 5094 5093
f 5093 4911 4909
f 4907 5095 5094
f 5094 4909 4907
f 4905 5096 5095
f 5095 4907 4905
f 4903 5097 5096
f 5096 4905 4903
f 4901 5098 5097
f 5097 4903 4901
f 4899 5099 5098
f 5098 4901 4899
f 4897 5100 5099
f 5099 4899 4897
f 4895 5101 5100
f 5100 4897 4895
f 4893 5102 5101
f 5101 4895 4893
f 4891 5103 5102
f 5102 4893 4891
f 4889 5104 5103
f 5103 4891 4889
f 4887 5105 5104
f 5104 4889 4887
f 4885 5106 5105
f 5105 4887 4885
f 4883 5107 5106
f 5106 4885 4883
f 4881 5108 5107
f 5107 4883 4881
f 4879 5109 5108
f 5108 4881 4879
f 4877 5110 5109
f 5109 4879 4877
f 4875 5111 5110
f 5110 4877 4875
f 4873 5112 5111
f 5111 4875 4873
f 4871 5113 5112
f 5112 4873 4871
f 4869 5114 5113
f 5113 4871 4869
f 4867 5115 5114
f 5114 4869 4867
f 4865 5116 5115
f 5115 4867 4865
f 5172 5171 4755
f 4755 4753 5172
f 5171 5170 4757
f 4757 4755 5171
f 5170 5169 4759
f 4759 4757 5170
f 5169 5168 4761
f 4761 4759 5169
f 5168 5167 4763
f 4763 4761 5168
f 5167 5166 4765
f 4765 4763 5167
f 5166 5165 4767
f 4767 4765 5166
f 5165 5164 4769
f 4769 4767 5165
f 5164 5163 4771
f 4771 4769 5164
f 5163 5162 4773
f 4773 4771 5163
f 5162 5161 4775
f 4775 4773 5162
f 5161 5160 4777
f 4777 4775 5161
f 5160 5159 4779
f 4779 4777 5160
f 5159 5158 4781
f 4781 4779 5159
f 5158 5157 4783
f 4783 4781 5158
f 5157 5156 4785
f 4785 4783 5157
f 5156 5155 4787
f 4787 4785 5156
f 5155 5154 4789
f 4789 4787 5155
f 5154 5153 4791
f 4791 4789 5154
f 5153 5152 4793
f 4793 4791 5153
f 5152 5151 4795
f 4795 4793 5152
f 5151 5150 4797
f 4797 4795 5151
f 5150 5149 4799
f 4799 4797 5150
f 5149 5148 4801
f 4801 4799 5149
f 5148 5147 4803
f 4803 4801 5148
f 5147 5146 4805
f 4805 4803 5147
f 5146 5145 4807
f 4807 4805 5146
f 5145 5144 4809
f 4809 4807 5145
f 5144 5143 4811
f 4811 4809 5144
f 5143 5142 4813
f 4813 4811 5143
f 5142 5141 4815
f 4815 4813 5142
f 5141 5140 4817
f 4817 4815 5141
f 4863 5117 5116
f 5116 4865 4863
f 4861 5118 5117
f 5117 4863 4861
f 4859 5119 5118
f 5118 4861 4859
f 4857 5120 5119
f 5119 4859 4857
f 4855 5121 5120
f 5120 4857 4855
f 4853 5122 5121
f 5121 4855 4853
f 4851 5123 5122
f 5122 4853 4851
f 4849 5124 5123
f 5123 4851 4849
f 4847 5125 5124
f 5124 4849 4847
f 4845 5126 5125
f 5125 4847 4845
f 4843 5127 5126
f 5126 4845 4843
f 4841 5128 5127
f 5127 4843 4841
f 4839 5129 5128
f 5128 4841 4839
f 4837 5130 5129
f 5129 4839 4837
f 4835 5131 5130
f 5130 4837 4835
f 4833 5132 5131
f 5131 4835 4833
f 4831 5133 5132
f 5132 4833 4831
f 4829 5134 5133
f 5133 4831 4829
f 4827 5135 5134
f 5134 4829 4827
f 4825 5136 5135
f 5135 4827 4825
f 4823 5137 5136
f 5136 4825 4823
f 4821 5138 5137
f 5137 4823 4821
f 4819 5139 5138
f 5138 4821 4819
f 4817 5140 5139
f 5139 4819 4817
f 5065 5066 4937
f 4937 4938 5065
f 5066 5067 4939
f 4939 4937 5066
f 5067 5068 4940
f 4940 4939 5067
f 5068 5069 4941
f 4941 4940 5068
f 5069 5070 4942
f 4942 4941 5069
f 5070 5071 4943
f 4943 4942 5070
f 5071 5072 4944
f 4944 4943 5071
f 5072 5073 4945
f 4945 4944 5072
f 5073 5074 4946
f 4946 4945 5073
f 5074 5075 4947
f 4947 4946 5074
f 5075 5076 4948
f 4948 4947 5075
f 5076 5077 4949
f 4949 4948 5076
f 5077 5078 4950
f 4950 4949 5077
f 5078 5079 4951
f 4951 4950 5078
f 5079 5080 4952
f 4952 4951 5079
f 5176 5177 5049
f 5049 5048 5176
f 5177 5178 5050
f 5050 5049 5177
f 5178 5179 5051
f 5051 5050 5178
f 5179 5180 5052
f 5052 5051 5179
f 5180 5181 5053
f 5053 5052 5180
f 5181 5182 5054
f 5054 5053 5181
f 5182 5183 5055
f 5055 5054 5182
f 5183 5184 5056
f 5056 5055 5183
f 5184 5185 5057
f 5057 5056 5184
f 5185 5186 5058
f 5058 5057 5185
f 5186 5187 5059
f 5059 5058 5186
f 5187 5188 5060
f 5060 5059 5187
f 5188 5189 5061
f 5061 5060 5188
f 5189 5190 5062
f 5062 5061 5189
f 5190 5191 5063
f 5063 5062 5190
f 5191 5192 5064
f 5064 5063 5191
f 5192 5065 4938
f 4938 5064 5192
f 5080 5081 4953
f 4953 4952 5080
f 5081 5082 4954
f 4954 4953 5081
f 5082 5083 4955
f 4955 4954 5082
f 5083 5084 4956
f 4956 4955 5083
f 5084 5085 4957
f 4957 4956 5084
f 5085 5086 4958
f 4958 4957 5085
f 5086 5087 4959
f 4959 4958 5086
f 5087 5088 4960
f 4960 4959 5087
f 5088 5089 4961
f 4961 4960 5088
f 5089 5090 4962
f 4962 4961 5089
f 5090 5091 4963
f 4963 4962 5090
f 5091 5092 4964
f 4964 4963 5091
f 5092 5093 4965
f 4965 4964 5092
f 5093 5094 4966
f 4966 4965 5093
f 5094 5095 4967
f 4967 4966 5094
f 5095 5096 4968
f 4968 4967 5095
f 5096 5097 4969
f 4969 4968 5096
f 5097 5098 4970
f 4970 4969 5097
f 5098 5099 4971
f 4971 4970 5098
f 5099 5100 4972
f 4972 4971 5099
f 5100 5101 4973
f 4973 4972 5100
f 5101 5102 4974
f 4974 4973 5101
f 5102 5103 4975
f 4975 4974 5102
f 5103 5104 4976
f 4976 4975 5103
f 5104 5105 4977
f 4977 4976 5104
f 5105 5106 4978
f 4978 4977 5105
f 5106 5107 4979
f 4979 4978 5106
f 5107 5108 4980
f 4980 4979 5107
f 5108 5109 4981
f 4981 4980 5108
f 5109 5110 4982
f 4982 4981 5109
f 5110 5111 4983
f 4983 4982 5110
f 5111 5112 4984
f 4984 4983 5111
f 5129 5130 5002
f 5002 5001 5129
f 5130 5131 5003
f 5003 5002 5130
f 5131 5132 5004
f 5004 5003 5131
f 5132 5133 5005
f 5005 5004 5132
f 5133 5134 5006
f 5006 5005 5133
f 5134 5135 5007
f 5007 5006 5134
f 5135 5136 5008
f 5008 5007 5135
f 5136 5137 5009
f 5009 5008 5136
f 5137 5138 5010
f 5010 5009 5137
f 5138 5139 5011
f 5011 5010 5138
f 5139 5140 5012
f 5012 5011 5139
f 5140 5141 5013
f 5013 5012 5140
f 5141 5142 5014
f 5014 5013 5141
f 5142 5143 5015
f 5015 5014 5142
f 5143 5144 5016
f 5016 5015 5143
f 5112 5113 4985
f 4985 4984 5112
f 5113 5114 4986
f 4986 4985 5113
f 5114 5115 4987
f 4987 4986 5114
f 5115 5116 4988
f 4988 4987 5115
f 5116 5117 4989
f 4989 4988 5116
f 5117 5118 4990
f 4990 4989 5117
f 5118 5119 4991
f 4991 4990 5118
f 5119 5120 4992
f 4992 4991 5119
f 5120 5121 4993
f 4993 4992 5120
f 5121 5122 4994
f 4994 4993 5121
f 5122 5123 4995
f 4995 4994 5122
f 5123 5124 4996
f 4996 4995 5123
f 5124 5125 4997
f 4997 4996 5124
f 5125 5126 4998
f 4998 4997 5125
f 5126 5127 4999
f 4999 4998 5126
f 5127 5128 5000
f 5000 4999 5127
f 5128 5129 5001
f 5001 5000 5128
f 5144 5145 5017
f 5017 5016 5144
f 5145 5146 5018
f 5018 5017 5145
f 5146 5147 5019
f 5019 5018 5146
f 5147 5148 5020
f 5020 5019 5147
f 5148 5149 5021
f 5021 5020 5148
f 5149 5150 5022
f 5022 5021 5149
f 5150 5151 5023
f 5023 5022 5150
f 5151 5152 5024
f 5024 5023 5151
f 5152 5153 5025
f 5025 5024 5152
f 5153 5154 5026
f 5026 5025 5153
f 5154 5155 5027
f 5027 5026 5154
f 5155 5156 5028
f 5028 5027 5155
f 5156 5157 5029
f 5029 5028 5156
f 5157 5158 5030
f 5030 5029 5157
f 5158 5159 5031
f 5031 5030 5158
f 5159 5160 5032
f 5032 5031 5159
f 5160 5161 5033
f 5033 5032 5160
f 5161 5162 5034
f 5034 5033 5161
f 5162 5163 5035
f 5035 5034 5162
f 5163 5164 5036
f 5036 5035 5163
f 5164 5165 5037
f 5037 5036 5164
f 5165 5166 5038
f 5038 5037 5165
f 5166 5167 5039
f 5039 5038 5166
f 5167 5168 5040
f 5040 5039 5167
f 5168 5169 5041
f 5041 5040 5168
f 5169 5170 5042
f 5042 5041 5169
f 5170 5171 5043
f 5043 5042 5170
f 5171 5172 5044
f 5044 5043 5171
f 5172 5173 5045
f 5045 5044 5172
f 5173 5174 5046
f 5046 5045 5173
f 5174 5175 5047
f 5047 5046 5174
f 5175 5176 5048
f 5048 5047 5175
f 5193 5194 5195
f 5195 5196 5193
f 5193 5230 5229
f 5193 5229 5228
f 5193 5228 5227
f 5193 5227 5226
f 5193 5226 5225
f 5193 5225 5224
f 5193 5224 5223
f 5193 5223 5222
f 5193 5222 5221
f 5193 5221 5220
f 5193 5220 5219
f 5193 5219 5218
f 5193 5218 5217
f 5193 5217 5216
f 5193 5216 5096
f 5193 5096 5215
f 5193 5215 5214
f 5193 5214 5213
f 5193 5213 5212
f 5193 5212 5211
f 5193 5211 5210
f 5193 5210 5209
f 5193 5209 5208
f 5193 5208 5207
f 5193 5207 5206
f 5193 5206 5205
f 5193 5205 5204
f 5193 5204 5203
f 5193 5203 5202
f 5193 5202 5201
f 5193 5201 5200
f 5193 5200 5199
f 5193 5199 5198
f 5193 5198 5197
f 5193 5197 5194
f 5194 5197 5231
f 5231 5195 5194
f 5197 5198 5232
f 5232 5231 5197
f 5198 5199 5233
f 5233 5232 5198
f 5199 5200 5234
f 5234 5233 5199
f 5200 5201 5235
f 5235 5234 5200
f 5201 5202 5236
f 5236 5235 5201
f 5202 5203 5237
f 5237 5236 5202
f 5203 5204 5238
f 5238 5237 5203
f 5204 5205 5239
f 5239 5238 5204
f 5205 5206 5240
f 5240 5239 5205
f 5206 5207 5241
f 5241 5240 5206
f 5207 5208 5242
f 5242 5241 5207
f 5208 5209 5243
f 5243 5242 5208
f 5209 5210 5244
f 5244 5243 5209
f 5210 5211 5245
f 5245 5244 5210
f 5211 5212 5246
f 5246 5245 5211
f 5212 5213 5247
f 5247 5246 5212
f 5213 5214 5248
f 5248 5247 5213
f 5214 5215 5249
f 5249 5248 5214
f 5215 5096 5250
f 5250 5249 5215
f 5096 5216 5251
f 5251 5250 5096
f 5216 5217 5252
f 5252 5251 5216
f 5217 5218 5253
f 5253 5252 5217
f 5218 5219 5254
f 5254 5253 5218
f 5219 5220 5255
f 5255 5254 5219
f 5220 5221 5256
f 5256 5255 5220
f 5221 5222 5257
f 5257 5256 5221
f 5222 5223 5258
f 5258 5257 5222
f 5223 5224 5259
f 5259 5258 5223
f 5224 5225 5260
f 5260 5259 5224
f 5225 5226 5261
f 5261 5260 5225
f 5226 5227 5262
f 5262 5261 5226
f 5227 5228 5263
f 5263 5262 5227
f 5228 5229 5264
f 5264 5263 5228
f 5229 5230 5265
f 5265 5264 5229
f 5230 5193 5196
f 5196 5265 5230
f 5196 5249 5250
f 5196 5250 5251
f 5196 5251 5252
f 5196 5252 5253
f 5196 5253 5254
f 5196 5254 5255
f 5196 5255 5256
f 5196 5256 5257
f 5196 5257 5258
f 5196 5258 5259
f 5196 5259 5260
f 5196 5260 5261
f 5196 5261 5262
f 5196 5262 5263
f 5196 5263 5264
f 5196 5264 5265
f 5196 5195 5231
f 5196 5231 5232
f 5196 5232 5233
f 5196 5233 5234
f 5196 5234 5235
f 5196 5235 5236
f 5196 5236 5237
f 5196 5237 5238
f 5196 5238 5239
f 5196 5239 5240
f 5196 5240 5241
f 5196 5241 5242
f 5196 5242 5243
f 5196 5243 5244
f 5196 5244 5245
f 5196 5245 5246
f 5196 5246 5247
f 5196 5247 5248
f 5196 5248 5249
f 5316 5318 5319
f 5319 5317 5316
f 5318 5320 5321
f 5321 5319 5318
f 5320 5322 5323
f 5323 5321 5320
f 5322 5324 5325
f 5325 5323 5322
f 5324 5326 5327
f 5327 5325 5324
f 5326 5328 5329
f 5329 5327 5326
f 5328 5330 5331
f 5331 5329 5328
f 5330 5266 5269
f 5269 5331 5330
f 5266 5267 5268
f 5268 5269 5266
f 5267 5270 5271
f 5271 5268 5267
f 5270 5272 5273
f 5273 5271 5270
f 5272 5274 5275
f 5275 5273 5272
f 5274 5276 5277
f 5277 5275 5274
f 5276 5278 5279
f 5279 5277 5276
f 5278 5280 5281
f 5281 5279 5278
f 5280 5282 5283
f 5283 5281 5280
f 5282 5284 5285
f 5285 5283 5282
f 5284 5286 5287
f 5287 5285 5284
f 5286 5288 5289
f 5289 5287 5286
f 5288 5290 5291
f 5291 5289 5288
f 5290 5292 5293
f 5293 5291 5290
f 5292 5294 5295
f 5295 5293 5292
f 5294 5296 5297
f 5297 5295 5294
f 5296 5298 5299
f 5299 5297 5296
f 5300 5302 5303
f 5303 5301 5300
f 5302 5304 5305
f 5305 5303 5302
f 5304 5306 5307
f 5307 5305 5304
f 5306 5308 5309
f 5309 5307 5306
f 5308 5310 5311
f 5311 5309 5308
f 5310 5312 5313
f 5313 5311 5310
f 5312 5314 5315
f 5315 5313 5312
f 5314 5316 5317
f 5317 5315 5314
f 5298 5332 5333
f 5333 5299 5298
f 5332 5334 5335
f 5335 5333 5332
f 5334 5336 5337
f 5337 5335 5334
f 5336 5338 5339
f 5339 5337 5336
f 5338 5340 5341
f 5341 5339 5338
f 5340 5342 5343
f 5343 5341 5340
f 5342 5344 5345
f 5345 5343 5342
f 5344 5346 5347
f 5347 5345 5344
f 5346 5348 5349
f 5349 5347 5346
f 5348 5350 5351
f 5351 5349 5348
f 5350 5352 5353
f 5353 5351 5350
f 5352 5354 5355
f 5355 5353 5352
f 5354 5356 5357
f 5357 5355 5354
f 5356 5358 5359
f 5359 5357 5356
f 5358 5360 5361
f 5361 5359 5358
f 5360 5362 5363
f 5363 5361 5360
f 5362 5364 5365
f 5365 5363 5362
f 5364 5366 5367
f 5367 5365 5364
f 5366 5368 5369
f 5369 5367 5366
f 5368 5370 5371
f 5371 5369 5368
f 5370 5372 5373
f 5373 5371 5370
f 5372 5374 5375
f 5375 5373 5372
f 5374 5376 5377
f 5377 5375 5374
f 5376 5378 5379
f 5379 5377 5376
f 5378 5380 5381
f 5381 5379 5378
f 5380 5382 5383
f 5383 5381 5380
f 5382 5384 5385
f 5385 5383 5382
f 5384 5386 5387
f 5387 5385 5384
f 5386 5388 5389
f 5389 5387 5386
f 5388 5390 5391
f 5391 5389 5388
f 5390 5392 5393
f 5393 5391 5390
f 5392 5394 5395
f 5395 5393 5392
f 5410 5412 5413
f 5413 5411 5410
f 5412 5414 5415
f 5415 5413 5412
f 5414 5416 5417
f 5417 5415 5414
f 5416 5418 5419
f 5419 5417 5416
f 5418 5420 5421
f 5421 5419 5418
f 5420 5422 5423
f 5423 5421 5420
f 5422 5424 5425
f 5425 5423 5422
f 5424 5426 5427
f 5427 5425 5424
f 5426 5428 5429
f 5429 5427 5426
f 5428 5430 5431
f 5431 5429 5428
f 5430 5432 5433
f 5433 5431 5430
f 5432 5434 5435
f 5435 5433 5432
f 5434 5436 5437
f 5437 5435 5434
f 5436 5438 5439
f 5439 5437 5436
f 5438 5440 5441
f 5441 5439 5438
f 5440 5442 5443
f 5443 5441 5440
f 5442 5444 5445
f 5445 5443 5442
f 5444 5446 5447
f 5447 5445 5444
f 5446 5448 5449
f 5449 5447 5446
f 5448 5450 5451
f 5451 5449 5448
f 5450 5452 5453
f 5453 5451 5450
f 5452 5454 5455
f 5455 5453 5452
f 5454 5456 5457
f 5457 5455 5454
f 5456 5458 5459
f 5459 5457 5456
f 5394 5396 5397
f 5397 5395 5394
f 5396 5398 5399
f 5399 5397 5396
f 5398 5400 5401
f 5401 5399 5398
f 5400 5402 5403
f 5403 5401 5400
f 5402 5404 5405
f 5405 5403 5402
f 5404 5406 5407
f 5407 5405 5404
f 5406 5408 5409
f 5409 5407 5406
f 5408 5410 5411
f 5411 5409 5408
f 5458 5460 5461
f 5461 5459 5458
f 5460 5462 5463
f 5463 5461 5460
f 5462 5464 5465
f 5465 5463 5462
f 5464 5466 5467
f 5467 5465 5464
f 5466 5468 5469
f 5469 5467 5466
f 5468 5470 5471
f 5471 5469 5468
f 5470 5472 5473
f 5473 5471 5470
f 5472 5474 5475
f 5475 5473 5472
f 5474 5476 5477
f 5477 5475 5474
f 5476 5478 5479
f 5479 5477 5476
f 5478 5480 5481
f 5481 5479 5478
f 5480 5482 5483
f 5483 5481 5480
f 5482 5484 5485
f 5485 5483 5482
f 5484 5486 5487
f 5487 5485 5484
f 5486 5488 5489
f 5489 5487 5486
f 5488 5490 5491
f 5491 5489 5488
f 5490 5492 5493
f 5493 5491 5490
f 5492 5494 5495
f 5495 5493 5492
f 5494 5496 5497
f 5497 5495 5494
f 5496 5498 5499
f 5499 5497 5496
f 5498 5500 5501
f 5501 5499 5498
f 5500 5502 5503
f 5503 5501 5500
f 5502 5504 5505
f 5505 5503 5502
f 5504 5506 5507
f 5507 5505 5504
f 5506 5508 5509
f 5509 5507 5506
f 5508 5510 5511
f 5511 5509 5508
f 5510 5512 5513
f 5513 5511 5510
f 5512 5514 5515
f 5515 5513 5512
f 5514 5516 5517
f 5517 5515 5514
f 5516 5518 5519
f 5519 5517 5516
f 5518 5520 5521
f 5521 5519 5518
f 5520 5300 5301
f 5301 5521 5520
f 5331 5269 5268
f 5268 5649 5331
f 5331 5649 5523
f 5523 5329 5331
f 5648 5649 5268
f 5268 5271 5648
f 5329 5523 5522
f 5522 5327 5329
f 5647 5648 5271
f 5271 5273 5647
f 5327 5522 5524
f 5524 5325 5327
f 5646 5647 5273
f 5273 5275 5646
f 5325 5524 5525
f 5525 5323 5325
f 5323 5525 5526
f 5526 5321 5323
f 5321 5526 5527
f 5527 5319 5321
f 5319 5527 5528
f 5528 5317 5319
f 5317 5528 5529
f 5529 5315 5317
f 5315 5529 5530
f 5530 5313 5315
f 5313 5530 5531
f 5531 5311 5313
f 5311 5531 5532
f 5532 5309 5311
f 5309 5532 5533
f 5533 5307 5309
f 5307 5533 5534
f 5534 5305 5307
f 5305 5534 5535
f 5535 5303 5305
f 5303 5535 5536
f 5536 5301 5303
f 5645 5646 5275
f 5275 5277 5645
f 5644 5645 5277
f 5277 5279 5644
f 5643 5644 5279
f 5279 5281 5643
f 5642 5643 5281
f 5281 5283 5642
f 5641 5642 5283
f 5283 5285 5641
f 5640 5641 5285
f 5285 5287 5640
f 5639 5640 5287
f 5287 5289 5639
f 5638 5639 5289
f 5289 5291 5638
f 5637 5638 5291
f 5291 5293 5637
f 5636 5637 5293
f 5293 5295 5636
f 5635 5636 5295
f 5295 5297 5635
f 5634 5635 5297
f 5297 5299 5634
f 5301 5536 5537
f 5537 5521 5301
f 5633 5634 5299
f 5299 5333 5633
f 5521 5537 5538
f 5538 5519 5521
f 5632 5633 5333
f 5333 5335 5632
f 5631 5632 5335
f 5335 5337 5631
f 5519 5538 5539
f 5539 5517 5519
f 5517 5539 5540
f 5540 5515 5517
f 5630 5631 5337
f 5337 5339 5630
f 5515 5540 5541
f 5541 5513 5515
f 5629 5630 5339
f 5339 5341 5629
f 5513 5541 5542
f 5542 5511 5513
f 5511 5542 5543
f 5543 5509 5511
f 5509 5543 5544
f 5544 5507 5509
f 5507 5544 5545
f 5545 5505 5507
f 5505 5545 5546
f 5546 5503 5505
f 5503 5546 5547
f 5547 5501 5503
f 5501 5547 5548
f 5548 5499 5501
f 5499 5548 5549
f 5549 5497 5499
f 5497 5549 5550
f 5550 5495 5497
f 5495 5550 5551
f 5551 5493 5495
f 5493 5551 5552
f 5552 5491 5493
f 5491 5552 5553
f 5553 5489 5491
f 5489 5553 5554
f 5554 5487 5489
f 5487 5554 5555
f 5555 5485 5487
f 5485 5555 5556
f 5556 5483 5485
f 5483 5556 5557
f 5557 5481 5483
f 5481 5557 5558
f 5558 5479 5481
f 5479 5558 5559
f 5559 5477 5479
f 5477 5559 5560
f 5560 5475 5477
f 5475 5560 5561
f 5561 5473 5475
f 5473 5561 5562
f 5562 5471 5473
f 5471 5562 5563
f 5563 5469 5471
f 5469 5563 5564
f 5564 5467 5469
f 5467 5564 5565
f 5565 5465 5467
f 5465 5565 5566
f 5566 5463 5465
f 5463 5566 5567
f 5567 5461 5463
f 5461 5567 5568
f 5568 5459 5461
f 5459 5568 5569
f 5569 5457 5459
f 5457 5569 5570
f 5570 5455 5457
f 5455 5570 5571
f 5571 5453 5455
f 5453 5571 5572
f 5572 5451 5453
f 5451 5572 5573
f 5573 5449 5451
f 5628 5629 5341
f 5341 5343 5628
f 5627 5628 5343
f 5343 5345 5627
f 5626 5627 5345
f 5345 5347 5626
f 5625 5626 5347
f 5347 5349 5625
f 5624 5625 5349
f 5349 5351 5624
f 5623 5624 5351
f 5351 5353 5623
f 5622 5623 5353
f 5353 5355 5622
f 5621 5622 5355
f 5355 5357 5621
f 5620 5621 5357
f 5357 5359 5620
f 5619 5620 5359
f 5359 5361 5619
f 5618 5619 5361
f 5361 5363 5618
f 5617 5618 5363
f 5363 5365 5617
f 5616 5617 5365
f 5365 5367 5616
f 5615 5616 5367
f 5367 5369 5615
f 5614 5615 5369
f 5369 5371 5614
f 5613 5614 5371
f 5371 5373 5613
f 5612 5613 5373
f 5373 5375 5612
f 5611 5612 5375
f 5375 5377 5611
f 5610 5611 5377
f 5377 5379 5610
f 5609 5610 5379
f 5379 5381 5609
f 5608 5609 5381
f 5381 5383 5608
f 5607 5608 5383
f 5383 5385 5607
f 5606 5607 5385
f 5385 5387 5606
f 5605 5606 5387
f 5387 5389 5605
f 5604 5605 5389
f 5389 5391 5604
f 5603 5604 5391
f 5391 5393 5603
f 5602 5603 5393
f 5393 5395 5602
f 5601 5602 5395
f 5395 5397 5601
f 5600 5601 5397
f 5397 5399 5600
f 5599 5600 5399
f 5399 5401 5599
f 5598 5599 5401
f 5401 5403 5598
f 5597 5598 5403
f 5403 5596 5597
f 5449 5573 5574
f 5574 5447 5449
f 5447 5574 5575
f 5575 5445 5447
f 5445 5575 5576
f 5576 5443 5445
f 5443 5576 5577
f 5577 5441 5443
f 5441 5577 5578
f 5578 5439 5441
f 5439 5578 5579
f 5579 5437 5439
f 5437 5579 5580
f 5580 5435 5437
f 5435 5580 5581
f 5581 5433 5435
f 5433 5581 5582
f 5582 5431 5433
f 5431 5582 5583
f 5583 5429 5431
f 5429 5583 5584
f 5584 5427 5429
f 5427 5584 5585
f 5585 5425 5427
f 5425 5585 5586
f 5586 5423 5425
f 5423 5586 5587
f 5587 5421 5423
f 5421 5587 5588
f 5588 5419 5421
f 5419 5588 5589
f 5589 5417 5419
f 5417 5589 5590
f 5590 5415 5417
f 5415 5590 5591
f 5591 5413 5415
f 5413 5591 5592
f 5592 5411 5413
f 5411 5592 5593
f 5593 5409 5411
f 5409 5593 5594
f 5594 5407 5409
f 5407 5594 5595
f 5595 5405 5407
f 5405 5595 5596
f 5596 5403 5405
f 5416 5718 5717
f 5717 5418 5416
f 5414 5719 5718
f 5718 5416 5414
f 5412 5720 5719
f 5719 5414 5412
f 5410 5721 5720
f 5720 5412 5410
f 5408 5722 5721
f 5721 5410 5408
f 5406 5723 5722
f 5722 5408 5406
f 5404 5724 5723
f 5723 5406 5404
f 5402 5725 5724
f 5724 5404 5402
f 5330 5650 5777
f 5777 5266 5330
f 5777 5776 5267
f 5267 5266 5777
f 5328 5651 5650
f 5650 5330 5328
f 5776 5775 5270
f 5270 5267 5776
f 5326 5652 5651
f 5651 5328 5326
f 5775 5774 5272
f 5272 5270 5775
f 5324 5653 5652
f 5652 5326 5324
f 5322 5654 5653
f 5653 5324 5322
f 5320 5655 5654
f 5654 5322 5320
f 5318 5656 5655
f 5655 5320 5318
f 5316 5657 5656
f 5656 5318 5316
f 5314 5658 5657
f 5657 5316 5314
f 5312 5659 5658
f 5658 5314 5312
f 5310 5660 5659
f 5659 5312 5310
f 5308 5661 5660
f 5660 5310 5308
f 5306 5662 5661
f 5661 5308 5306
f 5304 5663 5662
f 5662 5306 5304
f 5302 5664 5663
f 5663 5304 5302
f 5774 5773 5274
f 5274 5272 5774
f 5773 5772 5276
f 5276 5274 5773
f 5772 5771 5278
f 5278 5276 5772
f 5771 5770 5280
f 5280 5278 5771
f 5770 5769 5282
f 5282 5280 5770
f 5769 5768 5284
f 5284 5282 5769
f 5768 5767 5286
f 5286 5284 5768
f 5767 5766 5288
f 5288 5286 5767
f 5766 5765 5290
f 5290 5288 5766
f 5765 5764 5292
f 5292 5290 5765
f 5764 5763 5294
f 5294 5292 5764
f 5763 5762 5296
f 5296 5294 5763
f 5300 5665 5664
f 5664 5302 5300
f 5762 5761 5298
f 5298 5296 5762
f 5520 5666 5665
f 5665 5300 5520
f 5761 5760 5332
f 5332 5298 5761
f 5760 5759 5334
f 5334 5332 5760
f 5518 5667 5666
f 5666 5520 5518
f 5516 5668 5667
f 5667 5518 5516
f 5759 5758 5336
f 5336 5334 5759
f 5514 5669 5668
f 5668 5516 5514
f 5758 5757 5338
f 5338 5336 5758
f 5512 5670 5669
f 5669 5514 5512
f 5510 5671 5670
f 5670 5512 5510
f 5508 5672 5671
f 5671 5510 5508
f 5506 5673 5672
f 5672 5508 5506
f 5504 5674 5673
f 5673 5506 5504
f 5502 5675 5674
f 5674 5504 5502
f 5500 5676 5675
f 5675 5502 5500
f 5498 5677 5676
f 5676 5500 5498
f 5496 5678 5677
f 5677 5498 5496
f 5494 5679 5678
f 5678 5496 5494
f 5492 5680 5679
f 5679 5494 5492
f 5490 5681 5680
f 5680 5492 5490
f 5488 5682 5681
f 5681 5490 5488
f 5486 5683 5682
f 5682 5488 5486
f 5484 5684 5683
f 5683 5486 5484
f 5482 5685 5684
f 5684 5484 5482
f 5480 5686 5685
f 5685 5482 5480
f 5478 5687 5686
f 5686 5480 5478
f 5476 5688 5687
f 5687 5478 5476
f 5474 5689 5688
f 5688 5476 5474
f 5472 5690 5689
f 5689 5474 5472
f 5470 5691 5690
f 5690 5472 5470
f 5468 5692 5691
f 5691 5470 5468
f 5466 5693 5692
f 5692 5468 5466
f 5464 5694 5693
f 5693 5466 5464
f 5462 5695 5694
f 5694 5464 5462
f 5460 5696 5695
f 5695 5462 5460
f 5458 5697 5696
f 5696 5460 5458
f 5456 5698 5697
f 5697 5458 5456
f 5454 5699 5698
f 5698 5456 5454
f 5452 5700 5699
f 5699 5454 5452
f 5450 5701 5700
f 5700 5452 5450
f 5757 5756 5340
f 5340 5338 5757
f 5756 5755 5342
f 5342 5340 5756
f 5755 5754 5344
f 5344 5342 5755
f 5754 5753 5346
f 5346 5344 5754
f 5753 5752 5348
f 5348 5346 5753
f 5752 5751 5350
f 5350 5348 5752
f 5751 5750 5352
f 5352 5350 5751
f 5750 5749 5354
f 5354 5352 5750
f 5749 5748 5356
f 5356 5354 5749
f 5748 5747 5358
f 5358 5356 5748
f 5747 5746 5360
f 5360 5358 5747
f 5746 5745 5362
f 5362 5360 5746
f 5745 5744 5364
f 5364 5362 5745
f 5744 5743 5366
f 5366 5364 5744
f 5743 5742 5368
f 5368 5366 5743
f 5742 5741 5370
f 5370 5368 5742
f 5741 5740 5372
f 5372 5370 5741
f 5740 5739 5374
f 5374 5372 5740
f 5739 5738 5376
f 5376 5374 5739
f 5738 5737 5378
f 5378 5376 5738
f 5737 5736 5380
f 5380 5378 5737
f 5736 5735 5382
f 5382 5380 5736
f 5735 5734 5384
f 5384 5382 5735
f 5734 5733 5386
f 5386 5384 5734
f 5733 5732 5388
f 5388 5386 5733
f 5732 5731 5390
f 5390 5388 5732
f 5731 5730 5392
f 5392 5390 5731
f 5730 5729 5394
f 5394 5392 5730
f 5729 5728 5396
f 5396 5394 5729
f 5728 5727 5398
f 5398 5396 5728
f 5727 5726 5400
f 5400 5398 5727
f 5726 5725 5402
f 5402 5400 5726
f 5448 5702 5701
f 5701 5450 5448
f 5446 5703 5702
f 5702 5448 5446
f 5444 5704 5703
f 5703 5446 5444
f 5442 5705 5704
f 5704 5444 5442
f 5440 5706 5705
f 5705 5442 5440
f 5438 5707 5706
f 5706 5440 5438
f 5436 5708 5707
f 5707 5438 5436
f 5434 5709 5708
f 5708 5436 5434
f 5432 5710 5709
f 5709 5434 5432
f 5430 5711 5710
f 5710 5432 5430
f 5428 5712 5711
f 5711 5430 5428
f 5426 5713 5712
f 5712 5428 5426
f 5424 5714 5713
f 5713 5426 5424
f 5422 5715 5714
f 5714 5424 5422
f 5420 5716 5715
f 5715 5422 5420
f 5418 5717 5716
f 5716 5420 5418
f 5770 5771 5643
f 5643 5642 5770
f 5771 5772 5644
f 5644 5643 5771
f 5772 5773 5645
f 5645 5644 5772
f 5773 5774 5646
f 5646 5645 5773
f 5774 5775 5647
f 5647 5646 5774
f 5775 5776 5648
f 5648 5647 5775
f 5776 5777 5649
f 5649 5648 5776
f 5777 5650 5523
f 5523 5649 5777
f 5650 5651 5522
f 5522 5523 5650
f 5651 5652 5524
f 5524 5522 5651
f 5652 5653 5525
f 5525 5524 5652
f 5653 5654 5526
f 5526 5525 5653
f 5654 5655 5527
f 5527 5526 5654
f 5655 5656 5528
f 5528 5527 5655
f 5656 5657 5529
f 5529 5528 5656
f 5657 5658 5530
f 5530 5529 5657
f 5658 5659 5531
f 5531 5530 5658
f 5659 5660 5532
f 5532 5531 5659
f 5660 5661 5533
f 5533 5532 5660
f 5661 5662 5534
f 5534 5533 5661
f 5662 5663 5535
f 5535 5534 5662
f 5663 5664 5536
f 5536 5535 5663
f 5664 5665 5537
f 5537 5536 5664
f 5761 5762 5634
f 5634 5633 5761
f 5762 5763 5635
f 5635 5634 5762
f 5763 5764 5636
f 5636 5635 5763
f 5764 5765 5637
f 5637 5636 5764
f 5765 5766 5638
f 5638 5637 5765
f 5766 5767 5639
f 5639 5638 5766
f 5767 5768 5640
f 5640 5639 5767
f 5768 5769 5641
f 5641 5640 5768
f 5769 5770 5642
f 5642 5641 5769
f 5665 5666 5538
f 5538 5537 5665
f 5666 5667 5539
f 5539 5538 5666
f 5667 5668 5540
f 5540 5539 5667
f 5668 5669 5541
f 5541 5540 5668
f 5669 5670 5542
f 5542 5541 5669
f 5670 5671 5543
f 5543 5542 5670
f 5671 5672 5544
f 5544 5543 5671
f 5672 5673 5545
f 5545 5544 5672
f 5673 5674 5546
f 5546 5545 5673
f 5674 5675 5547
f 5547 5546 5674
f 5675 5676 5548
f 5548 5547 5675
f 5676 5677 5549
f 5549 5548 5676
f 5677 5678 5550
f 5550 5549 5677
f 5678 5679 5551
f 5551 5550 5678
f 5679 5680 5552
f 5552 5551 5679
f 5680 5681 5553
f 5553 5552 5680
f 5681 5682 5554
f 5554 5553 5681
f 5682 5683 5555
f 5555 5554 5682
f 5683 5684 5556
f 5556 5555 5683
f 5684 5685 5557
f 5557 5556 5684
f 5685 5686 5558
f 5558 5557 5685
f 5686 5687 5559
f 5559 5558 5686
f 5687 5688 5560
f 5560 5559 5687
f 5688 5689 5561
f 5561 5560 5688
f 5689 5690 5562
f 5562 5561 5689
f 5690 5691 5563
f 5563 5562 5690
f 5691 5692 5564
f 5564 5563 5691
f 5692 5693 5565
f 5565 5564 5692
f 5693 5694 5566
f 5566 5565 5693
f 5694 5695 5567
f 5567 5566 5694
f 5695 5696 5568
f 5568 5567 5695
f 5696 5697 5569
f 5569 5568 5696
f 5706 5707 5579
f 5579 5578 5706
f 5707 5708 5580
f 5580 5579 5707
f 5708 5709 5581
f 5581 5580 5708
f 5709 5710 5582
f 5582 5581 5709
f 5710 5711 5583
f 5583 5582 5710
f 5711 5712 5584
f 5584 5583 5711
f 5712 5713 5585
f 5585 5584 5712
f 5713 5714 5586
f 5586 5585 5713
f 5714 5715 5587
f 5587 5586 5714
f 5715 5716 5588
f 5588 5587 5715
f 5716 5717 5589
f 5589 5588 5716
f 5717 5718 5590
f 5590 5589 5717
f 5718 5719 5591
f 5591 5590 5718
f 5719 5720 5592
f 5592 5591 5719
f 5720 5721 5593
f 5593 5592 5720
f 5721 5722 5594
f 5594 5593 5721
f 5722 5723 5595
f 5595 5594 5722
f 5723 5724 5596
f 5596 5595 5723
f 5724 5725 5597
f 5597 5596 5724
f 5725 5726 5598
f 5598 5597 5725
f 5726 5727 5599
f 5599 5598 5726
f 5727 5728 5600
f 5600 5599 5727
f 5728 5729 5601
f 5601 5600 5728
f 5697 5698 5570
f 5570 5569 5697
f 5698 5699 5571
f 5571 5570 5698
f 5699 5700 5572
f 5572 5571 5699
f 5700 5701 5573
f 5573 5572 5700
f 5701 5702 5574
f 5574 5573 5701
f 5702 5703 5575
f 5575 5574 5702
f 5703 5704 5576
f 5576 5575 5703
f 5704 5705 5577
f 5577 5576 5704
f 5705 5706 5578
f 5578 5577 5705
f 5729 5730 5602
f 5602 5601 5729
f 5730 5731 5603
f 5603 5602 5730
f 5731 5732 5604
f 5604 5603 5731
f 5732 5733 5605
f 5605 5604 5732
f 5733 5734 5606
f 5606 5605 5733
f 5734 5735 5607
f 5607 5606 5734
f 5735 5736 5608
f 5608 5607 5735
f 5736 5737 5609
f 5609 5608 5736
f 5737 5738 5610
f 5610 5609 5737
f 5738 5739 5611
f 5611 5610 5738
f 5739 5740 5612
f 5612 5611 5739
f 5740 5741 5613
f 5613 5612 5740
f 5741 5742 5614
f 5614 5613 5741
f 5742 5743 5615
f 5615 5614 5742
f 5743 5744 5616
f 5616 5615 5743
f 5744 5745 5617
f 5617 5616 5744
f 5745 5746 5618
f 5618 5617 5745
f 5746 5747 5619
f 5619 5618 5746
f 5747 5748 5620
f 5620 5619 5747
f 5748 5749 5621
f 5621 5620 5748
f 5749 5750 5622
f 5622 5621 5749
f 5750 5751 5623
f 5623 5622 5750
f 5751 5752 5624
f 5624 5623 5751
f 5752 5753 5625
f 5625 5624 5752
f 5753 5754 5626
f 5626 5625 5753
f 5754 5755 5627
f 5627 5626 5754
f 5755 5756 5628
f 5628 5627 5755
f 5756 5757 5629
f 5629 5628 5756
f 5757 5758 5630
f 5630 5629 5757
f 5758 5759 5631
f 5631 5630 5758
f 5759 5760 5632
f 5632 5631 5759
f 5760 5761 5633
f 5633 5632 5760
f 5778 5779 5780
f 5780 5781 5778
f 5778 5815 5814
f 5778 5814 5813
f 5778 5813 5812
f 5778 5812 5811
f 5778 5811 5810
f 5778 5810 5809
f 5778 5809 5808
f 5778 5808 5807
f 5778 5807 5806
f 5778 5806 5805
f 5778 5805 5804
f 5778 5804 5803
f 5778 5803 5802
f 5778 5802 5801
f 5778 5801 5681
f 5778 5681 5800
f 5778 5800 5799
f 5778 5799 5798
f 5778 5798 5797
f 5778 5797 5796
f 5778 5796 5795
f 5778 5795 5794
f 5778 5794 5793
f 5778 5793 5792
f 5778 5792 5791
f 5778 5791 5790
f 5778 5790 5789
f 5778 5789 5788
f 5778 5788 5787
f 5778 5787 5786
f 5778 5786 5785
f 5778 5785 5784
f 5778 5784 5783
f 5778 5783 5782
f 5778 5782 5779
f 5779 5782 5816
f 5816 5780 5779
f 5782 5783 5817
f 5817 5816 5782
f 5783 5784 5818
f 5818 5817 5783
f 5784 5785 5819
f 5819 5818 5784
f 5785 5786 5820
f 5820 5819 5785
f 5786 5787 5821
f 5821 5820 5786
f 5787 5788 5822
f 5822 5821 5787
f 5788 5789 5823
f 5823 5822 5788
f 5789 5790 5824
f 5824 5823 5789
f 5790 5791 5825
f 5825 5824 5790
f 5791 5792 5826
f 5826 5825 5791
f 5792 5793 5827
f 5827 5826 5792
f 5793 5794 5828
f 5828 5827 5793
f 5794 5795 5829
f 5829 5828 5794
f 5795 5796 5830
f 5830 5829 5795
f 5796 5797 5831
f 5831 5830 5796
f 5797 5798 5832
f 5832 5831 5797
f 5798 5799 5833
f 5833 5832 5798
f 5799 5800 5834
f 5834 5833 5799
f 5800 5681 5835
f 5835 5834 5800
f 5681 5801 5836
f 5836 5835 5681
f 5801 5802 5837
f 5837 5836 5801
f 5802 5803 5838
f 5838 5837 5802
f 5803 5804 5839
f 5839 5838 5803
f 5804 5805 5840
f 5840 5839 5804
f 5805 5806 5841
f 5841 5840 5805
f 5806 5807 5842
f 5842 5841 5806
f 5807 5808 5843
f 5843 5842 5807
f 5808 5809 5844
f 5844 5843 5808
f 5809 5810 5845
f 5845 5844 5809
f 5810 5811 5846
f 5846 5845 5810
f 5811 5812 5847
f 5847 5846 5811
f 5812 5813 5848
f 5848 5847 5812
f 5813 5814 5849
f 5849 5848 5813
f 5814 5815 5850
f 5850 5849 5814
f 5815 5778 5781
f 5781 5850 5815
f 5781 5818 5819
f 5781 5819 5820
f 5781 5820 5821
f 5781 5821 5822
f 5781 5822 5823
f 5781 5823 5824
f 5781 5824 5825
f 5781 5825 5826
f 5781 5826 5827
f 5781 5827 5828
f 5781 5828 5829
f 5781 5829 5830
f 5781 5830 5831
f 5781 5831 5832
f 5781 5832 5833
f 5781 5833 5834
f 5781 5834 5835
f 5781 5835 5836
f 5781 5836 5837
f 5781 5837 5838
f 5781 5838 5839
f 5781 5839 5840
f 5781 5840 5841
f 5781 5841 5842
f 5781 5842 5843
f 5781 5843 5844
f 5781 5844 5845
f 5781 5845 5846
f 5781 5846 5847
f 5781 5847 5848
f 5781 5848 5849
f 5781 5849 5850
f 5781 5780 5816
f 5781 5816 5817
f 5781 5817 5818
f 5885 5887 5888
f 5888 5886 5885
f 5887 5889 5890
f 5890 5888 5887
f 5889 5891 5892
f 5892 5890 5889
f 5891 5893 5894
f 5894 5892 5891
f 5893 5895 5896
f 5896 5894 5893
f 5895 5897 5898
f 5898 5896 5895
f 5897 5899 5900
f 5900 5898 5897
f 5899 5901 5902
f 5902 5900 5899
f 5901 5903 5904
f 5904 5902 5901
f 5903 5905 5906
f 5906 5904 5903
f 5905 5907 5908
f 5908 5906 5905
f 5907 5909 5910
f 5910 5908 5907
f 5909 5911 5912
f 5912 5910 5909
f 5911 5913 5914
f 5914 5912 5911
f 5913 5915 5916
f 5916 5914 5913
f 5915 5851 5854
f 5854 5916 5915
f 5851 5852 5853
f 5853 5854 5851
f 5852 5855 5856
f 5856 5853 5852
f 5855 5857 5858
f 5858 5856 5855
f 5857 5859 5860
f 5860 5858 5857
f 5859 5861 5862
f 5862 5860 5859
f 5861 5863 5864
f 5864 5862 5861
f 5863 5865 5866
f 5866 5864 5863
f 5865 5867 5868
f 5868 5866 5865
f 5867 5869 5870
f 5870 5868 5867
f 5869 5871 5872
f 5872 5870 5869
f 5871 5873 5874
f 5874 5872 5871
f 5873 5875 5876
f 5876 5874 5873
f 5875 5877 5878
f 5878 5876 5875
f 5877 5879 5880
f 5880 5878 5877
f 5879 5881 5882
f 5882 5880 5879
f 5881 5883 5884
f 5884 5882 5881
f 5883 5917 5918
f 5918 5884 5883
f 5917 5919 5920
f 5920 5918 5917
f 5919 5921 5922
f 5922 5920 5919
f 5921 5923 5924
f 5924 5922 5921
f 5923 5925 5926
f 5926 5924 5923
f 5925 5927 5928
f 5928 5926 5925
f 5927 5929 5930
f 5930 5928 5927
f 5929 5931 5932
f 5932 5930 5929
f 5931 5933 5934
f 5934 5932 5931
f 5933 5935 5936
f 5936 5934 5933
f 5935 5937 5938
f 5938 5936 5935
f 5937 5939 5940
f 5940 5938 5937
f 5939 5941 5942
f 5942 5940 5939
f 5941 5943 5944
f 5944 5942 5941
f 5943 5945 5946
f 5946 5944 5943
f 5945 5947 5948
f 5948 5946 5945
f 5947 5949 5950
f 5950 5948 5947
f 5949 5951 5952
f 5952 5950 5949
f 5951 5953 5954
f 5954 5952 5951
f 5953 5955 5956
f 5956 5954 5953
f 5955 5957 5958
f 5958 5956 5955
f 5957 5959 5960
f 5960 5958 5957
f 5959 5961 5962
f 5962 5960 5959
f 5961 5963 5964
f 5964 5962 5961
f 5963 5965 5966
f 5966 5964 5963
f 5965 5967 5968
f 5968 5966 5965
f 5967 5969 5970
f 5970 5968 5967
f 5969 5971 5972
f 5972 5970 5969
f 5971 5973 5974
f 5974 5972 5971
f 5973 5975 5976
f 5976 5974 5973
f 5975 5977 5978
f 5978 5976 5975
f 5977 5979 5980
f 5980 5978 5977
f 5979 5981 5982
f 5982 5980 5979
f 5981 5983 5984
f 5984 5982 5981
f 5983 5985 5986
f 5986 5984 5983
f 5985 5987 5988
f 5988 5986 5985
f 5987 5989 5990
f 5990 5988 5987
f 5989 5991 5992
f 5992 5990 5989
f 5991 5993 5994
f 5994 5992 5991
f 5993 5995 5996
f 5996 5994 5993
f 5995 5997 5998
f 5998 5996 5995
f 5997 5999 6000
f 6000 5998 5997
f 5999 6001 6002
f 6002 6000 5999
f 6001 6003 6004
f 6004 6002 6001
f 6003 6005 6006
f 6006 6004 6003
f 6005 6007 6008
f 6008 6006 6005
f 6007 6009 6010
f 6010 6008 6007
f 6009 6011 6012
f 6012 6010 6009
f 6011 6013 6014
f 6014 6012 6011
f 6013 6015 6016
f 6016 6014 6013
f 6015 6017 6018
f 6018 6016 6015
f 6017 6019 6020
f 6020 6018 6017
f 6019 6021 6022
f 6022 6020 6019
f 6021 6023 6024
f 6024 6022 6021
f 6023 6025 6026
f 6026 6024 6023
f 6025 6027 6028
f 6028 6026 6025
f 6027 6029 6030
f 6030 6028 6027
f 6029 6031 6032
f 6032 6030 6029
f 6031 6033 6034
f 6034 6032 6031
f 6033 6035 6036
f 6036 6034 6033
f 6035 6037 6038
f 6038 6036 6035
f 6037 6039 6040
f 6040 6038 6037
f 6039 6041 6042
f 6042 6040 6039
f 6041 6043 6044
f 6044 6042 6041
f 6043 6045 6046
f 6046 6044 6043
f 6045 6047 6048
f 6048 6046 6045
f 6047 6049 6050
f 6050 6048 6047
f 6049 6051 6052
f 6052 6050 6049
f 6051 6053 6054
f 6054 6052 6051
f 6053 6055 6056
f 6056 6054 6053
f 6055 6057 6058
f 6058 6056 6055
f 6057 6059 6060
f 6060 6058 6057
f 6059 6061 6062
f 6062 6060 6059
f 6061 6063 6064
f 6064 6062 6061
f 6063 6065 6066
f 6066 6064 6063
f 6065 6067 6068
f 6068 6066 6065
f 6067 6069 6070
f 6070 6068 6067
f 6069 6071 6072
f 6072 6070 6069
f 6071 6073 6074
f 6074 6072 6071
f 6073 6075 6076
f 6076 6074 6073
f 6075 6077 6078
f 6078 6076 6075
f 6077 6079 6080
f 6080 6078 6077
f 6079 6081 6082
f 6082 6080 6079
f 6081 6083 6084
f 6084 6082 6081
f 6083 6085 6086
f 6086 6084 6083
f 6085 6087 6088
f 6088 6086 6085
f 6087 6089 6090
f 6090 6088 6087
f 6089 6091 6092
f 6092 6090 6089
f 6091 6093 6094
f 6094 6092 6091
f 6093 6095 6096
f 6096 6094 6093
f 6095 6097 6098
f 6098 6096 6095
f 6097 6099 6100
f 6100 6098 6097
f 6099 6101 6102
f 6102 6100 6099
f 6101 6103 6104
f 6104 6102 6101
f 6103 6105 6106
f 6106 6104 6103
f 6105 5885 5886
f 5886 6106 6105
f 5916 5854 5853
f 5853 6234 5916
f 5916 6234 6108
f 6108 5914 5916
f 6233 6234 5853
f 5853 5856 6233
f 5914 6108 6107
f 6107 5912 5914
f 6232 6233 5856
f 5856 5858 6232
f 5912 6107 6109
f 6109 5910 5912
f 6231 6232 5858
f 5858 5860 6231
f 5910 6109 6110
f 6110 5908 5910
f 5908 6110 6111
f 6111 5906 5908
f 5906 6111 6112
f 6112 5904 5906
f 5904 6112 6113
f 6113 5902 5904
f 5902 6113 6114
f 6114 5900 5902
f 5900 6114 6115
f 6115 5898 5900
f 5898 6115 6116
f 6116 5896 5898
f 5896 6116 6117
f 6117 5894 5896
f 5894 6117 6118
f 6118 5892 5894
f 5892 6118 6119
f 6119 5890 5892
f 5890 6119 6120
f 6120 5888 5890
f 5888 6120 6121
f 6121 5886 5888
f 6230 6231 5860
f 5860 5862 6230
f 6229 6230 5862
f 5862 5864 6229
f 6228 6229 5864
f 5864 5866 6228
f 6227 6228 5866
f 5866 5868 6227
f 6226 6227 5868
f 5868 5870 6226
f 6225 6226 5870
f 5870 5872 6225
f 6224 6225 5872
f 5872 5874 6224
f 6223 6224 5874
f 5874 5876 6223
f 6222 6223 5876
f 5876 5878 6222
f 6221 6222 5878
f 5878 5880 6221
f 6220 6221 5880
f 5880 5882 6220
f 6219 6220 5882
f 5882 5884 6219
f 5886 6121 6122
f 6122 6106 5886
f 6218 6219 5884
f 5884 5918 6218
f 6106 6122 6123
f 6123 6104 6106
f 6217 6218 5918
f 5918 5920 6217
f 6216 6217 5920
f 5920 5922 6216
f 6104 6123 6124
f 6124 6102 6104
f 6102 6124 6125
f 6125 6100 6102
f 6215 6216 5922
f 5922 5924 6215
f 6100 6125 6126
f 6126 6098 6100
f 6214 6215 5924
f 5924 5926 6214
f 6098 6126 6127
f 6127 6096 6098
f 6096 6127 6128
f 6128 6094 6096
f 6094 6128 6129
f 6129 6092 6094
f 6092 6129 6130
f 6130 6090 6092
f 6090 6130 6131
f 6131 6088 6090
f 6088 6131 6132
f 6132 6086 6088
f 6086 6132 6133
f 6133 6084 6086
f 6084 6133 6134
f 6134 6082 6084
f 6082 6134 6135
f 6135 6080 6082
f 6080 6135 6136
f 6136 6078 6080
f 6078 6136 6137
f 6137 6076 6078
f 6076 6137 6138
f 6138 6074 6076
f 6074 6138 6139
f 6139 6072 6074
f 6072 6139 6140
f 6140 6070 6072
f 6070 6140 6141
f 6141 6068 6070
f 6068 6141 6142
f 6142 6066 6068
f 6066 6142 6143
f 6143 6064 6066
f 6064 6143 6144
f 6144 6062 6064
f 6062 6144 6145
f 6145 6060 6062
f 6060 6145 6146
f 6146 6058 6060
f 6058 6146 6147
f 6147 6056 6058
f 6056 6147 6148
f 6148 6054 6056
f 6054 6148 6149
f 6149 6052 6054
f 6052 6149 6150
f 6150 6050 6052
f 6050 6150 6151
f 6151 6048 6050
f 6048 6151 6152
f 6152 6046 6048
f 6046 6152 6153
f 6153 6044 6046
f 6044 6153 6154
f 6154 6042 6044
f 6042 6154 6155
f 6155 6040 6042
f 6040 6155 6156
f 6156 6038 6040
f 6038 6156 6157
f 6157 6036 6038
f 6036 6157 6158
f 6158 6034 6036
f 6213 6214 5926
f 5926 5928 6213
f 6212 6213 5928
f 5928 5930 6212
f 6211 6212 5930
f 5930 5932 6211
f 6210 6211 5932
f 5932 5934 6210
f 6209 6210 5934
f 5934 5936 6209
f 6208 6209 5936
f 5936 5938 6208
f 6207 6208 5938
f 5938 5940 6207
f 6206 6207 5940
f 5940 5942 6206
f 6205 6206 5942
f 5942 5944 6205
f 6204 6205 5944
f 5944 5946 6204
f 6203 6204 5946
f 5946 5948 6203
f 6202 6203 5948
f 5948 5950 6202
f 6201 6202 5950
f 5950 5952 6201
f 6200 6201 5952
f 5952 5954 6200
f 6199 6200 5954
f 5954 5956 6199
f 6198 6199 5956
f 5956 5958 6198
f 6197 6198 5958
f 5958 5960 6197
f 6196 6197 5960
f 5960 5962 6196
f 6195 6196 5962
f 5962 5964 6195
f 6194 6195 5964
f 5964 5966 6194
f 6193 6194 5966
f 5966 5968 6193
f 6192 6193 5968
f 5968 5970 6192
f 6191 6192 5970
f 5970 5972 6191
f 6190 6191 5972
f 5972 5974 6190
f 6189 6190 5974
f 5974 5976 6189
f 6188 6189 5976
f 5976 5978 6188
f 6187 6188 5978
f 5978 5980 6187
f 6186 6187 5980
f 5980 5982 6186
f 6185 6186 5982
f 5982 5984 6185
f 6184 6185 5984
f 5984 5986 6184
f 6183 6184 5986
f 5986 5988 6183
f 6182 6183 5988
f 5988 6181 6182
f 6034 6158 6159
f 6159 6032 6034
f 6032 6159 6160
f 6160 6030 6032
f 6030 6160 6161
f 6161 6028 6030
f 6028 6161 6162
f 6162 6026 6028
f 6026 6162 6163
f 6163 6024 6026
f 6024 6163 6164
f 6164 6022 6024
f 6022 6164 6165
f 6165 6020 6022
f 6020 6165 6166
f 6166 6018 6020
f 6018 6166 6167
f 6167 6016 6018
f 6016 6167 6168
f 6168 6014 6016
f 6014 6168 6169
f 6169 6012 6014
f 6012 6169 6170
f 6170 6010 6012
f 6010 6170 6171
f 6171 6008 6010
f 6008 6171 6172
f 6172 6006 6008
f 6006 6172 6173
f 6173 6004 6006
f 6004 6173 6174
f 6174 6002 6004
f 6002 6174 6175
f 6175 6000 6002
f 6000 6175 6176
f 6176 5998 6000
f 5998 6176 6177
f 6177 5996 5998
f 5996 6177 6178
f 6178 5994 5996
f 5994 6178 6179
f 6179 5992 5994
f 5992 6179 6180
f 6180 5990 5992
f 5990 6180 6181
f 6181 5988 5990
f 6081 6263 6262
f 6262 6083 6081
f 6079 6264 6263
f 6263 6081 6079
f 6077 6265 6264
f 6264 6079 6077
f 6075 6266 6265
f 6265 6077 6075
f 6073 6267 6266
f 6266 6075 6073
f 6071 6268 6267
f 6267 6073 6071
f 6069 6269 6268
f 6268 6071 6069
f 6067 6270 6269
f 6269 6069 6067
f 6065 6271 6270
f 6270 6067 6065
f 6063 6272 6271
f 6271 6065 6063
f 6061 6273 6272
f 6272 6063 6061
f 6059 6274 6273
f 6273 6061 6059
f 6057 6275 6274
f 6274 6059 6057
f 6055 6276 6275
f 6275 6057 6055
f 6053 6277 6276
f 6276 6055 6053
f 6051 6278 6277
f 6277 6053 6051
f 6049 6279 6278
f 6278 6051 6049
f 6047 6280 6279
f 6279 6049 6047
f 6045 6281 6280
f 6280 6047 6045
f 6043 6282 6281
f 6281 6045 6043
f 6041 6283 6282
f 6282 6043 6041
f 6039 6284 6283
f 6283 6041 6039
f 6037 6285 6284
f 6284 6039 6037
f 6035 6286 6285
f 6285 6037 6035
f 6342 6341 5925
f 5925 5923 6342
f 6341 6340 5927
f 5927 5925 6341
f 6340 6339 5929
f 5929 5927 6340
f 6339 6338 5931
f 5931 5929 6339
f 6338 6337 5933
f 5933 5931 6338
f 6337 6336 5935
f 5935 5933 6337
f 6336 6335 5937
f 5937 5935 6336
f 6335 6334 5939
f 5939 5937 6335
f 6334 6333 5941
f 5941 5939 6334
f 6333 6332 5943
f 5943 5941 6333
f 6332 6331 5945
f 5945 5943 6332
f 6331 6330 5947
f 5947 5945 6331
f 6330 6329 5949
f 5949 5947 6330
f 6329 6328 5951
f 5951 5949 6329
f 6328 6327 5953
f 5953 5951 6328
f 6327 6326 5955
f 5955 5953 6327
f 6326 6325 5957
f 5957 5955 6326
f 6325 6324 5959
f 5959 5957 6325
f 6324 6323 5961
f 5961 5959 6324
f 6323 6322 5963
f 5963 5961 6323
f 6322 6321 5965
f 5965 5963 6322
f 6321 6320 5967
f 5967 5965 6321
f 6320 6319 5969
f 5969 5967 6320
f 6319 6318 5971
f 5971 5969 6319
f 6318 6317 5973
f 5973 5971 6318
f 6317 6316 5975
f 5975 5973 6317
f 6316 6315 5977
f 5977 5975 6316
f 6315 6314 5979
f 5979 5977 6315
f 6314 6313 5981
f 5981 5979 6314
f 6313 6312 5983
f 5983 5981 6313
f 6312 6311 5985
f 5985 5983 6312
f 6311 6310 5987
f 5987 5985 6311
f 6033 6287 6286
f 6286 6035 6033
f 6031 6288 6287
f 6287 6033 6031
f 6029 6289 6288
f 6288 6031 6029
f 6027 6290 6289
f 6289 6029 6027
f 6025 6291 6290
f 6290 6027 6025
f 6023 6292 6291
f 6291 6025 6023
f 6021 6293 6292
f 6292 6023 6021
f 6019 6294 6293
f 6293 6021 6019
f 6017 6295 6294
f 6294 6019 6017
f 6015 6296 6295
f 6295 6017 6015
f 6013 6297 6296
f 6296 6015 6013
f 6011 6298 6297
f 6297 6013 6011
f 6009 6299 6298
f 6298 6011 6009
f 6007 6300 6299
f 6299 6009 6007
f 6005 6301 6300
f 6300 6007 6005
f 6003 6302 6301
f 6301 6005 6003
f 6001 6303 6302
f 6302 6003 6001
f 5999 6304 6303
f 6303 6001 5999
f 5997 6305 6304
f 6304 5999 5997
f 5995 6306 6305
f 6305 5997 5995
f 5993 6307 6306
f 6306 5995 5993
f 5991 6308 6307
f 6307 5993 5991
f 5989 6309 6308
f 6308 5991 5989
f 5987 6310 6309
f 6309 5989 5987
f 5915 6235 6362
f 6362 5851 5915
f 6362 6361 5852
f 5852 5851 6362
f 5913 6236 6235
f 6235 5915 5913
f 6361 6360 5855
f 5855 5852 6361
f 5911 6237 6236
f 6236 5913 5911
f 6360 6359 5857
f 5857 5855 6360
f 5909 6238 6237
f 6237 5911 5909
f 5907 6239 6238
f 6238 5909 5907
f 5905 6240 6239
f 6239 5907 5905
f 5903 6241 6240
f 6240 5905 5903
f 5901 6242 6241
f 6241 5903 5901
f 5899 6243 6242
f 6242 5901 5899
f 5897 6244 6243
f 6243 5899 5897
f 5895 6245 6244
f 6244 5897 5895
f 5893 6246 6245
f 6245 5895 5893
f 5891 6247 6246
f 6246 5893 5891
f 5889 6248 6247
f 6247 5891 5889
f 5887 6249 6248
f 6248 5889 5887
f 6359 6358 5859
f 5859 5857 6359
f 6358 6357 5861
f 5861 5859 6358
f 6357 6356 5863
f 5863 5861 6357
f 6356 6355 5865
f 5865 5863 6356
f 6355 6354 5867
f 5867 5865 6355
f 6354 6353 5869
f 5869 5867 6354
f 6353 6352 5871
f 5871 5869 6353
f 6352 6351 5873
f 5873 5871 6352
f 6351 6350 5875
f 5875 5873 6351
f 6350 6349 5877
f 5877 5875 6350
f 6349 6348 5879
f 5879 5877 6349
f 6348 6347 5881
f 5881 5879 6348
f 5885 6250 6249
f 6249 5887 5885
f 6347 6346 5883
f 5883 5881 6347
f 6105 6251 6250
f 6250 5885 6105
f 6346 6345 5917
f 5917 5883 6346
f 6345 6344 5919
f 5919 5917 6345
f 6103 6252 6251
f 6251 6105 6103
f 6101 6253 6252
f 6252 6103 6101
f 6344 6343 5921
f 5921 5919 6344
f 6099 6254 6253
f 6253 6101 6099
f 6343 6342 5923
f 5923 5921 6343
f 6097 6255 6254
f 6254 6099 6097
f 6095 6256 6255
f 6255 6097 6095
f 6093 6257 6256
f 6256 6095 6093
f 6091 6258 6257
f 6257 6093 6091
f 6089 6259 6258
f 6258 6091 6089
f 6087 6260 6259
f 6259 6089 6087
f 6085 6261 6260
f 6260 6087 6085
f 6083 6262 6261
f 6261 6085 6083
f 6347 6348 6220
f 6220 6219 6347
f 6348 6349 6221
f 6221 6220 6348
f 6349 6350 6222
f 6222 6221 6349
f 6350 6351 6223
f 6223 6222 6350
f 6351 6352 6224
f 6224 6223 6351
f 6352 6353 6225
f 6225 6224 6352
f 6353 6354 6226
f 6226 6225 6353
f 6354 6355 6227
f 6227 6226 6354
f 6355 6356 6228
f 6228 6227 6355
f 6356 6357 6229
f 6229 6228 6356
f 6357 6358 6230
f 6230 6229 6357
f 6358 6359 6231
f 6231 6230 6358
f 6359 6360 6232
f 6232 6231 6359
f 6360 6361 6233
f 6233 6232 6360
f 6361 6362 6234
f 6234 6233 6361
f 6362 6235 6108
f 6108 6234 6362
f 6235 6236 6107
f 6107 6108 6235
f 6236 6237 6109
f 6109 6107 6236
f 6237 6238 6110
f 6110 6109 6237
f 6238 6239 6111
f 6111 6110 6238
f 6239 6240 6112
f 6112 6111 6239
f 6240 6241 6113
f 6113 6112 6240
f 6241 6242 6114
f 6114 6113 6241
f 6242 6243 6115
f 6115 6114 6242
f 6243 6244 6116
f 6116 6115 6243
f 6244 6245 6117
f 6117 6116 6244
f 6245 6246 6118
f 6118 6117 6245
f 6246 6247 6119
f 6119 6118 6246
f 6247 6248 6120
f 6120 6119 6247
f 6248 6249 6121
f 6121 6120 6248
f 6249 6250 6122
f 6122 6121 6249
f 6346 6347 6219
f 6219 6218 6346
f 6250 6251 6123
f 6123 6122 6250
f 6251 6252 6124
f 6124 6123 6251
f 6252 6253 6125
f 6125 6124 6252
f 6253 6254 6126
f 6126 6125 6253
f 6254 6255 6127
f 6127 6126 6254
f 6255 6256 6128
f 6128 6127 6255
f 6256 6257 6129
f 6129 6128 6256
f 6257 6258 6130
f 6130 6129 6257
f 6258 6259 6131
f 6131 6130 6258
f 6259 6260 6132
f 6132 6131 6259
f 6260 6261 6133
f 6133 6132 6260
f 6261 6262 6134
f 6134 6133 6261
f 6262 6263 6135
f 6135 6134 6262
f 6263 6264 6136
f 6136 6135 6263
f 6264 6265 6137
f 6137 6136 6264
f 6265 6266 6138
f 6138 6137 6265
f 6266 6267 6139
f 6139 6138 6266
f 6267 6268 6140
f 6140 6139 6267
f 6268 6269 6141
f 6141 6140 6268
f 6269 6270 6142
f 6142 6141 6269
f 6270 6271 6143
f 6143 6142 6270
f 6271 6272 6144
f 6144 6143 6271
f 6272 6273 6145
f 6145 6144 6272
f 6273 6274 6146
f 6146 6145 6273
f 6274 6275 6147
f 6147 6146 6274
f 6275 6276 6148
f 6148 6147 6275
f 6276 6277 6149
f 6149 6148 6276
f 6277 6278 6150
f 6150 6149 6277
f 6278 6279 6151
f 6151 6150 6278
f 6279 6280 6152
f 6152 6151 6279
f 6280 6281 6153
f 6153 6152 6280
f 6281 6282 6154
f 6154 6153 6281
f 6283 6284 6156
f 6156 6155 6283
f 6284 6285 6157
f 6157 6156 6284
f 6285 6286 6158
f 6158 6157 6285
f 6286 6287 6159
f 6159 6158 6286
f 6287 6288 6160
f 6160 6159 6287
f 6288 6289 6161
f 6161 6160 6288
f 6289 6290 6162
f 6162 6161 6289
f 6290 6291 6163
f 6163 6162 6290
f 6291 6292 6164
f 6164 6163 6291
f 6292 6293 6165
f 6165 6164 6292
f 6293 6294 6166
f 6166 6165 6293
f 6294 6295 6167
f 6167 6166 6294
f 6295 6296 6168
f 6168 6167 6295
f 6296 6297 6169
f 6169 6168 6296
f 6297 6298 6170
f 6170 6169 6297
f 6298 6299 6171
f 6171 6170 6298
f 6299 6300 6172
f 6172 6171 6299
f 6300 6301 6173
f 6173 6172 6300
f 6301 6302 6174
f 6174 6173 6301
f 6302 6303 6175
f 6175 6174 6302
f 6303 6304 6176
f 6176 6175 6303
f 6304 6305 6177
f 6177 6176 6304
f 6305 6306 6178
f 6178 6177 6305
f 6306 6307 6179
f 6179 6178 6306
f 6307 6308 6180
f 6180 6179 6307
f 6308 6309 6181
f 6181 6180 6308
f 6309 6310 6182
f 6182 6181 6309
f 6310 6311 6183
f 6183 6182 6310
f 6311 6312 6184
f 6184 6183 6311
f 6312 6313 6185
f 6185 6184 6312
f 6313 6314 6186
f 6186 6185 6313
f 6282 6283 6155
f 6155 6154 6282
f 6314 6315 6187
f 6187 6186 6314
f 6315 6316 6188
f 6188 6187 6315
f 6316 6317 6189
f 6189 6188 6316
f 6317 6318 6190
f 6190 6189 6317
f 6318 6319 6191
f 6191 6190 6318
f 6319 6320 6192
f 6192 6191 6319
f 6320 6321 6193
f 6193 6192 6320
f 6321 6322 6194
f 6194 6193 6321
f 6322 6323 6195
f 6195 6194 6322
f 6323 6324 6196
f 6196 6195 6323
f 6324 6325 6197
f 6197 6196 6324
f 6325 6326 6198
f 6198 6197 6325
f 6326 6327 6199
f 6199 6198 6326
f 6327 6328 6200
f 6200 6199 6327
f 6328 6329 6201
f 6201 6200 6328
f 6329 6330 6202
f 6202 6201 6329
f 6330 6331 6203
f 6203 6202 6330
f 6331 6332 6204
f 6204 6203 6331
f 6332 6333 6205
f 6205 6204 6332
f 6333 6334 6206
f 6206 6205 6333
f 6334 6335 6207
f 6207 6206 6334
f 6335 6336 6208
f 6208 6207 6335
f 6336 6337 6209
f 6209 6208 6336
f 6337 6338 6210
f 6210 6209 6337
f 6338 6339 6211
f 6211 6210 6338
f 6339 6340 6212
f 6212 6211 6339
f 6340 6341 6213
f 6213 6212 6340
f 6341 6342 6214
f 6214 6213 6341
f 6342 6343 6215
f 6215 6214 6342
f 6343 6344 6216
f 6216 6215 6343
f 6344 6345 6217
f 6217 6216 6344
f 6345 6346 6218
f 6218 6217 6345
f 6363 6364 6365
f 6365 6366 6363
f 6363 6379 6378
f 6363 6378 6377
f 6363 6377 6376
f 6363 6376 6375
f 6363 6375 6374
f 6363 6374 6373
f 6363 6373 6372
f 6363 6372 6371
f 6363 6371 6370
f 6363 6370 6369
f 6363 6369 6368
f 6363 6368 6367
f 6363 6367 6364
f 6363 6400 6399
f 6363 6399 6398
f 6363 6398 6397
f 6363 6397 6396
f 6363 6396 6395
f 6363 6395 6394
f 6363 6394 6393
f 6363 6393 6392
f 6363 6392 6391
f 6363 6391 6390
f 6363 6390 6389
f 6363 6389 6388
f 6363 6388 6387
f 6363 6387 6386
f 6363 6386 6266
f 6363 6266 6385
f 6363 6385 6384
f 6363 6384 6383
f 6363 6383 6382
f 6363 6382 6381
f 6363 6381 6380
f 6363 6380 6379
f 6364 6367 6401
f 6401 6365 6364
f 6367 6368 6402
f 6402 6401 6367
f 6368 6369 6403
f 6403 6402 6368
f 6369 6370 6404
f 6404 6403 6369
f 6370 6371 6405
f 6405 6404 6370
f 6371 6372 6406
f 6406 6405 6371
f 6372 6373 6407
f 6407 6406 6372
f 6373 6374 6408
f 6408 6407 6373
f 6374 6375 6409
f 6409 6408 6374
f 6375 6376 6410
f 6410 6409 6375
f 6376 6377 6411
f 6411 6410 6376
f 6377 6378 6412
f 6412 6411 6377
f 6378 6379 6413
f 6413 6412 6378
f 6379 6380 6414
f 6414 6413 6379
f 6380 6381 6415
f 6415 6414 6380
f 6381 6382 6416
f 6416 6415 6381
f 6382 6383 6417
f 6417 6416 6382
f 6383 6384 6418
f 6418 6417 6383
f 6384 6385 6419
f 6419 6418 6384
f 6385 6266 6420
f 6420 6419 6385
f 6266 6386 6421
f 6421 6420 6266
f 6386 6387 6422
f 6422 6421 6386
f 6387 6388 6423
f 6423 6422 6387
f 6388 6389 6424
f 6424 6423 6388
f 6389 6390 6425
f 6425 6424 6389
f 6390 6391 6426
f 6426 6425 6390
f 6391 6392 6427
f 6427 6426 6391
f 6392 6393 6428
f 6428 6427 6392
f 6393 6394 6429
f 6429 6428 6393
f 6394 6395 6430
f 6430 6429 6394
f 6395 6396 6431
f 6431 6430 6395
f 6396 6397 6432
f 6432 6431 6396
f 6397 6398 6433
f 6433 6432 6397
f 6398 6399 6434
f 6434 6433 6398
f 6399 6400 6435
f 6435 6434 6399
f 6400 6363 6366
f 6366 6435 6400
f 6366 6365 6401
f 6366 6401 6402
f 6366 6402 6403
f 6366 6403 6404
f 6366 6404 6405
f 6366 6405 6406
f 6366 6406 6407
f 6366 6407 6408
f 6366 6408 6409
f 6366 6409 6410
f 6366 6410 6411
f 6366 6411 6412
f 6366 6412 6413
f 6366 6413 6414
f 6366 6414 6415
f 6366 6415 6416
f 6366 6416 6417
f 6366 6417 6418
f 6366 6418 6419
f 6366 6419 6420
f 6366 6420 6421
f 6366 6421 6422
f 6366 6422 6423
f 6366 6423 6424
f 6366 6424 6425
f 6366 6425 6426
f 6366 6426 6427
f 6366 6427 6428
f 6366 6428 6429
f 6366 6429 6430
f 6366 6430 6431
f 6366 6431 6432
f 6366 6432 6433
f 6366 6433 6434
f 6366 6434 6435
f 6470 6472 6473
f 6473 6471 6470
f 6472 6474 6475
f 6475 6473 6472
f 6474 6476 6477
f 6477 6475 6474
f 6476 6478 6479
f 6479 6477 6476
f 6478 6480 6481
f 6481 6479 6478
f 6480 6482 6483
f 6483 6481 6480
f 6482 6484 6485
f 6485 6483 6482
f 6484 6486 6487
f 6487 6485 6484
f 6486 6488 6489
f 6489 6487 6486
f 6488 6490 6491
f 6491 6489 6488
f 6490 6492 6493
f 6493 6491 6490
f 6492 6494 6495
f 6495 6493 6492
f 6494 6496 6497
f 6497 6495 6494
f 6496 6498 6499
f 6499 6497 6496
f 6498 6500 6501
f 6501 6499 6498
f 6500 6436 6439
f 6439 6501 6500
f 6436 6437 6438
f 6438 6439 6436
f 6437 6440 6441
f 6441 6438 6437
f 6440 6442 6443
f 6443 6441 6440
f 6442 6444 6445
f 6445 6443 6442
f 6444 6446 6447
f 6447 6445 6444
f 6446 6448 6449
f 6449 6447 6446
f 6448 6450 6451
f 6451 6449 6448
f 6450 6452 6453
f 6453 6451 6450
f 6452 6454 6455
f 6455 6453 6452
f 6454 6456 6457
f 6457 6455 6454
f 6456 6458 6459
f 6459 6457 6456
f 6458 6460 6461
f 6461 6459 6458
f 6460 6462 6463
f 6463 6461 6460
f 6462 6464 6465
f 6465 6463 6462
f 6464 6466 6467
f 6467 6465 6464
f 6466 6468 6469
f 6469 6467 6466
f 6548 6550 6551
f 6551 6549 6548
f 6550 6552 6553
f 6553 6551 6550
f 6552 6554 6555
f 6555 6553 6552
f 6554 6556 6557
f 6557 6555 6554
f 6556 6558 6559
f 6559 6557 6556
f 6558 6560 6561
f 6561 6559 6558
f 6560 6562 6563
f 6563 6561 6560
f 6562 6564 6565
f 6565 6563 6562
f 6468 6502 6503
f 6503 6469 6468
f 6502 6504 6505
f 6505 6503 6502
f 6504 6506 6507
f 6507 6505 6504
f 6506 6508 6509
f 6509 6507 6506
f 6508 6510 6511
f 6511 6509 6508
f 6510 6512 6513
f 6513 6511 6510
f 6512 6514 6515
f 6515 6513 6512
f 6514 6516 6517
f 6517 6515 6514
f 6516 6518 6519
f 6519 6517 6516
f 6518 6520 6521
f 6521 6519 6518
f 6520 6522 6523
f 6523 6521 6520
f 6522 6524 6525
f 6525 6523 6522
f 6524 6526 6527
f 6527 6525 6524
f 6526 6528 6529
f 6529 6527 6526
f 6528 6530 6531
f 6531 6529 6528
f 6530 6532 6533
f 6533 6531 6530
f 6532 6534 6535
f 6535 6533 6532
f 6534 6536 6537
f 6537 6535 6534
f 6536 6538 6539
f 6539 6537 6536
f 6538 6540 6541
f 6541 6539 6538
f 6540 6542 6543
f 6543 6541 6540
f 6542 6544 6545
f 6545 6543 6542
f 6544 6546 6547
f 6547 6545 6544
f 6546 6548 6549
f 6549 6547 6546
f 6564 6566 6567
f 6567 6565 6564
f 6566 6568 6569
f 6569 6567 6566
f 6568 6570 6571
f 6571 6569 6568
f 6570 6572 6573
f 6573 6571 6570
f 6572 6574 6575
f 6575 6573 6572
f 6574 6576 6577
f 6577 6575 6574
f 6576 6578 6579
f 6579 6577 6576
f 6578 6580 6581
f 6581 6579 6578
f 6580 6582 6583
f 6583 6581 6580
f 6582 6584 6585
f 6585 6583 6582
f 6584 6586 6587
f 6587 6585 6584
f 6586 6588 6589
f 6589 6587 6586
f 6588 6590 6591
f 6591 6589 6588
f 6590 6592 6593
f 6593 6591 6590
f 6592 6594 6595
f 6595 6593 6592
f 6594 6596 6597
f 6597 6595 6594
f 6596 6598 6599
f 6599 6597 6596
f 6598 6600 6601
f 6601 6599 6598
f 6600 6602 6603
f 6603 6601 6600
f 6602 6604 6605
f 6605 6603 6602
f 6604 6606 6607
f 6607 6605 6604
f 6606 6608 6609
f 6609 6607 6606
f 6608 6610 6611
f 6611 6609 6608
f 6610 6612 6613
f 6613 6611 6610
f 6612 6614 6615
f 6615 6613 6612
f 6614 6616 6617
f 6617 6615 6614
f 6616 6618 6619
f 6619 6617 6616
f 6618 6620 6621
f 6621 6619 6618
f 6620 6622 6623
f 6623 6621 6620
f 6622 6624 6625
f 6625 6623 6622
f 6624 6626 6627
f 6627 6625 6624
f 6626 6628 6629
f 6629 6627 6626
f 6676 6678 6679
f 6679 6677 6676
f 6678 6680 6681
f 6681 6679 6678
f 6680 6682 6683
f 6683 6681 6680
f 6682 6684 6685
f 6685 6683 6682
f 6684 6686 6687
f 6687 6685 6684
f 6686 6688 6689
f 6689 6687 6686
f 6688 6690 6691
f 6691 6689 6688
f 6690 6470 6471
f 6471 6691 6690
f 6628 6630 6631
f 6631 6629 6628
f 6630 6632 6633
f 6633 6631 6630
f 6632 6634 6635
f 6635 6633 6632
f 6634 6636 6637
f 6637 6635 6634
f 6636 6638 6639
f 6639 6637 6636
f 6638 6640 6641
f 6641 6639 6638
f 6640 6642 6643
f 6643 6641 6640
f 6642 6644 6645
f 6645 6643 6642
f 6644 6646 6647
f 6647 6645 6644
f 6646 6648 6649
f 6649 6647 6646
f 6648 6650 6651
f 6651 6649 6648
f 6650 6652 6653
f 6653 6651 6650
f 6652 6654 6655
f 6655 6653 6652
f 6654 6656 6657
f 6657 6655 6654
f 6656 6658 6659
f 6659 6657 6656
f 6658 6660 6661
f 6661 6659 6658
f 6660 6662 6663
f 6663 6661 6660
f 6662 6664 6665
f 6665 6663 6662
f 6664 6666 6667
f 6667 6665 6664
f 6666 6668 6669
f 6669 6667 6666
f 6668 6670 6671
f 6671 6669 6668
f 6670 6672 6673
f 6673 6671 6670
f 6672 6674 6675
f 6675 6673 6672
f 6674 6676 6677
f 6677 6675 6674
f 6767 6768 6573
f 6573 6766 6767
f 6619 6743 6744
f 6744 6617 6619
f 6617 6744 6745
f 6745 6615 6617
f 6615 6745 6746
f 6746 6613 6615
f 6613 6746 6747
f 6747 6611 6613
f 6611 6747 6748
f 6748 6609 6611
f 6609 6748 6749
f 6749 6607 6609
f 6607 6749 6750
f 6750 6605 6607
f 6605 6750 6751
f 6751 6603 6605
f 6603 6751 6752
f 6752 6601 6603
f 6601 6752 6753
f 6753 6599 6601
f 6599 6753 6754
f 6754 6597 6599
f 6597 6754 6755
f 6755 6595 6597
f 6595 6755 6756
f 6756 6593 6595
f 6593 6756 6757
f 6757 6591 6593
f 6591 6757 6758
f 6758 6589 6591
f 6589 6758 6759
f 6759 6587 6589
f 6587 6759 6760
f 6760 6585 6587
f 6585 6760 6761
f 6761 6583 6585
f 6583 6761 6762
f 6762 6581 6583
f 6581 6762 6763
f 6763 6579 6581
f 6579 6763 6764
f 6764 6577 6579
f 6577 6764 6765
f 6765 6575 6577
f 6575 6765 6766
f 6766 6573 6575
f 6501 6439 6438
f 6438 6819 6501
f 6501 6819 6693
f 6693 6499 6501
f 6818 6819 6438
f 6438 6441 6818
f 6499 6693 6692
f 6692 6497 6499
f 6817 6818 6441
f 6441 6443 6817
f 6497 6692 6694
f 6694 6495 6497
f 6816 6817 6443
f 6443 6445 6816
f 6495 6694 6695
f 6695 6493 6495
f 6493 6695 6696
f 6696 6491 6493
f 6491 6696 6697
f 6697 6489 6491
f 6489 6697 6698
f 6698 6487 6489
f 6487 6698 6699
f 6699 6485 6487
f 6485 6699 6700
f 6700 6483 6485
f 6483 6700 6701
f 6701 6481 6483
f 6481 6701 6702
f 6702 6479 6481
f 6479 6702 6703
f 6703 6477 6479
f 6477 6703 6704
f 6704 6475 6477
f 6475 6704 6705
f 6705 6473 6475
f 6473 6705 6706
f 6706 6471 6473
f 6815 6816 6445
f 6445 6447 6815
f 6814 6815 6447
f 6447 6449 6814
f 6813 6814 6449
f 6449 6451 6813
f 6812 6813 6451
f 6451 6453 6812
f 6811 6812 6453
f 6453 6455 6811
f 6810 6811 6455
f 6455 6457 6810
f 6809 6810 6457
f 6457 6459 6809
f 6808 6809 6459
f 6459 6461 6808
f 6807 6808 6461
f 6461 6463 6807
f 6806 6807 6463
f 6463 6465 6806
f 6805 6806 6465
f 6465 6467 6805
f 6804 6805 6467
f 6467 6469 6804
f 6471 6706 6707
f 6707 6691 6471
f 6803 6804 6469
f 6469 6503 6803
f 6691 6707 6708
f 6708 6689 6691
f 6802 6803 6503
f 6503 6505 6802
f 6801 6802 6505
f 6505 6507 6801
f 6689 6708 6709
f 6709 6687 6689
f 6687 6709 6710
f 6710 6685 6687
f 6800 6801 6507
f 6507 6509 6800
f 6685 6710 6711
f 6711 6683 6685
f 6799 6800 6509
f 6509 6511 6799
f 6683 6711 6712
f 6712 6681 6683
f 6681 6712 6713
f 6713 6679 6681
f 6679 6713 6714
f 6714 6677 6679
f 6677 6714 6715
f 6715 6675 6677
f 6675 6715 6716
f 6716 6673 6675
f 6673 6716 6717
f 6717 6671 6673
f 6671 6717 6718
f 6718 6669 6671
f 6669 6718 6719
f 6719 6667 6669
f 6667 6719 6720
f 6720 6665 6667
f 6665 6720 6721
f 6721 6663 6665
f 6663 6721 6722
f 6722 6661 6663
f 6661 6722 6723
f 6723 6659 6661
f 6659 6723 6724
f 6724 6657 6659
f 6657 6724 6725
f 6725 6655 6657
f 6655 6725 6726
f 6726 6653 6655
f 6653 6726 6727
f 6727 6651 6653
f 6651 6727 6728
f 6728 6649 6651
f 6649 6728 6729
f 6729 6647 6649
f 6647 6729 6730
f 6730 6645 6647
f 6645 6730 6731
f 6731 6643 6645
f 6643 6731 6732
f 6732 6641 6643
f 6641 6732 6733
f 6733 6639 6641
f 6639 6733 6734
f 6734 6637 6639
f 6637 6734 6735
f 6735 6635 6637
f 6635 6735 6736
f 6736 6633 6635
f 6633 6736 6737
f 6737 6631 6633
f 6631 6737 6738
f 6738 6629 6631
f 6629 6738 6739
f 6739 6627 6629
f 6627 6739 6740
f 6740 6625 6627
f 6625 6740 6741
f 6741 6623 6625
f 6623 6741 6742
f 6742 6621 6623
f 6621 6742 6743
f 6743 6619 6621
f 6798 6799 6511
f 6511 6513 6798
f 6797 6798 6513
f 6513 6515 6797
f 6796 6797 6515
f 6515 6517 6796
f 6795 6796 6517
f 6517 6519 6795
f 6794 6795 6519
f 6519 6521 6794
f 6793 6794 6521
f 6521 6523 6793
f 6792 6793 6523
f 6523 6525 6792
f 6791 6792 6525
f 6525 6527 6791
f 6790 6791 6527
f 6527 6529 6790
f 6789 6790 6529
f 6529 6531 6789
f 6788 6789 6531
f 6531 6533 6788
f 6787 6788 6533
f 6533 6535 6787
f 6786 6787 6535
f 6535 6537 6786
f 6785 6786 6537
f 6537 6539 6785
f 6784 6785 6539
f 6539 6541 6784
f 6783 6784 6541
f 6541 6543 6783
f 6782 6783 6543
f 6543 6545 6782
f 6781 6782 6545
f 6545 6547 6781
f 6780 6781 6547
f 6547 6549 6780
f 6779 6780 6549
f 6549 6551 6779
f 6778 6779 6551
f 6551 6553 6778
f 6777 6778 6553
f 6553 6555 6777
f 6776 6777 6555
f 6555 6557 6776
f 6775 6776 6557
f 6557 6559 6775
f 6774 6775 6559
f 6559 6561 6774
f 6773 6774 6561
f 6561 6563 6773
f 6772 6773 6563
f 6563 6565 6772
f 6771 6772 6565
f 6565 6567 6771
f 6770 6771 6567
f 6567 6569 6770
f 6769 6770 6569
f 6569 6571 6769
f 6768 6769 6571
f 6571 6573 6768
f 6500 6820 6947
f 6947 6436 6500
f 6947 6946 6437
f 6437 6436 6947
f 6498 6821 6820
f 6820 6500 6498
f 6946 6945 6440
f 6440 6437 6946
f 6496 6822 6821
f 6821 6498 6496
f 6945 6944 6442
f 6442 6440 6945
f 6494 6823 6822
f 6822 6496 6494
f 6492 6824 6823
f 6823 6494 6492
f 6490 6825 6824
f 6824 6492 6490
f 6488 6826 6825
f 6825 6490 6488
f 6486 6827 6826
f 6826 6488 6486
f 6484 6828 6827
f 6827 6486 6484
f 6482 6829 6828
f 6828 6484 6482
f 6480 6830 6829
f 6829 6482 6480
f 6478 6831 6830
f 6830 6480 6478
f 6476 6832 6831
f 6831 6478 6476
f 6474 6833 6832
f 6832 6476 6474
f 6472 6834 6833
f 6833 6474 6472
f 6944 6943 6444
f 6444 6442 6944
f 6943 6942 6446
f 6446 6444 6943
f 6942 6941 6448
f 6448 6446 6942
f 6941 6940 6450
f 6450 6448 6941
f 6940 6939 6452
f 6452 6450 6940
f 6939 6938 6454
f 6454 6452 6939
f 6938 6937 6456
f 6456 6454 6938
f 6937 6936 6458
f 6458 6456 6937
f 6936 6935 6460
f 6460 6458 6936
f 6935 6934 6462
f 6462 6460 6935
f 6934 6933 6464
f 6464 6462 6934
f 6933 6932 6466
f 6466 6464 6933
f 6470 6835 6834
f 6834 6472 6470
f 6932 6931 6468
f 6468 6466 6932
f 6690 6836 6835
f 6835 6470 6690
f 6931 6930 6502
f 6502 6468 6931
f 6930 6929 6504
f 6504 6502 6930
f 6688 6837 6836
f 6836 6690 6688
f 6686 6838 6837
f 6837 6688 6686
f 6929 6928 6506
f 6506 6504 6929
f 6684 6839 6838
f 6838 6686 6684
f 6928 6927 6508
f 6508 6506 6928
f 6682 6840 6839
f 6839 6684 6682
f 6680 6841 6840
f 6840 6682 6680
f 6678 6842 6841
f 6841 6680 6678
f 6676 6843 6842
f 6842 6678 6676
f 6674 6844 6843
f 6843 6676 6674
f 6672 6845 6844
f 6844 6674 6672
f 6670 6846 6845
f 6845 6672 6670
f 6668 6847 6846
f 6846 6670 6668
f 6666 6848 6847
f 6847 6668 6666
f 6664 6849 6848
f 6848 6666 6664
f 6662 6850 6849
f 6849 6664 6662
f 6660 6851 6850
f 6850 6662 6660
f 6658 6852 6851
f 6851 6660 6658
f 6656 6853 6852
f 6852 6658 6656
f 6654 6854 6853
f 6853 6656 6654
f 6652 6855 6854
f 6854 6654 6652
f 6650 6856 6855
f 6855 6652 6650
f 6648 6857 6856
f 6856 6650 6648
f 6646 6858 6857
f 6857 6648 6646
f 6644 6859 6858
f 6858 6646 6644
f 6642 6860 6859
f 6859 6644 6642
f 6640 6861 6860
f 6860 6642 6640
f 6638 6862 6861
f 6861 6640 6638
f 6636 6863 6862
f 6862 6638 6636
f 6634 6864 6863
f 6863 6636 6634
f 6632 6865 6864
f 6864 6634 6632
f 6630 6866 6865
f 6865 6632 6630
f 6628 6867 6866
f 6866 6630 6628
f 6626 6868 6867
f 6867 6628 6626
f 6624 6869 6868
f 6868 6626 6624
f 6622 6870 6869
f 6869 6624 6622
f 6620 6871 6870
f 6870 6622 6620
f 6927 6926 6510
f 6510 6508 6927
f 6926 6925 6512
f 6512 6510 6926
f 6925 6924 6514
f 6514 6512 6925
f 6924 6923 6516
f 6516 6514 6924
f 6923 6922 6518
f 6518 6516 6923
f 6922 6921 6520
f 6520 6518 6922
f 6921 6920 6522
f 6522 6520 6921
f 6920 6919 6524
f 6524 6522 6920
f 6919 6918 6526
f 6526 6524 6919
f 6918 6917 6528
f 6528 6526 6918
f 6917 6916 6530
f 6530 6528 6917
f 6916 6915 6532
f 6532 6530 6916
f 6915 6914 6534
f 6534 6532 6915
f 6914 6913 6536
f 6536 6534 6914
f 6913 6912 6538
f 6538 6536 6913
f 6912 6911 6540
f 6540 6538 6912
f 6911 6910 6542
f 6542 6540 6911
f 6910 6909 6544
f 6544 6542 6910
f 6909 6908 6546
f 6546 6544 6909
f 6908 6907 6548
f 6548 6546 6908
f 6907 6906 6550
f 6550 6548 6907
f 6906 6905 6552
f 6552 6550 6906
f 6905 6904 6554
f 6554 6552 6905
f 6904 6903 6556
f 6556 6554 6904
f 6903 6902 6558
f 6558 6556 6903
f 6902 6901 6560
f 6560 6558 6902
f 6901 6900 6562
f 6562 6560 6901
f 6900 6899 6564
f 6564 6562 6900
f 6899 6898 6566
f 6566 6564 6899
f 6898 6897 6568
f 6568 6566 6898
f 6897 6896 6570
f 6570 6568 6897
f 6896 6895 6572
f 6572 6570 6896
f 6618 6872 6871
f 6871 6620 6618
f 6616 6873 6872
f 6872 6618 6616
f 6614 6874 6873
f 6873 6616 6614
f 6612 6875 6874
f 6874 6614 6612
f 6610 6876 6875
f 6875 6612 6610
f 6608 6877 6876
f 6876 6610 6608
f 6606 6878 6877
f 6877 6608 6606
f 6604 6879 6878
f 6878 6606 6604
f 6602 6880 6879
f 6879 6604 6602
f 6600 6881 6880
f 6880 6602 6600
f 6598 6882 6881
f 6881 6600 6598
f 6596 6883 6882
f 6882 6598 6596
f 6594 6884 6883
f 6883 6596 6594
f 6592 6885 6884
f 6884 6594 6592
f 6590 6886 6885
f 6885 6592 6590
f 6588 6887 6886
f 6886 6590 6588
f 6586 6888 6887
f 6887 6588 6586
f 6584 6889 6888
f 6888 6586 6584
f 6582 6890 6889
f 6889 6584 6582
f 6580 6891 6890
f 6890 6582 6580
f 6578 6892 6891
f 6891 6580 6578
f 6576 6893 6892
f 6892 6578 6576
f 6574 6894 6893
f 6893 6576 6574
f 6572 6895 6894
f 6894 6574 6572
f 6931 6932 6804
f 6804 6803 6931
f 6932 6933 6805
f 6805 6804 6932
f 6933 6934 6806
f 6806 6805 6933
f 6934 6935 6807
f 6807 6806 6934
f 6935 6936 6808
f 6808 6807 6935
f 6936 6937 6809
f 6809 6808 6936
f 6937 6938 6810
f 6810 6809 6937
f 6938 6939 6811
f 6811 6810 6938
f 6939 6940 6812
f 6812 6811 6939
f 6940 6941 6813
f 6813 6812 6940
f 6941 6942 6814
f 6814 6813 6941
f 6942 6943 6815
f 6815 6814 6942
f 6943 6944 6816
f 6816 6815 6943
f 6944 6945 6817
f 6817 6816 6944
f 6945 6946 6818
f 6818 6817 6945
f 6946 6947 6819
f 6819 6818 6946
f 6947 6820 6693
f 6693 6819 6947
f 6820 6821 6692
f 6692 6693 6820
f 6821 6822 6694
f 6694 6692 6821
f 6822 6823 6695
f 6695 6694 6822
f 6823 6824 6696
f 6696 6695 6823
f 6824 6825 6697
f 6697 6696 6824
f 6825 6826 6698
f 6698 6697 6825
f 6826 6827 6699
f 6699 6698 6826
f 6827 6828 6700
f 6700 6699 6827
f 6828 6829 6701
f 6701 6700 6828
f 6829 6830 6702
f 6702 6701 6829
f 6830 6831 6703
f 6703 6702 6830
f 6831 6832 6704
f 6704 6703 6831
f 6832 6833 6705
f 6705 6704 6832
f 6833 6834 6706
f 6706 6705 6833
f 6834 6835 6707
f 6707 6706 6834
f 6860 6861 6733
f 6733 6732 6860
f 6861 6862 6734
f 6734 6733 6861
f 6862 6863 6735
f 6735 6734 6862
f 6863 6864 6736
f 6736 6735 6863
f 6864 6865 6737
f 6737 6736 6864
f 6865 6866 6738
f 6738 6737 6865
f 6866 6867 6739
f 6739 6738 6866
f 6835 6836 6708
f 6708 6707 6835
f 6836 6837 6709
f 6709 6708 6836
f 6837 6838 6710
f 6710 6709 6837
f 6838 6839 6711
f 6711 6710 6838
f 6839 6840 6712
f 6712 6711 6839
f 6840 6841 6713
f 6713 6712 6840
f 6841 6842 6714
f 6714 6713 6841
f 6842 6843 6715
f 6715 6714 6842
f 6843 6844 6716
f 6716 6715 6843
f 6844 6845 6717
f 6717 6716 6844
f 6845 6846 6718
f 6718 6717 6845
f 6846 6847 6719
f 6719 6718 6846
f 6847 6848 6720
f 6720 6719 6847
f 6848 6849 6721
f 6721 6720 6848
f 6849 6850 6722
f 6722 6721 6849
f 6850 6851 6723
f 6723 6722 6850
f 6851 6852 6724
f 6724 6723 6851
f 6852 6853 6725
f 6725 6724 6852
f 6853 6854 6726
f 6726 6725 6853
f 6854 6855 6727
f 6727 6726 6854
f 6855 6856 6728
f 6728 6727 6855
f 6856 6857 6729
f 6729 6728 6856
f 6857 6858 6730
f 6730 6729 6857
f 6858 6859 6731
f 6731 6730 6858
f 6859 6860 6732
f 6732 6731 6859
f 6867 6868 6740
f 6740 6739 6867
f 6868 6869 6741
f 6741 6740 6868
f 6869 6870 6742
f 6742 6741 6869
f 6870 6871 6743
f 6743 6742 6870
f 6871 6872 6744
f 6744 6743 6871
f 6872 6873 6745
f 6745 6744 6872
f 6873 6874 6746
f 6746 6745 6873
f 6874 6875 6747
f 6747 6746 6874
f 6875 6876 6748
f 6748 6747 6875
f 6876 6877 6749
f 6749 6748 6876
f 6877 6878 6750
f 6750 6749 6877
f 6878 6879 6751
f 6751 6750 6878
f 6879 6880 6752
f 6752 6751 6879
f 6880 6881 6753
f 6753 6752 6880
f 6881 6882 6754
f 6754 6753 6881
f 6882 6883 6755
f 6755 6754 6882
f 6883 6884 6756
f 6756 6755 6883
f 6884 6885 6757
f 6757 6756 6884
f 6885 6886 6758
f 6758 6757 6885
f 6886 6887 6759
f 6759 6758 6886
f 6887 6888 6760
f 6760 6759 6887
f 6888 6889 6761
f 6761 6760 6888
f 6889 6890 6762
f 6762 6761 6889
f 6890 6891 6763
f 6763 6762 6890
f 6891 6892 6764
f 6764 6763 6891
f 6892 6893 6765
f 6765 6764 6892
f 6893 6894 6766
f 6766 6765 6893
f 6894 6895 6767
f 6767 6766 6894
f 6895 6896 6768
f 6768 6767 6895
f 6896 6897 6769
f 6769 6768 6896
f 6897 6898 6770
f 6770 6769 6897
f 6898 6899 6771
f 6771 6770 6898
f 6924 6925 6797
f 6797 6796 6924
f 6925 6926 6798
f 6798 6797 6925
f 6926 6927 6799
f 6799 6798 6926
f 6927 6928 6800
f 6800 6799 6927
f 6928 6929 6801
f 6801 6800 6928
f 6929 6930 6802
f 6802 6801 6929
f 6930 6931 6803
f 6803 6802 6930
f 6899 6900 6772
f 6772 6771 6899
f 6900 6901 6773
f 6773 6772 6900
f 6901 6902 6774
f 6774 6773 6901
f 6902 6903 6775
f 6775 6774 6902
f 6903 6904 6776
f 6776 6775 6903
f 6904 6905 6777
f 6777 6776 6904
f 6905 6906 6778
f 6778 6777 6905
f 6906 6907 6779
f 6779 6778 6906
f 6907 6908 6780
f 6780 6779 6907
f 6908 6909 6781
f 6781 6780 6908
f 6909 6910 6782
f 6782 6781 6909
f 6910 6911 6783
f 6783 6782 6910
f 6911 6912 6784
f 6784 6783 6911
f 6912 6913 6785
f 6785 6784 6912
f 6913 6914 6786
f 6786 6785 6913
f 6914 6915 6787
f 6787 6786 6914
f 6915 6916 6788
f 6788 6787 6915
f 6916 6917 6789
f 6789 6788 6916
f 6917 6918 6790
f 6790 6789 6917
f 6918 6919 6791
f 6791 6790 6918
f 6919 6920 6792
f 6792 6791 6919
f 6920 6921 6793
f 6793 6792 6920
f 6921 6922 6794
f 6794 6793 6921
f 6922 6923 6795
f 6795 6794 6922
f 6923 6924 6796
f 6796 6795 6923
f 6948 6949 6950
f 6950 6951 6948
f 6948 6979 6978
f 6948 6978 6977
f 6948 6977 6976
f 6948 6976 6975
f 6948 6975 6974
f 6948 6974 6973
f 6948 6973 6972
f 6948 6972 6971
f 6948 6971 6851
f 6948 6851 6970
f 6948 6970 6969
f 6948 6969 6968
f 6948 6968 6967
f 6948 6967 6966
f 6948 6966 6965
f 6948 6965 6964
f 6948 6964 6963
f 6948 6963 6962
f 6948 6962 6961
f 6948 6961 6960
f 6948 6960 6959
f 6948 6959 6958
f 6948 6958 6957
f 6948 6957 6956
f 6948 6956 6955
f 6948 6955 6954
f 6948 6954 6953
f 6948 6953 6952
f 6948 6952 6949
f 6948 6985 6984
f 6948 6984 6983
f 6948 6983 6982
f 6948 6982 6981
f 6948 6981 6980
f 6948 6980 6979
f 6949 6952 6986
f 6986 6950 6949
f 6952 6953 6987
f 6987 6986 6952
f 6953 6954 6988
f 6988 6987 6953
f 6954 6955 6989
f 6989 6988 6954
f 6955 6956 6990
f 6990 6989 6955
f 6956 6957 6991
f 6991 6990 6956
f 6957 6958 6992
f 6992 6991 6957
f 6958 6959 6993
f 6993 6992 6958
f 6959 6960 6994
f 6994 6993 6959
f 6960 6961 6995
f 6995 6994 6960
f 6961 6962 6996
f 6996 6995 6961
f 6962 6963 6997
f 6997 6996 6962
f 6963 6964 6998
f 6998 6997 6963
f 6964 6965 6999
f 6999 6998 6964
f 6965 6966 7000
f 7000 6999 6965
f 6966 6967 7001
f 7001 7000 6966
f 6967 6968 7002
f 7002 7001 6967
f 6968 6969 7003
f 7003 7002 6968
f 6969 6970 7004
f 7004 7003 6969
f 6970 6851 7005
f 7005 7004 6970
f 6851 6971 7006
f 7006 7005 6851
f 6971 6972 7007
f 7007 7006 6971
f 6972 6973 7008
f 7008 7007 6972
f 6973 6974 7009
f 7009 7008 6973
f 6974 6975 7010
f 7010 7009 6974
f 6975 6976 7011
f 7011 7010 6975
f 6976 6977 7012
f 7012 7011 6976
f 6977 6978 7013
f 7013 7012 6977
f 6978 6979 7014
f 7014 7013 6978
f 6979 6980 7015
f 7015 7014 6979
f 6980 6981 7016
f 7016 7015 6980
f 6981 6982 7017
f 7017 7016 6981
f 6982 6983 7018
f 7018 7017 6982
f 6983 6984 7019
f 7019 7018 6983
f 6984 6985 7020
f 7020 7019 6984
f 6985 6948 6951
f 6951 7020 6985
f 6951 6950 6986
f 6951 6986 6987
f 6951 6987 6988
f 6951 6988 6989
f 6951 6989 6990
f 6951 6990 6991
f 6951 6991 6992
f 6951 6992 6993
f 6951 6993 6994
f 6951 6994 6995
f 6951 6995 6996
f 6951 6996 6997
f 6951 6997 6998
f 6951 6998 6999
f 6951 6999 7000
f 6951 7000 7001
f 6951 7001 7002
f 6951 7002 7003
f 6951 7003 7004
f 6951 7004 7005
f 6951 7005 7006
f 6951 7006 7007
f 6951 7007 7008
f 6951 7008 7009
f 6951 7009 7010
f 6951 7010 7011
f 6951 7011 7012
f 6951 7012 7013
f 6951 7013 7014
f 6951 7014 7015
f 6951 7015 7016
f 6951 7016 7017
f 6951 7017 7018
f 6951 7018 7019
f 6951 7019 7020

